new_bank,level,caller_bank,call_pc,count,count_organic
00,0,00,0108,8,0
00,0,00,011C,4,0
00,0,00,011D,68,0
00,0,00,012B,76,0
00,0,00,012D,74,0
00,0,00,0164,4,0
00,0,00,017B,68,0
00,0,00,017E,4,0
00,0,00,0187,22,0
00,0,00,01A6,4,0
00,0,00,01A9,36,0
00,0,00,01AC,4,0
00,0,00,01AF,105,0
00,0,00,01C6,10,0
00,0,00,01C9,24,0
00,0,00,01CE,10,0
00,0,00,01E1,9216,8904
00,0,00,01E4,4,0
00,0,00,01ED,89,0
00,0,00,01FA,24,0
00,0,00,0205,9065,8795
00,0,00,020D,80589,8795
00,0,00,021D,39990,0
00,0,00,0227,12,0
00,0,00,0243,215,0
00,0,00,0249,48,0
00,0,00,024C,4,0
00,0,00,024F,212,0
00,0,00,0266,4,0
00,0,00,0269,32,0
00,0,00,027F,181,0
00,0,00,028C,4,0
00,0,00,0298,4,0
00,0,00,02A0,292,53
00,0,00,02A7,33,0
00,0,00,02AB,2646929,996544
00,0,00,02AE,4,0
00,0,00,02B1,122,0
00,0,00,02F0,4,0
00,0,00,032E,4,0
00,0,00,0330,4,0
00,0,00,0333,57086784,37096694
00,0,00,03F1,132,0
00,0,00,04C4,30,0
00,0,00,0522,26,0
00,0,00,0559,108,0
00,0,00,0570,4,0
00,0,00,059E,56,0
00,0,00,05A1,154,0
00,0,00,05E0,4,0
00,0,00,0614,30,0
00,0,00,0623,168,0
00,0,00,0661,142,0
00,0,00,0683,164,0
00,0,00,06C7,102,0
00,0,00,06D1,224,0
00,0,00,06F5,480773,156865
00,0,00,06FF,338,0
00,0,00,0702,26,0
00,0,00,0721,142,0
00,0,00,0724,30,0
00,0,00,0745,148,0
00,0,00,0752,26,0
00,0,00,0755,152,0
00,0,00,0763,194,0
00,0,00,0766,30,0
00,0,00,0773,160,0
00,0,00,0776,34,0
00,0,00,079E,30,0
00,0,00,07A1,336,0
00,0,00,07F4,525587,157168
00,0,00,07F7,118,0
00,0,00,083E,52,0
00,0,00,0843,314,0
00,0,00,0869,80,0
00,0,00,087D,150,0
00,0,00,0897,306,0
00,0,00,08AC,26,0
00,0,00,0907,94,0
00,0,00,0955,158,0
00,0,00,095B,212,0
00,0,00,096A,26,0
00,0,00,09DE,26,0
00,0,00,09E1,334,0
00,0,00,0AB2,12279,0
00,0,00,0AD7,23549,0
00,0,00,0D4B,152,0
00,0,00,0D69,160,0
00,0,00,0DAD,14861,5567
00,0,00,0E1D,118,0
00,0,00,0E5D,138,0
00,0,00,0E72,6133,5039
00,0,00,0E83,126,0
00,0,00,0EA1,170,0
00,0,00,0EC2,6,0
00,0,00,0F25,122,0
00,0,00,0F2F,148,0
00,0,00,0F35,132,0
00,0,00,0F3B,144,0
00,0,00,0F4B,148,0
00,0,00,0FF1,208,0
00,0,00,0FF3,118,0
00,0,00,1021,150,0
00,0,00,1437,16,0
00,0,00,1485,20,0
00,0,00,167C,6,0
00,0,00,1805,28,0
00,0,00,1810,9,0
00,0,00,185A,6,0
00,0,00,1875,12,0
00,0,00,18D4,6,0
00,0,00,18F4,6,0
00,0,00,1909,18,0
00,0,00,193D,1228,0
00,0,00,197C,12,0
00,0,00,1A10,10,0
00,0,00,1A20,1,0
00,0,00,1AD6,4,0
00,0,00,1AE2,6,0
00,0,00,1B14,6,0
00,0,00,1B3C,12,0
00,0,00,1BD7,2,0
00,0,00,1CEF,9143,8904
00,0,00,1D30,9133,8904
00,0,00,1D3D,1287,0
00,0,00,1DD9,4,0
00,0,00,1E1F,12,0
00,0,00,1E6E,6,0
00,0,00,1ECE,3402,3130
00,0,00,1ED3,809,785
00,0,00,1ED6,4211,3915
00,0,00,1EDA,2,0
00,0,00,25EE,16,0
00,0,00,286D,6,0
00,0,00,2B24,2,0
00,0,00,2B51,6,0
00,0,00,2CDA,6,0
00,0,00,2D32,18,0
00,0,00,2DF4,4,0
00,0,00,2E2A,6,0
00,0,00,2E7C,12,0
00,0,00,2EA1,8643,8494
00,0,00,2F16,8643,8494
00,0,00,2F2D,59378671,37791624
00,0,00,3078,14279,868
00,0,00,3086,14258,850
00,0,00,3094,14262,850
00,0,00,30A3,66,0
00,0,00,313B,12898,1242
00,0,00,3172,6,0
00,0,00,319C,18380,0
00,0,00,31B4,30279,27048
00,0,00,31BB,52972,0
00,0,00,33A7,2,0
00,0,00,33B5,2,0
00,0,00,33C3,2,0
00,0,00,33D1,6,0
00,0,00,33FC,6,0
00,0,00,3430,3,0
00,0,00,34AC,424956,349615
00,0,00,34C2,4,0
00,0,00,34EF,14086624,4396462
00,0,00,3A33,6,0
00,0,00,3C4D,24,0
00,0,00,3CDC,12,0
00,0,00,3DB9,6,0
00,0,00,3E31,6,0
00,0,00,3E37,6,0
00,0,00,4252,12,0
00,0,00,4330,6,0
00,0,00,43F1,6,0
00,0,00,44C4,12,0
00,0,00,4522,6,0
00,0,00,4623,4,0
00,0,00,4724,4,0
00,0,00,47F7,6,0
00,0,00,4843,6,0
00,0,00,4F24,18,0
00,0,00,5501,12,0
00,0,00,555D,12,0
00,0,00,5675,12,0
00,0,00,57EE,6,0
00,0,00,57F2,12,0
00,0,00,57F5,8,0
00,0,00,57FA,6,0
00,0,00,5805,4,0
00,0,00,5851,6,0
00,0,00,5854,6,0
00,0,00,58D4,6,0
00,0,00,5902,6,0
00,0,00,593D,1595,0
00,0,00,5952,6,0
00,0,00,59E5,12,0
00,0,00,5A53,4,0
00,0,00,5AD6,2,0
00,0,00,5AFF,12,0
00,0,00,5BD7,1,0
00,0,00,5BE7,6,0
00,0,00,5BF2,2,0
00,0,00,5BFE,12,0
00,0,00,5CD2,6,0
00,0,00,5D3D,491,0
00,0,00,5DD9,2,0
00,0,00,5DED,82,0
00,0,00,5DF5,24,0
00,0,00,5E03,6,0
00,0,00,5E3B,6,0
00,0,00,5EDA,1,0
00,0,00,6861,2,0
00,0,00,6B34,6,0
00,0,00,6C67,6,0
00,0,00,6CF8,12,0
00,0,00,6D32,6,0
00,0,00,6DDD,12,0
00,0,00,6DFD,18,0
00,0,00,6E48,6,0
00,0,00,6E51,1,0
00,0,00,6E6A,6,0
00,0,00,7094,4,0
00,0,00,71BB,1,0
00,0,00,7370,16,0
00,0,00,738B,2,0
00,0,00,73A7,1,0
00,0,00,73CD,1,0
00,0,00,73FC,12,0
00,0,00,7A73,10,0
00,0,00,7E31,6,0
00,0,00,7E33,8,0
00,0,02,4CFF,914,903
00,0,02,4DD1,6,0
00,0,03,553D,26,0
00,0,03,5BF4,357,264
00,0,03,5C0A,476,352
00,0,03,5C60,25,24
00,0,03,5DED,6,0
00,0,03,6F77,1,0
00,0,03,733D,43,0
00,0,03,7C4D,4,0
00,0,04,448F,12,0
00,0,04,44D8,12,0
00,0,04,633D,56,0
00,0,04,6E3D,26,0
00,0,05,41C5,9,0
00,0,05,453D,14,0
00,0,05,4A3D,2,0
00,0,05,6D4D,4,0
00,0,05,6E3D,12,0
00,0,05,773D,4,0
00,0,05,781F,35,0
00,0,05,7ED4,8,0
00,0,05,7EEB,8,0
00,0,05,7F01,8,0
00,0,05,7F18,16,0
00,0,06,433D,26,0
00,0,06,463D,4,0
00,0,06,483D,20,0
00,0,06,50D3,6,0
00,0,06,5A3D,4,0
00,0,06,5F5D,12,0
00,0,06,6E28,72,0
00,0,06,781F,173,0
00,0,07,7706,24,0
00,0,08,4F5D,33,0
00,0,08,533D,16,0
00,0,08,5474,4,0
00,0,08,74CD,722,0
00,0,08,74D7,709,0
00,0,09,423D,33,0
00,0,09,5445,48,0
00,0,09,5F5D,4,0
00,0,09,71B3,4,0
00,0,09,739A,64,0
00,0,0F,643D,8,0
00,0,12,7B3D,16,0
00,0,1A,781F,24,0
00,0,1B,423D,8,0
00,0,1F,453D,8,0
00,0,1F,5391,1,0
00,0,1F,543D,4,0
00,0,20,533D,37,0
00,0,21,6D8B,1,0
00,0,2A,484D,4,0
00,0,2B,434D,4,0
00,0,2E,673D,8,0
00,0,33,76BF,1,0
00,0,38,633D,33,0
00,0,3C,4B3D,55,0
00,0,3D,781F,56,0
00,1,00,0108,10773,6766
00,1,00,011C,1930,1578
00,1,00,011D,2133,1766
00,1,00,012B,33,31
00,1,00,012D,11,0
00,1,00,0164,26,24
00,1,00,017B,2,0
00,1,00,01AF,4368,190
00,1,00,01C6,1,0
00,1,00,01E4,18276,17808
00,1,00,01ED,18,0
00,1,00,01FA,2,0
00,1,00,020D,55829971,37807151
00,1,00,021D,311,16
00,1,00,0249,8,0
00,1,00,0269,4,0
00,1,00,02A0,3475565,1469
00,1,00,02AB,23268,0
00,1,00,0522,4,0
00,1,00,0614,35,31
00,1,00,0661,8,8
00,1,00,0683,71,0
00,1,00,06FF,21,16
00,1,00,079E,1,0
00,1,00,07A1,1,0
00,1,00,07F4,3,0
00,1,00,087D,18,16
00,1,00,0907,4,0
00,1,00,0AD7,19,0
00,1,00,0E72,22,22
00,1,00,1501,35,33
00,1,00,178C,2,0
00,1,00,1805,18,0
00,1,00,180D,3,0
00,1,00,1810,2,0
00,1,00,1845,2,0
00,1,00,18FF,29,8
00,1,00,193D,22,0
00,1,00,1960,3,0
00,1,00,1A10,98,0
00,1,00,1A20,5,0
00,1,00,1AD6,2,0
00,1,00,1AFF,8,0
00,1,00,1B03,2,0
00,1,00,1BAE,2,0
00,1,00,1BD7,4,0
00,1,00,1D3D,8,0
00,1,00,1DD9,2,0
00,1,00,1E2D,1,0
00,1,00,1E49,32,32
00,1,00,1EDA,4,0
00,1,00,268E,16,16
00,1,00,2AC2,2,0
00,1,00,2B0A,16,16
00,1,00,2B24,4,0
00,1,00,2B51,2,0
00,1,00,2B98,2,0
00,1,00,2C09,2,0
00,1,00,2CFB,1,0
00,1,00,2DF4,2,0
00,1,00,2DFD,104,79
00,1,00,2E01,32,32
00,1,00,2F2D,58980,3823
00,1,00,2F30,72,66
00,1,00,2F33,61,44
00,1,00,2F3C,2,0
00,1,00,30A0,199584,11900
00,1,00,30AB,422318,23534
00,1,00,3118,180796,17388
00,1,00,314B,101633,27050
00,1,00,316F,79,71
00,1,00,3172,57,1
00,1,00,3173,10,5
00,1,00,317B,33,22
00,1,00,319C,12,0
00,1,00,31A0,1,0
00,1,00,31B4,10,0
00,1,00,31BB,4,0
00,1,00,32F2,8213896,784084
00,1,00,3300,17,15
00,1,00,3339,5070038,3559556
00,1,00,337F,1,0
00,1,00,33D1,2,0
00,1,00,33DC,2,0
00,1,00,3430,3,0
00,1,00,3451,2,0
00,1,00,345D,2,0
00,1,00,34EF,1006182,314033
00,1,00,3549,1821,0
00,1,00,3C4D,44,40
00,1,00,3E73,2,0
00,1,00,4623,2,0
00,1,00,4724,2,0
00,1,00,57EE,6,0
00,1,00,57F5,4,0
00,1,00,5805,8,0
00,1,00,593D,44,0
00,1,00,5A53,2,0
00,1,00,5AD6,4,0
00,1,00,5BD7,2,0
00,1,00,5BF2,4,0
00,1,00,5DD9,1,0
00,1,00,5DED,16,0
00,1,00,5EDA,2,0
00,1,00,6861,4,0
00,1,00,7094,2,0
00,1,00,7370,12,0
00,1,00,7A73,2,0
00,1,00,7E33,4,0
00,1,02,4546,6,0
00,1,02,5117,914,903
00,1,03,46CB,336,168
00,1,03,49C8,126,112
00,1,03,530C,6,0
00,1,03,55D2,371,336
00,1,03,56FD,4,0
00,1,04,40BC,8,0
00,1,04,40BF,8,0
00,1,04,4453,16,16
00,1,04,4703,16,16
00,1,04,4721,2,0
00,1,04,4724,2,0
00,1,04,47DE,2,0
00,1,04,47E1,2,0
00,1,04,4A43,16,16
00,1,04,4D21,16,16
00,1,04,4D2C,32,32
00,1,04,4E2D,16,16
00,1,04,4E47,16,16
00,1,04,5047,6,6
00,1,04,6011,8062,7470
00,1,04,633D,2,2
00,1,04,640E,48,48
00,1,04,676F,32,32
00,1,04,703E,3669,3100
00,1,04,70E5,1599,1239
00,1,04,7186,865,700
00,1,04,7484,14739,5567
00,1,04,75FD,16,16
00,1,05,77D4,24,0
00,1,05,7810,16,0
00,1,06,5F9E,173,0
00,1,06,6D15,72,0
00,1,06,6E28,10,0
00,1,07,5F35,14,0
00,1,07,7C7F,24,0
00,1,08,4EE9,10432,0
00,1,08,5459,2,0
00,1,08,545F,2,0
00,1,08,7494,1431,0
00,1,09,61BA,4,0
00,1,09,7301,64,0
00,1,1F,453D,1,0
00,1,1F,45FF,4,0
00,1,1F,4646,2,0
00,1,1F,474D,59,59
00,1,1F,4C11,3,0
00,1,1F,507D,2104,668
00,1,1F,50BD,2686,889
00,1,1F,704A,120,0
01,0,00,011C,4,0
01,0,00,011D,4,0
01,0,00,012B,4,0
01,0,00,012D,62,48
01,0,00,01AF,507,225
01,0,00,01C6,70,0
01,0,00,01C9,2085,2085
01,0,00,01ED,4,0
01,0,00,020D,1723,0
01,0,00,021D,606,0
01,0,00,0227,2,0
01,0,00,0243,27,0
01,0,00,0249,399635,192424
01,0,00,0252,2,0
01,0,00,027F,354,54
01,0,00,0298,288,53
01,0,00,02AB,14,0
01,0,00,032E,2,0
01,0,00,0330,2,0
01,0,00,0333,13120,605
01,0,00,0559,332,328
01,0,00,05A1,4,0
01,0,00,0683,8,0
01,0,00,06C7,8,8
01,0,00,06F5,480792,156865
01,0,00,06FF,2,0
01,0,00,0745,28,16
01,0,00,0766,4,0
01,0,00,0773,12,0
01,0,00,07A1,6,0
01,0,00,07F4,525639,157168
01,0,00,083E,8,8
01,0,00,0869,4,0
01,0,00,087D,4107885,1894548
01,0,00,0897,36,0
01,0,00,0907,18,8
01,0,00,0955,4,0
01,0,00,09E1,18,0
01,0,00,0AD7,2029,0
01,0,00,0D4B,16,0
01,0,00,0DAD,4,0
01,0,00,0E58,13056,13056
01,0,00,0F02,16,8
01,0,00,0F24,8,8
01,0,00,0F25,14,8
01,0,00,0F2F,7,0
01,0,00,0F35,20,0
01,0,00,0F3B,8,8
01,0,00,0F40,4,0
01,0,00,0F4A,4,0
01,0,00,0F4B,16,16
01,0,00,0FF3,14,0
01,0,00,1021,6,0
01,0,00,1024,10,8
01,0,00,1437,67,51
01,0,00,143A,128,92
01,0,00,14E1,4,0
01,0,00,1501,4,0
01,0,00,1528,4,0
01,0,00,1554,1,1
01,0,00,155D,24,0
01,0,00,1561,4,0
01,0,00,160E,3706,22
01,0,00,1668,4,0
01,0,00,167B,40,0
01,0,00,171B,8,8
01,0,00,1798,2256,0
01,0,00,1805,20,0
01,0,00,180D,20,0
01,0,00,1810,8,0
01,0,00,182A,16,16
01,0,00,1830,182,174
01,0,00,1837,126,106
01,0,00,183F,2,0
01,0,00,1845,424874,353993
01,0,00,1848,4,0
01,0,00,184B,4,0
01,0,00,184E,232,0
01,0,00,1854,16,0
01,0,00,1857,28,2
01,0,00,185C,172,50
01,0,00,1865,40873,549
01,0,00,186A,12,0
01,0,00,186F,2000,0
01,0,00,1870,32,0
01,0,00,1875,24572,502
01,0,00,1878,8,0
01,0,00,187B,576,0
01,0,00,187E,7992,0
01,0,00,18DD,4,0
01,0,00,18FF,10,8
01,0,00,1902,4,0
01,0,00,1909,2,0
01,0,00,191B,2,0
01,0,00,192A,16,16
01,0,00,192D,546,482
01,0,00,1930,264,245
01,0,00,1934,141,138
01,0,00,1937,102,86
01,0,00,193A,103,97
01,0,00,193D,20,0
01,0,00,1943,20,0
01,0,00,1946,18,0
01,0,00,1949,10,8
01,0,00,194C,8,0
01,0,00,194F,4,0
01,0,00,1956,10,8
01,0,00,195A,58,54
01,0,00,1979,2,0
01,0,00,199A,2,0
01,0,00,1A04,1,0
01,0,00,1A14,36,0
01,0,00,1A17,2,0
01,0,00,1A1D,2,0
01,0,00,1A20,24,24
01,0,00,1A36,76,72
01,0,00,1A4B,2,0
01,0,00,1A53,4,0
01,0,00,1AFF,10,8
01,0,00,1B03,8,8
01,0,00,1B18,12,0
01,0,00,1B32,533,501
01,0,00,1B36,74,66
01,0,00,1B3C,1257,1053
01,0,00,1B50,16,0
01,0,00,1B57,4,0
01,0,00,1B5A,78,21
01,0,00,1B5E,12,0
01,0,00,1B6D,8,8
01,0,00,1BE7,12,0
01,0,00,1BFE,8,8
01,0,00,1C02,4,0
01,0,00,1C12,8,0
01,0,00,1C24,16,16
01,0,00,1C2D,327,229
01,0,00,1C6C,8,0
01,0,00,1D30,392,287
01,0,00,1D33,403,338
01,0,00,1D3D,32,0
01,0,00,1D40,16,0
01,0,00,1DF5,2,0
01,0,00,1DFB,2,0
01,0,00,1E03,8,8
01,0,00,1E17,3684,14
01,0,00,1E1F,4,0
01,0,00,1E2D,352,205
01,0,00,1E33,691,565
01,0,00,1E3B,8,8
01,0,00,1E49,1530,1528
01,0,00,1E4F,32,16
01,0,00,1E57,90,37
01,0,00,1E5D,16,16
01,0,00,1E65,16,16
01,0,00,1E6E,8,8
01,0,00,1E76,40,8
01,0,00,1E7C,8,8
01,0,00,1F3A,342,332
01,0,00,282C,17,17
01,0,00,2861,7832,7832
01,0,00,286D,703842,238582
01,0,00,2A2D,66,66
01,0,00,2A41,2,0
01,0,00,2B0A,360,360
01,0,00,2B11,20,16
01,0,00,2B14,8,8
01,0,00,2B24,32,16
01,0,00,2B2C,38,38
01,0,00,2B31,458,446
01,0,00,2B34,595,595
01,0,00,2B3E,70,54
01,0,00,2B4B,12,0
01,0,00,2B5E,24,24
01,0,00,2B76,138510,232
01,0,00,2B7E,4,0
01,0,00,2BF2,2,0
01,0,00,2C03,32,32
01,0,00,2C06,8,8
01,0,00,2C09,8,8
01,0,00,2C25,4,0
01,0,00,2C2F,292,292
01,0,00,2C35,760,742
01,0,00,2C57,8,8
01,0,00,2C67,4,0
01,0,00,2CFE,8,8
01,0,00,2D01,8,8
01,0,00,2D0A,8,8
01,0,00,2D0D,8,8
01,0,00,2D19,4,0
01,0,00,2D24,2200,2200
01,0,00,2D32,968,938
01,0,00,2D75,52,0
01,0,00,2DFD,1813,1800
01,0,00,2E01,1434,1432
01,0,00,2E0C,8,8
01,0,00,2E10,8,8
01,0,00,2E15,8,8
01,0,00,2E1A,10,8
01,0,00,2E23,8,8
01,0,00,2E2A,8,8
01,0,00,2E31,1174,1144
01,0,00,2E38,230,230
01,0,00,2E51,31,3
01,0,00,2E5F,35,19
01,0,00,2E66,20,0
01,0,00,2E6A,24,24
01,0,00,2F2D,10231,541
01,0,00,2F30,1033,999
01,0,00,2F33,810,810
01,0,00,2F3C,965,833
01,0,00,30AB,2,0
01,0,00,31B4,27,0
01,0,00,32F2,2,0
01,0,00,3300,254,238
01,0,00,33FC,2,0
01,0,00,3404,32,32
01,0,00,3407,16,16
01,0,00,3430,194611,119948
01,0,00,3443,2,0
01,0,00,3451,35,19
01,0,00,34EF,14090024,4396462
01,0,00,3549,2,0
01,0,00,3554,370,0
01,0,00,3A37,8,8
01,0,00,3C4D,6,0
01,0,00,3E31,4,0
01,0,00,3E35,6,0
01,0,00,3E37,8,8
01,0,00,3E73,4,0
01,0,00,593D,68,0
01,0,00,5D3D,68,0
01,0,00,5DED,6,0
01,0,00,6A41,1,0
01,0,00,6ACD,1,0
01,0,00,6D43,1,0
01,0,00,737F,1,0
01,0,00,7C4D,4,0
01,0,02,4DD1,2,0
01,0,03,4075,24594,505
01,0,03,408C,2,0
01,0,03,40C8,2074,2066
01,0,03,40CB,504,504
01,0,03,40F1,2,0
01,0,03,4100,731,459
01,0,03,4153,24,0
01,0,03,4165,4,0
01,0,03,419E,2,0
01,0,03,4237,2,2
01,0,03,427B,228049,107464
01,0,03,42A5,60,0
01,0,03,4323,3640,14
01,0,03,433C,1104,930
01,0,03,4372,202377,90281
01,0,03,439C,60,0
01,0,03,4407,2,0
01,0,03,4432,14,0
01,0,03,443B,12,8
01,0,03,443E,17,1
01,0,03,4447,2,0
01,0,03,44D7,378824,259428
01,0,03,44E8,100,0
01,0,03,4500,212,198
01,0,03,466B,4,0
01,0,03,471A,1065815,261854
01,0,03,4834,3,1
01,0,03,4837,10,8
01,0,03,4856,14,0
01,0,03,48D4,574983,217954
01,0,03,494C,4,0
01,0,03,496E,4,0
01,0,03,4A19,296,56
01,0,03,4A21,8,8
01,0,03,4A27,3628,14
01,0,03,4A2A,6,0
01,0,03,4A57,2,0
01,0,03,4B2F,20277,18521
01,0,03,4B3A,102075,59710
01,0,03,4C23,4,0
01,0,03,4C2C,4,2
01,0,03,4C2F,1,1
01,0,03,4C32,10,8
01,0,03,4D02,2,0
01,0,03,4E6B,12,8
01,0,03,4F54,4,0
01,0,03,4F62,4,0
01,0,03,4F7D,6,0
01,0,03,5024,30,0
01,0,03,503A,3,1
01,0,03,5048,128,0
01,0,03,5056,22,0
01,0,03,5074,4,0
01,0,03,507C,812,712
01,0,03,507F,120,0
01,0,03,50B5,252,180
01,0,03,50E5,3330,692
01,0,03,50FC,294607,175225
01,0,03,5126,10,10
01,0,03,515F,6,0
01,0,03,517E,24,0
01,0,03,5181,100,0
01,0,03,5258,287705,165309
01,0,03,52FD,24,11
01,0,03,5312,346,56
01,0,03,5346,2,0
01,0,03,53C9,3022782,1515407
01,0,03,5436,4,0
01,0,03,5444,1425601,885836
01,0,03,54FE,202,0
01,0,03,550E,2,0
01,0,03,560F,364,56
01,0,03,566B,20,8
01,0,03,56D1,72,72
01,0,03,56FD,170,152
01,0,03,5716,840856,14691
01,0,03,57FD,42,8
01,0,03,5805,18,0
01,0,03,5811,2,0
01,0,03,5814,4,0
01,0,03,581F,152487,2909
01,0,03,5839,786781,13465
01,0,03,584D,23698,22050
01,0,03,5861,32,0
01,0,03,5877,32,8
01,0,03,587E,1272,0
01,0,03,589D,372,312
01,0,03,58C6,152487,2909
01,0,03,58F2,786819,13465
01,0,03,5936,2195,162
01,0,03,593E,2195,162
01,0,03,5946,2195,162
01,0,03,5A40,307543,7508
01,0,03,5AF2,353208,8390
01,0,03,5B21,2,0
01,0,03,5BAA,353214,8390
01,0,03,5BBD,85,47
01,0,03,5BC5,85,47
01,0,03,5CFC,2,0
01,0,03,5D0B,2,0
01,0,03,5D0F,2,0
01,0,03,5D24,20,8
01,0,03,5D41,16,0
01,0,03,5D4F,4,0
01,0,03,5DED,2,0
01,0,03,5F11,170463,9676
01,0,03,5F17,179209,10077
01,0,03,5F3D,80,0
01,0,03,5F51,80,0
01,0,03,5F69,64,0
01,0,03,5F7A,80,0
01,0,03,5F92,700,0
01,0,03,5FFF,18,0
01,0,03,6019,7,1
01,0,03,601C,1,1
01,0,03,602B,32,0
01,0,03,6055,27208,4092
01,0,03,6108,391,57
01,0,03,61EC,2,0
01,0,03,6309,2,0
01,0,03,640D,2,0
01,0,03,6410,22,0
01,0,03,641A,23,3
01,0,03,6440,20,0
01,0,03,6441,4,0
01,0,03,64C0,290455,176064
01,0,03,64EC,1133,0
01,0,03,653E,404,0
01,0,03,664E,4,0
01,0,03,671C,8,0
01,0,03,6776,686,390
01,0,03,679A,82,66
01,0,03,67A8,170,129
01,0,03,6823,5,1
01,0,03,685C,12,8
01,0,03,6865,35921,5627
01,0,03,6931,16,0
01,0,03,694B,4,0
01,0,03,6AA9,2,0
01,0,03,6B11,2,0
01,0,03,6B29,54,0
01,0,03,6C48,12,8
01,0,03,6D1A,4,0
01,0,03,6D1D,140,13
01,0,03,6D2C,2,0
01,0,03,6D40,4,0
01,0,03,6D71,4,0
01,0,03,6DAD,2,0
01,0,03,6E14,73,19
01,0,03,6EE1,2,0
01,0,03,6EFD,17,11
01,0,03,6F56,4,0
01,0,03,6FFE,16,0
01,0,03,7002,1058536,862209
01,0,03,713C,38188,34996
01,0,03,7181,198607,165816
01,0,03,71AD,60,0
01,0,03,7201,6,0
01,0,03,7210,12,0
01,0,03,7219,2,0
01,0,03,730C,8,8
01,0,03,730F,8,8
01,0,03,7312,16,8
01,0,03,7315,8,8
01,0,03,7318,44,8
01,0,03,73C7,631542,527291
01,0,03,73E5,631593,527288
01,0,03,7403,632494,528544
01,0,03,7416,533894,456361
01,0,03,7420,94501,70997
01,0,03,742E,5035,1763
01,0,03,7523,36,0
01,0,03,75D5,527676,450358
01,0,03,76EB,4,0
01,0,03,771E,4,0
01,0,03,772A,12,8
01,0,03,7749,4,0
01,0,03,7814,36,0
01,0,03,781D,9,0
01,0,03,7840,465119,275495
01,0,03,7857,10,10
01,0,03,786B,24,0
01,0,03,7876,6,0
01,0,03,7897,87990,28381
01,0,03,79FC,347385,285348
01,0,03,7A4E,8,8
01,0,03,7B10,984,0
01,0,03,7B14,4,0
01,0,03,7B1C,4,0
01,0,03,7B39,8,8
01,0,03,7B3C,1122,990
01,0,03,7BA7,506585,298043
01,0,03,7BF0,175508,100758
01,0,03,7BF9,88705,57878
01,0,03,7C61,32,0
01,0,03,7C64,4,0
01,0,03,7C6A,4,0
01,0,03,7D02,2,0
01,0,03,7D08,6,2
01,0,03,7D13,8,0
01,0,03,7D44,1377114,983095
01,0,03,7DAD,335367,239949
01,0,04,403B,9,0
01,0,04,4145,386,49
01,0,04,4148,17,17
01,0,04,41B9,3507971,2009261
01,0,04,4202,8,8
01,0,04,4212,8,8
01,0,04,4230,4,0
01,0,04,4233,4,0
01,0,04,4238,4,0
01,0,04,423B,5,0
01,0,04,4246,12,0
01,0,04,4253,104,16
01,0,04,4446,6,1
01,0,04,4453,980,968
01,0,04,4525,8,8
01,0,04,4546,4,0
01,0,04,4703,176,176
01,0,04,4706,8,8
01,0,04,4709,8,8
01,0,04,470F,8,8
01,0,04,4727,24,24
01,0,04,4805,96,96
01,0,04,481E,63,63
01,0,04,4827,128,128
01,0,04,483C,4,0
01,0,04,48AE,241445,151209
01,0,04,493B,1,0
01,0,04,4A05,8,8
01,0,04,4A1F,5,5
01,0,04,4A28,20,16
01,0,04,4A2B,8,0
01,0,04,4A31,16,8
01,0,04,4A40,20,0
01,0,04,4A43,1096,1072
01,0,04,4A5B,8,8
01,0,04,4AFF,8,8
01,0,04,4B29,8,8
01,0,04,4B45,108,91
01,0,04,4C37,27,1
01,0,04,4C44,22,14
01,0,04,4C51,1,1
01,0,04,4C54,87,87
01,0,04,4C57,1,1
01,0,04,4D21,240,240
01,0,04,4D2C,1728,1728
01,0,04,4D37,12,0
01,0,04,4D45,357,311
01,0,04,4D53,8,8
01,0,04,4DFF,8,8
01,0,04,4E05,8,8
01,0,04,4E2D,1376,1376
01,0,04,4E47,2508,2504
01,0,04,4F02,336,336
01,0,04,4F09,8,8
01,0,04,4F1F,5,5
01,0,04,4F3F,1,1
01,0,04,4F46,910,590
01,0,04,4F53,9,8
01,0,04,4F60,1,0
01,0,04,4FAB,248049,151360
01,0,04,5040,2755,437
01,0,04,5047,2427,547
01,0,04,5075,250981,199402
01,0,04,5100,1288,1288
01,0,04,5146,34,32
01,0,04,5154,3,3
01,0,04,5254,3,3
01,0,04,530F,456,456
01,0,04,531E,8,8
01,0,04,5327,32,32
01,0,04,572F,48,48
01,0,04,5824,8,8
01,0,04,5855,8,8
01,0,04,5A04,2408,2408
01,0,04,5A44,8,0
01,0,04,5A4D,4,0
01,0,04,5A53,8,8
01,0,04,5B62,75816,58924
01,0,04,5B9D,446955,401033
01,0,04,5C4D,4,0
01,0,04,5D63,8,8
01,0,04,5D66,8,8
01,0,04,5D69,8,8
01,0,04,5D72,8,8
01,0,04,5D8E,1397945,1128408
01,0,04,5E39,1,1
01,0,04,5E55,2722,1238
01,0,04,6202,8,8
01,0,04,633D,80138,60913
01,0,04,6350,27233,16057
01,0,04,640E,4440,4440
01,0,04,6448,205832,145519
01,0,04,6758,8,8
01,0,04,675B,8,8
01,0,04,676F,2720,2720
01,0,04,6939,8,8
01,0,04,6958,16,16
01,0,04,698A,95649,69717
01,0,04,699A,95635,69717
01,0,04,6A07,1296,1296
01,0,04,6A15,48,48
01,0,04,6A23,8,8
01,0,04,6B75,8,8
01,0,04,6C39,8,8
01,0,04,6D68,8,8
01,0,04,6D7B,32,32
01,0,04,6E0F,8,8
01,0,04,6E39,8,8
01,0,04,6E53,16,16
01,0,04,6E6F,32280,31696
01,0,04,6E7D,32,32
01,0,04,6EC7,641086,258787
01,0,04,6EE7,37469,25861
01,0,04,6EF0,5784,4712
01,0,04,6EF9,686135,290400
01,0,04,6FFD,352,352
01,0,04,701A,8,8
01,0,04,707D,1928,1112
01,0,04,70E5,1,0
01,0,04,7179,516,16
01,0,04,7186,180,0
01,0,04,71C0,180,0
01,0,04,723F,12,8
01,0,04,7281,2574882,1912193
01,0,04,72F9,1071237,877957
01,0,04,7302,1071177,877957
01,0,04,7387,458309,350456
01,0,04,73B0,8299,6859
01,0,04,73B8,8179,6859
01,0,04,7549,8,8
01,0,04,7556,8,8
01,0,04,757D,6744,6744
01,0,04,75FD,1328,1328
01,0,04,760D,8,8
01,0,04,7627,648,648
01,0,04,762F,156721,129692
01,0,04,763F,156727,129700
01,0,04,7765,8,8
01,0,04,7775,8,8
01,0,04,7854,175344,105496
01,0,04,7879,60,0
01,0,04,7939,272359,179730
01,0,04,795E,118,0
01,0,04,797D,32,32
01,0,04,7A13,139897,93033
01,0,04,7A34,60,0
01,0,04,7AE9,255405,166216
01,0,04,7B0A,118,0
01,0,04,7C4C,16,16
01,0,04,7C99,596628,89510
01,0,05,427D,296,0
01,0,05,46B2,187929,290
01,0,05,46BA,187959,290
01,0,05,48BC,30591,0
01,0,05,4AD4,175959,265
01,0,05,4AF0,89288,155
01,0,05,4B70,91424,155
01,0,05,4BA8,277797,465
01,0,05,4C28,20432,0
01,0,05,4C31,95517,134
01,0,05,4C39,95517,134
01,0,05,4C41,95517,134
01,0,05,4C4A,10164,0
01,0,05,4D37,187689,287
01,0,05,507E,158920,170
01,0,05,515D,47584,228
01,0,05,516D,83178,67
01,0,05,5173,83178,67
01,0,05,5293,158871,232
01,0,05,529C,26930,0
01,0,05,52D1,46463,0
01,0,05,52E0,177019,217
01,0,05,52E9,7954,15
01,0,05,52F7,179177,232
01,0,05,5350,548514,696
01,0,05,577B,5796,0
01,0,05,58C3,129976,192
01,0,05,58CC,130249,192
01,0,05,58DA,130249,192
01,0,05,58E9,130249,192
01,0,05,58F5,130249,192
01,0,05,5906,19276,0
01,0,05,590F,157249,288
01,0,05,5920,19344,0
01,0,05,5929,157249,288
01,0,05,593B,187545,288
01,0,05,5944,187876,288
01,0,05,5955,187876,288
01,0,05,5C02,41474,31204
01,0,05,5C1D,77262,56455
01,0,05,5D46,11917,23
01,0,05,6020,880,0
01,0,05,6377,5838,0
01,0,05,6417,2372,0
01,0,05,648E,824,0
01,0,05,6505,1932,0
01,0,05,6580,2220,0
01,0,05,666C,308,0
01,0,05,677B,14995,32
01,0,05,680F,19913,63
01,0,05,689D,493,0
01,0,05,691E,504,0
01,0,05,6962,57476,95
01,0,05,6982,51763,95
01,0,05,698D,8924,0
01,0,05,6A4A,1962,0
01,0,05,6A54,3746,0
01,0,05,6A6A,2884,0
01,0,05,6B8B,4354,0
01,0,05,6C7D,734,0
01,0,05,6D0A,32,0
01,0,05,6D8F,4255,32
01,0,05,6E23,14673,16
01,0,05,6E29,1782,0
01,0,05,6EB1,515,0
01,0,05,6F32,248,0
01,0,05,70CE,592,0
01,0,05,7145,256,0
01,0,05,729C,4229,0
01,0,05,7330,9933,0
01,0,05,73EC,413,0
01,0,05,747E,248,0
01,0,05,756D,1082,0
01,0,05,7822,4,0
01,0,05,7828,4,0
01,0,05,7936,119790,77184
01,0,05,7A6C,393999,298528
01,0,05,7A75,1090566,532807
01,0,05,7C02,2597450,1133138
01,0,05,7C0B,199387,146072
01,0,05,7DB6,1120222,533337
01,0,05,7F01,2,0
01,0,06,4398,256459,183589
01,0,06,43A2,1002397,686932
01,0,06,43A8,525422,374258
01,0,06,43B8,261725,182597
01,0,06,4487,6394,5183
01,0,06,453F,2,0
01,0,06,4645,616,0
01,0,06,5956,545277,262055
01,0,06,596B,545246,262055
01,0,06,598A,425705,203471
01,0,06,6275,399355,173800
01,0,06,6292,405701,178989
01,0,06,62CE,65096,48250
01,0,06,6328,935,731
01,0,06,6331,11609,10708
01,0,06,6483,359408,232161
01,0,06,6490,359366,232103
01,0,06,64AF,276496,162927
01,0,06,653E,858,628
01,0,06,6552,172218,154612
01,0,06,655A,172206,154612
01,0,06,656A,172305,154584
01,0,06,67BA,144677,117377
01,0,06,67E2,60,0
01,0,06,67FA,60,0
01,0,06,682F,337733,228083
01,0,06,6886,151948,124277
01,0,06,68B2,120,0
01,0,06,68EC,20,0
01,0,06,698C,139275,115836
01,0,06,69B4,60,0
01,0,06,6A3D,30,0
01,0,06,6ACF,139475,110638
01,0,06,6E28,27,0
01,0,06,781F,8,0
01,0,07,4337,2728955,941612
01,0,07,433C,1377982,470806
01,0,07,43D2,436,0
01,0,07,4436,312,0
01,0,07,4452,496,0
01,0,07,4713,16,0
01,0,07,4716,6,0
01,0,07,4725,12,0
01,0,07,4728,10,0
01,0,07,4732,4,0
01,0,07,4735,2,0
01,0,07,473F,14,0
01,0,07,4751,14,0
01,0,07,4763,12,0
01,0,07,4770,14,0
01,0,07,477A,18,0
01,0,07,47C6,14,0
01,0,07,47D4,18,0
01,0,07,47E2,4,0
01,0,07,47F0,19,0
01,0,07,47FE,719,0
01,0,07,480C,83,0
01,0,07,4823,63,0
01,0,07,4826,52,0
01,0,07,4829,50,2
01,0,07,4831,59,35
01,0,07,483A,47,17
01,0,07,483D,19944,46
01,0,07,4852,73,35
01,0,07,4855,173,107
01,0,07,4866,32,20
01,0,07,486D,92,46
01,0,07,4874,36,18
01,0,07,487A,36,18
01,0,07,487D,62,46
01,0,07,4887,52,44
01,0,07,4899,44,44
01,0,07,48C2,145,0
01,0,07,48D0,145,0
01,0,07,48DD,131,0
01,0,07,48E5,91,0
01,0,07,48E9,89,0
01,0,07,48EC,111,0
01,0,07,48FF,13,0
01,0,07,491A,12,0
01,0,07,4924,12,0
01,0,07,492C,8,0
01,0,07,4975,20,2
01,0,07,498A,49,37
01,0,07,4A02,10,0
01,0,07,4A13,16,0
01,0,07,4A1E,10,0
01,0,07,4A49,22,4
01,0,07,4A72,42,30
01,0,07,4A8A,42,30
01,0,07,4A94,30,30
01,0,07,4A9A,30,30
01,0,07,4AC7,14,0
01,0,07,4AE1,21,15
01,0,07,4AEB,14,0
01,0,07,4AF5,16,0
01,0,07,4B18,8,0
01,0,07,4B26,16,4
01,0,07,4B34,4,0
01,0,07,4B42,37,15
01,0,07,4B45,38,14
01,0,07,4B48,33,15
01,0,07,4B4B,30,16
01,0,07,4B4E,50,28
01,0,07,4B57,36,29
01,0,07,4B5A,51,41
01,0,07,4B7D,32,16
01,0,07,4B8B,35,23
01,0,07,4B99,16,16
01,0,07,4BBF,2,0
01,0,07,4BCE,14,0
01,0,07,4BD7,16,0
01,0,07,4BE0,8,0
01,0,07,4C35,7,5
01,0,07,4C43,58,36
01,0,07,4C51,84,66
01,0,07,4C70,39,25
01,0,07,4C73,47,37
01,0,07,4C76,40,24
01,0,07,4C79,61,43
01,0,07,4C7F,68,44
01,0,07,4C83,118,99
01,0,07,4C94,27,27
01,0,07,4C9A,24,24
01,0,07,4C9D,37,37
01,0,07,4CBE,2,0
01,0,07,4CC1,2,0
01,0,07,4CD0,18,0
01,0,07,4CD3,18,0
01,0,07,4CD6,16,0
01,0,07,4CD9,16,0
01,0,07,4CDC,10,0
01,0,07,4CE8,16,0
01,0,07,4CEE,35,15
01,0,07,4CF7,18,0
01,0,07,4D04,18,0
01,0,07,4D0E,38,19
01,0,07,4D21,12,0
01,0,07,4D29,22,14
01,0,07,4D2D,12,4
01,0,07,4D30,10,6
01,0,07,4D3F,24,10
01,0,07,4D47,24,10
01,0,07,4D4B,33,19
01,0,07,4D55,51,37
01,0,07,4D58,46,38
01,0,07,4D65,20,8
01,0,07,4D68,22,10
01,0,07,4D77,25,11
01,0,07,4D7A,82,63
01,0,07,4D89,32,24
01,0,07,4D8C,85,72
01,0,07,4DAC,210006,0
01,0,07,4DC0,2,0
01,0,07,4DDE,41,33
01,0,07,4DE2,39,33
01,0,07,4DEB,21,7
01,0,07,4DEE,20,0
01,0,07,4DF1,22,0
01,0,07,4DFA,27,7
01,0,07,4DFD,7,7
01,0,07,4E0C,18,14
01,0,07,4E0F,18,14
01,0,07,4E14,18,14
01,0,07,4E17,18,14
01,0,07,4E22,29,26
01,0,07,4E27,37,35
01,0,07,4E2F,37,35
01,0,07,4E32,2,0
01,0,07,4E38,2,0
01,0,07,4E3B,35,35
01,0,07,4E43,35,35
01,0,07,4E4A,58,58
01,0,07,4E4D,40,40
01,0,07,4E56,13,13
01,0,07,4E59,63,63
01,0,07,4E7A,16,16
01,0,07,4EDE,2,2
01,0,07,4EED,7,7
01,0,07,4EFC,7,7
01,0,07,4F0A,39,38
01,0,07,4F15,39,38
01,0,07,4F27,10,10
01,0,07,4F2E,4,4
01,0,07,4F37,3,3
01,0,07,4F49,54,52
01,0,07,4F68,8,8
01,0,07,4F75,65,62
01,0,07,4F7A,28,28
01,0,07,4F80,32,32
01,0,07,4FF2,33,33
01,0,07,5022,55,42
01,0,07,5039,10,0
01,0,07,5054,36,22
01,0,07,506B,16,2
01,0,07,5072,43,33
01,0,07,5080,112,74
01,0,07,5087,48,37
01,0,07,508D,72,54
01,0,07,509C,68,67
01,0,07,50C9,14,0
01,0,07,50D0,18,0
01,0,07,50DE,20,12
01,0,07,50E6,19,3
01,0,07,50F4,49,33
01,0,07,50FB,53,33
01,0,07,5109,50,31
01,0,07,5118,20,16
01,0,07,5127,23,19
01,0,07,5136,4,4
01,0,07,5152,30,30
01,0,07,5176,76,64
01,0,07,5178,84,72
01,0,07,5185,95,71
01,0,07,5186,117,93
01,0,07,5199,14,14
01,0,07,51DF,1,1
01,0,07,51ED,3,3
01,0,07,51FB,24,23
01,0,07,5209,15,10
01,0,07,5220,34,30
01,0,07,5223,52,37
01,0,07,5226,37,36
01,0,07,522C,33,32
01,0,07,5230,4,4
01,0,07,5238,4,4
01,0,07,523B,13,13
01,0,07,523E,4,4
01,0,07,524E,51,51
01,0,07,5257,37,37
01,0,07,5267,27,27
01,0,07,526A,67,64
01,0,07,52A1,16,16
01,0,07,5300,17,6
01,0,07,533C,62,62
01,0,07,5359,7,5
01,0,07,5361,7,5
01,0,07,53A2,16,16
01,0,07,53E9,4,4
01,0,07,53F7,34,31
01,0,07,5405,23743,3761
01,0,07,5408,23707,3750
01,0,07,540B,23601,3689
01,0,07,540E,23574,3693
01,0,07,5414,23386,3612
01,0,07,5418,8744,3597
01,0,07,541B,8730,3539
01,0,07,5423,4445,3425
01,0,07,542A,4404,3402
01,0,07,543A,4228,3255
01,0,07,5443,5421,4277
01,0,07,545D,137730,85726
01,0,07,5460,9081,3965
01,0,07,5486,13214,4360
01,0,07,548E,43,35
01,0,07,5491,63,59
01,0,07,54C5,6089,1633
01,0,07,54DA,2569,1943
01,0,07,54E9,3060,2388
01,0,07,552D,45,30
01,0,07,553B,11,11
01,0,07,5549,23,21
01,0,07,5557,15,13
01,0,07,5561,25,23
01,0,07,5564,64,61
01,0,07,5567,30,30
01,0,07,556A,61,49
01,0,07,556E,28,25
01,0,07,556F,87,63
01,0,07,5571,91,67
01,0,07,557C,65,48
01,0,07,5580,71,54
01,0,07,5584,81,61
01,0,07,5585,88,68
01,0,07,558F,67,54
01,0,07,5592,54,41
01,0,07,559E,53,47
01,0,07,55A1,20,17
01,0,07,55A9,50,49
01,0,07,55AC,2,2
01,0,07,55C5,2,0
01,0,07,55C8,2,0
01,0,07,55CB,2,0
01,0,07,55CE,2,0
01,0,07,55E0,5,5
01,0,07,55EF,6,6
01,0,07,55F3,28,27
01,0,07,55F6,48,43
01,0,07,55FA,21,8
01,0,07,55FD,66,61
01,0,07,5623,52,48
01,0,07,5640,13,13
01,0,07,5650,18,18
01,0,07,5653,46,46
01,0,07,5656,32,32
01,0,07,5659,13,13
01,0,07,5661,72,69
01,0,07,5677,77,64
01,0,07,567A,81,65
01,0,07,5689,102,75
01,0,07,568C,72,56
01,0,07,568F,76,60
01,0,07,56A4,20,17
01,0,07,56A8,15,15
01,0,07,56AB,50,49
01,0,07,56E0,2,2
01,0,07,56E4,2,2
01,0,07,56F8,19,10
01,0,07,56FB,24,24
01,0,07,56FE,36,31
01,0,07,5702,48,45
01,0,07,5716,32,32
01,0,07,5719,57,57
01,0,07,571C,58,53
01,0,07,5743,569479,375093
01,0,07,576C,66,58
01,0,07,57AD,595427,338828
01,0,07,5814,3769,3345
01,0,07,5835,9812,3323
01,0,07,5885,52256,35674
01,0,07,589F,49,36
01,0,07,58AF,1803,1024
01,0,07,58DE,16105843,8709878
01,0,07,58E4,2957,2678
01,0,07,58F4,3989,3549
01,0,07,5900,16,16
01,0,07,5921,89,88
01,0,07,5924,62,62
01,0,07,5927,65,60
01,0,07,597F,61,57
01,0,07,598B,102,101
01,0,07,598F,61,58
01,0,07,5995,47,43
01,0,07,5A11,49,48
01,0,07,5A1A,26,26
01,0,07,5A1D,37,37
01,0,07,5A2F,155,151
01,0,07,5A3B,79,78
01,0,07,5A3F,52,52
01,0,07,5A44,28,28
01,0,07,5A48,70,70
01,0,07,5A94,76,76
01,0,07,5A9D,119,92
01,0,07,5AA6,12,12
01,0,07,5AA9,47,41
01,0,07,5AB3,2,2
01,0,07,5AEA,32,29
01,0,07,5AEB,29,25
01,0,07,5AF0,59,36
01,0,07,5B62,94,65
01,0,07,5B6B,136,115
01,0,07,5B6E,95,67
01,0,07,5C65,12805,3863
01,0,07,5C6B,12736,3827
01,0,07,5C73,4864,3772
01,0,07,5CC2,2507,1651
01,0,07,5CCB,2030,1582
01,0,07,5CD5,10853,2127
01,0,07,5D05,30,14
01,0,07,5D06,42,26
01,0,07,5D0B,64,60
01,0,07,5D4B,20,18
01,0,07,5D54,114,109
01,0,07,5D57,31,31
01,0,07,5E0F,55,50
01,0,07,5E17,42,41
01,0,07,5E5D,77,76
01,0,07,5E60,25,16
01,0,07,5E61,112,98
01,0,07,5E69,90,86
01,0,07,5E72,33,32
01,0,07,5E75,95,93
01,0,07,5E78,30,29
01,0,07,5E79,133,130
01,0,07,5E84,27,26
01,0,07,5EB4,45,41
01,0,07,5EB5,12,12
01,0,07,5EBA,2,2
01,0,07,5EE5,29,25
01,0,07,5EEA,21,12
01,0,07,5F35,77,49
01,0,07,5F3E,38,38
01,0,07,5F41,80,67
01,0,07,5FF8,20,19
01,0,07,604B,2141,2072
01,0,07,6054,2090,2007
01,0,07,605D,130622,83631
01,0,07,6060,2027,1949
01,0,07,606A,1969,1915
01,0,07,609E,47,46
01,0,07,609F,32,31
01,0,07,60A4,31,31
01,0,07,60B1,11,7
01,0,07,60B2,12,12
01,0,07,60B7,45,41
01,0,07,60EF,6084,2562
01,0,07,60F4,2632,2522
01,0,07,60FD,41,40
01,0,07,6100,68,43
01,0,07,6103,78,53
01,0,07,610C,80,77
01,0,07,610F,68,65
01,0,07,6127,50,45
01,0,07,6216,122,89
01,0,07,621F,54,52
01,0,07,6228,57,56
01,0,07,6242,69,65
01,0,07,624B,49,44
01,0,07,6255,49,44
01,0,07,6293,63,58
01,0,07,6294,82,78
01,0,07,62A0,42,42
01,0,07,62A5,28,27
01,0,07,62EB,45,41
01,0,07,62F8,78,78
01,0,07,630E,140,133
01,0,07,634C,143,139
01,0,07,635C,123,99
01,0,07,6370,114,87
01,0,07,63A9,31,31
01,0,07,6448,2463311,1564224
01,0,07,64F0,10923,4564
01,0,07,654D,295211,293757
01,0,07,6586,34,33
01,0,07,6589,75,74
01,0,07,658C,49,49
01,0,07,658F,81,81
01,0,07,6593,91,91
01,0,07,6596,38,38
01,0,07,6599,114,113
01,0,07,659C,54,50
01,0,07,663A,138,132
01,0,07,6655,135,113
01,0,07,667D,91,90
01,0,07,6698,93,93
01,0,07,6732,132,126
01,0,07,6749,148,118
01,0,07,675C,76,76
01,0,07,6764,83,82
01,0,07,6785,70,68
01,0,07,67DE,144,94
01,0,07,67EE,54,36
01,0,07,67FC,27,23
01,0,07,6809,2324,2027
01,0,07,6817,2063,1814
01,0,07,6820,2070,1830
01,0,07,682D,3069,2702
01,0,07,683C,1945,1711
01,0,07,684A,1915,1689
01,0,07,6857,1880,1649
01,0,07,6860,1848,1619
01,0,07,686D,1857,1654
01,0,07,6877,1761,1560
01,0,07,6882,1717,1506
01,0,07,68A0,18,18
01,0,07,68AB,14,13
01,0,07,68D2,1236,988
01,0,07,68DD,1203,961
01,0,07,68F6,2354,1995
01,0,07,6900,96,92
01,0,07,6906,34,30
01,0,07,690A,117,116
01,0,07,6914,97,96
01,0,07,691A,67,67
01,0,07,691E,46,44
01,0,07,6928,142,121
01,0,07,692E,311,228
01,0,07,695D,113,111
01,0,07,6969,87,87
01,0,07,6984,140,140
01,0,07,6987,80,80
01,0,07,6995,97,95
01,0,07,69DE,94,68
01,0,07,69F9,124,93
01,0,07,69FA,139,106
01,0,07,6A08,83,80
01,0,07,6A24,95,89
01,0,07,6A32,312,278
01,0,07,6A40,160,132
01,0,07,6A51,113,102
01,0,07,6A53,92,92
01,0,07,6A5F,103,83
01,0,07,6A72,104,102
01,0,07,6A81,74,70
01,0,07,6A8F,57,57
01,0,07,6A96,77,75
01,0,07,6A99,82,80
01,0,07,6AB4,46,36
01,0,07,6AB5,27,21
01,0,07,6AEB,70,58
01,0,07,6B15,163,144
01,0,07,6B56,116,113
01,0,07,6B64,124,123
01,0,07,6B72,105,103
01,0,07,6B80,118,118
01,0,07,6B8C,110,110
01,0,07,6B97,75,74
01,0,07,6B9A,103,101
01,0,07,6B9D,104,101
01,0,07,6BA0,64,64
01,0,07,6BA6,11,11
01,0,07,6BAA,58,57
01,0,07,6BBB,29,23
01,0,07,6BEA,126,90
01,0,07,6BFD,3925,3241
01,0,07,6C06,7941,3616
01,0,07,6C20,4219,3393
01,0,07,6C37,1055407,713387
01,0,07,6C4F,10839,3737
01,0,07,6C70,4198,3326
01,0,07,6CDD,2704,2059
01,0,07,6CE5,3199,2495
01,0,07,6CFC,3744,3127
01,0,07,6D1E,78,44
01,0,07,6D29,5198,104
01,0,07,6D36,258,249
01,0,07,6D54,103,98
01,0,07,6D5C,77,73
01,0,07,6D68,73,73
01,0,07,6D77,34,34
01,0,07,6D85,12,12
01,0,07,6D95,40,40
01,0,07,6DB2,45,29
01,0,07,6DD1,1,0
01,0,07,6DED,175,84
01,0,07,6DF0,147,134
01,0,07,6DF3,215,179
01,0,07,6E00,78,36
01,0,07,6E09,78,77
01,0,07,6E12,40,36
01,0,07,6E25,1004,970
01,0,07,6E29,232,227
01,0,07,6E2C,5457,319
01,0,07,6E2F,972,829
01,0,07,6E3A,542,534
01,0,07,6E66,45,44
01,0,07,6E74,31,31
01,0,07,6E94,15,15
01,0,07,6EBB,22,22
01,0,07,6EF7,66,54
01,0,07,6EFF,1129,1051
01,0,07,6F02,1083,1034
01,0,07,6F05,1091,1042
01,0,07,6F12,1110,1070
01,0,07,6F1B,1038,1014
01,0,07,6F24,997,973
01,0,07,6F37,489,445
01,0,07,6F3B,1023,993
01,0,07,6F3E,147,115
01,0,07,6F41,169,150
01,0,07,6F4C,60,52
01,0,07,6F7D,91,81
01,0,07,6F8B,82,82
01,0,07,6FAB,60,50
01,0,07,7012,3300,2885
01,0,07,701A,3134,2759
01,0,07,701D,3432,2971
01,0,07,7063,2511,2206
01,0,07,7071,2874,2517
01,0,07,7081,2773,2440
01,0,07,7082,2355,2090
01,0,07,708A,2327,2053
01,0,07,709E,61,61
01,0,07,70B5,13,13
01,0,07,70B8,4,3
01,0,07,70BB,22,17
01,0,07,70C7,1505,1312
01,0,07,70D0,2391,1952
01,0,07,70D4,2360,1936
01,0,07,70E3,2837,2378
01,0,07,70E6,2872,2419
01,0,07,70E9,2918,2395
01,0,07,70F9,3625,3093
01,0,07,70FC,3314,2866
01,0,07,7131,887,775
01,0,07,7159,73,69
01,0,07,715A,115,111
01,0,07,7166,110,100
01,0,07,7178,67,67
01,0,07,717B,19,19
01,0,07,7197,32,32
01,0,07,71AC,25,23
01,0,07,71E5,51,39
01,0,07,71E8,205,177
01,0,07,71EB,6024,147
01,0,07,71EE,65,43
01,0,07,71F1,105,95
01,0,07,71FF,129,112
01,0,07,720D,83,67
01,0,07,721B,40,40
01,0,07,7229,95,90
01,0,07,7234,5756,634
01,0,07,7237,688,657
01,0,07,723A,1909,1880
01,0,07,723D,273,236
01,0,07,7240,67,61
01,0,07,7246,107,105
01,0,07,7260,70,64
01,0,07,7277,83,83
01,0,07,7280,13,13
01,0,07,7293,73,73
01,0,07,729D,115,114
01,0,07,729E,60,59
01,0,07,72B2,56,56
01,0,07,72BC,44,42
01,0,07,72DE,62,40
01,0,07,72DF,62,40
01,0,07,72E1,5953,64
01,0,07,72EA,6037,150
01,0,07,7301,119,96
01,0,07,730A,17,13
01,0,07,731D,114,90
01,0,07,7327,923,923
01,0,07,7328,61,43
01,0,07,7345,221,210
01,0,07,7352,139,123
01,0,07,735B,124,122
01,0,07,7372,125,122
01,0,07,737B,79,79
01,0,07,738B,76,76
01,0,07,73A3,48,39
01,0,07,73A9,59,59
01,0,07,73B3,37,37
01,0,07,73B4,42,42
01,0,07,73F2,120,95
01,0,07,73FC,51,33
01,0,07,7402,8357,3663
01,0,07,740B,14310,3579
01,0,07,7421,10055,3480
01,0,07,742B,3772,3324
01,0,07,7434,4126,3665
01,0,07,7448,11079,3681
01,0,07,7465,3906,3497
01,0,07,7482,16396,3859
01,0,07,749B,113,109
01,0,07,74A9,84,80
01,0,07,74BE,1572,1142
01,0,07,74D1,2051,1862
01,0,07,74D5,2002,1833
01,0,07,74E4,24926,2390
01,0,07,74F9,7526,2967
01,0,07,74FD,152,102
01,0,07,750C,92,83
01,0,07,7521,171,168
01,0,07,7525,71,49
01,0,07,7534,959,865
01,0,07,754D,146,138
01,0,07,7551,152,152
01,0,07,7566,84,77
01,0,07,7579,127,126
01,0,07,757D,123,106
01,0,07,758C,50,49
01,0,07,75A1,40,32
01,0,07,75A5,46,46
01,0,07,75B4,37,33
01,0,07,75F6,91,81
01,0,07,75FA,91,82
01,0,07,760F,42,42
01,0,07,7622,153,134
01,0,07,7626,102,97
01,0,07,7635,1110,731
01,0,07,764A,180,177
01,0,07,764E,151,148
01,0,07,765D,134,134
01,0,07,7672,99,89
01,0,07,7676,89,89
01,0,07,7685,6186,5340
01,0,07,769F,16,8
01,0,07,76A3,33,33
01,0,07,76B8,66,41
01,0,07,76DE,132,126
01,0,07,76F3,151,131
01,0,07,76F7,55,41
01,0,07,7706,99,67
01,0,07,771B,130,100
01,0,07,771F,82,52
01,0,07,772E,1406,1394
01,0,07,7748,234,233
01,0,07,774F,95,93
01,0,07,7759,78,64
01,0,07,7762,161,158
01,0,07,7768,175,169
01,0,07,7772,150,140
01,0,07,777E,158,152
01,0,07,7788,137,133
01,0,07,7789,36,32
01,0,07,77E0,55,39
01,0,07,77F2,113,93
01,0,07,77F5,105,89
01,0,07,7821,9234,3606
01,0,07,7830,10497,4884
01,0,07,783F,3746,3355
01,0,07,7855,3567,3204
01,0,07,7864,3391,3066
01,0,07,7873,3195,2895
01,0,07,7881,3131,2854
01,0,07,7890,71,61
01,0,07,789E,79,78
01,0,07,78B2,54,54
01,0,07,78C7,958,776
01,0,07,78DA,2318,1902
01,0,07,78ED,3417,2882
01,0,07,78FC,4426,3875
01,0,07,7935,1243,1092
01,0,07,793C,71,69
01,0,07,7944,166,142
01,0,07,795F,147,139
01,0,07,7972,80,75
01,0,07,7981,116,102
01,0,07,799C,78,73
01,0,07,79A4,50,48
01,0,07,79E1,112,97
01,0,07,7A27,100,83
01,0,07,7A37,1185,1001
01,0,07,7A3F,204,154
01,0,07,7A5A,71,50
01,0,07,7A81,103,100
01,0,07,7AA8,18,17
01,0,07,7B22,40,30
01,0,07,7BDE,96,66
01,0,07,7C0D,5077,4394
01,0,07,7C10,5008,4335
01,0,07,7C19,4918,4291
01,0,07,7C4D,11932,4726
01,0,07,7C7C,7061,4056
01,0,07,7C7F,7620,4590
01,0,07,7C88,5465,4914
01,0,07,7CBC,63,59
01,0,07,7CEB,3742,3205
01,0,07,7CEE,4666,3880
01,0,07,7CF7,4602,3864
01,0,07,7D11,116,99
01,0,07,7D28,80,77
01,0,08,40D4,489050,316466
01,0,08,4339,104342,80380
01,0,08,4341,103333,80372
01,0,08,4567,109352,65750
01,0,08,5474,6,0
01,0,1A,781F,8,0
01,0,3D,781F,32,0
01,1,00,0108,4,0
01,1,00,011C,2,0
01,1,00,011D,41,0
01,1,00,012B,2,0
01,1,00,0205,160,0
01,1,00,020D,19599,4304
01,1,00,021D,40,0
01,1,00,0249,1021,0
01,1,00,024C,16,0
01,1,00,024F,16,0
01,1,00,0252,8,0
01,1,00,02A0,18,0
01,1,00,02AB,1989,0
01,1,00,032E,2,0
01,1,00,0330,2,0
01,1,00,0333,2,0
01,1,00,06FF,4,0
01,1,00,0702,8,0
01,1,00,0752,8,0
01,1,00,087D,20,3
01,1,00,0907,12189,4287
01,1,00,0AD7,8,0
01,1,00,0D4B,8,0
01,1,00,0E1D,50,0
01,1,00,0F4A,16,0
01,1,00,0F4B,8,0
01,1,00,1021,6,0
01,1,00,1024,2,0
01,1,00,1437,18,2
01,1,00,143A,18,2
01,1,00,1501,9554,7268
01,1,00,155D,4,0
01,1,00,1805,96,0
01,1,00,180D,11739,4188
01,1,00,1837,4,0
01,1,00,1845,4,0
01,1,00,1848,36,0
01,1,00,184B,10,0
01,1,00,184E,16,0
01,1,00,1851,8,0
01,1,00,1857,16,0
01,1,00,1875,8,8
01,1,00,1909,8447,3085
01,1,00,1934,8,8
01,1,00,1937,16,0
01,1,00,193A,4,0
01,1,00,1943,20,0
01,1,00,1946,2,0
01,1,00,1949,8,0
01,1,00,194C,4,0
01,1,00,194F,4,0
01,1,00,1952,8,0
01,1,00,1A14,24,0
01,1,00,1A17,2,0
01,1,00,1A1D,2,0
01,1,00,1A4B,10,0
01,1,00,1A53,12,0
01,1,00,1B09,7305,3073
01,1,00,1B48,32,0
01,1,00,1B53,8,0
01,1,00,1B5A,74,21
01,1,00,1BE7,12,0
01,1,00,1BFE,24966,7208
01,1,00,1E09,7268,3063
01,1,00,1E17,3684,14
01,1,00,1E49,8,0
01,1,00,1E57,8,8
01,1,00,1E76,28,0
01,1,00,1F3A,24,24
01,1,00,286D,39,14
01,1,00,2A41,2,0
01,1,00,2B24,16,0
01,1,00,2B48,32,0
01,1,00,2B4B,8,0
01,1,00,2B51,8,0
01,1,00,2B5E,24,24
01,1,00,2B76,828,0
01,1,00,2C25,4,0
01,1,00,2C52,8,0
01,1,00,2C57,8,8
01,1,00,2E48,32,0
01,1,00,2E51,13,1
01,1,00,2E5F,35,19
01,1,00,2E66,20,0
01,1,00,2F2D,68,0
01,1,00,2F30,4,0
01,1,00,3053,8,0
01,1,00,30AB,4,0
01,1,00,314B,35,0
01,1,00,33FC,2,0
01,1,00,3451,8,0
01,1,00,34EF,1006433,314033
01,1,00,3549,2,0
01,1,00,3A53,8,0
01,1,00,593D,4,0
01,1,02,4546,2,0
01,1,03,4100,2,0
01,1,03,4153,24,0
01,1,03,4165,4,0
01,1,03,419E,2,0
01,1,03,4237,2,2
01,1,03,427B,60,0
01,1,03,4372,60,0
01,1,03,439C,6522,453
01,1,03,440A,378603,259260
01,1,03,443B,223,168
01,1,03,443E,12,0
01,1,03,44D7,100,0
01,1,03,46B8,12060,396
01,1,03,46EB,11307,179
01,1,03,471A,11014,798
01,1,03,4860,551616,217379
01,1,03,48D4,14,0
01,1,03,494C,4,0
01,1,03,4A35,102070,59709
01,1,03,4A57,2,0
01,1,03,4B3A,7901,7833
01,1,03,4BF9,60,60
01,1,03,4C2C,2,2
01,1,03,4C52,110,34
01,1,03,4D5B,63,33
01,1,03,4F62,4,0
01,1,03,4F7D,6,0
01,1,03,5024,30,0
01,1,03,503A,1,1
01,1,03,5074,1872,78
01,1,03,507F,289613,170973
01,1,03,50E5,24,0
01,1,03,50FC,604,180
01,1,03,510A,115,103
01,1,03,5126,10,10
01,1,03,515F,4,0
01,1,03,5181,4,0
01,1,03,530C,2,0
01,1,03,5346,2,0
01,1,03,5444,6409,4303
01,1,03,5716,98502,1683
01,1,03,5A40,45689,882
01,1,03,5D0B,2,0
01,1,03,5D0F,2,0
01,1,03,5D4F,4,0
01,1,03,5ECB,179207,10077
01,1,03,5F11,14051,634
01,1,03,5F17,5307,233
01,1,03,6019,2,0
01,1,03,640D,2,0
01,1,03,6410,20,0
01,1,03,6425,233920,172779
01,1,03,6440,20,0
01,1,03,6441,4,0
01,1,03,6484,55957,2852
01,1,03,6496,578,433
01,1,03,64C0,33897,30161
01,1,03,6823,5,1
01,1,03,685C,12,8
01,1,03,6931,16,0
01,1,03,6B11,2,0
01,1,03,6B29,54,0
01,1,03,6B34,37265,34245
01,1,03,6B48,198606,165816
01,1,03,6CAB,230291,203550
01,1,03,6CAE,228924,202085
01,1,03,6CB1,230458,203611
01,1,03,6CB4,230398,203613
01,1,03,6CB7,230458,203613
01,1,03,6D1D,104,13
01,1,03,6D23,168305,143321
01,1,03,6D26,168379,143263
01,1,03,6D29,167618,142502
01,1,03,6D2C,168677,143621
01,1,03,6D2F,168737,143621
01,1,03,6D71,129084,103487
01,1,03,6D74,129190,103464
01,1,03,6D77,128414,102688
01,1,03,6D7A,129066,103400
01,1,03,6D7D,129126,103400
01,1,03,6DAD,95931,70985
01,1,03,6DB0,96045,70997
01,1,03,6DB3,95985,70997
01,1,03,6DB6,96043,70997
01,1,03,6DD2,839,455
01,1,03,6DD5,837,453
01,1,03,6DD8,837,453
01,1,03,6DDB,837,453
01,1,03,6E14,2,0
01,1,03,7002,266,89
01,1,03,713C,506,502
01,1,03,7181,60,0
01,1,03,7219,2,0
01,1,03,730C,5431,4631
01,1,03,730F,5390,4630
01,1,03,7312,5220,4501
01,1,03,7315,5390,4630
01,1,03,7318,44,8
01,1,03,734D,2791,2351
01,1,03,7350,2774,2350
01,1,03,7353,2246,1894
01,1,03,7356,2774,2350
01,1,03,7363,65,65
01,1,03,7366,65,65
01,1,03,7369,65,65
01,1,03,736C,65,65
01,1,03,73C7,2082,2074
01,1,03,73E5,2085,2085
01,1,03,7403,1190,837
01,1,03,7416,252,252
01,1,03,7523,36,0
01,1,03,75D5,576,576
01,1,03,7749,441463,267382
01,1,03,7752,86613,27818
01,1,03,7817,23656,8113
01,1,03,781A,1377,563
01,1,03,7897,1153,855
01,1,03,79FC,399641,192416
01,1,03,7A4E,8,8
01,1,03,7B10,20,0
01,1,03,7B1C,506589,298043
01,1,03,7B22,264193,158636
01,1,03,7BF9,20,0
01,1,03,7C64,4,0
01,1,03,7C6A,4,0
01,1,03,7C7F,325260,232747
01,1,03,7D05,10107,7202
01,1,03,7D13,4,0
01,1,03,7D44,55,8
01,1,03,7DAD,5471,4603
01,1,04,40C2,15460,2568
01,1,04,40FA,3379,2363
01,1,04,4104,2492201,1586284
01,1,04,4133,47585,31685
01,1,04,420F,2557,1835
01,1,04,421E,2565,1835
01,1,04,4253,2395,1739
01,1,04,4267,2390,1738
01,1,04,426E,2394,1738
01,1,04,427A,6711,4909
01,1,04,47EF,404409,262049
01,1,04,48B4,247523,151089
01,1,04,495A,141,87
01,1,04,496A,355,268
01,1,04,49EC,193,102
01,1,04,4A15,192,102
01,1,04,4A28,71,34
01,1,04,4A50,70,33
01,1,04,4A7E,324641,2630
01,1,04,4CE8,124,50
01,1,04,4CF8,110,50
01,1,04,4E4B,2587,333
01,1,04,4E51,200432,107415
01,1,04,4F78,61,9
01,1,04,4F82,61,9
01,1,04,4F92,61,9
01,1,04,4FAB,241445,151209
01,1,04,596D,522771,459957
01,1,04,5B9D,45336,44752
01,1,04,5C47,1397945,1128408
01,1,04,5D8E,44081,41910
01,1,04,6190,205832,145519
01,1,04,61E1,64261,41677
01,1,04,6216,24771,21198
01,1,04,624B,18125,13881
01,1,04,633D,2722,1238
01,1,04,6448,1584,814
01,1,04,6914,683123,288616
01,1,04,6917,684888,289629
01,1,04,6939,1216,744
01,1,04,693C,1247,771
01,1,04,6982,94249,69710
01,1,04,6992,95635,69717
01,1,04,6AC3,53351,26947
01,1,04,6B03,720,660
01,1,04,6B75,123815,75921
01,1,04,6BB4,1200,1008
01,1,04,6BF5,21027,14876
01,1,04,6C2B,770,606
01,1,04,6C94,115279,71025
01,1,04,6CCA,732,540
01,1,04,6EE7,1800,1040
01,1,04,6FD3,8184,6860
01,1,04,6FE8,8174,6858
01,1,04,6FFE,1071292,877957
01,1,04,70B6,726600,453238
01,1,04,715D,776990,580998
01,1,04,7160,458309,350456
01,1,04,7281,861,0
01,1,04,7288,2142414,1755914
01,1,04,7302,60,0
01,1,04,7387,120,0
01,1,04,7593,596548,89510
01,1,04,75E1,80,0
01,1,04,7627,156732,129692
01,1,04,7637,156721,129692
01,1,04,7768,119715,76484
01,1,04,77A8,1558,1405
01,1,04,7854,60,0
01,1,04,787C,145591,101212
01,1,04,78BB,1753,1589
01,1,04,7939,118,0
01,1,04,795E,115612,75207
01,1,04,7994,1136,992
01,1,04,7A13,60,0
01,1,04,7A34,138422,93823
01,1,04,7A6A,972,828
01,1,04,7AE9,118,0
01,1,05,44A1,69,1
01,1,05,44A8,14902,143
01,1,05,44ED,36,1
01,1,05,44F8,9408,3
01,1,05,4665,254,4
01,1,05,46BE,199306,384
01,1,05,46DA,198,2
01,1,05,4777,114906,190
01,1,05,4780,109239,190
01,1,05,4799,104,0
01,1,05,47DA,52,0
01,1,05,481A,61048,0
01,1,05,481D,30539,0
01,1,05,4839,72,0
01,1,05,4AD4,11917,23
01,1,05,4AF0,3156,0
01,1,05,4B70,20,0
01,1,05,4DAA,189429,212
01,1,05,4DB3,185705,230
01,1,05,4DB6,46463,0
01,1,05,4DB9,184877,230
01,1,05,4DBC,179081,230
01,1,05,4DC3,96,2
01,1,05,4DC9,96,2
01,1,05,4DCF,96,2
01,1,05,4DD2,96,2
01,1,05,516D,79460,85
01,1,05,5173,79460,85
01,1,05,52D1,138510,232
01,1,05,52E0,828,0
01,1,05,52F7,6624,0
01,1,05,5350,8924,0
01,1,05,5387,25734,30
01,1,05,5389,20399,24
01,1,05,5395,41297,48
01,1,05,5C1D,53,16
01,1,05,62B5,99674,192
01,1,05,62BB,99674,192
01,1,05,62C1,99674,192
01,1,05,62C7,99674,192
01,1,05,62CD,99674,192
01,1,05,62D3,99674,192
01,1,05,62DA,99,1
01,1,05,62E0,99,1
01,1,05,62E6,99,1
01,1,05,62F0,5838,0
01,1,05,6361,11612,0
01,1,05,6395,2372,0
01,1,05,6401,4664,0
01,1,05,6421,824,0
01,1,05,6481,1628,0
01,1,05,6498,1932,0
01,1,05,64F8,3868,0
01,1,05,650F,2220,0
01,1,05,6573,4440,0
01,1,05,65EB,900,0
01,1,05,65F8,440,0
01,1,05,6602,308,0
01,1,05,665F,596,0
01,1,05,6714,14995,32
01,1,05,6739,78,0
01,1,05,676E,30372,68
01,1,05,6785,19913,63
01,1,05,67F6,40597,124
01,1,05,680F,346,0
01,1,05,6815,40597,124
01,1,05,681E,39473,124
01,1,05,6833,493,0
01,1,05,6874,493,0
01,1,05,687D,489,0
01,1,05,688A,489,0
01,1,05,68BC,504,0
01,1,05,690B,504,0
01,1,05,6927,504,0
01,1,05,6942,93569,178
01,1,05,6951,174513,207
01,1,05,6968,57476,95
01,1,05,696E,57476,95
01,1,05,6974,57476,95
01,1,05,6989,52,0
01,1,05,6993,8592,0
01,1,05,6A35,5708,0
01,1,05,6B17,4354,0
01,1,05,6B7E,8696,0
01,1,05,6BF9,2652,0
01,1,05,6C06,1342,0
01,1,05,6C10,734,0
01,1,05,6C70,1380,0
01,1,05,6C87,32,0
01,1,05,6CF4,104,0
01,1,05,6D28,4255,32
01,1,05,6D4D,60,0
01,1,05,6D82,8518,64
01,1,05,6D99,14673,16
01,1,05,6E0A,29655,31
01,1,05,6E23,24,0
01,1,05,6E29,29655,31
01,1,05,6E32,29611,31
01,1,05,6E47,515,0
01,1,05,6E88,515,0
01,1,05,6E91,515,0
01,1,05,6E9E,515,0
01,1,05,6ED0,248,0
01,1,05,6F1F,248,0
01,1,05,6F3B,248,0
01,1,05,6F56,53783,87
01,1,05,6F65,81408,195
01,1,05,7045,30575,0
01,1,05,704B,30575,0
01,1,05,7051,30575,0
01,1,05,7057,30575,0
01,1,05,7061,592,0
01,1,05,70B8,1092,0
01,1,05,70D8,256,0
01,1,05,7138,540,0
01,1,05,7232,4229,0
01,1,05,7257,24,0
01,1,05,725A,8,0
01,1,05,728F,8475,0
01,1,05,72A6,9933,0
01,1,05,7317,19771,0
01,1,05,7336,19771,0
01,1,05,733F,17807,0
01,1,05,7355,19771,0
01,1,05,735F,413,0
01,1,05,73C3,413,0
01,1,05,73CC,397,0
01,1,05,73D9,397,0
01,1,05,7402,413,0
01,1,05,7416,248,0
01,1,05,746B,248,0
01,1,05,7487,244,0
01,1,05,74AF,248,0
01,1,05,74B6,28607,0
01,1,05,74C5,30468,0
01,1,05,74C8,10156,0
01,1,05,77D4,2,0
01,1,05,77F4,14173,176
01,1,05,7805,14180,176
01,1,05,781F,602610,140168
01,1,05,782B,602055,140123
01,1,05,785F,170795,169668
01,1,05,786B,170748,169634
01,1,05,7886,198620,145907
01,1,05,7889,198031,145866
01,1,05,78E8,36,34
01,1,05,78F2,119680,77170
01,1,05,78F5,119732,77184
01,1,05,78F8,119790,77184
01,1,05,793A,128,38
01,1,05,7A6C,697732,234324
01,1,05,7A75,1181,45
01,1,05,7BDC,894596,399168
01,1,05,7BE5,971857,455623
01,1,05,7BEE,930384,424419
01,1,05,7C02,118881,87733
01,1,05,7C0B,99,45
01,1,05,7DB6,8,0
01,1,06,40F0,676950,454120
01,1,06,410A,146861,105912
01,1,06,4117,195408,141249
01,1,06,4253,164799,117855
01,1,06,426F,325447,232812
01,1,06,42C9,91660,65734
01,1,06,42E5,178580,130748
01,1,06,4308,114864,76685
01,1,06,4324,151434,102261
01,1,06,4398,337733,228083
01,1,06,43A2,438,0
01,1,06,43A8,178,0
01,1,06,510C,910781,365964
01,1,06,536E,605447,361617
01,1,06,598A,119541,58584
01,1,06,5F9E,8,0
01,1,06,5FF5,805056,352789
01,1,06,5FFB,12544,11439
01,1,06,6275,6394,5183
01,1,06,6292,30,0
01,1,06,62CE,70,0
01,1,06,6335,995270,627191
01,1,06,64AF,74638,60944
01,1,06,64B3,858,628
01,1,06,653E,432,420
01,1,06,6562,172307,154584
01,1,06,67BA,120,0
01,1,06,6886,140,0
01,1,06,698C,60,0
01,1,06,6D15,27,0
01,1,07,4148,32,0
01,1,07,415D,4,0
01,1,07,4337,748,0
01,1,07,433C,496,0
01,1,07,4553,8,0
01,1,07,4751,8,0
01,1,07,4B48,24,0
01,1,07,4B4B,8,0
01,1,07,4C51,8,0
01,1,07,4CA7,2,0
01,1,07,4CB5,2,0
01,1,07,4CD0,32,0
01,1,07,4CDC,32,0
01,1,07,4D0E,4,0
01,1,07,4D30,47,0
01,1,07,4D4B,8,0
01,1,07,4D55,208524,0
01,1,07,4D77,144,0
01,1,07,4DAC,19868,0
01,1,07,4E56,1219,0
01,1,07,55CB,1753,975
01,1,07,5653,8,0
01,1,07,5659,349470,229768
01,1,07,568C,219998,145316
01,1,07,5743,257148,163329
01,1,07,57AD,8996,7790
01,1,07,5885,3306,2148
01,1,07,58DE,630737,309870
01,1,07,5D4B,8,0
01,1,07,5F35,2,0
01,1,07,604B,8,0
01,1,07,624B,8,0
01,1,07,6448,82625,39390
01,1,07,654D,12240,12179
01,1,07,6A51,8,0
01,1,07,6A53,8,0
01,1,07,6C37,20827,18704
01,1,07,7551,8,0
01,1,08,405E,489050,316466
01,1,08,4341,2608,0
01,1,08,4567,58,0
01,1,08,458D,58,0
01,1,08,4F05,218805,102480
01,1,08,4F0F,512854,234733
01,1,08,4F27,731649,337213
01,1,08,4F31,731649,337213
01,1,08,4F41,731648,337213
01,1,08,52A5,294633,136424
01,1,08,52BD,294633,136424
01,1,08,52C7,294633,136424
01,1,08,52D7,294633,136424
01,1,08,5459,2,0
01,1,08,545F,4,0
01,1,1F,5115,3,3
01,1,1F,54BE,2,0
02,0,00,011D,75487,5041
02,0,00,017B,4,0
02,0,00,01ED,8,0
02,0,00,020D,1169,8
02,0,00,021D,319686,14689
02,0,00,0243,27,0
02,0,00,0269,4,0
02,0,00,02AB,136,0
02,0,00,0333,626544,104336
02,0,00,0702,26,0
02,0,00,0721,302,0
02,0,00,0724,15,15
02,0,00,0745,4,0
02,0,00,0755,4,0
02,0,00,0766,26,0
02,0,00,0773,12,0
02,0,00,0869,41246,39826
02,0,00,087D,2228512,962937
02,0,00,0907,4,0
02,0,00,09DE,26,0
02,0,00,0AD7,5340,0
02,0,00,0DAD,7,0
02,0,00,0E1D,463,318
02,0,00,0E83,4,0
02,0,00,0EA1,7,0
02,0,00,0F24,10,10
02,0,00,0F25,4,0
02,0,00,0F2F,4,0
02,0,00,0F35,10,0
02,0,00,0F4B,4,0
02,0,00,1021,309,0
02,0,00,1024,13,13
02,0,00,160E,168138,3230
02,0,00,1689,17,8
02,0,00,1851,231,0
02,0,00,193D,216841,109355
02,0,00,1A1D,318,273
02,0,00,1A5D,106304,68849
02,0,00,1A89,4,0
02,0,00,1B6D,181,144
02,0,00,1C21,306,0
02,0,00,1C24,13,13
02,0,00,1D3D,95,0
02,0,00,1E5D,3593,3199
02,0,00,1F3A,12,8
02,0,00,286D,202,163
02,0,00,2B24,193,161
02,0,00,2B51,226,0
02,0,00,2C18,2949,2937
02,0,00,2C6D,187,155
02,0,00,2D24,3,2
02,0,00,2E51,229,0
02,0,00,2F2D,6670,0
02,0,00,31B4,27,0
02,0,00,3451,223,0
02,0,00,345D,2,0
02,0,00,34AC,8,8
02,0,00,34C2,4,0
02,0,00,3989,11,9
02,0,00,593D,36,0
02,0,00,6C09,1,0
02,0,02,4502,14501,217
02,0,02,4531,183,111
02,0,02,4546,33095,3786
02,0,02,456D,33091,3786
02,0,02,459B,14453,234
02,0,02,45B3,105,17
02,0,02,46F7,1660,1204
02,0,02,470E,27108,3153
02,0,02,47D0,294,246
02,0,02,483E,25324,3487
02,0,02,489B,108,98
02,0,02,4903,414,336
02,0,02,4957,150,110
02,0,02,4C91,111400,16990
02,0,02,4D0E,2252,890
02,0,02,4D93,25325,3487
02,0,02,4DD1,4,0
02,0,02,4DE2,1396,888
02,0,02,4E3C,62848,3841
02,0,02,4E6A,16585,201
02,0,02,50DF,4647,0
02,0,02,5117,107136,23366
02,0,02,518C,357463,42744
02,0,02,51D7,52300,39190
02,0,02,5212,2042,1664
02,0,03,409D,325,128
02,0,03,4F4C,4138,76
02,0,03,5333,75236,9021
02,0,03,5BE3,19623,1484
02,0,03,5C55,23110,1246
02,0,03,6121,536,372
02,0,03,63DE,231,174
02,0,03,6407,247,190
02,0,03,6AE3,150,90
02,0,03,6AF4,148,90
02,0,03,70AD,1,0
02,0,03,7523,502,422
02,0,04,43B8,2606,1866
02,0,04,43E2,16437,3636
02,0,04,445F,73234,13376
02,0,04,4B55,368,197
02,0,04,4B62,360,189
02,0,04,4B6F,360,189
02,0,04,4BEE,308281,201997
02,0,04,4C07,308272,201997
02,0,04,4C44,94,58
02,0,04,4C51,94,58
02,0,04,4CA3,7196,59
02,0,04,4CB0,7167,59
02,0,04,4F53,61,9
02,0,04,4F60,61,9
02,0,04,50EC,7246,117
02,0,04,5100,7246,117
02,0,04,57E0,274,190
02,0,04,57EC,4,0
02,0,04,5824,11448,194
02,0,04,6124,321,195
02,0,04,68DE,23744,652
02,0,04,692D,1264,773
02,0,04,6D68,80,54
02,0,04,6D89,75,70
02,0,04,6DAC,8235,43
02,0,04,6DCD,48,38
02,0,04,7549,968,728
02,0,04,7556,24082,742
02,0,04,75A9,152,0
02,0,04,75BB,152,0
02,0,04,7B4E,92,70
02,0,04,7B76,52,50
02,0,04,7B97,32,22
02,0,04,7C1A,261,229
02,0,05,403B,209,10
02,0,05,4050,209,10
02,0,05,4126,73289,1822
02,0,05,4141,45224,539
02,0,05,415E,39343,1633
02,0,05,416A,73281,1822
02,0,05,41C5,9,0
02,0,05,41CE,22103,414
02,0,05,41D6,22103,414
02,0,05,41ED,9910,303
02,0,05,4204,19119,414
02,0,05,4212,22103,414
02,0,05,421E,22103,414
02,0,05,4289,32,0
02,0,05,4306,34005,332
02,0,05,431D,34003,332
02,0,05,4334,13034,235
02,0,05,434B,29572,269
02,0,05,4359,17731,0
02,0,05,4361,17731,0
02,0,05,43BE,278,3
02,0,05,44BB,31,0
02,0,05,629F,85,1
02,0,05,7508,380,60
02,0,05,7627,156073,78547
02,0,05,7637,14,0
02,0,05,767D,311990,157075
02,0,05,76CA,311990,157075
02,0,05,770B,312028,157075
02,0,05,7724,321138,159161
02,0,05,779D,3032,170
02,0,05,77D1,3022,170
02,0,05,781F,35,0
02,0,05,7EB1,99,45
02,0,06,4816,133402,103331
02,0,06,481E,133365,103330
02,0,06,4827,137041,103469
02,0,06,482F,137016,103472
02,0,06,483D,270369,206802
02,0,06,484A,270369,206802
02,0,06,4865,17216,15539
02,0,06,486E,116161,87791
02,0,06,4979,78,57
02,0,06,4A1E,28910,28910
02,0,06,4A88,1305721,949322
02,0,06,4AAF,467941,343611
02,0,06,4AB8,409160,286348
02,0,06,4B35,2,0
02,0,06,4B54,2,0
02,0,06,4C92,238154,171858
02,0,06,4C9B,229801,171740
02,0,06,4E58,2123449,934563
02,0,06,4F47,1166566,426866
02,0,06,4F53,258,0
02,0,06,4F59,258,0
02,0,06,4F69,258,0
02,0,06,4FF3,10,0
02,0,06,5090,67241,39829
02,0,06,5149,41,29
02,0,06,5223,510329,205613
02,0,06,522B,106,0
02,0,06,52F2,68650,40635
02,0,06,53AB,53,38
02,0,06,541E,8668,474
02,0,06,549B,8580,431
02,0,06,551C,8514,384
02,0,06,559D,575,412
02,0,06,561E,357,217
02,0,06,5661,332,180
02,0,06,56FC,34258,1768
02,0,06,5789,4538,3390
02,0,06,57CE,143313,614
02,0,06,57E7,143313,614
02,0,06,58CD,46600,184
02,0,06,5AD3,2373,1516
02,0,06,5ADC,820,560
02,0,06,5AFB,346,216
02,0,06,5C1B,332927,215566
02,0,06,5C61,158652,103454
02,0,06,5C90,500213,323533
02,0,06,5C98,500205,323532
02,0,06,5CD8,1792,1177
02,0,06,5E22,2865,2045
02,0,06,6397,670,481
02,0,06,63C3,17,17
02,0,06,6401,45,37
02,0,06,643F,16,16
02,0,06,64CA,12916,1069
02,0,06,6DC2,9,9
02,0,06,6DE8,100,32
02,0,06,6E28,36,0
02,0,06,781F,24,0
02,0,06,7834,13626,1588
02,0,07,43FC,6,0
02,0,07,4406,6,0
02,0,07,4751,219,0
02,0,07,4770,2,0
02,0,07,477A,2,0
02,0,07,491A,48528,0
02,0,07,498A,44973,0
02,0,07,4A02,63910,0
02,0,07,4A13,64068,0
02,0,07,4AB2,165,0
02,0,07,4AC7,165,0
02,0,07,4C51,217,0
02,0,07,4D21,213,0
02,0,07,5178,326,0
02,0,07,533C,702032,520397
02,0,07,5359,60246,27806
02,0,07,5361,60242,27806
02,0,07,552D,5063,1149
02,0,07,5561,5057,1148
02,0,07,56DA,29,9
02,0,07,56F8,20,12
02,0,07,5716,216,208
02,0,07,5921,1039,679
02,0,07,6589,47857,0
02,0,07,6A51,213,0
02,0,07,6A53,149,125
02,0,07,6A72,54,49
02,0,07,6D54,107744,72054
02,0,07,6D5C,107744,72054
02,0,07,6EBB,152952,90117
02,0,07,6EF7,153297,90117
02,0,07,6EFF,60,0
02,0,07,6FD2,195539,132464
02,0,07,7012,195535,132464
02,0,07,701A,60,0
02,0,07,709E,414,373
02,0,07,7166,14075,2494
02,0,07,7178,36,16
02,0,07,71E5,26150,19595
02,0,07,735B,606964,488252
02,0,07,7421,226,0
02,0,07,7521,226,0
02,0,07,7551,304,0
02,0,07,7821,223,0
02,0,07,7944,1973004,1558871
02,0,07,79A4,684216,514793
02,0,07,7B22,15465490,11860116
02,0,08,422E,12380,733
02,0,08,4261,24276,878
02,0,08,4310,366359,123789
02,0,08,4408,12,8
02,0,08,442A,144,122
02,0,08,4485,120735,75033
02,0,08,4614,579,510
02,0,08,4660,96,58
02,0,08,47AD,66,46
02,0,08,4822,217,164
02,0,08,4908,12,8
02,0,08,4AE3,17,16
02,0,08,4AFB,17,16
02,0,08,4B56,684316,390833
02,0,08,4B5F,684566,390833
02,0,08,4B80,77328,52990
02,0,08,4D38,11670,269
02,0,08,4DB5,105481,60411
02,0,08,4DEE,9619,8220
02,0,08,5308,1300,1298
02,0,09,42BE,8247,93
02,0,09,4470,59857,59625
02,0,09,4496,82514,82165
02,0,09,44D7,119791,119329
02,0,09,49B5,1489,1278
02,0,09,49EC,670,515
02,0,09,4A24,210,171
02,0,09,4A6D,866,832
02,0,09,4B6D,146,113
02,0,09,4BD5,105,82
02,0,09,4BFB,450,387
02,0,09,4C81,162,136
02,0,09,4CF9,149,115
02,0,09,4D6D,6387,6352
02,0,09,4F52,33,16
02,0,09,4F7D,124856,70840
02,0,09,4FC5,15607,8855
02,0,09,5046,118032,47388
02,0,09,520D,915132,764019
02,0,09,5215,915129,764019
02,0,09,5242,915163,764019
02,0,09,524F,915132,764019
02,0,09,525A,915129,764019
02,0,09,5265,915132,764019
02,0,09,528F,915132,764019
02,0,09,5445,72,0
02,0,09,5524,104,4
02,0,09,5589,18,12
02,0,09,57D3,2861968,2367472
02,0,09,5807,1928217,1631647
02,0,09,5823,222035,151151
02,0,09,5845,176,0
02,0,09,584D,2144995,1907319
02,0,09,585A,2144984,1907319
02,0,09,5867,2144984,1907319
02,0,09,5875,2094229,1883951
02,0,09,587D,2094229,1883951
02,0,09,58D9,2101894,1735686
02,0,09,5FAF,133,111
02,0,09,5FB9,120,98
02,0,09,5FC3,120,98
02,0,09,5FD3,9351,8855
02,0,09,5FDD,9309,8849
02,0,09,6025,468,331
02,0,09,6175,268,160
02,0,09,61B7,268,160
02,0,09,6224,282,160
02,0,09,6B89,16,8
02,0,09,6D6D,2796,385
02,0,09,6F21,914491,600207
02,0,09,6F30,222,0
02,0,09,70C5,3356861,2278495
02,0,09,716D,163,144
02,0,09,7178,4,0
02,0,09,728C,30,0
02,0,15,4DD1,6,0
02,0,3D,781F,8,0
02,1,00,0108,32,2
02,1,00,011C,4200,44
02,1,00,011D,1612122,1168050
02,1,00,012B,33,3
02,1,00,012D,392156,153131
02,1,00,0164,45,25
02,1,00,017B,53,30
02,1,00,017E,33,33
02,1,00,0187,53,42
02,1,00,01A6,1,1
02,1,00,01A9,4,0
02,1,00,01AC,96,95
02,1,00,01AF,30,25
02,1,00,01B2,3,3
02,1,00,01C6,6,2
02,1,00,01CE,10,8
02,1,00,01E1,4,0
02,1,00,01E4,4,0
02,1,00,01ED,10,8
02,1,00,01FA,4,4
02,1,00,0205,18470,17907
02,1,00,020D,5215,25
02,1,00,021D,53675,3092
02,1,00,0227,24,0
02,1,00,0243,7,3
02,1,00,0249,7,6
02,1,00,024C,11,5
02,1,00,024F,7,6
02,1,00,0252,4,3
02,1,00,0266,9,7
02,1,00,0269,1,1
02,1,00,027F,1,1
02,1,00,028C,7,5
02,1,00,0298,591,109
02,1,00,02A0,85,1
02,1,00,02A7,5,1
02,1,00,02AB,5300,2
02,1,00,02AE,21,18
02,1,00,02B1,1,1
02,1,00,02F0,1,0
02,1,00,032E,81,73
02,1,00,0330,57,24
02,1,00,0333,38,33
02,1,00,04C4,2,1
02,1,00,0559,1,0
02,1,00,0570,6,0
02,1,00,0614,2092,1150
02,1,00,0623,111,27
02,1,00,0661,2,1
02,1,00,0683,12,10
02,1,00,06C7,3,2
02,1,00,06D1,1,1
02,1,00,06F5,2,2
02,1,00,06FF,967,650
02,1,00,0702,14,13
02,1,00,0721,9,5
02,1,00,0724,61,0
02,1,00,0745,3,1
02,1,00,0752,13,7
02,1,00,0755,5,4
02,1,00,0773,1,1
02,1,00,083E,53,49
02,1,00,0843,81,71
02,1,00,0869,6,3
02,1,00,087D,23070,320
02,1,00,08AC,3,3
02,1,00,0907,4,3
02,1,00,0955,1,0
02,1,00,095B,3,2
02,1,00,096A,1,0
02,1,00,0AB2,2,2
02,1,00,0AD7,170,4
02,1,00,0D32,14,10
02,1,00,0D4B,7,5
02,1,00,0D69,57,37
02,1,00,0D9C,1,1
02,1,00,0DAD,16,14
02,1,00,0DB8,1,1
02,1,00,0E1D,24,0
02,1,00,0E5D,1,1
02,1,00,0E72,4,0
02,1,00,0F02,11122,18
02,1,00,0F35,12,10
02,1,00,0F3B,1,1
02,1,00,0F40,3,3
02,1,00,0F4A,13,11
02,1,00,1024,1,0
02,1,00,155D,92,89
02,1,00,160E,210,22
02,1,00,179D,4,0
02,1,00,180D,10,10
02,1,00,18FF,1,1
02,1,00,193D,81,63
02,1,00,199D,3,0
02,1,00,1A0C,1,0
02,1,00,1B6D,25,5
02,1,00,1D3D,33,9
02,1,00,1DBD,13,9
02,1,00,25C0,23644,711
02,1,00,25DF,51,20
02,1,00,25EE,38,33
02,1,00,2A2D,6,6
02,1,00,2B51,2,0
02,1,00,2C96,35,0
02,1,00,2D0D,4,0
02,1,00,2DFD,145,112
02,1,00,2F2D,195824,38615
02,1,00,30AB,6,0
02,1,00,314B,27,0
02,1,00,3300,58,35
02,1,00,33D1,2,0
02,1,00,33DC,2,0
02,1,00,33FC,16,16
02,1,00,3404,8,0
02,1,00,351C,8,0
02,1,02,40CB,82,69
02,1,02,4351,144,103
02,1,02,44E5,28,26
02,1,02,4502,21,17
02,1,02,4531,14381,111
02,1,02,4546,25329,3487
02,1,02,456D,25326,3487
02,1,02,457E,14480,234
02,1,02,45B3,17,1
02,1,02,46F7,25824,2138
02,1,02,470E,264,185
02,1,02,47D0,4,4
02,1,02,483E,7385,299
02,1,02,48CB,450,410
02,1,02,4903,52,36
02,1,02,4957,10,10
02,1,02,4A23,71350,1084
02,1,02,4C91,24904,1772
02,1,02,4CD1,24,0
02,1,02,4CE1,124,50
02,1,02,4D93,7385,299
02,1,02,4DE2,90,50
02,1,02,4E3C,12044,411
02,1,02,4E6A,41,17
02,1,02,4F53,26,10
02,1,02,4F81,155,61
02,1,02,50DF,569,0
02,1,02,5117,260507,21499
02,1,02,518C,31649,4598
02,1,02,51AF,1102,445
02,1,03,40A7,153,68
02,1,03,40C8,11362,622
02,1,03,415C,65,61
02,1,03,431D,37,27
02,1,03,44E5,280,242
02,1,03,46CB,11843,261
02,1,03,4834,11403,321
02,1,03,49C8,432,369
02,1,03,4C2C,22,0
02,1,03,4D02,17,17
02,1,03,4DD2,37,31
02,1,03,4E55,28566,6315
02,1,03,4EC0,33,25
02,1,03,5184,27,24
02,1,03,52FD,6234,85
02,1,03,550E,92,84
02,1,03,55D2,733,524
02,1,03,61F5,11209,160
02,1,03,62BF,35424,2515
02,1,03,6D6B,470,390
02,1,03,7336,32,32
02,1,04,409F,51512,10627
02,1,04,40A7,11434,1677
02,1,04,4215,2557,1835
02,1,04,424B,2401,1741
02,1,04,4579,2137,1313
02,1,04,4629,648,412
02,1,04,4716,5747,592
02,1,04,47C1,4840,279
02,1,04,47C9,2276,72
02,1,04,48A5,45,27
02,1,04,4952,141,87
02,1,04,4BA8,616553,403994
02,1,04,4C54,188,116
02,1,04,4CB3,14304,118
02,1,04,4CC0,7919,134
02,1,04,4CE1,124,50
02,1,04,4F0C,4,4
02,1,04,4F69,331,19
02,1,04,4F7B,61,9
02,1,04,764F,261,229
02,1,05,4107,73289,1822
02,1,05,410A,45224,539
02,1,05,410D,39343,1633
02,1,05,4110,73281,1822
02,1,05,41B9,44206,828
02,1,05,41BC,9910,303
02,1,05,41BF,19119,414
02,1,05,41C2,22103,414
02,1,05,41C5,22103,414
02,1,05,4273,55,0
02,1,05,427D,30,1
02,1,05,42EC,34005,332
02,1,05,42EF,34003,332
02,1,05,42F2,13034,235
02,1,05,42F5,28662,269
02,1,05,42F8,35462,0
02,1,05,7558,2507,74
02,1,05,756D,156073,78547
02,1,05,7570,312028,157075
02,1,05,7577,311990,157075
02,1,05,7627,14,0
02,1,05,7637,311990,157075
02,1,05,763A,311990,157075
02,1,05,773A,6641,2012
02,1,05,7B4F,99,45
02,1,06,45DF,2,0
02,1,06,45EE,2,0
02,1,06,4618,341004,258339
02,1,06,4665,254404,182051
02,1,06,4690,254400,182064
02,1,06,4699,491718,347154
02,1,06,470A,213551,161547
02,1,06,4735,213541,161547
02,1,06,473E,385383,282805
02,1,06,47A4,540824,413602
02,1,06,47C4,270369,206802
02,1,06,47C7,674115,516934
02,1,06,4890,226407,140570
02,1,06,4D8B,8429,359
02,1,06,4D94,8429,359
02,1,06,4D9D,8429,359
02,1,06,4DA6,8429,359
02,1,06,4DA9,8428,358
02,1,06,4DAC,8411,361
02,1,06,4DAF,8407,361
02,1,06,4DB2,497,365
02,1,06,4DCA,251,146
02,1,06,4DD3,251,146
02,1,06,4DD6,251,146
02,1,06,4DD9,252,145
02,1,06,4DEE,173343,137432
02,1,06,4E62,1167590,426956
02,1,06,4E9C,1166566,426866
02,1,06,4F47,784,0
02,1,06,4F53,1620,1340
02,1,06,4F69,40,40
02,1,06,4F72,1620,1340
02,1,06,4F81,240,116
02,1,06,4F8E,748,534
02,1,06,4FAD,748,534
02,1,06,4FBC,169,70
02,1,06,4FC9,451,365
02,1,06,4FE8,451,365
02,1,06,4FF7,107,23
02,1,06,5004,390,282
02,1,06,5023,390,282
02,1,06,5032,78,47
02,1,06,503F,131484,79659
02,1,06,5042,67241,39829
02,1,06,5172,510706,205697
02,1,06,519E,510329,205613
02,1,06,5223,106,0
02,1,06,522B,616,482
02,1,06,524A,616,482
02,1,06,5259,106,71
02,1,06,5266,713,387
02,1,06,5285,713,387
02,1,06,5294,80,35
02,1,06,52A1,135788,81429
02,1,06,52A4,68650,40635
02,1,06,5794,286626,1228
02,1,06,5877,11650,46
02,1,06,5880,11650,46
02,1,06,5889,11650,46
02,1,06,5892,11650,46
02,1,06,5A10,4548,596
02,1,06,5A2A,332927,215566
02,1,06,5A2D,665822,431132
02,1,06,5A53,158652,103454
02,1,06,5A56,317287,206908
02,1,06,5A82,9573,6269
02,1,06,5A89,2373,1516
02,1,06,5A9A,346,216
02,1,06,5AAB,3188,2160
02,1,06,5AB2,820,560
02,1,06,5B52,1154,868
02,1,06,5BBB,377,98
02,1,06,5CA5,261,211
02,1,06,5F9E,24,0
02,1,06,639D,676,477
02,1,06,63C9,9,9
02,1,06,6407,45,37
02,1,06,64CD,12896,1065
02,1,06,6D01,9,9
02,1,06,6D12,100,32
02,1,06,6D15,36,0
02,1,07,44BD,274,0
02,1,07,459E,40821,0
02,1,07,45A1,105785,0
02,1,07,45D6,147,0
02,1,07,45D9,202,0
02,1,07,46C1,7393,0
02,1,07,46C4,21751,0
02,1,07,4732,58,0
02,1,07,4735,84,0
02,1,07,4831,56,0
02,1,07,487A,109,0
02,1,07,487D,156,0
02,1,07,4924,47857,0
02,1,07,492C,44973,0
02,1,07,4A02,2020,0
02,1,07,4A13,1862,0
02,1,07,4C94,32,0
02,1,07,5087,166,0
02,1,07,513D,128,0
02,1,07,523E,702032,520397
02,1,07,52A1,120488,55612
02,1,07,6A08,203,174
02,1,07,6DF0,152148,89477
02,1,07,6DF3,152497,89477
02,1,07,6E29,804,640
02,1,07,6E2C,800,640
02,1,07,6EF7,60,0
02,1,07,6F02,194423,131528
02,1,07,6F05,194419,131528
02,1,07,6F3B,1116,936
02,1,07,6F3E,1116,936
02,1,07,7012,60,0
02,1,07,70E6,14111,2510
02,1,07,7260,1793924,1395794
02,1,07,729D,2904,2612
02,1,07,72BC,3015,2699
02,1,07,72DE,2564,2402
02,1,07,72EA,658956,490766
02,1,07,7327,1198,1140
02,1,07,7B22,606964,488252
02,1,08,417A,1160,866
02,1,08,4291,366359,123789
02,1,08,4307,1107644,480862
02,1,08,4325,1107618,480862
02,1,08,4351,144,103
02,1,08,43E4,120735,75033
02,1,08,4438,73,61
02,1,08,4485,4293,4267
02,1,08,48B7,323,124
02,1,08,4903,11594,138
02,1,08,4908,11594,138
02,1,08,4913,11496,168
02,1,08,4919,361031,182211
02,1,08,491E,361002,182211
02,1,08,497F,151,100
02,1,08,4988,191310,125941
02,1,08,498B,105481,60411
02,1,08,498E,9619,8220
02,1,08,4993,191296,125941
02,1,08,49A0,4922,3500
02,1,08,4A38,23,1
02,1,08,4A3B,120455,82543
02,1,08,4A40,120424,82543
02,1,08,4A46,72406,49490
02,1,08,4B80,326653,181403
02,1,08,4CDB,11763,223
02,1,09,43B0,119791,119329
02,1,09,43B3,82514,82165
02,1,09,43B6,59857,59625
02,1,09,4496,7286,7286
02,1,09,4950,1830261,1528038
02,1,09,4EAE,15607,8855
02,1,09,5202,3660556,3056076
02,1,09,5205,915132,764019
02,1,09,5675,10623421,9489859
02,1,09,5678,2144983,1907319
02,1,09,567B,1608398,1430510
02,1,09,5681,1567195,1390684
02,1,09,5725,191142,108951
02,1,09,5728,143421,81706
02,1,09,572E,143464,81706
02,1,09,5746,285157,191899
02,1,09,5749,213891,143865
02,1,09,574F,213935,143865
02,1,09,5783,240686,159303
02,1,09,5786,177256,119431
02,1,09,578C,177300,119431
02,1,09,5807,176,0
02,1,09,58D9,41246,39826
02,1,09,6219,180949,54601
02,1,09,62D3,113744,32139
02,1,09,6377,612792,513467
02,1,09,6394,30,0
02,1,09,63D5,7006,0
02,1,09,70C5,9390,8602
02,1,1F,44F8,2,2
02,1,1F,453D,9,9
02,1,1F,47B4,1,1
02,1,1F,47C0,8,0
02,1,1F,48F5,2,0
02,1,1F,507D,19,5
02,1,1F,50BD,13,0
02,1,1F,5102,24,0
02,1,1F,538E,1,0
02,1,1F,543D,6,2
02,1,1F,54A0,1,0
02,1,1F,5532,4,0
02,1,1F,554C,14,0
02,1,1F,5559,1,0
02,1,1F,5567,1,0
02,1,1F,55CC,1,0
02,1,1F,5610,7,0
03,0,00,011C,6,0
03,0,00,011D,30063,1426
03,0,00,012B,6,0
03,0,00,012D,50,48
03,0,00,0187,16,0
03,0,00,01B2,4,0
03,0,00,01C9,2085,2085
03,0,00,0205,2227,63
03,0,00,020D,1066,195
03,0,00,021D,216,48
03,0,00,0227,2,0
03,0,00,0249,400596,192416
03,0,00,0252,18,0
03,0,00,0269,12,0
03,0,00,02A7,2,0
03,0,00,02AB,8,0
03,0,00,032E,4,0
03,0,00,0330,4,0
03,0,00,0333,2787776,251377
03,0,00,0570,4,0
03,0,00,06C7,8,8
03,0,00,06D1,4,0
03,0,00,06FF,23,5
03,0,00,0721,4,0
03,0,00,0745,8,0
03,0,00,0776,26,0
03,0,00,087D,40,0
03,0,00,0907,50,34
03,0,00,0955,4,0
03,0,00,09E1,2,0
03,0,00,0AD7,1136,0
03,0,00,0D69,8,0
03,0,00,0DAD,4,0
03,0,00,0E1D,25,21
03,0,00,0F02,8,0
03,0,00,0F25,20,8
03,0,00,0F35,36,0
03,0,00,0F3B,12,8
03,0,00,0F40,4,0
03,0,00,0F4A,4,0
03,0,00,0F4B,16,16
03,0,00,1021,12,0
03,0,00,1024,4,0
03,0,00,1437,36,4
03,0,00,143A,56,6
03,0,00,14E1,4,0
03,0,00,1501,71,48
03,0,00,1528,4,0
03,0,00,1554,1,1
03,0,00,155D,8,0
03,0,00,1561,4,0
03,0,00,160E,3706,22
03,0,00,1668,4,0
03,0,00,167B,40,0
03,0,00,171B,8,7
03,0,00,1805,114,86
03,0,00,180D,26,2
03,0,00,1810,8,0
03,0,00,1817,32,18
03,0,00,1837,24,0
03,0,00,183F,2,0
03,0,00,1845,190,0
03,0,00,1848,14,0
03,0,00,184B,6,0
03,0,00,1854,16,0
03,0,00,1857,44,2
03,0,00,185C,172,50
03,0,00,1865,40873,549
03,0,00,186A,12,0
03,0,00,1870,32,0
03,0,00,1875,24580,510
03,0,00,1878,8,0
03,0,00,187B,576,0
03,0,00,187E,7992,0
03,0,00,18DD,4,0
03,0,00,18FF,5,0
03,0,00,1902,4,0
03,0,00,1909,2,0
03,0,00,191B,2,0
03,0,00,1934,16,16
03,0,00,1937,32,0
03,0,00,193A,8,0
03,0,00,1943,40,0
03,0,00,1946,20,0
03,0,00,1949,2,0
03,0,00,194C,12,0
03,0,00,194F,8,0
03,0,00,1956,2,0
03,0,00,195A,58,54
03,0,00,1979,2,0
03,0,00,199A,2,0
03,0,00,1A04,1,0
03,0,00,1A14,60,0
03,0,00,1A17,4,0
03,0,00,1A1D,4,0
03,0,00,1A20,24,24
03,0,00,1A4B,4,0
03,0,00,1A53,8,0
03,0,00,1AFF,7,0
03,0,00,1B18,12,0
03,0,00,1B3C,1452,1195
03,0,00,1B48,1,0
03,0,00,1B50,16,0
03,0,00,1B57,4,0
03,0,00,1B5A,152,42
03,0,00,1B5E,12,0
03,0,00,1B6D,8,8
03,0,00,1BE7,24,0
03,0,00,1C02,4,0
03,0,00,1C12,8,0
03,0,00,1C6C,8,0
03,0,00,1D3D,8,0
03,0,00,1D40,16,0
03,0,00,1DF5,2,0
03,0,00,1DFB,2,0
03,0,00,1E03,27212,950
03,0,00,1E09,594,324
03,0,00,1E17,7368,28
03,0,00,1E1F,4,0
03,0,00,1E25,2,0
03,0,00,1E3B,8,8
03,0,00,1E49,4,0
03,0,00,1E4F,16,0
03,0,00,1E57,82,29
03,0,00,1E76,60,0
03,0,00,1F3A,48,48
03,0,00,2861,7832,7832
03,0,00,286D,6193,4303
03,0,00,2A41,4,0
03,0,00,2B11,4,0
03,0,00,2B24,32,0
03,0,00,2B34,8,8
03,0,00,2B3E,70,54
03,0,00,2B4B,12,0
03,0,00,2B5E,48,48
03,0,00,2B7E,4,0
03,0,00,2BF2,2,0
03,0,00,2C25,8,0
03,0,00,2C57,16,16
03,0,00,2C67,4,0
03,0,00,2D19,4,0
03,0,00,2D75,52,0
03,0,00,2DFD,29,16
03,0,00,2E01,2,0
03,0,00,2E1A,2,0
03,0,00,2E51,36,4
03,0,00,2E5F,70,38
03,0,00,2E66,40,0
03,0,00,2E6A,24,24
03,0,00,2F2D,11333396,7139500
03,0,00,2F30,8,0
03,0,00,2F3C,965,833
03,0,00,31B4,27,0
03,0,00,32F2,2,0
03,0,00,3300,214,198
03,0,00,33FC,4,0
03,0,00,3443,2,0
03,0,00,3451,35,19
03,0,00,3549,4,0
03,0,00,3C4D,6,0
03,0,00,3E31,4,0
03,0,00,3E35,6,0
03,0,00,5C0A,476,352
03,0,00,5D3D,14,0
03,0,00,5DED,4,0
03,0,00,6C09,1,0
03,0,00,6CA7,1,0
03,0,00,6CE9,1,0
03,0,00,737F,1,0
03,0,00,7C4D,4,0
03,0,01,569F,72,72
03,0,01,6777,601,521
03,0,01,6902,6,4
03,0,01,6A6D,8,0
03,0,01,7746,441463,267382
03,0,01,7752,87501,28450
03,0,02,40CB,419,251
03,0,02,44E5,252,216
03,0,03,5716,4,0
03,0,03,5DED,4,0
03,0,03,7DAD,1,0
03,0,04,437A,4,0
03,0,05,41C5,8,0
03,0,05,781F,27,0
03,0,05,7EEB,2,0
03,0,07,68DD,370,0
03,0,09,5445,72,0
03,0,0C,5CBA,1953,1052
03,0,23,7AA3,6681,2473
03,0,27,6EDD,16,16
03,0,3A,7ADF,1,0
03,0,3C,49C8,1631,1379
03,0,3D,781F,8,0
03,1,00,011D,27397,3361
03,1,00,020D,10722060,7123812
03,1,00,021D,43,24
03,1,00,0249,7,0
03,1,00,0252,2,0
03,1,00,02A0,534950,0
03,1,00,02AB,1090,0
03,1,00,0623,2,0
03,1,00,0683,2,0
03,1,00,06FF,11711,226
03,1,00,0763,2,0
03,1,00,0843,2,0
03,1,00,087D,10,8
03,1,00,0907,4,0
03,1,00,0E1D,4,0
03,1,00,0E83,2,0
03,1,00,0F02,6,0
03,1,00,0F2F,2,0
03,1,00,1501,46,42
03,1,00,1668,4,0
03,1,00,16A3,2,0
03,1,00,18FF,122,114
03,1,00,1902,4,0
03,1,00,1923,2,0
03,1,00,1943,2,0
03,1,00,1946,16,0
03,1,00,1949,2,0
03,1,00,1983,4,0
03,1,00,1A04,1,0
03,1,00,1A1D,22,21
03,1,00,1A83,2,0
03,1,00,1AFF,122,114
03,1,00,1B18,12,0
03,1,00,1B3C,2,2
03,1,00,1BC2,2,0
03,1,00,1BD7,1,0
03,1,00,1C02,4,0
03,1,00,1DD9,2,0
03,1,00,1E4F,16,0
03,1,00,268E,167,126
03,1,00,26C1,4,4
03,1,00,26D0,8,8
03,1,00,26DF,3,2
03,1,00,26EE,10,0
03,1,00,286D,3,3
03,1,00,2C25,6,0
03,1,00,2C8E,2,0
03,1,00,2CBB,3,0
03,1,00,2DFD,8,2
03,1,00,2F2D,2190,1279
03,1,00,30AB,10,0
03,1,00,314B,27,0
03,1,00,3300,2,0
03,1,00,33B5,2,0
03,1,00,33CE,2,0
03,1,01,6902,2,0
03,1,01,7752,210,196
03,1,02,40CB,82,69
03,1,02,44E5,28,26
03,1,03,530C,4,0
03,1,03,7C7F,1,0
03,1,05,77D4,2,0
03,1,07,6987,2,0
03,1,07,70C7,2,0
03,1,07,7301,2,0
03,1,07,7327,2,0
03,1,07,78C7,2,0
03,1,07,7A27,2,0
03,1,1F,4108,1,1
03,1,1F,453D,2,0
03,1,1F,48BD,4,0
03,1,1F,550D,4,0
04,0,00,0108,404,245
04,0,00,011C,32,0
04,0,00,011D,61243,12677
04,0,00,012D,4,0
04,0,00,0205,13304,1209
04,0,00,020D,1470,255
04,0,00,021D,14055,3354
04,0,00,0249,8,8
04,0,00,024F,16,0
04,0,00,027F,48,0
04,0,00,02AB,8,0
04,0,00,02B1,2,0
04,0,00,0330,56,0
04,0,00,0333,2455662,604338
04,0,00,03F1,4,0
04,0,00,0559,328,328
04,0,00,06D1,4,0
04,0,00,06F5,4,0
04,0,00,0724,112,0
04,0,00,0745,16,16
04,0,00,083E,8,8
04,0,00,087D,5,1
04,0,00,0907,8,8
04,0,00,09E1,12,0
04,0,00,0AD7,515,0
04,0,00,0DAD,14739,5567
04,0,00,0E1D,918,462
04,0,00,0E58,13056,13056
04,0,00,0E5D,4,0
04,0,00,0E72,6127,5039
04,0,00,0F02,8,8
04,0,00,0F24,8,8
04,0,00,0F25,4,0
04,0,00,0F3B,4,0
04,0,00,1024,8,8
04,0,00,1437,8,8
04,0,00,143A,8,8
04,0,00,171B,8,8
04,0,00,182A,16,16
04,0,00,1845,252385,199409
04,0,00,184E,4,0
04,0,00,18FF,8,8
04,0,00,192A,16,16
04,0,00,193D,1939,320
04,0,00,1949,8,8
04,0,00,1956,8,8
04,0,00,1AFF,8,8
04,0,00,1B03,8,8
04,0,00,1B6D,109,73
04,0,00,1BFE,8,8
04,0,00,1C24,16,16
04,0,00,1D3D,8,0
04,0,00,1E03,8,8
04,0,00,1E49,1528,1528
04,0,00,1E4F,16,16
04,0,00,1E57,16,16
04,0,00,1E5D,16,16
04,0,00,1E65,16,16
04,0,00,1E6E,8,8
04,0,00,1E76,8,8
04,0,00,1E7C,8,8
04,0,00,1ECE,3438,3162
04,0,00,1ED3,3085,2097
04,0,00,1ED6,6511,5235
04,0,00,2B0A,360,360
04,0,00,2B11,16,16
04,0,00,2B14,8,8
04,0,00,2B24,16,16
04,0,00,2C03,32,32
04,0,00,2C06,8,8
04,0,00,2C09,8,8
04,0,00,2CFE,8,8
04,0,00,2D01,8,8
04,0,00,2D0A,8,8
04,0,00,2D0D,8,8
04,0,00,2D24,2200,2200
04,0,00,2DFD,1796,1784
04,0,00,2E01,1432,1432
04,0,00,2E0C,8,8
04,0,00,2E10,8,8
04,0,00,2E15,8,8
04,0,00,2E1A,8,8
04,0,00,2E23,8,8
04,0,00,2E2A,8,8
04,0,00,2F16,8643,8494
04,0,00,2F2D,12717856,8326740
04,0,00,31B4,27,0
04,0,00,3300,40,40
04,0,00,3404,32,32
04,0,00,3407,16,16
04,0,00,3A37,8,8
04,0,00,3E37,8,8
04,0,00,3E73,4,0
04,0,00,4721,2,0
04,0,00,4724,2,0
04,0,00,5D3D,2,0
04,0,00,5DED,2,0
04,0,01,5D69,8,8
04,0,01,6777,16,16
04,0,01,6A7D,2736,2736
04,0,01,6B6F,8,8
04,0,01,6C39,8,8
04,0,01,7763,8,8
04,0,02,4CE1,6,2
04,0,02,4F53,61,9
04,0,03,553D,4,0
04,0,03,5DED,4,0
04,0,03,633B,350224,195411
04,0,03,6A36,505600,389187
04,0,04,445F,3,0
04,0,04,572F,677573,399878
04,0,04,6085,963663,537961
04,0,04,74CB,1225723,871547
04,0,05,781F,27,0
04,0,06,4B35,2,0
04,0,06,781F,8,0
04,0,07,5F35,24,0
04,0,08,4145,224926,104277
04,0,08,743D,24,24
04,1,00,0108,1,0
04,1,00,011D,10433,4397
04,1,00,012D,21,0
04,1,00,01A6,2,0
04,1,00,01AC,10,0
04,1,00,01AF,891,522
04,1,00,01B2,34,0
04,1,00,01C6,1,0
04,1,00,01ED,49,0
04,1,00,0205,238,207
04,1,00,020D,11811862,8308136
04,1,00,021D,40,24
04,1,00,02A0,808837,228
04,1,00,02AB,495,0
04,1,00,032E,4,0
04,1,00,0330,1,0
04,1,00,03F1,16,16
04,1,00,0570,2,2
04,1,00,0614,289,242
04,1,00,0623,60,0
04,1,00,0661,36,20
04,1,00,06FF,1710,1535
04,1,00,0721,120,120
04,1,00,0755,13,13
04,1,00,0776,1,1
04,1,00,087D,336,289
04,1,00,0907,14,8
04,1,00,0955,13,13
04,1,00,0958,54,47
04,1,00,0E1D,32,24
04,1,00,0E58,55,48
04,1,00,0FF1,16,16
04,1,00,101E,2,0
04,1,00,1021,120,120
04,1,00,1060,197,177
04,1,00,1501,309,301
04,1,00,1561,32,20
04,1,00,17F2,24,16
04,1,00,1805,227,207
04,1,00,180D,245,241
04,1,00,1875,2,0
04,1,00,18FF,1683,1536
04,1,00,1909,253,229
04,1,00,1960,197,177
04,1,00,19F2,24,16
04,1,00,19F6,4,0
04,1,00,1A1D,32,24
04,1,00,1A60,197,177
04,1,00,1AFF,1696,1537
04,1,00,1B09,253,229
04,1,00,1B32,8,8
04,1,00,1B61,32,20
04,1,00,1BF2,20,16
04,1,00,1C21,120,120
04,1,00,1CF2,24,16
04,1,00,1D61,33,20
04,1,00,1E09,253,229
04,1,00,1E11,168,148
04,1,00,1E49,32,32
04,1,00,2B0A,16,16
04,1,00,2B3E,16,16
04,1,00,2DFD,48,48
04,1,00,2E01,32,32
04,1,00,2E15,2,0
04,1,00,2E3F,24,24
04,1,00,2F2D,2521567,1598613
04,1,00,30AB,2,0
04,1,00,314B,27,0
04,1,00,5B48,4,4
04,1,00,5B4C,2,2
04,1,00,6D19,32,32
04,1,00,6D6F,16,16
04,1,00,6E15,32,32
04,1,00,70A0,3904,1311
04,1,00,7407,16,16
04,1,02,4CE1,118,48
04,1,03,530C,4,0
04,1,06,45DF,2,0
04,1,06,5F9E,8,0
04,1,1F,40BD,62,58
04,1,1F,5367,8,8
05,0,00,011D,16,0
05,0,00,01AF,495,225
05,0,00,0205,600,0
05,0,00,020D,821,0
05,0,00,021D,126,0
05,0,00,027F,27,0
05,0,00,02AB,76,0
05,0,00,02B1,14,0
05,0,00,0333,181217,10425
05,0,00,0559,4,0
05,0,00,05A1,4,0
05,0,00,06FF,24,0
05,0,00,0755,4,0
05,0,00,0AD7,330,0
05,0,00,0DAD,14,0
05,0,00,0E1D,16,0
05,0,00,0F35,2,0
05,0,00,0F3B,4,0
05,0,00,101E,43313,62
05,0,00,1021,43313,62
05,0,00,1024,43313,62
05,0,00,1675,93,73
05,0,00,1689,93,73
05,0,00,169C,93,73
05,0,00,1798,2256,0
05,0,00,184E,228,0
05,0,00,186F,2000,0
05,0,00,193D,15,0
05,0,00,1D3D,96,0
05,0,00,286D,697649,234279
05,0,00,2B76,138510,232
05,0,00,2F2D,2339772,924914
05,0,00,31B4,27,0
05,0,00,3554,370,0
05,0,00,593D,24,0
05,0,00,5DED,2,0
05,0,00,6C5F,1,0
05,0,01,52F7,184973,232
05,0,01,691E,504,0
05,0,02,410D,39343,1633
05,0,02,416A,73281,1822
05,0,03,78BD,1,0
05,0,05,41C5,45,0
05,0,05,5EFD,5763,212
05,0,05,61DC,564,6
05,0,05,61F3,564,6
05,0,05,6209,564,6
05,0,05,6220,26,0
05,0,05,624E,218,2
05,0,05,781F,40,0
05,0,05,7C02,3,0
05,0,05,7ECB,3193,246
05,0,05,7EE2,6036,340
05,0,05,7EF8,28380,352
05,0,05,7F0F,26406,796
05,0,06,781F,27,0
05,0,07,5F35,36,0
05,0,07,6900,93,73
05,0,07,6914,93,73
05,0,07,6928,872,692
05,0,09,71AA,268,160
05,0,09,71C1,267,160
05,0,09,71D7,2606,163
05,0,10,5B3F,8,0
05,0,27,4DB0,185711,230
05,0,3D,781F,24,0
05,1,00,011D,2957,203
05,1,00,01AF,31,0
05,1,00,01C9,2,0
05,1,00,01ED,3,0
05,1,00,0205,64,0
05,1,00,020D,1936924,924509
05,1,00,021D,24,0
05,1,00,02A0,393761,0
05,1,00,02AB,286,0
05,1,00,05A1,12,0
05,1,00,0745,69,0
05,1,00,0AD7,11,0
05,1,00,155D,118,2
05,1,00,1675,83,2
05,1,00,1865,132,2
05,1,00,1875,83,2
05,1,00,286D,17,0
05,1,00,2B76,828,0
05,1,00,2F2D,303645,416
05,1,00,30AB,8,0
05,1,00,314B,27,0
05,1,01,52F7,828,0
05,1,05,43C1,1692,18
05,1,05,4472,192,2
05,1,05,453D,26,0
05,1,05,4542,26,0
05,1,05,77D4,37609,938
05,1,05,7810,25466,258
05,1,05,78A3,894,494
05,1,05,78DD,46,44
05,1,05,7BDC,1,0
05,1,05,7BEE,2,0
05,1,05,7ECB,2843,94
05,1,05,7F0F,2920,118
05,1,06,5F9E,27,0
05,1,07,56B0,857,689
05,1,07,60EF,93,73
05,1,07,60F4,93,73
05,1,07,60FD,15,3
05,1,07,6100,279,219
05,1,09,61BA,3141,483
05,1,1F,482C,12063,0
06,0,00,011D,51244,2989
06,0,00,012B,1,1
06,0,00,01AF,4,0
06,0,00,01C6,70,0
06,0,00,020D,1205,0
06,0,00,021D,400,73
06,0,00,0269,1040,702
06,0,00,0333,3707948,1338334
06,0,00,0623,4,0
06,0,00,06F5,6,0
06,0,00,0745,4,0
06,0,00,0755,14,0
06,0,00,0763,14,0
06,0,00,0869,1050,702
06,0,00,087D,7920,7078
06,0,00,0897,4,0
06,0,00,0907,4,0
06,0,00,095B,14,0
06,0,00,0AD7,1061,0
06,0,00,0D69,4,0
06,0,00,0E1D,67,50
06,0,00,0E83,4,0
06,0,00,0F2F,16,0
06,0,00,0F3B,18,0
06,0,00,0F4B,4,0
06,0,00,1845,172307,154584
06,0,00,18FF,1,1
06,0,00,193D,89,18
06,0,00,1A10,2,0
06,0,00,1A1D,61,47
06,0,00,1D3D,41,16
06,0,00,1DBD,178,162
06,0,00,27BD,220,163
06,0,00,286D,40,32
06,0,00,2BBD,287,195
06,0,00,2C6D,56,48
06,0,00,2CFE,1,1
06,0,00,2D8D,1,1
06,0,00,2DFD,43,31
06,0,00,2F2D,9328557,5382124
06,0,00,3078,2,0
06,0,00,3086,2,0
06,0,00,3094,2,0
06,0,00,30A3,30,0
06,0,00,3430,194611,119948
06,0,00,34EF,28,0
06,0,00,593D,44,0
06,0,00,5DED,2,0
06,0,00,71BB,1,0
06,0,00,73B5,1,0
06,0,00,73CD,1,0
06,0,00,7C4D,4,0
06,0,01,6B5F,16,0
06,0,02,4134,60,0
06,0,02,45DF,2,0
06,0,02,4E6A,575,0
06,0,02,4F47,934942,352593
06,0,02,4F4D,231890,74273
06,0,02,4F53,1878,1340
06,0,02,4F59,258,0
06,0,02,4F81,86,56
06,0,02,5A53,158645,103454
06,0,02,5AB2,820,560
06,0,02,5AD3,2373,1516
06,0,05,41C5,80,0
06,0,05,6C81,1,0
06,0,05,753D,4,0
06,0,05,781F,72,0
06,0,05,7EB1,1,0
06,0,06,4B13,8,0
06,0,06,6019,1,1
06,0,06,6192,1,1
06,0,06,6275,3,3
06,0,06,6292,5,1
06,0,06,62CE,8,8
06,0,06,6397,2,0
06,0,06,6E28,72,0
06,0,06,781F,48,0
06,0,0A,59FD,52,48
06,0,0A,5A09,10,10
06,0,0A,62BD,14,6
06,0,0A,631D,40,40
06,0,0A,6AFD,48,43
06,0,0A,6BA9,3,3
06,0,0A,6BB9,8,8
06,0,0A,7C6E,1,1
06,0,0A,7CE6,8,8
06,0,1A,781F,16,0
06,0,39,5B52,512,448
06,0,3D,781F,8,0
06,1,00,011D,27520,2637
06,1,00,012B,4,0
06,1,00,012D,110,90
06,1,00,017B,71,25
06,1,00,0187,9,9
06,1,00,01A9,64,44
06,1,00,01AF,13474,1557
06,1,00,01B2,4,0
06,1,00,01C9,13,3
06,1,00,01E1,12,9
06,1,00,01ED,9,4
06,1,00,01FA,2,0
06,1,00,020D,8933314,5369455
06,1,00,021D,469,290
06,1,00,0227,1,0
06,1,00,0243,4,2
06,1,00,0249,24,24
06,1,00,0252,23,18
06,1,00,0266,16,16
06,1,00,0269,250,165
06,1,00,028C,6,0
06,1,00,02A0,306651,44
06,1,00,02AB,1005,0
06,1,00,02B1,5,5
06,1,00,03F1,17,12
06,1,00,0522,1,1
06,1,00,0614,25,5
06,1,00,0623,210,0
06,1,00,06F5,39,30
06,1,00,06FF,146,55
06,1,00,0745,24,24
06,1,00,0755,4,0
06,1,00,079E,20,0
06,1,00,07F7,12,11
06,1,00,0843,19,8
06,1,00,0869,240,179
06,1,00,087D,359,328
06,1,00,0897,15,15
06,1,00,08AC,6,0
06,1,00,09E1,29,25
06,1,00,0AB2,28,12
06,1,00,0AD7,6,0
06,1,00,0DAD,29,1
06,1,00,0E1D,273,234
06,1,00,0E3E,1,1
06,1,00,0E5D,74,52
06,1,00,0E83,2,0
06,1,00,0F02,1,1
06,1,00,101E,6,1
06,1,00,1021,15,0
06,1,00,1024,15,9
06,1,00,1060,3,1
06,1,00,11B6,2,0
06,1,00,1485,12,0
06,1,00,14E5,50,48
06,1,00,1501,2,2
06,1,00,179D,52,8
06,1,00,17C5,20,11
06,1,00,17E7,207,171
06,1,00,17F5,1,1
06,1,00,183F,3,0
06,1,00,1862,11,9
06,1,00,1875,24,0
06,1,00,1881,7,7
06,1,00,1884,30,22
06,1,00,18A0,18,8
06,1,00,18BF,11,9
06,1,00,18C2,19,10
06,1,00,18DD,3,1
06,1,00,18E0,88,28
06,1,00,18F4,8,8
06,1,00,191B,1,1
06,1,00,191F,4,0
06,1,00,193D,2,0
06,1,00,1943,55,9
06,1,00,1983,37,0
06,1,00,199D,8,2
06,1,00,19A5,2,0
06,1,00,19E1,14,10
06,1,00,1AC2,13,13
06,1,00,1ADE,18,18
06,1,00,1AE2,896,617
06,1,00,1AFF,1,1
06,1,00,1B18,8,8
06,1,00,1B61,59,54
06,1,00,1BE1,1155,957
06,1,00,1BEB,6,1
06,1,00,1BF2,1,1
06,1,00,1BFE,1,1
06,1,00,1C12,2,0
06,1,00,1C1E,34,1
06,1,00,1C7F,11,2
06,1,00,1D3D,20,10
06,1,00,1DDF,668,391
06,1,00,1DE7,6,6
06,1,00,1E03,16,16
06,1,00,1E9D,16,0
06,1,00,218C,4,0
06,1,00,24CF,11,8
06,1,00,268E,7,7
06,1,00,276C,295,186
06,1,00,2799,8,8
06,1,00,27A5,15,5
06,1,00,27B1,12,4
06,1,00,27BD,8,6
06,1,00,282C,62,25
06,1,00,286D,10,10
06,1,00,2A41,1,1
06,1,00,2AC2,10,10
06,1,00,2ACD,4,0
06,1,00,2B11,1,1
06,1,00,2B51,7,3
06,1,00,2BDB,1,1
06,1,00,2BF2,6,6
06,1,00,2C1B,4,0
06,1,00,2C4F,1,1
06,1,00,2C8E,16,16
06,1,00,2CD0,1306,1134
06,1,00,2CD3,2,0
06,1,00,2CDA,321,18
06,1,00,2CF8,1,1
06,1,00,2D01,5,5
06,1,00,2DEF,2,0
06,1,00,2DFD,38,28
06,1,00,2E01,10,10
06,1,00,2F2D,252,131
06,1,00,3044,1,1
06,1,00,309D,62,22
06,1,00,30A0,28,0
06,1,00,30AB,2,0
06,1,00,30C4,32,21
06,1,00,30D5,2,0
06,1,00,314B,26,24
06,1,00,32FA,2,2
06,1,00,3300,1,1
06,1,00,33FC,4,0
06,1,00,3407,1,1
06,1,00,34EF,2,0
06,1,00,38C4,1674,1189
06,1,00,38CC,10,8
06,1,00,38D4,2,0
06,1,00,38DC,1,1
06,1,00,3CCC,16,16
06,1,00,3FE6,8,8
06,1,01,6B5F,16,0
06,1,02,4F47,232406,74273
06,1,02,4F81,154,60
06,1,05,41C5,2,0
06,1,06,45D3,8,0
06,1,06,5F9E,48,0
06,1,06,5FF2,1,1
06,1,06,5FF5,8,4
06,1,06,62BA,8,8
06,1,06,6D15,72,0
06,1,1F,40B3,2,2
06,1,1F,410B,8,8
06,1,1F,451E,4,0
06,1,1F,453D,16,16
06,1,1F,4785,1,0
06,1,1F,4883,18,1
06,1,1F,4893,2,2
06,1,1F,4BAE,3,0
06,1,1F,501E,91,39
06,1,1F,507D,2,0
06,1,1F,50AB,53,27
06,1,1F,5102,1,1
06,1,1F,5178,46,0
06,1,1F,5180,2,0
06,1,1F,53AA,364,321
06,1,1F,5420,3,3
06,1,1F,549D,149,75
06,1,1F,54A0,2,1
06,1,1F,550D,174,15
06,1,1F,574F,1,1
06,1,1F,580E,162,1
06,1,1F,6EB4,7,4
06,1,1F,6EB6,42,30
06,1,1F,75A4,24,24
07,0,00,0108,21303,13085
07,0,00,011C,4061,3307
07,0,00,011D,7237,6067
07,0,00,012B,6,6
07,0,00,012D,5,5
07,0,00,0164,13,12
07,0,00,017B,10,9
07,0,00,017E,12,8
07,0,00,0187,8,8
07,0,00,01A9,12,0
07,0,00,01C6,3,3
07,0,00,01C9,5,1
07,0,00,01CE,9,4
07,0,00,01E1,6,6
07,0,00,01E4,9,7
07,0,00,01ED,3,3
07,0,00,01FA,10,7
07,0,00,0205,2289,1685
07,0,00,020D,12764,4309
07,0,00,021D,270,12
07,0,00,0227,10,5
07,0,00,0243,11,11
07,0,00,0249,64,11
07,0,00,024C,37,7
07,0,00,024F,29,11
07,0,00,0252,35,14
07,0,00,0266,7,7
07,0,00,0269,7,7
07,0,00,027F,7,7
07,0,00,028C,5,5
07,0,00,02AB,197,0
07,0,00,02F0,6,6
07,0,00,032E,18,16
07,0,00,0330,11,8
07,0,00,0333,1772759,1179221
07,0,00,03F1,15,15
07,0,00,04C4,1,1
07,0,00,0522,20,7
07,0,00,0559,11,4
07,0,00,0570,8,8
07,0,00,05E0,8,8
07,0,00,0614,9,7
07,0,00,0623,7,5
07,0,00,0661,4,3
07,0,00,0683,14,11
07,0,00,06C7,2,0
07,0,00,06D1,4,4
07,0,00,06F5,8,4
07,0,00,06FF,526,409
07,0,00,0702,13,4
07,0,00,0721,305,7
07,0,00,0724,12,12
07,0,00,0745,30,6
07,0,00,0752,27,6
07,0,00,0755,8,8
07,0,00,0763,12,7
07,0,00,0766,6,6
07,0,00,0773,9,5
07,0,00,0776,3,3
07,0,00,07F4,2,2
07,0,00,07F7,6,5
07,0,00,083E,4,4
07,0,00,0843,6,4
07,0,00,0869,3,3
07,0,00,087D,222,81
07,0,00,0907,12198,4297
07,0,00,0955,8,8
07,0,00,0958,14,13
07,0,00,095B,12,8
07,0,00,096A,2,2
07,0,00,09DE,4,4
07,0,00,09E1,2,2
07,0,00,0AD7,422,3
07,0,00,0D4B,12,0
07,0,00,0E1D,48,0
07,0,00,0E83,2,0
07,0,00,0F25,6,0
07,0,00,0F35,4,0
07,0,00,0F3B,4,0
07,0,00,0F4A,16,0
07,0,00,0F4B,8,0
07,0,00,1021,309,0
07,0,00,1437,41,41
07,0,00,143A,82,80
07,0,00,1501,9562,7268
07,0,00,155D,20,0
07,0,00,1675,93,73
07,0,00,167B,93,73
07,0,00,1689,93,73
07,0,00,168F,93,73
07,0,00,169C,93,73
07,0,00,16A2,93,73
07,0,00,16A3,2,0
07,0,00,1805,96,0
07,0,00,180D,11739,4188
07,0,00,1830,182,174
07,0,00,1837,106,106
07,0,00,1845,16,0
07,0,00,1848,36,0
07,0,00,184B,8,0
07,0,00,184E,16,0
07,0,00,1851,2909,2262
07,0,00,1909,8447,3085
07,0,00,1923,2,0
07,0,00,192D,546,482
07,0,00,1930,264,245
07,0,00,1934,133,130
07,0,00,1937,86,86
07,0,00,193A,99,97
07,0,00,193D,8,0
07,0,00,1943,2,0
07,0,00,1949,16,0
07,0,00,1952,16,0
07,0,00,1983,2,0
07,0,00,1A36,76,72
07,0,00,1A4B,8,0
07,0,00,1A53,8,0
07,0,00,1A83,2,0
07,0,00,1B09,7305,3073
07,0,00,1B32,533,501
07,0,00,1B36,74,66
07,0,00,1B48,32,0
07,0,00,1B53,8,0
07,0,00,1BFE,24966,7208
07,0,00,1C21,306,0
07,0,00,1C2D,327,229
07,0,00,1D30,392,287
07,0,00,1D33,403,338
07,0,00,1D3D,4,0
07,0,00,1E09,7268,3063
07,0,00,1E2D,352,205
07,0,00,1E33,691,565
07,0,00,1E49,16,0
07,0,00,1F3A,318,308
07,0,00,27BD,1820,1571
07,0,00,282C,17,17
07,0,00,2A2D,66,66
07,0,00,2B2C,38,38
07,0,00,2B31,458,446
07,0,00,2B34,587,587
07,0,00,2B48,32,0
07,0,00,2B4B,8,0
07,0,00,2B51,234,0
07,0,00,2C2F,292,292
07,0,00,2C35,760,742
07,0,00,2C52,16,0
07,0,00,2D32,968,938
07,0,00,2E31,1174,1144
07,0,00,2E38,230,230
07,0,00,2E48,32,0
07,0,00,2E51,237,0
07,0,00,2F2D,12141367,7843332
07,0,00,2F30,1029,999
07,0,00,2F33,810,810
07,0,00,3053,8,0
07,0,00,314B,8,0
07,0,00,3451,231,0
07,0,00,3A53,8,0
07,0,00,593D,16,0
07,0,00,5D3D,4,0
07,0,00,5DED,4,0
07,0,01,52F7,3,3
07,0,01,568A,100,73
07,0,01,569F,13,13
07,0,01,59D1,2,0
07,0,01,59EA,4,0
07,0,01,5D69,35,27
07,0,01,5EB1,47,41
07,0,01,6777,50,49
07,0,01,6787,55,53
07,0,01,6797,48,47
07,0,01,67A7,29,13
07,0,01,68F2,2304,1976
07,0,01,6902,99,95
07,0,01,690E,129,128
07,0,01,691E,46,44
07,0,01,6A4D,159,132
07,0,01,6A5D,82,76
07,0,01,6A6D,100,95
07,0,01,6A7D,98,80
07,0,01,6ADE,101,74
07,0,01,6AEE,186,157
07,0,01,6AFE,71,61
07,0,01,6B4F,108,100
07,0,01,6B5F,84,82
07,0,01,6B6F,79,76
07,0,01,6B7F,75,74
07,0,01,6BE4,72,41
07,0,01,6BF4,57,52
07,0,01,6C39,23557,4254
07,0,01,6C49,11031,3874
07,0,01,6C55,10815,3747
07,0,01,6C65,4523,3576
07,0,01,6CAA,17,17
07,0,01,6CBA,54,52
07,0,01,6CC6,2293,1572
07,0,01,6CD6,2692,2106
07,0,01,773E,313,311
07,0,01,7742,213,211
07,0,01,7746,206,182
07,0,01,774A,211,203
07,0,01,774E,177,160
07,0,01,7752,189,180
07,0,01,7756,181,179
07,0,01,7763,92,89
07,0,01,7767,82,76
07,0,01,776B,56,48
07,0,01,776F,50,46
07,0,01,7773,45,35
07,0,01,7777,83,67
07,0,01,777B,58,52
07,0,02,4351,221,0
07,0,02,45D6,441,0
07,0,02,4DD1,4,0
07,0,03,4A01,2,0
07,0,03,5BF4,36,0
07,0,03,5C0A,48,0
07,0,03,5C60,4,0
07,0,03,6CE7,2,0
07,0,03,6E87,2,0
07,0,03,6FAD,146933,124927
07,0,03,6FE7,2,0
07,0,03,7201,2,0
07,0,03,72C7,2,0
07,0,03,73C7,2,0
07,0,03,7501,2,0
07,0,03,7607,2,0
07,0,03,7707,2,0
07,0,03,7947,2,0
07,0,03,794D,1,0
07,0,03,7B01,2,0
07,0,03,7B07,2,0
07,0,03,7BA7,2,0
07,0,04,5D3E,90698,80857
07,0,04,63DF,62288,46366
07,0,05,41C5,35,0
07,0,05,55CE,45,9
07,0,05,781F,32,0
07,0,05,785D,1,0
07,0,06,6E28,98,0
07,0,06,727E,48,0
07,0,06,781F,56,0
07,0,07,4337,2,0
07,0,07,43D2,456496,0
07,0,07,45E3,294,0
07,0,07,473F,116,0
07,0,07,4887,218,0
07,0,07,5199,60,0
07,0,07,58DE,4,0
07,0,07,5F35,60,0
07,0,07,6DD1,1,0
07,1,00,0108,222,207
07,1,00,011C,22,22
07,1,00,011D,31254,13977
07,1,00,017E,2,0
07,1,00,01AF,9661,8168
07,1,00,020D,10884959,7833452
07,1,00,021D,1,0
07,1,00,0252,1,0
07,1,00,02A0,1232464,342
07,1,00,02AB,409,0
07,1,00,06FF,135,32
07,1,00,0745,40,0
07,1,00,07F4,2,0
07,1,00,087D,164,144
07,1,00,0907,1,0
07,1,00,1528,2,0
07,1,00,18FF,2,0
07,1,00,1965,2,0
07,1,00,1AFF,2,0
07,1,00,1DED,5,0
07,1,00,1E65,2,0
07,1,00,2CBB,1,0
07,1,00,2F2D,529115,252630
07,1,00,30AB,10,0
07,1,00,38CD,1,0
07,1,02,4546,4,0
07,1,03,55D2,84,0
07,1,05,41C5,1,0
07,1,05,55CE,15,3
07,1,06,5F9E,56,0
07,1,06,6D15,98,0
07,1,06,6E28,2,0
07,1,07,4307,1,0
07,1,07,4C94,60,0
07,1,07,559E,4,0
07,1,1F,474D,1,0
07,1,1F,49C6,4,0
07,1,1F,54BE,3,0
07,1,1F,54C3,2,0
07,1,1F,704A,2,0
08,0,00,011D,23117,500
08,0,00,012D,12,0
08,0,00,01ED,4,0
08,0,00,0205,11,0
08,0,00,020D,1046,0
08,0,00,021D,243,75
08,0,00,0249,27,0
08,0,00,024F,31,0
08,0,00,028C,4,0
08,0,00,02AB,575380,55714
08,0,00,0333,2251979,1634268
08,0,00,0661,4,0
08,0,00,06F5,137,0
08,0,00,06FF,16,0
08,0,00,07F4,80,0
08,0,00,087D,17775,2154
08,0,00,0897,32,0
08,0,00,08AC,26,0
08,0,00,0AB2,12245,0
08,0,00,0AD7,518,0
08,0,00,0D69,4,0
08,0,00,0E1D,2,2
08,0,00,0E5D,4,0
08,0,00,0F35,4,0
08,0,00,193D,216760,109355
08,0,00,1A5D,106304,68849
08,0,00,1E5D,3593,3199
08,0,00,1F3A,12,8
08,0,00,2C18,2949,2937
08,0,00,2F2D,6078204,3861779
08,0,00,313B,12920,1242
08,0,00,31B4,27,0
08,0,00,34AC,8,8
08,0,00,34EF,3038,0
08,0,00,593D,12,0
08,0,00,5D3D,18,0
08,0,00,5DED,4,0
08,0,02,4351,144,103
08,0,02,4903,11594,138
08,0,02,4B89,72405,49490
08,0,03,4DAF,37,31
08,0,03,5289,218363,102230
08,0,03,5DED,2,0
08,0,03,61BD,169,157
08,0,04,4145,224850,104282
08,0,04,4B79,360,189
08,0,04,6D7B,45471,44858
08,0,04,7560,24082,742
08,0,04,7B23,1,0
08,0,04,7B40,243649,102281
08,0,04,7C24,261,229
08,0,05,41C5,17,0
08,0,05,781F,8,0
08,0,06,483D,12,0
08,0,06,4B54,2,0
08,0,06,6E28,57,0
08,0,06,781F,40,0
08,0,07,5F35,84,0
08,0,08,4248,24760,1454
08,0,08,4254,23747,290
08,0,08,4629,1158,1020
08,0,08,4675,192,116
08,0,08,479F,445003,172806
08,0,08,47DC,586028,270525
08,0,08,483C,431,326
08,0,08,4847,94,66
08,0,08,4F9E,379,309
08,0,08,5011,190,145
08,0,08,743D,48,42
08,0,18,4867,297,245
08,0,33,54B9,16,16
08,1,00,0108,145,122
08,1,00,011D,13086,835
08,1,00,017B,1,1
08,1,00,020D,5815627,3858046
08,1,00,021D,124,6
08,1,00,02A0,218510,1220
08,1,00,02AB,494,0
08,1,00,06FF,214,121
08,1,00,087D,11474,144
08,1,00,0E1D,3,0
08,1,00,0F02,5,0
08,1,00,1154,1,0
08,1,00,193D,16,0
08,1,00,19AA,2,0
08,1,00,19B4,2,0
08,1,00,1C02,2,0
08,1,00,1E1F,1,0
08,1,00,1E82,6,0
08,1,00,268E,10686,95
08,1,00,26C1,19,0
08,1,00,26D0,2,0
08,1,00,26DF,4,4
08,1,00,26EE,1,0
08,1,00,2DFD,1,0
08,1,00,2F2D,1085992,475145
08,1,00,30AB,2,0
08,1,00,314B,27,0
08,1,00,3192,1,0
08,1,00,3339,3038,0
08,1,00,34EF,217,0
08,1,00,3549,1821,0
08,1,00,38DC,1,0
08,1,00,593D,4,0
08,1,03,530C,2,0
08,1,04,764F,261,229
08,1,06,45EE,2,0
08,1,06,5F9E,40,0
08,1,06,6D15,57,0
08,1,07,5F35,2,0
08,1,08,4248,34,6
08,1,08,4351,363,254
08,1,08,4438,162,138
08,1,08,483C,2,2
08,1,08,4B05,34,32
08,1,08,4E5B,5517,491
08,1,08,4F5D,379,309
08,1,08,4F71,190,145
08,1,08,4F9E,31,27
08,1,08,5011,45,33
08,1,1F,40FB,1,0
08,1,1F,410B,1,0
08,1,1F,47F4,2,0
08,1,1F,49C6,1,0
08,1,1F,4A7E,2,0
09,0,00,011D,1608003,1167877
09,0,00,012D,391942,152715
09,0,00,0205,28065,27333
09,0,00,020D,1380,132
09,0,00,021D,546,0
09,0,00,0243,51,0
09,0,00,024F,4,0
09,0,00,0298,876,160
09,0,00,02AB,4,0
09,0,00,0333,1210253,799215
09,0,00,03F1,7,0
09,0,00,0559,4,0
09,0,00,0614,2086,1148
09,0,00,0623,4,0
09,0,00,06C7,4,0
09,0,00,06FF,16988,467
09,0,00,0724,19,15
09,0,00,0763,8,0
09,0,00,0773,4,0
09,0,00,0869,41246,39826
09,0,00,087D,18,0
09,0,00,0AD7,17527,0
09,0,00,0DAD,12,0
09,0,00,0E1D,24,0
09,0,00,0E5D,2,0
09,0,00,0EA1,4,0
09,0,00,0F24,10,10
09,0,00,0F3B,4,0
09,0,00,0FF3,14,0
09,0,00,1024,14,13
09,0,00,1689,17,8
09,0,00,179D,6928,4120
09,0,00,18FF,8247,93
09,0,00,193D,8,8
09,0,00,199D,4109,3937
09,0,00,1A89,4,0
09,0,00,1AFF,8247,93
09,0,00,1B6D,181,144
09,0,00,1C24,13,13
09,0,00,1D3D,4,0
09,0,00,286D,202,163
09,0,00,2B24,193,161
09,0,00,2C6D,187,155
09,0,00,2D24,3,2
09,0,00,2F2D,8248473,6042550
09,0,00,309D,7099,4268
09,0,00,34AC,444300,353548
09,0,00,3989,11,9
09,0,00,593D,44,0
09,0,00,709D,1,0
09,0,02,44E5,8565,8565
09,0,02,44EF,6133,6133
09,0,02,456D,765,724
09,0,02,4823,46579,46263
09,0,02,4B89,16,12
09,0,02,6F6C,2,0
09,0,02,7805,60,0
09,0,03,6309,191873,126634
09,0,04,6DBF,275363,144206
09,0,04,71DC,473829,320481
09,0,04,7B89,202684,145945
09,0,05,41C5,47,0
09,0,05,5EFD,90,47
09,0,05,6989,1,0
09,0,05,781F,83,0
09,0,06,6E28,15,0
09,0,06,727E,598342,433834
09,0,06,781F,8,0
09,0,07,48FF,21790,0
09,0,07,5F35,60,0
09,0,07,7131,163960,85284
09,0,09,4317,16494,186
09,0,09,4321,16494,186
09,0,09,432B,16494,186
09,0,09,4335,16494,186
09,0,09,433F,16494,186
09,0,09,4349,16492,186
09,0,09,4353,16497,193
09,0,09,435D,16504,200
09,0,09,4367,16504,200
09,0,09,4371,16488,188
09,0,09,4F7D,16,12
09,0,09,512A,4,0
09,0,09,5215,2,0
09,0,09,58D9,2,0
09,0,1A,781F,54,0
09,0,20,4C8F,162,135
09,0,28,5070,9,1
09,0,3D,781F,27,0
09,1,00,0108,30,13
09,1,00,011C,39,29
09,1,00,011D,15050,10752
09,1,00,012B,44,21
09,1,00,012D,1059,928
09,1,00,0164,28,22
09,1,00,017B,3030,46
09,1,00,017E,56,53
09,1,00,0187,19,17
09,1,00,01A6,28,18
09,1,00,01A9,72,58
09,1,00,01AC,16,16
09,1,00,01AF,43,39
09,1,00,01B2,27,21
09,1,00,01C6,57,57
09,1,00,01C9,84,66
09,1,00,01CE,92,86
09,1,00,01E1,76,46
09,1,00,01E4,97,69
09,1,00,01ED,53,50
09,1,00,01FA,154,54
09,1,00,0205,89,75
09,1,00,020D,7333336,5627081
09,1,00,021D,130,83
09,1,00,0227,73,50
09,1,00,0243,101,93
09,1,00,0249,43,41
09,1,00,024C,85,74
09,1,00,024F,77,67
09,1,00,0252,25,21
09,1,00,0266,41,41
09,1,00,0269,65,47
09,1,00,027F,94,91
09,1,00,028C,69,47
09,1,00,0298,109,74
09,1,00,02A0,352818,150
09,1,00,02A7,41,30
09,1,00,02AB,17562,93
09,1,00,02AE,128,87
09,1,00,02B1,87,82
09,1,00,02F0,54,47
09,1,00,032E,85,76
09,1,00,0330,84,78
09,1,00,0333,89,85
09,1,00,03F1,126,99
09,1,00,04C4,170,142
09,1,00,0522,166,157
09,1,00,0559,217,186
09,1,00,0570,45,43
09,1,00,059E,162,144
09,1,00,05A1,108,97
09,1,00,05E0,259,227
09,1,00,0614,54,38
09,1,00,0623,126,110
09,1,00,0661,12,4
09,1,00,0683,52,43
09,1,00,06C7,72,55
09,1,00,06D1,80,67
09,1,00,06F5,146,119
09,1,00,06FF,118,79
09,1,00,0702,14,3
09,1,00,0721,56,42
09,1,00,0724,42,27
09,1,00,0745,1,0
09,1,00,0752,118,105
09,1,00,0755,97,81
09,1,00,0763,52,32
09,1,00,0766,174,162
09,1,00,0773,102,99
09,1,00,0776,38,34
09,1,00,079E,57,57
09,1,00,07A1,51,51
09,1,00,07F4,35,19
09,1,00,07F7,59,53
09,1,00,083E,93,81
09,1,00,0843,136,117
09,1,00,0869,146,146
09,1,00,087D,77,45
09,1,00,0897,263,238
09,1,00,08AC,180,133
09,1,00,0907,88,87
09,1,00,0955,146,112
09,1,00,0958,90,78
09,1,00,095B,1,1
09,1,00,096A,54,27
09,1,00,09DE,96,83
09,1,00,09E1,130,128
09,1,00,0AB2,47,15
09,1,00,0AD7,160,144
09,1,00,0D32,1,0
09,1,00,0D4B,4,3
09,1,00,0D69,9,8
09,1,00,0D8A,47,42
09,1,00,0D9C,16,15
09,1,00,0DAD,14,14
09,1,00,0DB8,10,10
09,1,00,0DDE,55,24
09,1,00,0DFA,22,0
09,1,00,0E1D,37,35
09,1,00,0E3E,39,39
09,1,00,0E58,98,76
09,1,00,0E5D,56,43
09,1,00,0E72,77,73
09,1,00,0E83,7,7
09,1,00,0EA1,52,51
09,1,00,0EC2,39,35
09,1,00,0F02,14,9
09,1,00,0F24,107,100
09,1,00,0F25,41,34
09,1,00,0F2F,11,11
09,1,00,0F35,27,27
09,1,00,0F3B,7,4
09,1,00,0F40,64,60
09,1,00,0F4A,33,20
09,1,00,0F4B,85,67
09,1,00,0FF1,188,172
09,1,00,0FF3,4,1
09,1,00,101E,20,19
09,1,00,1021,44,43
09,1,00,1024,95,87
09,1,00,1060,105,102
09,1,00,1154,77,64
09,1,00,11B6,22,21
09,1,00,143A,3,3
09,1,00,1485,13,13
09,1,00,14AC,38,29
09,1,00,14E1,6,6
09,1,00,14E5,4,4
09,1,00,14F4,7,6
09,1,00,1501,33,0
09,1,00,1528,6,6
09,1,00,1554,6,3
09,1,00,155D,2,1
09,1,00,1561,13,13
09,1,00,160E,56,39
09,1,00,1668,7,7
09,1,00,1675,37,35
09,1,00,167C,10,9
09,1,00,1689,16,11
09,1,00,168F,44,31
09,1,00,1690,35,33
09,1,00,169C,40,36
09,1,00,16A3,36,30
09,1,00,171B,170,160
09,1,00,1771,41,41
09,1,00,1778,52,52
09,1,00,1780,49,42
09,1,00,1784,53,47
09,1,00,178C,223,211
09,1,00,1792,27,25
09,1,00,1798,136,129
09,1,00,179D,46,38
09,1,00,17A2,68,67
09,1,00,17A7,79,76
09,1,00,17AF,82,80
09,1,00,17C5,58,57
09,1,00,17CC,68,68
09,1,00,17D0,102,92
09,1,00,17D4,51,45
09,1,00,17D8,162,151
09,1,00,17DC,209,200
09,1,00,17E0,87,84
09,1,00,17E7,51,49
09,1,00,17EE,120,118
09,1,00,17F2,75,74
09,1,00,17F5,150,147
09,1,00,17FA,65,64
09,1,00,1805,26,18
09,1,00,180D,2,0
09,1,00,1810,16,16
09,1,00,1817,21,19
09,1,00,181F,22,17
09,1,00,1826,19,19
09,1,00,182A,8,8
09,1,00,1830,1,1
09,1,00,1837,1,1
09,1,00,183F,68,67
09,1,00,1842,48,44
09,1,00,1845,13,13
09,1,00,184B,32,27
09,1,00,184E,23,23
09,1,00,1851,31,26
09,1,00,1854,41,41
09,1,00,1857,67,19
09,1,00,185A,15,15
09,1,00,185C,10,9
09,1,00,1862,23,23
09,1,00,1865,149,147
09,1,00,186F,7,7
09,1,00,1870,3,2
09,1,00,1875,41,40
09,1,00,1878,73,72
09,1,00,187B,19,19
09,1,00,187E,32,30
09,1,00,1881,10,10
09,1,00,1884,22,22
09,1,00,1887,38,37
09,1,00,188A,83,80
09,1,00,1891,12,12
09,1,00,18A0,40,39
09,1,00,18A7,3,2
09,1,00,18B5,21,21
09,1,00,18BF,31,30
09,1,00,18C2,1,1
09,1,00,18C5,16,15
09,1,00,18D4,41,39
09,1,00,18DD,37,33
09,1,00,18ED,13,13
09,1,00,18F4,84,78
09,1,00,18FB,7,7
09,1,00,18FF,81,72
09,1,00,191B,5,0
09,1,00,1923,38,28
09,1,00,192A,3,0
09,1,00,1934,5,0
09,1,00,193D,7,7
09,1,00,1940,4,0
09,1,00,1946,1,0
09,1,00,194C,9,0
09,1,00,1956,8,0
09,1,00,195A,1,0
09,1,00,1980,1,0
09,1,00,199A,4,0
09,1,00,199D,2,0
09,1,00,19C6,4,0
09,1,00,19E5,1,0
09,1,00,19F2,18,18
09,1,00,1A17,4,0
09,1,00,1A89,3,0
09,1,00,1ABF,3,0
09,1,00,1AFF,103,72
09,1,00,1B03,74,73
09,1,00,1B09,27,27
09,1,00,1B0E,7,7
09,1,00,1B14,26,26
09,1,00,1B18,23,23
09,1,00,1B20,15,14
09,1,00,1B32,28,27
09,1,00,1B36,74,74
09,1,00,1B3C,75,66
09,1,00,1B40,15,15
09,1,00,1B48,51,50
09,1,00,1B4C,9,9
09,1,00,1B50,1,1
09,1,00,1B53,67,64
09,1,00,1B57,13,12
09,1,00,1B5E,3,0
09,1,00,1B61,18,18
09,1,00,1B65,11,11
09,1,00,1B6C,29,29
09,1,00,1BAA,19,15
09,1,00,1BB6,10,10
09,1,00,1BBA,5,5
09,1,00,1BC2,14,13
09,1,00,1BC5,10,9
09,1,00,1BC6,42,42
09,1,00,1BCB,45,43
09,1,00,1BCE,7,7
09,1,00,1BCF,94,93
09,1,00,1BD8,149,146
09,1,00,1BE0,19,19
09,1,00,1BE1,24,20
09,1,00,1BE7,33,33
09,1,00,1BEB,24,23
09,1,00,1BFE,157,127
09,1,00,1C02,185,178
09,1,00,1C06,84,81
09,1,00,1C0A,65,63
09,1,00,1C12,20,19
09,1,00,1C16,111,105
09,1,00,1C1E,110,110
09,1,00,1C21,79,73
09,1,00,1C24,31,29
09,1,00,1C29,68,67
09,1,00,1C2D,316,311
09,1,00,1C59,23,23
09,1,00,1C63,153,152
09,1,00,1C6C,10,10
09,1,00,1C73,45,42
09,1,00,1C77,83,79
09,1,00,1C7A,68,67
09,1,00,1C7F,39,38
09,1,00,1C82,128,126
09,1,00,1CD2,102,101
09,1,00,1CEF,198,196
09,1,00,1CF2,59,58
09,1,00,1D3D,3,3
09,1,00,1E5D,4,4
09,1,00,1E9D,4,0
09,1,00,2DFD,17,1
09,1,00,2F2D,2353081,1606126
09,1,00,309D,7,0
09,1,00,30AB,4,0
09,1,02,4823,12,12
09,1,06,5F9E,8,0
09,1,06,6D15,15,0
09,1,09,4371,16,12
09,1,09,4950,2,0
09,1,09,5681,1,0
09,1,09,574F,1,0
09,1,1F,453D,6,5
09,1,1F,474D,4,4
09,1,1F,4BAE,1,0
09,1,1F,52E6,19206,10205
09,1,1F,52F4,30,0
09,1,1F,543D,3,3
09,1,1F,549D,14,0
09,1,1F,5C04,3,0
0A,0,00,020D,478,0
0A,0,00,021D,50,0
0A,0,00,02AB,115,0
0A,0,00,0333,3824784,2095454
0A,0,00,06F5,5,0
0A,0,00,0773,8,0
0A,0,00,07A1,4,0
0A,0,00,0AD7,312,0
0A,0,00,0E83,22,0
0A,0,00,193D,71,0
0A,0,00,1D3D,5,0
0A,0,00,2EA1,9810,9328
0A,0,00,2F2D,2576,3
0A,0,00,30AB,4,0
0A,0,05,41C5,8,0
0A,0,06,5F5D,2,0
0A,0,06,5F9A,26895,2115
0A,0,06,6019,405044,178775
0A,0,06,6192,4170,3562
0A,0,06,6765,45,33
0A,0,06,6E28,69,0
0A,0,06,781F,478389,180196
0A,0,0A,6A66,17740,17192
0A,0,0A,6A75,17301,17062
0A,0,0A,6AF4,96,96
0A,0,0A,6BC3,183,160
0A,0,3D,781F,35,0
0A,1,00,0108,20,4
0A,1,00,011C,73,53
0A,1,00,011D,1511,405
0A,1,00,012B,34,26
0A,1,00,012D,74,14
0A,1,00,0164,46,46
0A,1,00,017B,39,37
0A,1,00,017E,24,10
0A,1,00,0187,556,32
0A,1,00,01A6,84,42
0A,1,00,01A9,79,46
0A,1,00,01AC,105,5
0A,1,00,01AF,105,53
0A,1,00,01B2,155,36
0A,1,00,01C6,114,44
0A,1,00,01C9,64,38
0A,1,00,01CE,50,18
0A,1,00,01E1,37,28
0A,1,00,01E4,71,51
0A,1,00,01ED,47,47
0A,1,00,01FA,41,37
0A,1,00,0205,31,21
0A,1,00,020D,11550,9326
0A,1,00,021D,1134,937
0A,1,00,0227,28,19
0A,1,00,0243,14,10
0A,1,00,0249,23,22
0A,1,00,024C,14,14
0A,1,00,024F,26,26
0A,1,00,0252,25,20
0A,1,00,0266,29,11
0A,1,00,0269,14,14
0A,1,00,027F,16,8
0A,1,00,028C,26,22
0A,1,00,0298,43,38
0A,1,00,02A0,385,148
0A,1,00,02A7,62,61
0A,1,00,02AB,450,120
0A,1,00,02AE,93,82
0A,1,00,02B1,135,127
0A,1,00,02F0,40,36
0A,1,00,032E,224,207
0A,1,00,0330,295,285
0A,1,00,0333,376,331
0A,1,00,03F1,173,164
0A,1,00,04C4,17,15
0A,1,00,0522,13,9
0A,1,00,0559,3,3
0A,1,00,0570,10,10
0A,1,00,059E,16,16
0A,1,00,05A1,8,8
0A,1,00,05E0,8,8
0A,1,00,0614,4,0
0A,1,00,0683,1,1
0A,1,00,06F5,3,3
0A,1,00,06FF,579,330
0A,1,00,0702,7,2
0A,1,00,0721,12,9
0A,1,00,0724,6,2
0A,1,00,0745,9,9
0A,1,00,0752,17,17
0A,1,00,0755,18,18
0A,1,00,0763,23,23
0A,1,00,0766,4,4
0A,1,00,0773,5,5
0A,1,00,0776,16,16
0A,1,00,079E,16,16
0A,1,00,07F4,12,12
0A,1,00,083E,17,0
0A,1,00,0869,34,34
0A,1,00,087D,83,66
0A,1,00,0897,14,10
0A,1,00,08AC,25,16
0A,1,00,0907,16,16
0A,1,00,0955,13,0
0A,1,00,0958,5,5
0A,1,00,095B,1,1
0A,1,00,096A,8,0
0A,1,00,09DE,30,26
0A,1,00,09E1,8,8
0A,1,00,0AB2,66,66
0A,1,00,0AD7,39,24
0A,1,00,0E1D,228,171
0A,1,00,0E5D,33,29
0A,1,00,155D,21,13
0A,1,00,168F,9,0
0A,1,00,180D,4,4
0A,1,00,18B5,2,2
0A,1,00,193D,62,32
0A,1,00,1A1D,993,964
0A,1,00,1A5D,10,10
0A,1,00,1B6D,31,12
0A,1,00,1D33,13,0
0A,1,00,1D3D,111,89
0A,1,00,1E5D,12,4
0A,1,00,286D,16,14
0A,1,00,2C6D,1,1
0A,1,00,2DFD,6401,3926
0A,1,00,2EA1,35320,34510
0A,1,00,2F2D,405133,178775
0A,1,00,30AB,2,0
0A,1,06,5F6F,26895,2115
0A,1,06,5F9E,477736,179571
0A,1,06,5FF2,4170,3562
0A,1,06,6707,45,33
0A,1,06,6931,152,144
0A,1,06,69F3,180,170
0A,1,06,6A74,321,311
0A,1,06,6D15,69,0
0A,1,1F,40F8,2,2
0A,1,1F,453D,151,143
0A,1,1F,48BD,4,4
0A,1,1F,4FE1,17,16
0A,1,1F,501E,132,94
0A,1,1F,5046,10,10
0A,1,1F,507D,93,42
0A,1,1F,5168,3,0
0A,1,1F,52E6,4,0
0A,1,1F,52F4,27,0
0A,1,1F,5314,92,0
0A,1,1F,5326,115,64
0A,1,1F,5334,30,0
0A,1,1F,5364,1,0
0A,1,1F,536D,12,8
0A,1,1F,538B,12,0
0A,1,1F,538E,4,0
0A,1,1F,543D,135,124
0A,1,1F,550D,90,0
0A,1,1F,554C,1,1
0A,1,1F,5550,21,17
0A,1,1F,5553,1,1
0A,1,1F,5559,1,1
0A,1,1F,74C7,104,63
0A,1,1F,74D1,49,29
0A,1,1F,7ACF,8,8
0A,1,1F,7B22,55,49
0A,1,24,4E07,2,0
0B,0,00,011D,4,0
0B,0,00,012D,4,0
0B,0,00,020D,1940,0
0B,0,00,021D,558,0
0B,0,00,0243,4,0
0B,0,00,024F,4,0
0B,0,00,027F,28,0
0B,0,00,02AB,16,0
0B,0,00,0333,9,0
0B,0,00,04C4,4,0
0B,0,00,05A1,16,0
0B,0,00,0661,23,0
0B,0,00,0683,14,0
0B,0,00,06D1,7,0
0B,0,00,06F5,26,0
0B,0,00,06FF,30,0
0B,0,00,0721,7,0
0B,0,00,0773,26,0
0B,0,00,07A1,4,0
0B,0,00,087D,16,0
0B,0,00,0907,4,0
0B,0,00,0AD7,1568,0
0B,0,00,0E5D,2,0
0B,0,00,0EA1,14,0
0B,0,00,0F2F,4,0
0B,0,00,0F3B,8,0
0B,0,00,0FF1,4,0
0B,0,00,1021,4,0
0B,0,00,193D,9,0
0B,0,00,1CEF,9143,8904
0B,0,00,1D30,9133,8904
0B,0,00,1D3D,25,0
0B,0,00,2F2D,9708,0
0B,0,00,593D,60,0
0B,0,00,5D3D,2,0
0B,0,00,6C1B,1,0
0B,0,00,6CFB,1,0
0B,0,00,73CD,1,0
0B,0,03,553D,4,0
0B,0,05,41C5,1,0
0B,0,05,758F,1,0
0B,0,05,781F,35,0
0B,0,06,6E28,40,0
0B,0,06,781F,62,0
0B,0,07,5F35,48,0
0B,0,07,795F,1,0
0B,0,09,5445,72,0
0B,1,00,01E4,18276,17808
0B,1,00,020D,7023,0
0B,1,00,021D,2,0
0B,1,00,02AB,1518,0
0B,1,00,0AD7,10,0
0B,1,00,2F2D,106,0
0B,1,00,30AB,14,0
0B,1,06,5F9E,62,0
0B,1,06,6D15,40,0
0C,0,00,020D,353,0
0C,0,00,021D,56,0
0C,0,00,0243,4,0
0C,0,00,0333,18218,2723
0C,0,00,06F5,10,0
0C,0,00,095B,4,0
0C,0,00,0AD7,454,0
0C,0,00,0D69,4,0
0C,0,00,0E1D,4,0
0C,0,00,0E83,4,0
0C,0,00,0F4B,4,0
0C,0,00,1D3D,4,0
0C,0,00,2F2D,2322,0
0C,0,00,34AC,2,0
0C,0,00,593D,8,0
0C,0,03,4075,325,128
0C,0,03,40E3,194,109
0C,0,03,40F1,194,109
0C,0,03,4206,76,54
0C,0,03,4237,80,64
0C,0,03,4245,80,64
0C,0,03,42C5,100,48
0C,0,03,42D5,68,24
0C,0,03,43E4,385,276
0C,0,03,4500,64,54
0C,0,03,450E,64,54
0C,0,03,4C07,30,30
0C,0,03,4C15,30,30
0C,0,03,4C23,30,30
0C,0,03,4C60,55,17
0C,0,03,4C6E,55,17
0C,0,03,4C7C,55,17
0C,0,03,4EA3,33,25
0C,0,03,4EEC,282,173
0C,0,03,4F2D,4228,121
0C,0,03,4F3B,4210,121
0C,0,03,4F62,4162,121
0C,0,03,4FA3,2081,106
0C,0,03,4FB1,2063,106
0C,0,03,4FD5,28,26
0C,0,03,5016,49,49
0C,0,03,5024,49,49
0C,0,03,5048,55,42
0C,0,03,5056,55,42
0C,0,03,5118,115,103
0C,0,03,5126,115,103
0C,0,03,520A,58,51
0C,0,03,5218,58,51
0C,0,03,52C7,124,76
0C,0,03,52E3,6260,85
0C,0,03,52F1,6260,85
0C,0,03,56A2,57,9
0C,0,03,56B0,57,9
0C,0,03,57A2,16729,362
0C,0,03,59A8,297,162
0C,0,03,5C29,6722,879
0C,0,03,5CAC,1953,1052
0C,0,03,5CBA,1953,1052
0C,0,03,5CC8,1953,1052
0C,0,03,5CED,22598,942
0C,0,03,5CFC,1592,729
0C,0,03,5D24,147,94
0C,0,03,5D32,147,94
0C,0,03,5D41,108,56
0C,0,03,5D4F,108,56
0C,0,03,5DED,6863,436
0C,0,03,5F3D,126755,11356
0C,0,03,6983,1,0
0C,0,04,688E,12381,648
0C,0,04,689C,18093,656
0C,0,04,68AA,23744,652
0C,0,04,68B8,23744,652
0C,0,04,6E01,254,177
0C,0,04,6E0F,254,177
0C,0,04,6E1D,254,177
0C,0,04,6E2B,254,177
0C,0,04,6E3D,29,0
0C,0,04,6F92,50458,3182
0C,0,04,74CB,2,0
0C,0,04,7512,962,722
0C,0,04,7520,962,722
0C,0,04,7B89,1,0
0C,0,04,7BE3,261,229
0C,0,04,7BF1,261,229
0C,0,04,7BFF,261,229
0C,0,04,7C0D,261,229
0C,0,05,781F,8,0
0C,0,07,7063,422,381
0C,1,00,020D,1847,0
0C,1,00,0249,3,0
0C,1,00,02AB,448,0
0C,1,00,0614,13,10
0C,1,00,0623,37,0
0C,1,00,0683,2,0
0C,1,00,2F2D,112496,7093
0C,1,00,30AB,6,0
0C,1,03,40A7,172,60
0C,1,03,40AD,669,248
0C,1,03,4124,242,134
0C,1,03,4127,726,402
0C,1,03,41A4,5978,706
0C,1,03,42EA,336,144
0C,1,03,431D,62,35
0C,1,03,4320,223,132
0C,1,03,439C,276,151
0C,1,03,4441,221,168
0C,1,03,46CB,219,135
0C,1,03,46CE,12494,666
0C,1,03,49C8,208,136
0C,1,03,49CB,1056,777
0C,1,03,4C2C,5273,37
0C,1,03,4C32,129,111
0C,1,03,4C3B,86,74
0C,1,03,4D08,17,17
0C,1,03,4D11,34,34
0C,1,03,4D5B,21,11
0C,1,03,4EC6,33,25
0C,1,03,518A,27,24
0C,1,03,5193,54,48
0C,1,03,52FD,26,0
0C,1,03,5303,6312,85
0C,1,03,530C,6254,85
0C,1,03,550E,8,0
0C,1,03,5511,116,84
0C,1,03,55D2,512,342
0C,1,03,55D5,2269,1550
0C,1,03,5645,16843,380
0C,1,03,5C92,6727,316
0C,1,03,5C96,6705,316
0C,1,03,5CD4,20412,1667
0C,1,03,5CD8,24190,1671
0C,1,03,5D0B,27581,3305
0C,1,03,5D0F,27580,3305
0C,1,03,5D61,6780,388
0C,1,03,5D65,6780,388
0C,1,03,5DCA,388,183
0C,1,04,6905,23726,643
0C,1,04,6930,1247,771
0C,1,04,69AA,1016,708
0C,1,04,6DF3,254,177
0C,1,04,6F7A,25231,1591
0C,1,04,764F,1044,916
0C,1,1F,43CA,3,0
0C,1,1F,44D2,14,0
0C,1,1F,4785,2,0
0C,1,1F,4A7E,2,0
0D,0,00,011D,39,0
0D,0,00,017E,4,0
0D,0,00,01A9,12,0
0D,0,00,01ED,8,0
0D,0,00,020D,1270,0
0D,0,00,021D,220,0
0D,0,00,0243,27,0
0D,0,00,027F,27,0
0D,0,00,02AB,6,0
0D,0,00,02B1,12,0
0D,0,00,0333,3285,919
0D,0,00,03F1,7,0
0D,0,00,0683,26,0
0D,0,00,06C7,14,0
0D,0,00,0843,7,0
0D,0,00,0869,4,0
0D,0,00,095B,4,0
0D,0,00,09E1,21,0
0D,0,00,0AB2,26,0
0D,0,00,0AD7,7635,0
0D,0,00,0D4B,18,0
0D,0,00,0E1D,11,0
0D,0,00,0F2F,14,0
0D,0,00,0F4B,14,0
0D,0,00,1021,4,0
0D,0,00,193D,38,0
0D,0,00,1D3D,40,0
0D,0,00,2F2D,6848,0
0D,0,00,30AB,2,0
0D,0,00,593D,22,0
0D,0,00,5DED,2,0
0D,0,00,6AA1,1,0
0D,0,00,6ACD,1,0
0D,0,00,6BBD,1,0
0D,0,04,448F,14,6
0D,0,04,44D8,12,0
0D,0,04,4AC7,276,197
0D,0,05,41C5,45,0
0D,0,05,7487,1,0
0D,0,05,781F,40,0
0D,0,06,4512,414,242
0D,0,06,4520,414,242
0D,0,06,452E,426,242
0D,0,06,4595,2699,673
0D,0,06,45A3,2710,672
0D,0,06,45B1,2710,672
0D,0,06,4B13,3624,1352
0D,0,06,4B35,6972,2414
0D,0,06,6E28,29,0
0D,0,06,781F,8,0
0D,0,07,5F35,12,0
0D,0,07,7197,1,0
0D,0,08,5474,4,0
0D,0,09,72F0,10918,2134
0D,0,09,739A,2611,790
0D,0,10,6A3D,4,0
0D,0,3D,781F,24,0
0D,1,00,020D,5254,0
0D,1,00,0227,2,0
0D,1,00,02AB,7583,0
0D,1,00,0AD7,44,0
0D,1,00,180D,32,32
0D,1,00,2F2D,9729,2940
0D,1,00,30AB,22,0
0D,1,00,34AC,3189,657
0D,1,03,52FD,10,0
0D,1,03,56FD,2,0
0D,1,04,40BF,8,0
0D,1,04,4724,2,0
0D,1,04,47E1,2,0
0D,1,04,4E9A,14,6
0D,1,06,4550,426,242
0D,1,06,455C,426,242
0D,1,06,4568,426,242
0D,1,06,45D3,2701,677
0D,1,06,45DF,2707,677
0D,1,06,45EB,2705,677
0D,1,06,460F,497,433
0D,1,06,4687,458,374
0D,1,06,472C,250,202
0D,1,06,5F9E,8,0
0D,1,06,6D15,29,0
0D,1,08,5459,2,0
0D,1,08,545F,2,0
0D,1,09,7301,2611,790
0E,0,00,01C9,4,0
0E,0,00,020D,567,0
0E,0,00,021D,90,0
0E,0,00,02B1,16,0
0E,0,00,0333,20652,3008
0E,0,00,0623,4,0
0E,0,00,0843,7,0
0E,0,00,0AD7,766,0
0E,0,00,0F25,18,0
0E,0,00,193D,40,0
0E,0,00,1D3D,5,0
0E,0,00,2F2D,2942,0
0E,0,00,593D,24,0
0E,0,00,5D3D,2,0
0E,0,00,6C03,1,0
0E,0,02,4CFF,1,0
0E,0,03,6C72,45,29
0E,0,03,6E4C,37,37
0E,0,04,448F,20880,3115
0E,0,05,41C5,26,0
0E,0,05,61E5,40,3
0E,0,05,61FC,40,3
0E,0,05,6212,40,3
0E,0,05,6257,13,1
0E,0,05,781F,16,0
0E,0,05,7ED4,69,18
0E,0,05,7EEB,69,18
0E,0,05,7F01,69,18
0E,0,05,7F18,137,42
0E,0,06,6E28,56,0
0E,0,06,727E,6,0
0E,0,06,781F,40,0
0E,0,07,4FA6,32,0
0E,0,07,5F35,24,0
0E,0,1A,781F,8,0
0E,0,3D,781F,8,0
0E,1,00,020D,2208,0
0E,1,00,021D,1,0
0E,1,00,02A0,4,0
0E,1,00,02AB,758,0
0E,1,00,0614,2,0
0E,1,00,06FF,4,0
0E,1,00,0AD7,8,0
0E,1,00,1805,13,6
0E,1,00,2F2D,110,66
0E,1,00,30AB,4,0
0E,1,00,593D,4,0
0E,1,04,40BC,15421,2552
0E,1,04,4721,2613,274
0E,1,04,47DE,2314,72
0E,1,04,4805,4,0
0E,1,04,4A05,192,102
0E,1,04,4A40,70,33
0E,1,04,4D00,127,59
0E,1,04,4E78,17,5
0E,1,04,4F3F,61,9
0E,1,04,4F9A,61,9
0E,1,05,43C1,120,9
0E,1,05,4472,13,1
0E,1,05,77D4,207,54
0E,1,05,7810,71,18
0E,1,05,78A3,66,24
0E,1,06,5F9E,40,0
0E,1,06,6D15,56,0
0E,1,07,4CD6,32,0
0E,1,1F,40B3,14,0
0E,1,1F,44A1,47,0
0E,1,1F,4763,4,0
0E,1,1F,4953,4,4
0F,0,00,012B,12,0
0F,0,00,017B,4,0
0F,0,00,01A9,12,0
0F,0,00,01AC,4,0
0F,0,00,01C9,4,0
0F,0,00,020D,2335,0
0F,0,00,021D,146,0
0F,0,00,0227,4,0
0F,0,00,0249,28,0
0F,0,00,0269,12,0
0F,0,00,02A7,4,0
0F,0,00,02AB,329,0
0F,0,00,0333,3675,211
0F,0,00,03F1,28,0
0F,0,00,0559,4,0
0F,0,00,06C7,4,0
0F,0,00,06D1,4,0
0F,0,00,0752,26,0
0F,0,00,087D,4,0
0F,0,00,0897,8,0
0F,0,00,0907,4,0
0F,0,00,0AD7,1112,0
0F,0,00,0DAD,4,0
0F,0,00,0EA1,16,0
0F,0,00,0F3B,16,0
0F,0,00,0F4B,6,0
0F,0,00,0FF1,4,0
0F,0,00,0FF3,4,0
0F,0,00,193D,40,0
0F,0,00,1D3D,41,0
0F,0,00,2F2D,10802,0
0F,0,00,593D,79,0
0F,0,00,5D3D,4,0
0F,0,00,5DED,4,0
0F,0,00,6CD7,1,0
0F,0,05,41C5,17,0
0F,0,05,61E5,182,0
0F,0,05,61FC,182,0
0F,0,05,6212,182,0
0F,0,05,6229,13,0
0F,0,05,6257,96,0
0F,0,05,781F,17,0
0F,0,05,7ED4,2843,94
0F,0,05,7EEB,2843,94
0F,0,05,7F01,2843,94
0F,0,05,7F18,3171,211
0F,0,06,69F3,1,0
0F,0,06,6E28,13,0
0F,0,06,727E,6,0
0F,0,06,781F,8,0
0F,0,07,5F35,48,0
0F,0,09,48F7,6025,5316
0F,0,09,4905,6020,5314
0F,0,09,4913,6005,5304
0F,0,09,51C9,5018,4484
0F,0,09,51DC,2129,1951
0F,0,09,51EF,797,733
0F,0,09,51FE,396,326
0F,0,09,5F80,272,272
0F,0,09,71B3,90,47
0F,0,09,71CA,90,47
0F,0,09,71E1,90,47
0F,0,09,71EB,90,47
0F,0,1A,781F,20,0
0F,0,20,533D,8,0
0F,1,00,01C9,2,0
0F,1,00,01ED,36,0
0F,1,00,0205,290,272
0F,1,00,020D,8001,0
0F,1,00,02AB,1080,0
0F,1,00,05A1,4,0
0F,1,00,2F2D,18144,15934
0F,1,00,30AB,10,0
0F,1,00,593D,4,0
0F,1,05,43C1,546,0
0F,1,05,4472,83,0
0F,1,05,453D,13,0
0F,1,05,4542,13,0
0F,1,05,77D4,8529,282
0F,1,05,7810,2894,94
0F,1,05,78A3,251,93
0F,1,05,78DD,26,24
0F,1,06,5F9E,8,0
0F,1,06,6D15,13,0
0F,1,06,6E28,1,0
0F,1,09,493B,5984,5289
0F,1,09,494D,2356,2205
0F,1,09,61BA,360,188
10,0,00,011D,16,0
10,0,00,012B,12,0
10,0,00,017B,28,0
10,0,00,0205,8,0
10,0,00,020D,1333,0
10,0,00,021D,242,0
10,0,00,0269,4,0
10,0,00,027F,24,0
10,0,00,0298,4,0
10,0,00,02AB,29,0
10,0,00,0333,2677,1685
10,0,00,05A1,14,0
10,0,00,0623,26,0
10,0,00,06D1,4,0
10,0,00,06FF,24,0
10,0,00,0721,22,0
10,0,00,0745,14,0
10,0,00,0763,4,0
10,0,00,07A1,28,0
10,0,00,087D,26,0
10,0,00,095B,4,0
10,0,00,0AD7,283,0
10,0,00,0D69,4,0
10,0,00,0E1D,20,0
10,0,00,0E83,4,0
10,0,00,0F4B,8,0
10,0,00,167B,93,73
10,0,00,168F,93,73
10,0,00,16A2,93,73
10,0,00,1D3D,85,0
10,0,00,2F2D,7638,0
10,0,00,31B4,27,0
10,0,00,593D,16,0
10,0,00,73D1,1,0
10,0,02,4CFF,1,1
10,0,02,4DD1,10,0
10,0,03,5DED,2,0
10,0,04,633D,4,0
10,0,05,4069,209,10
10,0,05,41C5,9,0
10,0,05,424C,298,6
10,0,05,610D,1136,0
10,0,05,611B,1136,0
10,0,05,6128,32,0
10,0,05,6135,32,0
10,0,05,6145,72,0
10,0,05,6151,72,0
10,0,05,615F,1212,0
10,0,05,616B,1212,0
10,0,05,6187,144,0
10,0,05,6194,144,0
10,0,06,6E28,15,0
10,0,06,781F,34,0
10,0,07,5F35,48,0
10,0,07,695D,25392,20112
10,0,07,6969,25392,20112
10,0,07,6984,8464,6704
10,0,07,717B,1,0
10,0,08,50E2,52,0
10,0,08,50F2,48,0
10,0,09,71B3,54,42
10,0,09,71CA,54,42
10,0,09,71E1,2393,45
10,0,09,71EB,2398,50
10,0,20,70B9,1,0
10,1,00,0205,2116,1676
10,1,00,020D,6203,0
10,1,00,02AB,277,0
10,1,00,087D,93,73
10,1,00,2F2D,431,10
10,1,00,30AB,6,0
10,1,00,314B,27,0
10,1,02,4546,10,0
10,1,02,5117,1,1
10,1,03,530C,2,0
10,1,05,40AB,50,1
10,1,05,41B5,77,2
10,1,05,4236,149,3
10,1,05,42BD,22,0
10,1,05,484D,4,0
10,1,05,597B,4876,0
10,1,05,610D,28,0
10,1,05,611B,28,0
10,1,05,615F,16,0
10,1,05,616B,16,0
10,1,05,6D4D,24,0
10,1,06,5F9E,34,0
10,1,06,6D15,15,0
10,1,07,6100,279,219
10,1,07,6906,5022,3942
10,1,07,691A,4929,3869
10,1,07,692E,47088,37368
10,1,09,61BA,4899,179
10,1,1F,5489,2,0
10,1,1F,556D,141,121
10,1,1F,5575,133,133
11,0,00,012D,8,0
11,0,00,017B,12,0
11,0,00,01A9,12,0
11,0,00,01ED,4,0
11,0,00,020D,957,0
11,0,00,021D,48,0
11,0,00,024F,24,0
11,0,00,02B1,4,0
11,0,00,0333,48998,46403
11,0,00,0623,4,0
11,0,00,0683,14,0
11,0,00,06FF,4,0
11,0,00,0755,12,0
11,0,00,07A1,32,0
11,0,00,07F7,4,0
11,0,00,0AD7,1222,0
11,0,00,0D4B,4,0
11,0,00,0D69,8,0
11,0,00,0E5D,4,0
11,0,00,0EA1,4,0
11,0,00,0F35,4,0
11,0,00,0F3B,8,0
11,0,00,0F4B,14,0
11,0,00,193D,12,0
11,0,00,2F2D,5458,0
11,0,00,593D,20,0
11,0,00,5D3D,4,0
11,0,00,7C4D,4,0
11,0,06,59C4,2259,281
11,0,06,59D2,2269,293
11,0,06,5CFF,309,221
11,0,06,5D15,309,221
11,0,06,5D2B,309,221
11,0,06,5D40,309,221
11,0,06,5D7E,2346,324
11,0,06,5D8C,2346,324
11,0,06,5D9A,2346,324
11,0,06,5DE2,5328,3483
11,0,06,6E28,12,0
11,0,07,5F35,12,0
11,0,07,7706,2,0
11,0,07,7864,1684,1491
11,0,07,7873,26178,19582
11,0,07,795F,125246,98728
11,0,07,7972,123884,97738
11,0,07,7981,246024,195546
11,0,07,79BF,41313,30437
11,0,07,79D2,43822,32650
11,0,07,79E1,84352,65441
11,0,07,7C7C,38955,37499
11,0,3D,781F,8,0
11,1,00,020D,4194,0
11,1,00,02A0,88,0
11,1,00,02AB,1182,0
11,1,00,2F2D,4632,574
11,1,00,309D,7,0
11,1,00,30AB,4,0
11,1,00,593D,4,0
11,1,06,5A0D,6087,309
11,1,06,5B4F,642,420
11,1,06,5B52,856,560
11,1,06,5BB8,309,243
11,1,06,5BBB,380,324
11,1,06,5DBE,1776,1161
11,1,06,5DC9,1776,1161
11,1,06,5DD0,1776,1161
11,1,06,6D15,12,0
11,1,07,71E8,1654,1491
11,1,07,71EE,26118,19582
11,1,07,7260,450346,351201
11,1,07,729D,774,696
11,1,07,72BC,747,681
11,1,07,72DE,635,595
11,1,07,72EA,163164,122506
11,1,07,7327,310,301
11,1,07,73FC,4772,4549
11,1,07,742B,18968,18115
11,1,07,7762,15215,14835
11,1,07,7C10,38936,35645
11,1,1F,4DF9,16,0
11,1,1F,4EDD,14,0
11,1,1F,5391,4,0
11,1,1F,549D,7,0
11,1,1F,5535,22,22
11,1,1F,5553,539,513
11,1,1F,5559,921,885
12,0,00,011C,4,0
12,0,00,011D,27,0
12,0,00,012B,4,0
12,0,00,020D,889,0
12,0,00,021D,66,0
12,0,00,027F,31,0
12,0,00,02A0,4,0
12,0,00,02AB,13,0
12,0,00,0333,270,0
12,0,00,05A1,21,0
12,0,00,0623,12,0
12,0,00,0661,16,0
12,0,00,0683,4,0
12,0,00,0721,16,0
12,0,00,0763,4,0
12,0,00,07A1,7,0
12,0,00,0AD7,640,0
12,0,00,0F3B,8,0
12,0,00,193D,55,0
12,0,00,1D3D,35,0
12,0,00,2F2D,4764,0
12,0,00,593D,8,0
12,0,02,4DD1,2,0
12,0,03,76CF,992,612
12,0,03,76DD,986,612
12,0,03,76EB,987,612
12,0,03,78AD,6353,1267
12,0,03,78BD,1427,970
12,0,03,78D4,1572,1044
12,0,03,78E4,4052,1169
12,0,06,6E28,1,0
12,0,07,53E9,3228,849
12,0,07,53F7,3212,849
12,0,07,7706,1,0
12,0,08,74CD,4,0
12,0,08,74D7,4,0
12,0,09,604C,465,328
12,0,09,605A,465,328
12,0,09,6068,465,328
12,0,12,7B3D,16,0
12,0,1A,781F,8,0
12,1,00,020D,3746,0
12,1,00,02AB,620,0
12,1,00,032E,4,0
12,1,00,0333,3,0
12,1,00,0623,18,0
12,1,00,087D,2,0
12,1,00,2F2D,10882,4518
12,1,00,30AB,6,0
12,1,02,4546,2,0
12,1,03,7737,3270,633
12,1,03,773E,3268,633
12,1,03,780F,1611,999
12,1,03,7814,3767,1023
12,1,03,7870,743,581
12,1,03,7876,743,581
12,1,05,781F,27,0
12,1,06,6D15,1,0
12,1,07,5F35,4,0
12,1,08,7494,8,0
12,1,1F,43A3,5,0
12,1,1F,491B,3,0
13,0,00,020D,965,0
13,0,00,021D,80,0
13,0,00,0243,24,0
13,0,00,024F,4,0
13,0,00,02AB,302,0
13,0,00,0333,38911,5090
13,0,00,05A1,7,0
13,0,00,0614,4,0
13,0,00,0623,12,0
13,0,00,0661,30,0
13,0,00,06D1,16,0
13,0,00,06FF,4,0
13,0,00,07F7,8,0
13,0,00,0869,28,0
13,0,00,0907,4,0
13,0,00,0955,5,0
13,0,00,0AD7,842,0
13,0,00,0F2F,8,0
13,0,00,0F4B,4,0
13,0,00,193D,8,0
13,0,00,1D3D,2,0
13,0,00,2F2D,4782,0
13,0,00,593D,8,0
13,0,00,5D3D,63,0
13,0,02,4DD1,4,0
13,0,03,553D,4,0
13,0,03,5BF4,30,0
13,0,03,5C0A,40,0
13,0,03,5C60,8,0
13,0,04,403B,15571,2563
13,0,04,4453,143402,18943
13,0,04,44D8,20599,3049
13,0,04,450E,31169,10662
13,0,04,4525,31169,10662
13,0,04,4546,1668,1130
13,0,04,455D,1668,1130
13,0,04,46C2,2655,275
13,0,04,476D,175,68
13,0,04,4FCF,61,9
13,0,04,4FE4,61,9
13,0,04,69E7,1,0
13,0,06,6E28,2,0
13,0,06,727E,6,0
13,0,06,781F,8,0
13,0,07,4C43,38,0
13,0,07,4F75,2508,0
13,0,07,4FF2,32,0
13,0,07,5022,1771,0
13,0,07,5039,1771,0
13,0,07,5054,294,0
13,0,07,506B,294,0
13,0,07,51DF,2613,2142
13,0,07,51ED,2611,2142
13,0,07,51FB,2604,2141
13,0,07,7706,1,0
13,0,09,4DAE,64,42
13,0,09,4DBC,64,42
13,0,09,5445,12,0
13,0,12,7B3D,10,0
13,1,00,0187,16,0
13,1,00,020D,3613,0
13,1,00,021D,2,0
13,1,00,02AB,782,0
13,1,00,0330,4,0
13,1,00,0614,110,0
13,1,00,0623,23,0
13,1,00,06FF,4,0
13,1,00,087D,88,0
13,1,00,1B6D,109,73
13,1,00,2DFD,12,0
13,1,00,2F2D,10884,6852
13,1,00,30AB,10,0
13,1,02,4546,4,0
13,1,03,46CB,14,0
13,1,03,55D2,40,0
13,1,04,409F,72352,9789
13,1,04,40B9,30906,5104
13,1,04,40BF,15414,2568
13,1,04,4145,397,120
13,1,04,4271,4772,3476
13,1,04,427D,13317,9745
13,1,04,4564,2254,1542
13,1,04,4579,6527,4598
13,1,04,45BC,2278,1532
13,1,04,45D2,1082,718
13,1,04,45E7,1058,702
13,1,04,4629,3400,2268
13,1,04,4716,15327,1600
13,1,04,471E,5242,548
13,1,04,4724,2611,274
13,1,04,47C1,13908,297
13,1,04,47DB,4644,144
13,1,04,47E1,2312,72
13,1,04,4A08,192,102
13,1,04,4A43,70,33
13,1,04,4CC0,31771,338
13,1,04,4F46,122,18
13,1,04,4F69,117,53
13,1,04,572F,799,475
13,1,04,6085,936,385
13,1,04,74CB,5744,950
13,1,06,5F9E,8,0
13,1,06,6D15,2,0
13,1,07,43D2,38,0
13,1,07,4C9A,252,0
13,1,07,4CD3,64,0
13,1,07,4CD9,32,0
13,1,07,4E59,2802,0
13,1,07,5072,332,0
13,1,07,508D,1232,0
13,1,07,50D0,332,0
13,1,07,50E6,256,0
13,1,07,50FB,256,0
13,1,07,5143,1024,0
13,1,09,5445,24,0
14,0,00,020D,653,0
14,0,00,021D,72,0
14,0,00,02AB,194981,0
14,0,00,0333,7524,6682
14,0,00,0522,26,0
14,0,00,0559,4,0
14,0,00,05A1,4,0
14,0,00,06D1,14,0
14,0,00,0763,4,0
14,0,00,0773,14,0
14,0,00,07A1,36,0
14,0,00,0955,10,0
14,0,00,095B,18,0
14,0,00,0AD7,148,0
14,0,00,0E1D,4,0
14,0,00,0F4B,4,0
14,0,00,193D,29,0
14,0,00,1D3D,8,0
14,0,00,2F2D,3404,0
14,0,00,593D,4,0
14,0,00,5D3D,4,0
14,0,02,4CFF,1848,1819
14,0,02,4DD1,8,0
14,0,02,4E2B,4,0
14,0,03,5BF4,780,579
14,0,03,5C0A,1040,772
14,0,03,5C60,80,73
14,0,04,43D4,4,0
14,0,04,60E4,322,195
14,0,04,60F2,322,195
14,0,04,6100,322,195
14,0,04,63FA,23,18
14,0,04,6704,249,167
14,0,04,6726,176,122
14,0,04,6741,44,28
14,0,04,6758,29,17
14,0,04,7BFF,1,0
14,0,05,781F,27,0
14,0,07,6B56,4748,709
14,0,07,6B64,4737,709
14,0,07,6B72,4840,709
14,0,12,79FD,1,0
14,1,00,011C,26,26
14,1,00,011D,284,283
14,1,00,012B,2,2
14,1,00,020D,2557,0
14,1,00,021D,10,10
14,1,00,02AB,146,0
14,1,00,0661,2,2
14,1,00,06FF,41,41
14,1,00,0E1D,1,1
14,1,00,180D,8,8
14,1,00,268E,4,4
14,1,00,2DFD,10,10
14,1,00,2F2D,15382,2730
14,1,00,30AB,2,0
14,1,02,4546,8,0
14,1,02,5117,1848,1819
14,1,03,46CB,679,343
14,1,03,49C8,252,224
14,1,03,55D2,889,784
14,1,04,4215,4,0
14,1,04,6305,130,72
14,1,04,66DB,368,262
14,1,1F,51AF,1,0
14,1,1F,538E,28,28
15,0,00,01A9,4,0
15,0,00,020D,882,0
15,0,00,021D,102,0
15,0,00,02AB,24,0
15,0,00,0333,1656,1428
15,0,00,059E,4,0
15,0,00,05A1,4,0
15,0,00,0661,4,0
15,0,00,06C7,14,0
15,0,00,06FF,4,0
15,0,00,0721,18,0
15,0,00,0AD7,741,0
15,0,00,0D4B,4,0
15,0,00,0DAD,4,0
15,0,00,0F2F,12,0
15,0,00,0FF1,4,0
15,0,00,1021,4,0
15,0,00,193D,8,0
15,0,00,2F2D,5162,0
15,0,00,593D,12,0
15,0,00,5D3D,59,0
15,0,02,4DD1,6,0
15,0,03,5BF4,24,0
15,0,03,5C0A,32,0
15,0,03,5C60,4,0
15,0,03,5DED,2,0
15,0,03,75D5,1,0
15,0,03,7AD7,2184,1468
15,0,03,7AE5,2192,1467
15,0,03,7AF3,2189,1465
15,0,05,41C5,37,0
15,0,05,781F,121,0
15,0,06,6E28,13,0
15,0,07,4518,10,0
15,0,07,4526,10,0
15,0,07,4534,10,0
15,0,07,4669,10,0
15,0,07,4677,10,0
15,0,07,4685,10,0
15,0,07,5F35,12,0
15,0,07,71FF,26044,19526
15,0,07,720D,26040,19523
15,0,07,721B,26016,19512
15,0,07,7229,26010,19507
15,0,07,73A3,1807,1720
15,0,07,73CF,1204,1123
15,0,07,7448,3622,3428
15,0,07,7465,336,324
15,0,07,7482,365,365
15,0,07,749B,373,369
15,0,07,74E4,884,855
15,0,07,750C,859,824
15,0,07,7534,969,929
15,0,07,758C,405,398
15,0,07,75B4,337,333
15,0,07,75DC,393,374
15,0,07,7635,353,342
15,0,07,765D,399,389
15,0,07,7685,351,344
15,0,07,76DE,379,371
15,0,07,7706,387,371
15,0,07,772E,401,394
15,0,07,7881,26171,19572
15,0,07,789E,26090,19560
15,0,07,78C7,684,663
15,0,07,78DA,296,273
15,0,07,78ED,346,304
15,0,07,78FC,342,274
15,0,07,7A27,44350,34540
15,0,07,7A37,41912,33874
15,1,00,020D,3995,0
15,1,00,0252,16,0
15,1,00,02AB,683,0
15,1,00,2F2D,119989,91235
15,1,00,30AB,4,0
15,1,02,4546,6,0
15,1,03,530C,2,0
15,1,03,553D,24,0
15,1,03,55D2,16,0
15,1,06,6D15,13,0
15,1,07,71EE,26111,19572
15,1,07,71F1,27758,21074
15,1,07,72E1,2507,2345
15,1,07,7352,1228,1196
15,1,07,735B,80461,62895
15,1,07,738B,961,945
15,1,07,73B3,393,380
15,1,07,7C10,4507,4297
15,1,1F,4EDD,4,4
16,0,00,01AF,4,0
16,0,00,020D,571,0
16,0,00,021D,42,0
16,0,00,0243,24,0
16,0,00,0333,40476,38316
16,0,00,06FF,4,0
16,0,00,07A1,14,0
16,0,00,0955,12,0
16,0,00,095B,22,0
16,0,00,0AD7,32,0
16,0,00,0E83,4,0
16,0,00,193D,4,0
16,0,00,2F2D,3403,0
16,0,00,593D,4,0
16,0,02,4CFF,20,0
16,0,02,4DD1,2,0
16,0,03,6B7F,1,0
16,0,03,791A,3363,876
16,0,03,7928,3367,880
16,0,03,7936,3363,861
16,0,04,448F,12,0
16,0,05,41C5,2,0
16,0,05,781F,16,0
16,0,06,5429,2,0
16,0,06,54AA,2,0
16,0,06,552B,2,0
16,0,06,57DA,22,0
16,0,06,57F2,22,0
16,0,06,58DA,44,0
16,0,06,59E0,2274,298
16,0,06,59F4,112,76
16,0,06,6DF9,600,0
16,0,06,6E28,56,0
16,0,06,781F,32,0
16,0,07,7706,1,0
16,0,07,7821,5547,5217
16,0,07,7830,1658,1497
16,0,07,783F,18927,12870
16,0,07,7855,24497,18105
16,0,07,7C0D,54128,50308
16,0,07,7C7C,29522,28551
16,0,08,4D43,2,0
16,1,00,020D,2757,0
16,1,00,021D,4,0
16,1,00,02AB,26,0
16,1,00,06FF,2,0
16,1,00,1F3A,2,0
16,1,00,2F2D,12507,2991
16,1,00,309D,1,0
16,1,00,30AB,6,0
16,1,02,4546,2,0
16,1,02,5117,16,0
16,1,04,40BC,8,0
16,1,04,4721,2,0
16,1,04,47DE,2,0
16,1,06,5794,44,0
16,1,06,5877,14,0
16,1,06,5880,14,0
16,1,06,5889,8,0
16,1,06,5892,8,0
16,1,06,5F9E,32,0
16,1,06,6D12,600,0
16,1,06,6D15,56,0
16,1,07,71E8,24497,18105
16,1,07,71EB,26132,19584
16,1,07,729D,11666,10528
16,1,07,72BC,12206,10914
16,1,07,72DE,10258,9661
16,1,07,7327,4817,4580
16,1,07,73B3,7190,6841
16,1,07,73FC,14371,13688
16,1,07,7772,15151,14863
16,1,07,7788,7991,7784
16,1,1F,40BD,11,11
16,1,1F,43A3,1,0
17,0,00,01C9,4,0
17,0,00,020D,671,0
17,0,00,021D,116,0
17,0,00,024C,4,0
17,0,00,02AB,39,0
17,0,00,0333,20440,7249
17,0,00,06C7,4,0
17,0,00,0721,16,0
17,0,00,0869,4,0
17,0,00,09E1,4,0
17,0,00,0AD7,9700,0
17,0,00,0D69,4,0
17,0,00,1021,14,0
17,0,00,193D,212,0
17,0,00,1D3D,212,0
17,0,00,2F2D,3426,0
17,0,00,593D,8,0
17,0,00,5D3D,63,0
17,0,02,4DD1,12,0
17,0,03,5BF4,42,0
17,0,03,5C0A,56,0
17,0,03,5C60,4,0
17,0,03,5FD5,4907,416
17,0,03,5FE3,4907,416
17,0,03,5FF1,4897,408
17,0,03,60B0,11152,1836
17,0,04,4AFF,276,197
17,0,04,4B0D,276,197
17,0,06,50D3,11670,46
17,0,06,50E1,11676,46
17,0,06,5335,54,30
17,0,06,5343,54,30
17,0,06,5916,11709,89
17,0,06,592E,11709,89
17,0,06,5E97,26971,2090
17,0,06,5EA5,26970,2090
17,0,06,5EB3,26972,2090
17,0,06,5EC1,26972,2090
17,0,06,5ECF,26973,2090
17,0,06,5EDD,26973,2090
17,0,06,5EEB,26971,2090
17,0,06,5EF9,26971,2090
17,0,06,5F07,26971,2090
17,0,06,61BB,2639,2068
17,0,06,61D3,2636,2065
17,0,06,61F4,1145,1041
17,0,06,6231,1183,1064
17,0,06,623F,1175,1056
17,0,06,65AA,339,309
17,0,06,6601,268,244
17,0,06,6658,284,279
17,0,06,66B3,318,295
17,0,06,6B87,27755,2778
17,0,06,6B9A,29,21
17,0,06,6BA8,29,21
17,0,06,6BBB,17,9
17,0,06,6BC9,17,9
17,0,06,6BD7,17,9
17,0,06,6BEA,12,8
17,0,06,6BF8,12,8
17,0,06,6C06,12,8
17,0,06,6C14,12,8
17,0,06,6C23,28,0
17,0,06,6C31,28,0
17,0,06,6C3F,28,0
17,0,06,6C4D,28,0
17,0,06,6E28,217384,43802
17,0,06,70DB,30762,6234
17,0,06,70EE,579,553
17,0,06,7150,209672,12776
17,0,06,7155,219524,70648
17,0,06,72CC,815,683
17,0,06,72DA,815,683
17,0,06,72E8,815,683
17,0,06,72F6,815,683
17,0,06,7304,815,683
17,0,06,7312,815,683
17,0,06,7320,815,683
17,0,06,732E,815,683
17,0,06,733C,815,683
17,0,06,781F,8,0
17,0,07,4452,6,0
17,0,07,4460,6,0
17,0,07,447C,6,0
17,0,07,448A,6,0
17,0,07,4498,6,0
17,0,07,47C6,2,0
17,0,07,47D4,2,0
17,0,07,47F0,2,0
17,0,07,47FE,2,0
17,0,07,480C,2,0
17,0,07,5F35,48,0
17,0,07,7706,1,0
17,0,08,41A4,12667,862
17,0,08,41C0,12668,863
17,0,08,41CE,12668,863
17,0,08,41DC,12668,863
17,0,09,5030,759,303
17,0,3D,781F,8,0
17,1,00,020D,2563,0
17,1,00,02AB,9686,0
17,1,00,0614,171,147
17,1,00,0623,53,0
17,1,00,0683,6,0
17,1,00,0AD7,402,0
17,1,00,18FF,1,1
17,1,00,268E,4,0
17,1,00,2CFE,1,1
17,1,00,2F2D,341529,31624
17,1,00,30AB,10,0
17,1,00,5501,4,0
17,1,02,4546,12,0
17,1,03,46CB,14,0
17,1,03,55D2,84,0
17,1,03,6022,4871,400
17,1,03,6055,700,518
17,1,03,609A,5581,918
17,1,06,4200,1,1
17,1,06,5104,23268,92
17,1,06,5366,150,86
17,1,06,5F2F,27082,2089
17,1,06,5F9E,8,0
17,1,06,6047,2669,2179
17,1,06,6080,1871,1373
17,1,06,60B1,102,86
17,1,06,60BD,630,492
17,1,06,60D2,1145,1041
17,1,06,63E5,18,18
17,1,06,6423,111,91
17,1,06,657A,1074,952
17,1,06,672B,278,238
17,1,06,681E,350,322
17,1,06,68EC,324,300
17,1,06,6A2C,332,308
17,1,06,6D15,217384,43802
17,1,06,6D28,31341,6787
17,1,06,7138,214598,41712
17,1,06,7142,214598,41712
17,1,06,7358,813,681
17,1,1F,4079,75,51
17,1,1F,40BD,4,0
17,1,1F,4745,1,1
17,1,1F,4851,1,0
18,0,00,01A9,4,0
18,0,00,020D,735,0
18,0,00,021D,180,0
18,0,00,02AB,12,0
18,0,00,0333,1032,571
18,0,00,0559,4,0
18,0,00,0683,4,0
18,0,00,0AD7,420,0
18,0,00,193D,12,0
18,0,00,1D3D,5,0
18,0,00,2F2D,4086,0
18,0,00,593D,20,0
18,0,00,5D3D,63,0
18,0,01,776F,1,0
18,0,02,4DD1,2,0
18,0,03,7C31,5668,794
18,0,03,7C3F,5667,794
18,0,03,7C4D,5676,793
18,0,04,4B1B,276,197
18,0,04,4B29,276,197
18,0,04,4B37,368,197
18,0,05,41C5,18,0
18,0,06,6E28,2,0
18,0,06,781F,16,0
18,0,07,446E,6,0
18,0,07,47E2,2,0
18,0,08,402B,4189,405
18,0,08,4039,4184,400
18,0,08,4188,1160,866
18,0,08,4196,6930,857
18,0,08,41B2,12667,862
18,0,08,41EA,12668,863
18,0,08,4380,133,118
18,0,08,4519,56,44
18,0,08,4528,28,24
18,0,08,4809,264,197
18,0,08,4867,297,245
18,0,08,48C5,323,124
18,0,08,48D3,320,124
18,0,08,4D9D,23526,446
18,0,08,74CD,26,0
18,0,08,74D7,24,0
18,1,00,01E1,2,0
18,1,00,020D,3107,0
18,1,00,02AB,410,0
18,1,00,032E,1,0
18,1,00,0AD7,1,0
18,1,00,2DFD,1,0
18,1,00,2F2D,60553,7591
18,1,00,30AB,10,0
18,1,02,4546,2,0
18,1,06,5F9E,16,0
18,1,06,6D15,2,0
18,1,08,42A7,297,245
18,1,08,4351,183,128
18,1,08,4438,81,69
18,1,08,44BC,84,68
18,1,08,48F7,11594,138
18,1,08,4A34,169,85
18,1,08,4D8B,11763,223
18,1,08,7494,50,0
18,1,1F,40F8,7,0
19,0,00,020D,617,0
19,0,00,021D,48,0
19,0,00,024F,2,0
19,0,00,027F,14,0
19,0,00,02A7,3,0
19,0,00,02AE,4,0
19,0,00,0333,70,0
19,0,00,04C4,2,0
19,0,00,06C7,26,0
19,0,00,06D1,14,0
19,0,00,0755,14,0
19,0,00,0AD7,388,0
19,0,00,0F25,4,0
19,0,00,193D,6,0
19,0,00,1ECE,36,32
19,0,00,2F2D,3028,0
19,0,00,593D,4,0
19,0,02,4DD1,6,0
19,0,06,781F,8,0
19,0,07,406D,348,155
19,0,07,407B,348,155
19,0,07,4089,348,155
19,0,07,53A2,11299,8262
19,0,09,4E69,29,19
19,0,09,4E77,29,19
19,0,09,4E85,29,19
19,1,00,020D,2248,0
19,1,00,02AB,384,0
19,1,00,0AD7,2,0
19,1,00,2F2D,1159,522
19,1,00,30AB,4,0
19,1,02,4546,6,0
19,1,04,6644,36,32
19,1,06,5F9E,8,0
19,1,07,5238,11299,8262
19,1,07,5F35,2,0
1A,0,00,020D,635,0
1A,0,00,021D,80,0
1A,0,00,0333,3772,3024
1A,0,00,05A1,8,0
1A,0,00,06F5,5,0
1A,0,00,06FF,4,0
1A,0,00,07F7,26,0
1A,0,00,0843,4,0
1A,0,00,095B,20,0
1A,0,00,0AD7,809,0
1A,0,00,0E1D,4,0
1A,0,00,0E83,42,0
1A,0,00,0F3B,2,0
1A,0,00,193D,118,0
1A,0,00,2F2D,3108,0
1A,0,00,593D,12,0
1A,0,00,5D3D,4,0
1A,0,02,4DD1,2,0
1A,0,04,6E61,571,425
1A,0,04,7C4C,662,586
1A,0,05,41C5,8,0
1A,0,05,4398,296,3
1A,0,05,4480,96,1
1A,0,05,44D6,41,1
1A,0,05,571E,856,5
1A,0,05,5733,856,5
1A,0,05,5748,856,5
1A,0,05,5824,382,3
1A,0,05,7521,380,60
1A,0,05,752F,369,60
1A,0,05,753D,2506,73
1A,0,06,483D,2,0
1A,0,07,5F35,12,0
1A,0,09,49FA,670,515
1A,0,09,4A08,674,515
1A,0,09,4A16,671,515
1A,0,12,7BCB,1,0
1A,0,1A,781F,40,0
1A,1,00,020D,2341,0
1A,1,00,02AB,753,0
1A,1,00,0333,1,0
1A,1,00,1B3C,344,305
1A,1,00,2F2D,5823,1743
1A,1,00,30AB,2,0
1A,1,02,4546,2,0
1A,1,04,6958,571,425
1A,1,04,75FD,662,586
1A,1,05,43F3,846,9
1A,1,05,43FF,282,3
1A,1,05,5574,1722,6
1A,1,05,562B,100,0
1B,0,00,01E1,12,0
1B,0,00,020D,909,0
1B,0,00,021D,136,0
1B,0,00,02B1,7,0
1B,0,00,0333,240,0
1B,0,00,0623,4,0
1B,0,00,0745,5,0
1B,0,00,0763,4,0
1B,0,00,0843,8,0
1B,0,00,087D,4,0
1B,0,00,0955,5,0
1B,0,00,0AD7,409,0
1B,0,00,0D69,48,0
1B,0,00,0E1D,4,0
1B,0,00,0F3B,14,0
1B,0,00,0F4B,12,0
1B,0,00,0FF1,14,0
1B,0,00,193D,8,0
1B,0,00,1D3D,94,0
1B,0,00,2F2D,5694,0
1B,0,00,33A7,50,0
1B,0,00,33B5,2,0
1B,0,00,593D,92,0
1B,0,00,5D3D,4,0
1B,0,04,5A9D,2,0
1B,0,05,41C5,45,0
1B,0,05,453D,2,0
1B,0,05,781F,40,0
1B,0,05,7984,270,156
1B,0,06,6E28,70,0
1B,0,06,727E,6,0
1B,0,06,781F,40,0
1B,0,07,483D,14,0
1B,0,07,5F35,24,0
1B,0,09,42CC,8247,93
1B,0,09,42DA,8247,93
1B,0,09,42E8,8247,93
1B,0,09,6183,268,160
1B,0,09,6191,268,160
1B,0,09,6340,265,166
1B,0,09,7190,2057082,1658856
1B,0,1A,781F,56,0
1B,1,00,020D,4567,0
1B,1,00,02AB,399,0
1B,1,00,0623,11,0
1B,1,00,0683,2,0
1B,1,00,2F2D,1231,642
1B,1,00,30AB,10,0
1B,1,00,3C4D,4,0
1B,1,00,3E37,2,0
1B,1,04,5A44,2,0
1B,1,06,5F9E,40,0
1B,1,06,6D15,70,0
1B,1,09,6353,514265,414714
1B,1,09,716D,514265,414714
1B,1,09,7178,1028552,829428
1C,0,00,011D,4,0
1C,0,00,01AF,4,0
1C,0,00,01ED,4,0
1C,0,00,020D,1661,0
1C,0,00,021D,352,0
1C,0,00,02AB,2,0
1C,0,00,02B1,12,0
1C,0,00,032E,4,0
1C,0,00,0333,20036,6586
1C,0,00,05A1,4,0
1C,0,00,0614,26,0
1C,0,00,0661,4,0
1C,0,00,06F5,10,0
1C,0,00,06FF,7,0
1C,0,00,0721,4,0
1C,0,00,079E,26,0
1C,0,00,0869,4,0
1C,0,00,0955,10,0
1C,0,00,095B,4,0
1C,0,00,0AD7,1045,0
1C,0,00,0DAD,16,0
1C,0,00,0E1D,14,0
1C,0,00,0E5D,4,0
1C,0,00,0EA1,4,0
1C,0,00,0F2F,4,0
1C,0,00,0F35,6,0
1C,0,00,0F3B,4,0
1C,0,00,0F4B,4,0
1C,0,00,0FF1,4,0
1C,0,00,193D,67,0
1C,0,00,1D3D,10,0
1C,0,00,2F2D,9308,0
1C,0,00,593D,4,0
1C,0,03,5DED,10,0
1C,0,03,637F,226,174
1C,0,03,638D,226,174
1C,0,03,639B,226,174
1C,0,03,6A8D,152,90
1C,0,03,6A9B,152,90
1C,0,03,6AA9,152,90
1C,0,03,6AB7,152,90
1C,0,03,6C48,45,29
1C,0,03,6C56,45,29
1C,0,03,6C64,45,29
1C,0,03,6E22,37,37
1C,0,03,6E30,37,37
1C,0,03,6E3E,37,37
1C,0,03,7484,847,751
1C,0,03,74D6,19516,18996
1C,0,03,7501,1438,1358
1C,0,03,7561,345,329
1C,0,03,756F,345,329
1C,0,04,4AD5,276,197
1C,0,04,4AE3,276,197
1C,0,04,4AF1,276,197
1C,0,04,69D9,116,105
1C,0,04,69E7,116,105
1C,0,04,6A15,169,145
1C,0,04,6A23,169,145
1C,0,04,6A51,155,126
1C,0,04,6A5F,155,126
1C,0,04,6A91,120,101
1C,0,04,6A9F,120,101
1C,0,04,6E6F,571,425
1C,0,04,740F,7850,2643
1C,0,04,767E,188,174
1C,0,04,768C,188,174
1C,0,04,76BA,212,200
1C,0,04,76C8,212,200
1C,0,04,76F6,176,170
1C,0,04,7704,176,170
1C,0,04,7736,167,153
1C,0,04,7744,167,153
1C,0,04,7C5A,662,586
1C,0,05,45AF,126,2
1C,0,05,45BD,126,2
1C,0,05,45CB,126,2
1C,0,05,461C,126,2
1C,0,05,462A,126,2
1C,0,05,4638,127,2
1C,0,05,4646,127,2
1C,0,06,6202,1145,1041
1C,0,06,65B8,339,309
1C,0,06,65C6,339,309
1C,0,06,660F,268,244
1C,0,06,661D,268,244
1C,0,06,6666,284,279
1C,0,06,6674,284,279
1C,0,06,66C1,318,295
1C,0,06,66CF,318,295
1C,0,07,5F35,12,0
1C,0,07,78ED,120,0
1C,0,08,43B2,97,81
1C,0,08,43C0,97,81
1C,0,08,4875,297,245
1C,0,08,74CD,8,0
1C,0,08,74D7,8,0
1C,0,09,4DCA,64,42
1C,0,09,4E0C,4271,752
1C,0,09,4E1C,4258,767
1C,0,1A,781F,32,0
1C,0,3D,781F,8,0
1C,1,00,020D,7220,0
1C,1,00,021D,30,0
1C,1,00,02AB,1039,0
1C,1,00,0AD7,6,0
1C,1,00,2F2D,17267,8010
1C,1,00,309D,4,0
1C,1,00,30AB,6,0
1C,1,03,530C,10,0
1C,1,03,6D1D,1406,1326
1C,1,03,6D6B,1355,1275
1C,1,03,7333,32,32
1C,1,03,7336,182,134
1C,1,03,7456,7818,7718
1C,1,03,7473,1438,1358
1C,1,03,749A,502,422
1C,1,03,74C2,9758,9498
1C,1,04,6958,571,425
1C,1,04,709D,7850,2643
1C,1,04,75FD,662,586
1C,1,06,60D2,1145,1041
1C,1,06,6E28,2,0
1C,1,08,42A7,297,245
1C,1,08,7494,16,0
1C,1,1F,4569,2,0
1C,1,1F,45FF,8,2
1C,1,1F,4785,1,0
1C,1,1F,48F5,2,0
1C,1,1F,4EDD,2,0
1D,0,00,020D,390,0
1D,0,00,021D,118,0
1D,0,00,02AB,79,0
1D,0,00,0333,24180,19422
1D,0,00,03F1,2,0
1D,0,00,06C7,4,0
1D,0,00,06F5,4,0
1D,0,00,0763,4,0
1D,0,00,0AD7,2434,0
1D,0,00,0D4B,18,0
1D,0,00,0F35,2,0
1D,0,00,0FF1,4,0
1D,0,00,0FF3,12,0
1D,0,00,193D,32,0
1D,0,00,1D3D,32,0
1D,0,00,2F2D,2560,0
1D,0,00,593D,20,0
1D,0,00,5D3D,14,0
1D,0,03,4472,313,271
1D,0,03,4485,108,91
1D,0,04,593E,1998,1760
1D,0,04,5954,1998,1760
1D,0,04,740F,8777,7136
1D,0,05,45D9,126,2
1D,0,05,45E7,124,2
1D,0,05,46EE,99,1
1D,0,05,470A,99,1
1D,0,05,47BB,52,0
1D,0,05,47D7,52,0
1D,0,05,484D,36,0
1D,0,05,4869,36,0
1D,0,05,77AB,3032,170
1D,0,07,5F35,24,0
1D,0,07,6987,1,0
1D,0,09,72CD,287,219
1D,0,09,72D8,289,218
1D,0,09,72E2,289,218
1D,0,3D,781F,24,0
1D,1,00,011D,168,155
1D,1,00,020D,2046,0
1D,1,00,021D,52,48
1D,1,00,02AB,2426,0
1D,1,00,0897,2,0
1D,1,00,0AD7,64,0
1D,1,00,1B18,15,0
1D,1,00,2F2D,3871,335
1D,1,00,30AB,4,0
1D,1,04,59ED,940,692
1D,1,04,5C7C,3056,2828
1D,1,04,6FCD,8777,7136
1D,1,1F,6DAC,37,0
1D,1,1F,74C7,1,0
1E,0,00,020D,384,0
1E,0,00,021D,24,0
1E,0,00,0333,393,267
1E,0,00,0745,10,0
1E,0,00,0955,14,0
1E,0,00,0AD7,449,0
1E,0,00,0F2F,2,0
1E,0,00,193D,22,0
1E,0,00,1D3D,22,0
1E,0,00,2F2D,2746,0
1E,0,04,45A6,1136,767
1E,0,04,45F5,529,351
1E,0,06,4B35,2,0
1E,0,06,4CEC,8363,276
1E,0,06,4CFA,8363,276
1E,0,06,4D08,8361,276
1E,0,06,4D16,8361,276
1E,0,06,4D24,8361,276
1E,0,06,4D45,133776,4416
1E,0,06,56C5,1239,402
1E,0,06,56DA,1237,402
1E,0,06,56EF,1237,402
1E,0,06,6E28,13,0
1E,0,07,50BA,158,0
1E,0,07,5109,128,0
1E,0,07,6A81,322,267
1E,0,09,72CD,10686,1925
1E,0,09,72D8,10650,1916
1E,0,09,72E2,10649,1916
1E,0,1A,781F,32,0
1E,0,1A,7A7B,1,0
1E,0,3D,781F,8,0
1E,1,00,020D,2198,0
1E,1,00,02A0,4,0
1E,1,00,02AB,449,0
1E,1,00,06FF,1,0
1E,1,00,0AD7,44,0
1E,1,00,2F2D,177534,5796
1E,1,00,34AC,9604,1971
1E,1,04,4233,1136,767
1E,1,04,423B,508,338
1E,1,04,493B,21,13
1E,1,06,45EB,2,0
1E,1,06,4EB7,1122,768
1E,1,06,4F63,120,120
1E,1,06,51B9,522,318
1E,1,06,6D15,13,0
1E,1,07,4E0F,158,0
1E,1,07,4E17,128,0
1F,0,00,01AF,12,0
1F,0,00,01E1,9152,8904
1F,0,00,020D,561,0
1F,0,00,021D,46,0
1F,0,00,0249,24,0
1F,0,00,0269,12,0
1F,0,00,027F,300,54
1F,0,00,02AB,19,0
1F,0,00,0333,79275195,47164198
1F,0,00,03F1,12,0
1F,0,00,0683,4,0
1F,0,00,07A1,64,0
1F,0,00,095B,8,0
1F,0,00,09E1,4,0
1F,0,00,0AD7,192,0
1F,0,00,101E,43313,62
1F,0,00,1021,43313,62
1F,0,00,1024,43313,62
1F,0,00,1437,4,0
1F,0,00,179D,20383,7249
1F,0,00,199D,66,0
1F,0,00,1D3D,4,0
1F,0,00,1E9D,389,267
1F,0,00,2F2D,2908,0
1F,0,00,309D,60,0
1F,0,00,5D3D,4,0
1F,0,02,4DD1,2,0
1F,0,03,409D,2,0
1F,0,06,727E,6,0
1F,0,06,781F,8,0
1F,0,09,71E1,4,0
1F,0,09,71EB,4,0
1F,0,0F,643D,4,0
1F,0,1A,781F,33,0
1F,1,00,0108,12862,8522
1F,1,00,011C,2264,1726
1F,1,00,011D,142336,44319
1F,1,00,012B,135,85
1F,1,00,012D,272,144
1F,1,00,0164,214,121
1F,1,00,017B,3204,139
1F,1,00,017E,144,115
1F,1,00,0187,662,100
1F,1,00,01A6,116,62
1F,1,00,01A9,219,148
1F,1,00,01AC,236,122
1F,1,00,01AF,28628,10556
1F,1,00,01B2,225,60
1F,1,00,01C6,179,103
1F,1,00,01C9,165,107
1F,1,00,01CE,152,112
1F,1,00,01E1,131,83
1F,1,00,01E4,172,120
1F,1,00,01ED,220,109
1F,1,00,01FA,203,95
1F,1,00,0205,397,306
1F,1,00,020D,14423,1285
1F,1,00,021D,2310,1576
1F,1,00,0227,109,69
1F,1,00,0243,126,108
1F,1,00,0249,164,93
1F,1,00,024C,110,93
1F,1,00,024F,110,99
1F,1,00,0252,80,62
1F,1,00,0266,95,75
1F,1,00,0269,85,62
1F,1,00,027F,111,100
1F,1,00,028C,108,74
1F,1,00,0298,155,114
1F,1,00,02A0,259,246
1F,1,00,02A7,109,92
1F,1,00,02AB,396,215
1F,1,00,02AE,1760,187
1F,1,00,02B1,228,215
1F,1,00,02F0,95,83
1F,1,00,032E,399,356
1F,1,00,0330,413,387
1F,1,00,0333,21411,7965
1F,1,00,03F1,334,291
1F,1,00,04C4,189,158
1F,1,00,0522,184,167
1F,1,00,0559,412,337
1F,1,00,0570,63,55
1F,1,00,059E,178,160
1F,1,00,05A1,118,105
1F,1,00,05E0,267,235
1F,1,00,0614,370,313
1F,1,00,0623,173,137
1F,1,00,0661,60,35
1F,1,00,0683,137,55
1F,1,00,06C7,75,57
1F,1,00,06D1,81,68
1F,1,00,06F5,194,154
1F,1,00,06FF,20209,3347
1F,1,00,0702,1321,1197
1F,1,00,0721,199,176
1F,1,00,0724,53,29
1F,1,00,0745,37,34
1F,1,00,0752,148,129
1F,1,00,0755,138,116
1F,1,00,0763,75,55
1F,1,00,0766,178,166
1F,1,00,0773,108,105
1F,1,00,0776,55,51
1F,1,00,079E,94,73
1F,1,00,07A1,52,51
1F,1,00,07F4,52,31
1F,1,00,07F7,71,64
1F,1,00,083E,163,130
1F,1,00,0843,236,196
1F,1,00,0869,186,183
1F,1,00,087D,1134,966
1F,1,00,0897,287,256
1F,1,00,08AC,214,152
1F,1,00,0907,128,114
1F,1,00,0955,173,125
1F,1,00,0958,149,130
1F,1,00,095B,5,4
1F,1,00,096A,63,27
1F,1,00,09DE,127,110
1F,1,00,09E1,167,161
1F,1,00,0AB2,143,95
1F,1,00,0AD7,182,172
1F,1,00,0D32,15,10
1F,1,00,0D4B,11,8
1F,1,00,0D69,66,45
1F,1,00,0D8A,47,42
1F,1,00,0D9C,17,16
1F,1,00,0DAD,59,29
1F,1,00,0DB8,11,11
1F,1,00,0DDE,55,24
1F,1,00,0DFA,22,0
1F,1,00,0E1D,635,510
1F,1,00,0E3E,40,40
1F,1,00,0E58,153,124
1F,1,00,0E5D,164,125
1F,1,00,0E72,103,95
1F,1,00,0E83,11,7
1F,1,00,0EA1,52,51
1F,1,00,0EC2,39,35
1F,1,00,0F02,11161,42
1F,1,00,0F24,107,100
1F,1,00,0F25,41,34
1F,1,00,0F2F,13,11
1F,1,00,0F35,39,37
1F,1,00,0F3B,10,5
1F,1,00,0F40,67,63
1F,1,00,0F4A,46,31
1F,1,00,0F4B,85,67
1F,1,00,0FF1,212,196
1F,1,00,0FF3,4,1
1F,1,00,101E,36,28
1F,1,00,1021,179,163
1F,1,00,1024,110,96
1F,1,00,1060,305,280
1F,1,00,1154,78,64
1F,1,00,11B6,24,21
1F,1,00,143A,3,3
1F,1,00,1485,25,13
1F,1,00,14AC,38,29
1F,1,00,14E1,6,6
1F,1,00,14E5,54,52
1F,1,00,14F4,7,6
1F,1,00,1501,421,378
1F,1,00,1528,8,6
1F,1,00,1554,6,3
1F,1,00,155D,233,105
1F,1,00,1561,45,33
1F,1,00,160E,56,39
1F,1,00,1668,7,7
1F,1,00,1675,120,37
1F,1,00,167C,10,9
1F,1,00,1689,16,11
1F,1,00,168F,53,31
1F,1,00,1690,35,33
1F,1,00,169C,40,36
1F,1,00,16A3,36,30
1F,1,00,171B,170,160
1F,1,00,1771,41,41
1F,1,00,1778,52,52
1F,1,00,1780,49,42
1F,1,00,1784,53,47
1F,1,00,178C,225,211
1F,1,00,1792,27,25
1F,1,00,1798,136,129
1F,1,00,179D,129,46
1F,1,00,17A2,68,67
1F,1,00,17A7,79,76
1F,1,00,17AF,82,80
1F,1,00,17C5,78,68
1F,1,00,17CC,68,68
1F,1,00,17D0,102,92
1F,1,00,17D4,51,45
1F,1,00,17D8,162,151
1F,1,00,17DC,209,200
1F,1,00,17E0,87,84
1F,1,00,17E7,287,237
1F,1,00,17EE,120,118
1F,1,00,17F2,99,91
1F,1,00,17F5,151,148
1F,1,00,17FA,65,64
1F,1,00,1805,266,231
1F,1,00,180D,304,295
1F,1,00,1810,16,16
1F,1,00,1817,21,19
1F,1,00,181F,22,17
1F,1,00,1826,19,19
1F,1,00,182A,8,8
1F,1,00,1830,1,1
1F,1,00,1837,1,1
1F,1,00,183F,71,67
1F,1,00,1842,49,44
1F,1,00,1845,15,13
1F,1,00,1848,4,0
1F,1,00,184B,32,27
1F,1,00,184E,23,23
1F,1,00,1851,31,26
1F,1,00,1854,41,41
1F,1,00,1857,65,19
1F,1,00,185A,15,15
1F,1,00,185C,10,9
1F,1,00,1862,34,32
1F,1,00,1865,281,149
1F,1,00,186F,7,7
1F,1,00,1870,3,2
1F,1,00,1875,150,42
1F,1,00,1878,73,72
1F,1,00,187B,19,19
1F,1,00,187E,32,30
1F,1,00,1881,17,17
1F,1,00,1884,52,44
1F,1,00,1887,38,37
1F,1,00,188A,83,80
1F,1,00,1891,12,12
1F,1,00,18A0,58,47
1F,1,00,18A7,3,2
1F,1,00,18B5,23,23
1F,1,00,18BF,42,39
1F,1,00,18C2,20,11
1F,1,00,18C5,16,16
1F,1,00,18D4,41,39
1F,1,00,18DD,40,34
1F,1,00,18E0,88,28
1F,1,00,18ED,13,13
1F,1,00,18F4,92,86
1F,1,00,18FB,7,7
1F,1,00,18FF,1920,1731
1F,1,00,1909,253,229
1F,1,00,191B,6,1
1F,1,00,191F,4,0
1F,1,00,1923,38,28
1F,1,00,192A,3,0
1F,1,00,1934,5,0
1F,1,00,193D,243,102
1F,1,00,1940,4,0
1F,1,00,1943,55,9
1F,1,00,1946,1,0
1F,1,00,194C,5,0
1F,1,00,1956,7,0
1F,1,00,195A,1,0
1F,1,00,1960,200,177
1F,1,00,1965,2,0
1F,1,00,1980,1,0
1F,1,00,1983,39,0
1F,1,00,199A,4,0
1F,1,00,199D,15,2
1F,1,00,19A5,2,0
1F,1,00,19AA,2,0
1F,1,00,19B4,2,0
1F,1,00,19C6,4,0
1F,1,00,19E1,14,10
1F,1,00,19E5,1,0
1F,1,00,19F2,42,34
1F,1,00,19F6,4,0
1F,1,00,1A0C,1,0
1F,1,00,1A10,92,0
1F,1,00,1A17,25,0
1F,1,00,1A1D,1065,1018
1F,1,00,1A5D,10,10
1F,1,00,1A60,197,177
1F,1,00,1A89,3,0
1F,1,00,1ABF,3,0
1F,1,00,1AC2,13,13
1F,1,00,1ADE,18,18
1F,1,00,1AE2,896,617
1F,1,00,1AFF,1934,1724
1F,1,00,1B03,76,73
1F,1,00,1B09,280,256
1F,1,00,1B0E,7,7
1F,1,00,1B14,26,26
1F,1,00,1B18,46,31
1F,1,00,1B20,19,14
1F,1,00,1B32,36,35
1F,1,00,1B36,74,74
1F,1,00,1B3C,419,371
1F,1,00,1B40,15,15
1F,1,00,1B48,51,50
1F,1,00,1B4C,9,9
1F,1,00,1B50,1,1
1F,1,00,1B53,67,64
1F,1,00,1B57,13,12
1F,1,00,1B5E,3,0
1F,1,00,1B61,109,92
1F,1,00,1B65,11,11
1F,1,00,1B6C,29,29
1F,1,00,1B6D,56,17
1F,1,00,1BAA,19,15
1F,1,00,1BAE,2,0
1F,1,00,1BB6,10,10
1F,1,00,1BBA,5,5
1F,1,00,1BC2,16,13
1F,1,00,1BC5,10,9
1F,1,00,1BC6,42,42
1F,1,00,1BCB,45,43
1F,1,00,1BCE,7,7
1F,1,00,1BCF,94,93
1F,1,00,1BD7,1,0
1F,1,00,1BD8,149,146
1F,1,00,1BE0,19,19
1F,1,00,1BE1,1179,977
1F,1,00,1BE7,33,33
1F,1,00,1BEB,30,24
1F,1,00,1BF2,21,17
1F,1,00,1BFE,158,128
1F,1,00,1C02,187,178
1F,1,00,1C06,84,81
1F,1,00,1C0A,65,63
1F,1,00,1C12,22,19
1F,1,00,1C16,111,105
1F,1,00,1C1E,145,112
1F,1,00,1C21,199,193
1F,1,00,1C24,31,29
1F,1,00,1C29,68,67
1F,1,00,1C2D,316,311
1F,1,00,1C59,23,23
1F,1,00,1C63,153,152
1F,1,00,1C6C,10,10
1F,1,00,1C73,45,42
1F,1,00,1C77,83,79
1F,1,00,1C7A,68,67
1F,1,00,1C7F,51,41
1F,1,00,1C82,128,126
1F,1,00,1CD2,102,101
1F,1,00,1CEF,199,197
1F,1,00,1CF2,83,74
1F,1,00,1D33,13,0
1F,1,00,1D3D,251,111
1F,1,00,1D61,33,20
1F,1,00,1DBD,17,9
1F,1,00,1DD9,2,0
1F,1,00,1DDF,675,392
1F,1,00,1DE7,6,6
1F,1,00,1DED,5,0
1F,1,00,1E03,16,16
1F,1,00,1E09,253,229
1F,1,00,1E11,168,148
1F,1,00,1E1F,1,0
1F,1,00,1E2D,1,0
1F,1,00,1E5D,16,8
1F,1,00,1E65,2,0
1F,1,00,1E82,6,0
1F,1,00,1E9D,20,0
1F,1,00,1F3A,2,0
1F,1,00,218C,4,0
1F,1,00,24CF,11,8
1F,1,00,268E,7,7
1F,1,00,27BD,2,0
1F,1,00,286D,43,31
1F,1,00,2A2D,6,6
1F,1,00,2A41,20,1
1F,1,00,2AC2,12,10
1F,1,00,2ACD,4,0
1F,1,00,2AD8,2,0
1F,1,00,2B11,1,1
1F,1,00,2B3E,16,16
1F,1,00,2B51,11,3
1F,1,00,2B59,2,0
1F,1,00,2B98,2,0
1F,1,00,2BDB,1,1
1F,1,00,2BF2,6,6
1F,1,00,2C09,2,0
1F,1,00,2C1B,4,0
1F,1,00,2C25,6,0
1F,1,00,2C4F,1,1
1F,1,00,2C6D,1,1
1F,1,00,2C8E,18,16
1F,1,00,2C96,35,0
1F,1,00,2CBB,4,0
1F,1,00,2CD0,1306,1134
1F,1,00,2CD3,2,0
1F,1,00,2CDA,321,18
1F,1,00,2CEC,12,0
1F,1,00,2CF8,1,1
1F,1,00,2CFB,1,0
1F,1,00,2D01,5,5
1F,1,00,2D0D,4,0
1F,1,00,2DEF,2,0
1F,1,00,2DFD,6744,4140
1F,1,00,2E01,10,10
1F,1,00,2E15,2,0
1F,1,00,2E3F,24,24
1F,1,00,2E7C,1,0
1F,1,00,2F2D,8,0
1F,1,00,2F3C,2,0
1F,1,00,3044,1,1
1F,1,00,309D,79,22
1F,1,00,30AB,14,0
1F,1,00,30C4,32,21
1F,1,00,30D5,2,0
1F,1,00,314B,26,24
1F,1,00,3192,1,0
1F,1,00,32FA,2,2
1F,1,00,3300,76,51
1F,1,00,337F,1,0
1F,1,00,33B5,2,0
1F,1,00,33CE,2,0
1F,1,00,33F7,4,0
1F,1,00,33FC,20,16
1F,1,00,3404,8,0
1F,1,00,3407,1,1
1F,1,00,3451,2,0
1F,1,00,345D,2,0
1F,1,00,348D,17,0
1F,1,00,351C,8,0
1F,1,00,38C4,1674,1189
1F,1,00,38CC,10,8
1F,1,00,38CD,1,0
1F,1,00,38D4,2,0
1F,1,00,38DC,2,1
1F,1,00,3C4D,40,40
1F,1,00,3CCC,16,16
1F,1,00,3E37,2,0
1F,1,00,3E73,2,0
1F,1,00,3FE6,8,8
1F,1,00,417B,8,0
1F,1,00,4187,4,0
1F,1,00,4227,2,0
1F,1,00,4614,1,0
1F,1,00,46FF,3,0
1F,1,00,479E,2,0
1F,1,00,4E5D,2,0
1F,1,00,4F24,82,0
1F,1,00,5501,1,1
1F,1,00,555D,2,0
1F,1,00,5784,2,0
1F,1,00,593D,4,0
1F,1,00,5980,2,0
1F,1,00,5AED,2,0
1F,1,00,5C59,1,0
1F,1,00,5DD9,1,0
1F,1,00,5E2D,1,0
1F,1,00,6D7E,2,0
1F,1,00,6D81,2,0
1F,1,00,6DFD,29,19
1F,1,00,6E23,1,0
1F,1,00,7053,120,0
1F,1,00,7300,22,15
1F,1,00,7411,1,0
1F,1,00,7C4C,20,0
1F,1,00,7C4D,81,0
1F,1,02,407D,7,5
1F,1,02,4400,23,23
1F,1,02,4546,2,0
1F,1,02,50A6,12,0
1F,1,02,50AC,42,2
1F,1,03,409D,7,7
1F,1,03,40AD,6,0
1F,1,03,40BC,4,0
1F,1,03,44EE,3,0
1F,1,03,4EDE,2,0
1F,1,03,52FD,15,11
1F,1,03,56FD,2,0
1F,1,03,571A,7,5
1F,1,03,584D,133225,3120
1F,1,03,5887,315901,5152
1F,1,03,58BB,337795,5193
1F,1,03,58C9,152487,2909
1F,1,03,5B06,4325,2426
1F,1,03,5B41,170692,2706
1F,1,03,5B77,170637,2703
1F,1,03,5B81,7568,555
1F,1,03,6055,4,0
1F,1,03,7201,4,0
1F,1,03,781A,4,0
1F,1,04,407C,8,8
1F,1,04,4EB7,2,0
1F,1,04,6FFD,2,0
1F,1,04,75FD,2,0
1F,1,04,787C,4,0
1F,1,05,4425,57906,72
1F,1,05,4498,24,0
1F,1,05,46CD,37926,78
1F,1,05,478C,22020,36
1F,1,05,482C,12063,0
1F,1,05,5C02,8,8
1F,1,06,4080,2,0
1F,1,06,408E,3,0
1F,1,06,409C,105,42
1F,1,06,409F,3,3
1F,1,06,40A2,4,0
1F,1,06,40A5,13,1
1F,1,06,40AB,10,8
1F,1,06,40B7,38,5
1F,1,06,40BA,34,16
1F,1,06,4139,17,2
1F,1,06,418B,6,0
1F,1,06,4199,5,1
1F,1,06,41A7,60,50
1F,1,06,41B5,35,35
1F,1,06,4200,1,1
1F,1,06,421A,34,34
1F,1,06,4232,1,1
1F,1,06,4247,8,8
1F,1,06,42B6,21,16
1F,1,06,447F,1,1
1F,1,06,4487,7,6
1F,1,06,4490,20,16
1F,1,06,4498,174,12
1F,1,06,44A0,1,1
1F,1,06,44A8,6,2
1F,1,06,44B0,45,9
1F,1,06,44B8,931,711
1F,1,06,4699,2,0
1F,1,06,46A5,6,0
1F,1,06,4735,5,1
1F,1,06,47BB,1,1
1F,1,06,4802,9,1
1F,1,06,481E,3,1
1F,1,06,4887,2,0
1F,1,06,4890,11,1
1F,1,06,48B0,20,18
1F,1,06,48B3,35,19
1F,1,06,48D5,4,0
1F,1,06,4991,8,8
1F,1,06,499F,6,1
1F,1,06,49AD,12,8
1F,1,06,49BB,6,6
1F,1,06,4A21,1,1
1F,1,06,4A32,25,17
1F,1,06,4BB1,703,517
1F,1,06,4C20,7,1
1F,1,06,4D9D,31,9
1F,1,06,4DAF,1193,1075
1F,1,06,4EB7,20,0
1F,1,06,4FAD,7150,1339
1F,1,06,4FF7,2,2
1F,1,06,5004,2,0
1F,1,06,500A,5,1
1F,1,06,5023,13,0
1F,1,06,502E,4,0
1F,1,06,5042,2,0
1F,1,06,5090,2,0
1F,1,06,5097,3,0
1F,1,06,50A5,4,0
1F,1,06,5101,102,0
1F,1,06,5123,12,12
1F,1,06,51AA,2,0
1F,1,06,51B9,2,0
1F,1,06,53A1,3,0
1F,1,06,53AB,86,46
1F,1,06,53BA,1,1
1F,1,06,541E,7,7
1F,1,06,547F,1,1
1F,1,06,559D,31,1
1F,1,06,55AC,5,0
1F,1,06,5696,2,0
1F,1,06,56FC,11,11
1F,1,06,57AC,1,1
1F,1,06,57E7,19,19
1F,1,06,5880,2,0
1F,1,06,58A0,29,9
1F,1,06,58BC,33,7
1F,1,06,59FD,45,11
1F,1,06,5A82,26,3
1F,1,06,5AB2,21,21
1F,1,06,5AC0,1,0
1F,1,06,5ADC,2,0
1F,1,06,5BA3,409,363
1F,1,06,5BB2,6,6
1F,1,06,5BE4,2,2
1F,1,06,5F4F,1,1
1F,1,06,5F58,1,1
1F,1,06,5F5D,2,0
1F,1,06,5F9E,37,21
1F,1,06,5FAE,14,14
1F,1,06,5FB6,11,0
1F,1,06,5FE0,7,7
1F,1,06,5FEF,18,6
1F,1,06,5FF2,8,8
1F,1,06,5FF5,5,0
1F,1,06,5FFB,6,6
1F,1,06,601C,83,15
1F,1,06,6080,1,1
1F,1,06,6083,4,0
1F,1,06,6090,2,2
1F,1,06,60B4,2,0
1F,1,06,616E,2,0
1F,1,06,61BB,7,0
1F,1,06,6202,1,1
1F,1,06,6292,84,9
1F,1,06,639A,117,82
1F,1,06,639D,26,0
1F,1,06,6490,6,1
1F,1,06,6507,3,3
1F,1,06,6598,15,15
1F,1,06,659C,101,101
1F,1,06,65B8,6,6
1F,1,06,67BA,6,6
1F,1,06,67FD,19,11
1F,1,06,68B5,8,8
1F,1,06,68FD,10,5
1F,1,06,6966,1,1
1F,1,06,69B4,11,11
1F,1,06,69FE,1,1
1F,1,06,6A3D,2,0
1F,1,06,6A8D,16,16
1F,1,06,6A9B,2,0
1F,1,06,6B9A,8,6
1F,1,06,6BBB,2,0
1F,1,06,6CFC,1,1
1F,1,06,6D1D,1,1
1F,1,06,6DCF,8,8
1F,1,06,720F,1,1
1F,1,06,727E,9,1
1F,1,06,72CC,20,0
1F,1,06,72DA,1,1
1F,1,06,7381,8,8
1F,1,06,7471,2,0
1F,1,07,47E2,2,0
1F,1,07,483D,2,0
1F,1,07,4CBE,2,0
1F,1,07,4CDC,2,0
1F,1,07,5A48,4,0
1F,1,07,6060,4,0
1F,1,07,6BFD,6,0
1F,1,07,6F7D,1,0
1F,1,07,71FF,3,0
1F,1,07,7402,1,0
1F,1,07,795F,1,0
1F,1,07,7C4D,1,0
1F,1,08,458D,2,0
1F,1,08,4809,1,0
1F,1,08,4A66,2,0
1F,1,08,4A7E,2,0
1F,1,08,4C09,1,0
1F,1,09,423D,4,4
1F,1,09,435D,3,3
1F,1,09,494D,8,8
1F,1,09,4B3D,4,4
1F,1,09,4C9D,8,0
1F,1,09,4D6D,4,4
1F,1,09,565D,1,1
1F,1,09,584D,3,3
1F,1,09,5C5D,1,1
1F,1,09,5D4D,2,2
1F,1,09,5DFD,47,38
1F,1,09,5F5D,1,1
1F,1,09,609D,3,0
1F,1,09,61BA,8,0
1F,1,09,655D,1,0
1F,1,09,6D6D,1,1
1F,1,0A,456D,3,3
1F,1,0A,495D,16,16
1F,1,0A,4A34,5,5
1F,1,0A,4ACF,4,0
1F,1,0A,59FD,6072,3774
1F,1,0A,631D,242,205
1F,1,0A,6AFD,7678,4772
1F,1,0A,7423,63,61
1F,1,0A,742B,55,53
1F,1,0A,7433,120,80
1F,1,0A,743B,140,119
1F,1,0A,74B3,117,79
1F,1,0A,75A5,8,8
1F,1,0A,763A,8,8
1F,1,0A,764A,12,0
1F,1,0A,765A,3,0
1F,1,0A,766A,4,0
1F,1,0A,769A,4,0
1F,1,0A,76CA,1,0
1F,1,0A,76EA,8,8
1F,1,0A,7805,15,0
1F,1,0A,7815,15,0
1F,1,0A,7865,12,0
1F,1,12,48DF,2,0
1F,1,12,4921,2,0
1F,1,15,4FAB,2,0
1F,1,16,735F,4,0
1F,1,18,5734,6,0
1F,1,18,57F0,1,0
1F,1,18,5810,6,0
1F,1,1A,781B,25,0
1F,1,1B,6E8B,5,0
1F,1,1B,6E97,2,0
1F,1,1B,6ECB,1,0
1F,1,1B,6F8B,3,0
1F,1,1B,6F91,3,0
1F,1,1B,6F97,3,0
1F,1,1C,6866,5,1
1F,1,1D,7701,2,1
1F,1,1F,5391,7,0
1F,1,1F,54C3,4,0
1F,1,1F,550D,97,0
1F,1,1F,5519,2,0
1F,1,1F,55CC,9,0
1F,1,1F,5610,2,0
1F,1,1F,574F,2,0
1F,1,20,4C11,1,0
1F,1,21,675D,1,0
1F,1,21,6853,4,0
1F,1,23,7063,2,0
1F,1,23,72C1,2,0
1F,1,25,48B5,1,1
1F,1,27,501D,2,2
1F,1,27,5A9D,4,0
1F,1,27,5E1D,41,41
1F,1,2A,6715,8,0
1F,1,31,67ED,2,0
1F,1,35,4807,9,9
1F,1,39,45C2,1,1
1F,1,3C,76C2,2,0
1F,1,3C,77EC,1,1
1F,1,3C,7CDC,3,3
1F,1,3C,7E43,8,0
1F,1,3D,4992,2,0
1F,1,3E,4167,6,0
1F,1,3E,426A,2,0
20,0,00,011D,12,0
20,0,00,012B,12,0
20,0,00,0164,4,0
20,0,00,017B,4,0
20,0,00,01A9,12,0
20,0,00,01AF,4,0
20,0,00,01E4,4,0
20,0,00,01ED,12,0
20,0,00,020D,3699,0
20,0,00,021D,284,0
20,0,00,0227,4,0
20,0,00,0249,85,0
20,0,00,024F,31,0
20,0,00,027F,2,0
20,0,00,02A7,4,0
20,0,00,02AB,28,0
20,0,00,0333,466,48
20,0,00,03F1,30,0
20,0,00,0623,4,0
20,0,00,0661,19,0
20,0,00,06C7,4,0
20,0,00,06F5,30,0
20,0,00,0721,7,0
20,0,00,0745,26,0
20,0,00,0773,4,0
20,0,00,07F7,4,0
20,0,00,0843,14,0
20,0,00,0869,4,0
20,0,00,087D,12,0
20,0,00,0897,12,0
20,0,00,0907,22,0
20,0,00,0955,4,0
20,0,00,095B,16,0
20,0,00,09E1,26,0
20,0,00,0AD7,19562,0
20,0,00,0D4B,14,0
20,0,00,0DAD,4,0
20,0,00,0E1D,2,0
20,0,00,0E5D,9,0
20,0,00,0F25,4,0
20,0,00,0F2F,4,0
20,0,00,0F35,4,0
20,0,00,0F3B,4,0
20,0,00,0FF1,14,0
20,0,00,193D,104,0
20,0,00,1D3D,66,0
20,0,00,2F2D,18786,0
20,0,00,3078,11868,866
20,0,00,3086,14281,868
20,0,00,31B4,27,0
20,0,00,3C4D,4,0
20,0,00,593D,97,0
20,0,00,5D3D,24,0
20,0,00,5DED,6,0
20,0,00,7C4D,4,0
20,0,02,4DD1,6,0
20,0,03,5DED,2,0
20,0,05,41C5,9,0
20,0,05,767D,1,0
20,0,05,781F,90,0
20,0,05,793D,4,0
20,0,06,4048,3830,386
20,0,06,4056,3826,386
20,0,06,4064,3826,386
20,0,06,4072,3828,386
20,0,06,4080,3828,386
20,0,06,408E,3828,386
20,0,06,418B,326,238
20,0,06,4199,326,238
20,0,06,41A7,326,238
20,0,06,41B5,325,237
20,0,06,41C3,325,237
20,0,06,41D1,325,237
20,0,06,43D9,6653,1788
20,0,06,43EF,6653,1788
20,0,06,440C,325,237
20,0,06,441E,325,237
20,0,06,4B13,2,0
20,0,06,5D15,4,0
20,0,06,5D2B,4,0
20,0,06,5D40,4,0
20,0,06,6E28,22,0
20,0,06,781F,78,0
20,0,07,5F35,24,0
20,0,07,6D77,1,0
20,0,08,4B9F,35441,640
20,0,09,4B2F,1287,1032
20,0,09,4B3D,1286,1031
20,0,09,4B4B,1286,1030
20,0,09,4C09,450,387
20,0,09,4C17,450,387
20,0,09,4C8F,162,136
20,0,09,4C9D,162,135
20,0,09,4F2E,33,16
20,0,09,4F3C,33,16
20,0,09,5524,1480,1048
20,0,09,55A6,9548,7564
20,0,09,55F9,1558,1131
20,0,09,562E,2836,2484
20,0,09,5CF9,56,48
20,0,18,7C1F,1,0
20,0,3D,781F,27,0
20,1,00,011D,16,0
20,1,00,020D,14352,66
20,1,00,021D,18,0
20,1,00,02AB,19456,0
20,1,00,0333,2,0
20,1,00,0AD7,2,0
20,1,00,2F2D,56427,9645
20,1,00,30AB,8,0
20,1,00,314B,27,0
20,1,00,593D,8,0
20,1,02,4546,6,0
20,1,03,530C,2,0
20,1,03,56FD,4,0
20,1,05,41C5,1,0
20,1,06,40B7,7660,772
20,1,06,40D8,2372,766
20,1,06,41FA,650,474
20,1,06,4210,650,474
20,1,06,4217,650,474
20,1,06,4247,1656,948
20,1,06,42C3,318,142
20,1,06,45D3,2,0
20,1,06,45EE,4,0
20,1,06,5BBB,12,0
20,1,06,5F9E,78,0
20,1,06,6D15,22,0
20,1,08,48FA,11594,138
20,1,08,48FD,11594,138
20,1,08,497B,183,96
20,1,08,4A0A,238,65
20,1,08,4BBF,11832,203
20,1,09,4B7D,1275,1023
20,1,09,4B83,1275,1023
20,1,09,4B94,56,48
20,1,09,5579,4240,3348
20,1,09,5581,2573,2051
20,1,09,5589,2629,2099
20,1,09,560C,1418,1242
20,1,09,5612,1418,1242
20,1,09,5D47,205,25
20,1,09,5EBD,283,108
20,1,1F,4C11,1,0
21,0,00,011D,35,0
21,0,00,012D,4,0
21,0,00,017B,4,0
21,0,00,01AF,12,0
21,0,00,020D,1640,0
21,0,00,021D,188,0
21,0,00,02B1,12,0
21,0,00,0333,39567,7299
21,0,00,03F1,4,0
21,0,00,0559,8,0
21,0,00,0623,11,0
21,0,00,0683,4,0
21,0,00,06C7,4,0
21,0,00,06D1,12,0
21,0,00,06FF,4,0
21,0,00,0721,2,0
21,0,00,0755,2,0
21,0,00,0763,7,0
21,0,00,0773,14,0
21,0,00,07A1,4,0
21,0,00,0843,4,0
21,0,00,0907,4,0
21,0,00,0955,4,0
21,0,00,0AD7,17323,0
21,0,00,0FF3,4,0
21,0,00,1437,4,0
21,0,00,193D,32,0
21,0,00,1D3D,16,0
21,0,00,2F2D,8134,0
21,0,00,593D,68,0
21,0,00,5D3D,8,0
21,0,00,5DED,2,0
21,0,00,6CB7,1,0
21,0,04,740F,15891,2116
21,0,05,41C5,9,0
21,0,05,781F,8,0
21,0,06,6E28,20,0
21,0,06,781F,4,0
21,0,07,553B,5063,1149
21,0,07,5549,5058,1149
21,0,07,5F35,48,0
21,0,07,67EE,5445,1518
21,0,07,67FC,5445,1518
21,0,07,683C,974,845
21,0,07,684A,974,845
21,0,07,69C6,439,313
21,0,08,4E26,357,236
21,0,08,4ECF,736828,337468
21,0,08,51C5,165,50
21,0,08,5276,294798,136474
21,0,08,7285,8728,8490
21,0,08,72CC,3410,3368
21,0,09,42F6,8247,93
21,0,09,4304,8247,93
21,0,09,4659,8247,93
21,0,09,4681,8247,93
21,0,09,46BE,65784,600
21,0,09,4702,33001,393
21,0,09,4748,16504,200
21,0,09,475E,24,0
21,0,09,476F,8228,100
21,0,09,47B2,16504,200
21,0,09,47FE,192,144
21,0,1F,543D,4,0
21,1,00,020D,5918,0
21,1,00,02AB,17257,0
21,1,00,0614,13,0
21,1,00,06FF,3,0
21,1,00,2F2D,22273,14156
21,1,00,30AB,12,0
21,1,04,7144,15891,2116
21,1,06,5F9E,4,0
21,1,06,6D15,20,0
21,1,07,5592,10890,3036
21,1,07,55FD,1948,1690
21,1,08,479F,64,44
21,1,08,47DC,165,50
21,1,08,4E67,5160,255
21,1,08,4E97,729226,335265
21,1,08,4F89,205,168
21,1,08,4FB4,1395,1136
21,1,08,4FF3,842,644
21,1,08,5219,165,50
21,1,08,5234,292630,135125
21,1,08,5337,922,656
21,1,08,5387,1081,643
21,1,09,4335,8247,93
21,1,09,433F,8247,93
21,1,09,4367,8252,100
21,1,09,468F,32892,300
21,1,09,4697,16446,150
21,1,09,469F,16446,150
21,1,09,46D1,8245,93
21,1,09,46D5,8252,100
21,1,09,46E0,8252,100
21,1,09,46E4,8252,100
21,1,09,4725,8252,100
21,1,09,4732,8252,100
21,1,09,4792,8252,100
21,1,09,4799,8252,100
21,1,09,47E0,96,72
21,1,09,47E6,96,72
21,1,1F,507D,8,0
22,0,00,01AF,12,0
22,0,00,020D,972,0
22,0,00,021D,124,0
22,0,00,0269,4,0
22,0,00,02AB,2,0
22,0,00,0333,17375,9288
22,0,00,03F1,4,0
22,0,00,0559,4,0
22,0,00,0623,49,0
22,0,00,0683,24,0
22,0,00,06D1,4,0
22,0,00,0721,4,0
22,0,00,0773,7,0
22,0,00,0869,4,0
22,0,00,0AD7,19692,0
22,0,00,0EA1,8,0
22,0,00,0F35,8,0
22,0,00,193D,26,0
22,0,00,1D3D,26,0
22,0,00,2F2D,5094,0
22,0,00,593D,88,0
22,0,03,4083,325,128
22,0,03,43D1,380,279
22,0,03,4BF3,30,30
22,0,03,4C4F,55,17
22,0,03,4EB1,33,25
22,0,03,517B,18,18
22,0,03,52D5,6260,85
22,0,03,6AC5,151,90
22,0,03,7707,2131,621
22,0,04,578A,261,183
22,0,04,5798,261,183
22,0,04,57A6,269,183
22,0,04,5C8A,1528,1414
22,0,04,5D59,116,108
22,0,05,41C5,9,0
22,0,05,43B4,287,3
22,0,05,77B9,3025,170
22,0,05,77C7,3025,170
22,0,05,781F,8,0
22,0,06,6E28,14,0
22,0,06,781F,8,0
22,0,07,68DD,32670,9108
22,0,09,4D39,162,113
22,0,09,5030,4553,1819
22,0,09,512A,12771,7404
22,0,09,619F,268,160
22,0,1A,781F,32,0
22,0,1A,7AE5,1,0
22,1,00,020D,3842,0
22,1,00,021D,18,0
22,1,00,02AB,19656,0
22,1,00,0AD7,52,0
22,1,00,2F2D,35977,13203
22,1,06,5F9E,8,0
22,1,06,6D15,14,0
22,1,07,5F35,2,0
22,1,1F,5115,69,15
22,1,1F,5521,18,4
22,1,1F,5539,26,0
22,1,1F,5575,89,42
23,0,00,0187,5,0
23,0,00,0205,6,0
23,0,00,020D,1107,0
23,0,00,021D,239,0
23,0,00,0249,24,0
23,0,00,0269,12,0
23,0,00,02AB,944,0
23,0,00,0333,110213,46062
23,0,00,0559,4,0
23,0,00,05A1,14,0
23,0,00,0623,18,0
23,0,00,06D1,12,0
23,0,00,0763,7,0
23,0,00,0773,7,0
23,0,00,087D,4,0
23,0,00,095B,4,0
23,0,00,0AD7,17809,0
23,0,00,0EA1,14,0
23,0,00,1437,4,0
23,0,00,193D,15,0
23,0,00,1D3D,11,0
23,0,00,2F2D,6526,0
23,0,00,593D,52,0
23,0,00,5D3D,4,0
23,0,00,6DDD,1,0
23,0,02,4DD1,2,0
23,0,03,553D,4,0
23,0,03,5FFF,4889,400
23,0,03,60E1,484,377
23,0,03,60F5,448,368
23,0,03,6E6B,21,21
23,0,03,76F9,985,610
23,0,03,7944,3351,853
23,0,03,7A80,20284,3357
23,0,03,7AA3,6681,2473
23,0,04,4B45,368,197
23,0,04,7366,37663,23677
23,0,04,7484,3900,1311
23,0,05,45F5,122,2
23,0,05,46FC,99,1
23,0,05,47AD,52,0
23,0,05,47C9,52,0
23,0,05,485B,36,0
23,0,05,781F,8,0
23,0,05,7992,268,156
23,0,06,4991,46,46
23,0,06,499F,46,46
23,0,06,6E28,52,0
23,0,06,781F,24,0
23,0,07,4097,348,155
23,0,07,40C6,297,136
23,0,07,40E0,51,19
23,0,07,4209,342098,117475
23,0,07,421E,189671,67742
23,0,07,422D,148849,50031
23,0,07,4249,710,0
23,0,07,426E,800,0
23,0,07,42AC,334,54
23,0,07,42CC,373,92
23,0,07,53A2,11559,8429
23,0,07,5405,3198,838
23,0,07,54C5,270855,190484
23,0,07,54DA,167170,101800
23,0,07,54E9,97277,89461
23,0,07,5F35,12,0
23,0,07,723D,1,0
23,0,09,4B59,1286,1030
23,0,09,5030,1500,602
23,0,09,5CEB,56,48
23,0,09,5D60,21,17
23,0,09,5E42,24,16
23,0,1A,781F,8,0
23,0,1F,543D,12,0
23,1,00,0108,667,580
23,1,00,011D,1683,1291
23,1,00,020D,5519,386
23,1,00,021D,3,0
23,1,00,02AB,17799,0
23,1,00,0614,4,0
23,1,00,0AD7,22,0
23,1,00,1A17,21,0
23,1,00,2F2D,17961,5857
23,1,00,30AB,10,0
23,1,02,4546,2,0
23,1,03,795A,5361,849
23,1,03,79C6,5934,1826
23,1,03,79CB,14176,1861
23,1,03,7A53,515,454
23,1,03,7A59,515,454
23,1,04,70A0,3900,1311
23,1,04,70B9,37663,23677
23,1,06,5F9E,24,0
23,1,06,6D15,52,0
23,1,07,4108,707,146
23,1,07,4135,680618,235248
23,1,07,41A4,1510,0
23,1,07,5238,11559,8429
23,1,07,5418,3198,838
23,1,07,542A,512077,372663
23,1,07,5486,20027,8244
23,1,09,4B94,56,48
23,1,09,4BA4,21,17
23,1,09,4BB1,24,16
23,1,1F,4745,1,0
24,0,00,01E1,4,0
24,0,00,020D,527,0
24,0,00,021D,22,0
24,0,00,0330,4,0
24,0,00,0333,207422,122973
24,0,00,03F1,4,0
24,0,00,0559,4,0
24,0,00,0661,4,0
24,0,00,0773,4,0
24,0,00,07A1,12,0
24,0,00,0AD7,16816,0
24,0,00,0F2F,12,0
24,0,00,1D3D,4,0
24,0,00,2F2D,2476,0
24,0,00,6DEF,1,0
24,0,03,4D84,37,31
24,0,03,6189,169,157
24,0,03,6AD3,151,90
24,0,04,4049,15554,2559
24,0,04,45CA,1139,766
24,0,04,4638,509,335
24,0,04,46D0,2653,274
24,0,04,477B,2356,72
24,0,04,610E,322,195
24,0,04,6712,249,167
24,0,04,676F,299,204
24,0,04,6789,299,204
24,0,04,6797,299,204
24,0,04,67B8,66,46
24,0,04,67D2,66,46
24,0,04,67E0,66,46
24,0,04,6802,58,42
24,0,04,681C,58,42
24,0,04,682A,58,42
24,0,04,68C6,23744,652
24,0,04,6A23,1,0
24,0,04,6B03,1,0
24,0,04,6E39,254,177
24,0,04,6E7D,571,425
24,0,04,6FE5,4087,3429
24,0,04,703B,3673,3100
24,0,04,72A9,1069407,877957
24,0,04,7484,4350,3537
24,0,04,752E,962,722
24,0,04,7C68,662,586
24,0,05,754B,2507,74
24,0,05,7761,18,10
24,0,05,7770,83,38
24,0,06,4B13,4,0
24,0,06,4B54,2029,253
24,0,06,4BEB,24187,2966
24,0,06,4C20,2013,245
24,0,06,4D32,8361,276
24,0,06,4DC0,464,364
24,0,06,4DE7,213,145
24,0,06,61E6,1145,1041
24,0,06,6210,1145,1041
24,0,06,6223,1215,1064
24,0,06,6E28,1,0
24,0,07,4542,10,0
24,0,07,4550,10,0
24,0,07,4693,10,0
24,0,07,46A1,10,0
24,0,07,4C51,38,0
24,0,07,50DE,166,0
24,0,07,5152,128,0
24,0,07,6A8F,322,267
24,0,07,6B80,4837,708
24,0,07,6BDC,362,193
24,0,07,6BEA,362,193
24,0,07,6D77,244,103
24,0,07,6D85,244,103
24,0,07,6E66,61,48
24,0,07,6E74,61,48
24,0,07,6F7D,99,84
24,0,07,6F8B,99,84
24,0,08,41F8,12676,871
24,0,08,4883,297,245
24,0,09,4A24,671,515
24,0,09,4A99,150238,101786
24,0,09,4AA7,150221,101786
24,0,09,4AB6,153452,101792
24,0,09,4AC4,153444,101792
24,0,09,5030,767,312
24,0,09,5D86,57,49
24,0,09,5E6A,105,89
24,0,09,5ED4,20,16
24,0,0A,6AA0,80,80
24,0,0A,6B98,144,144
24,0,3D,781F,16,0
24,1,00,0108,1143,1035
24,1,00,011D,5992,3452
24,1,00,012B,2,0
24,1,00,0187,2,0
24,1,00,01AC,2,0
24,1,00,020D,1776,0
24,1,00,021D,1,0
24,1,00,02AB,16778,0
24,1,00,0614,2,0
24,1,00,0623,50,0
24,1,00,0683,3,0
24,1,00,0907,2,0
24,1,00,179D,1,0
24,1,00,2EA1,224,224
24,1,00,2F2D,69547,12334
24,1,00,30AB,2,0
24,1,04,4145,393,120
24,1,04,4233,1139,766
24,1,04,423B,488,322
24,1,04,493B,21,13
24,1,04,572F,802,475
24,1,04,6085,930,384
24,1,04,61FC,369,246
24,1,04,6231,66,54
24,1,04,6266,87,75
24,1,04,6305,65,36
24,1,04,66DB,184,131
24,1,04,6729,528,366
24,1,04,6744,132,84
24,1,04,675B,87,51
24,1,04,6958,571,425
24,1,04,69AA,254,177
24,1,04,6FD0,4350,3537
24,1,04,7285,1069147,877957
24,1,04,72F9,260,0
24,1,04,74CB,5735,949
24,1,04,75FD,662,586
24,1,05,75DA,101,48
24,1,06,45D3,4,0
24,1,06,45EE,3908,380
24,1,06,4645,134,118
24,1,06,4D74,371,283
24,1,06,4DFF,306,226
24,1,06,60D2,2290,2082
24,1,06,657A,537,476
24,1,06,672B,147,119
24,1,06,681E,187,165
24,1,06,68EC,170,150
24,1,06,6A2C,174,154
24,1,06,6D15,1,0
24,1,07,43D2,38,0
24,1,07,4E0F,166,0
24,1,07,4E17,128,0
24,1,08,42A7,297,245
24,1,09,4A6D,607355,407156
24,1,09,4BA4,57,49
24,1,09,4BB1,105,89
24,1,09,4BC1,20,16
25,0,00,012D,12,0
25,0,00,0187,9,0
25,0,00,020D,816,0
25,0,00,021D,88,0
25,0,00,024F,24,0
25,0,00,02AB,18,0
25,0,00,0333,3540,2217
25,0,00,0623,8,0
25,0,00,0661,4,0
25,0,00,06D1,4,0
25,0,00,0755,30,0
25,0,00,096A,26,0
25,0,00,0AD7,16668,0
25,0,00,0D4B,14,0
25,0,00,0D69,12,0
25,0,00,0DAD,4,0
25,0,00,0EA1,11,0
25,0,00,0F2F,14,0
25,0,00,1D3D,6,0
25,0,00,2F2D,4262,0
25,0,00,3094,14260,850
25,0,00,593D,8,0
25,0,00,5D3D,4,0
25,0,00,6AA1,1,0
25,0,00,6E01,1,0
25,0,02,4DD1,2,0
25,0,03,7C5B,5704,793
25,0,04,57B4,269,183
25,0,04,5969,641,529
25,0,05,41C5,46,0
25,0,05,781F,48,0
25,0,06,409C,3828,386
25,0,06,41DF,325,237
25,0,06,453C,426,242
25,0,06,45BF,2710,672
25,0,06,46CE,161,117
25,0,06,4772,80,74
25,0,06,4802,41,35
25,0,06,4915,107,71
25,0,06,4B54,1197,832
25,0,06,4B97,1728,1576
25,0,06,4BCC,287,263
25,0,06,4C3F,3717,1812
25,0,06,4C62,1857,906
25,0,06,4C83,304,151
25,0,06,5F15,26971,2090
25,0,06,6250,1174,1055
25,0,06,6E28,16,0
25,0,06,734A,815,683
25,0,06,781F,16,0
25,0,07,5557,5057,1148
25,0,07,630E,84,0
25,0,07,634C,48,0
25,0,07,635C,48,0
25,0,07,6370,8,0
25,0,07,68DD,26458,22120
25,0,08,4047,4180,397
25,0,08,51D3,165,50
25,0,08,51E1,165,50
25,0,09,4CAB,2469,154
25,0,09,4F20,33,16
25,0,09,5030,1489,603
25,0,09,5179,99,60
25,0,09,5F8E,272,272
25,0,09,6076,2395,350
25,0,09,61AD,268,160
25,0,0A,6AAE,80,80
25,0,0A,6B33,9,9
25,0,0A,6B4A,7,7
25,0,0A,6BA6,144,144
25,0,0A,6BD1,39,16
25,0,2E,673D,4,0
25,1,00,0108,6,6
25,1,00,011C,6,6
25,1,00,011D,6,6
25,1,00,012B,5,5
25,1,00,012D,2,2
25,1,00,0164,6,5
25,1,00,017B,8,7
25,1,00,017E,7,3
25,1,00,0187,5,5
25,1,00,01C6,2,2
25,1,00,01C9,1,1
25,1,00,01CE,8,3
25,1,00,01E1,2,2
25,1,00,01E4,6,4
25,1,00,01ED,2,2
25,1,00,01FA,8,6
25,1,00,0205,277,277
25,1,00,020D,3242,2
25,1,00,021D,6,6
25,1,00,0227,9,4
25,1,00,0243,4,4
25,1,00,0249,9,5
25,1,00,024C,19,5
25,1,00,024F,7,5
25,1,00,0252,11,6
25,1,00,0266,6,6
25,1,00,0269,3,3
25,1,00,027F,3,3
25,1,00,028C,2,2
25,1,00,02AB,16660,0
25,1,00,02F0,5,5
25,1,00,032E,12,10
25,1,00,0330,8,8
25,1,00,0333,2,2
25,1,00,03F1,12,12
25,1,00,04C4,1,1
25,1,00,0522,6,4
25,1,00,0559,1,1
25,1,00,0570,4,4
25,1,00,05E0,7,7
25,1,00,06FF,4,2
25,1,00,0702,5,4
25,1,00,0721,7,7
25,1,00,0724,12,12
25,1,00,0745,6,6
25,1,00,0752,11,6
25,1,00,0755,8,8
25,1,00,0763,10,7
25,1,00,0766,6,6
25,1,00,0773,9,5
25,1,00,0776,3,3
25,1,00,07F4,2,2
25,1,00,07F7,6,5
25,1,00,083E,4,4
25,1,00,0843,4,4
25,1,00,0869,3,3
25,1,00,087D,9,8
25,1,00,0907,10,10
25,1,00,0955,8,8
25,1,00,0958,14,13
25,1,00,095B,8,8
25,1,00,096A,2,2
25,1,00,09DE,4,4
25,1,00,09E1,2,2
25,1,00,0AD7,5,3
25,1,00,2EA1,279,256
25,1,00,2F2D,71666,9261
25,1,00,30AB,8,0
25,1,02,4546,2,0
25,1,04,59ED,288,200
25,1,04,5C7C,353,329
25,1,06,45EE,2439,1309
25,1,06,4645,1208,843
25,1,06,5F9E,16,0
25,1,06,657A,537,476
25,1,06,672B,138,118
25,1,06,681E,171,157
25,1,06,68EC,162,150
25,1,06,6A2C,166,154
25,1,06,6D15,16,0
25,1,07,55CE,188,0
25,1,07,56C6,2644,2212
25,1,08,47DC,330,100
25,1,09,5134,99,60
25,1,1F,4785,2,0
25,1,2E,673D,4,0
26,0,00,017B,4,0
26,0,00,01E1,7,0
26,0,00,020D,772,0
26,0,00,021D,194,0
26,0,00,0269,4,0
26,0,00,02AB,58,0
26,0,00,0333,132542,25206
26,0,00,05E0,4,0
26,0,00,07F4,4,0
26,0,00,0897,4,0
26,0,00,0955,2,0
26,0,00,0AD7,47059,0
26,0,00,0D4B,12,0
26,0,00,0E5D,14,0
26,0,00,0F25,5,0
26,0,00,0F2F,4,0
26,0,00,0F4B,18,0
26,0,00,1485,4,0
26,0,00,193D,235,0
26,0,00,1D3D,225,0
26,0,00,2F2D,4778,0
26,0,00,33C3,2,0
26,0,00,593D,42,0
26,0,00,5D3D,2,0
26,0,00,6CD7,1,0
26,0,03,5DED,2,0
26,0,03,6B8E,68,67
26,0,04,7484,6484,718
26,0,04,7D33,82872,2940
26,0,05,4077,209,10
26,0,06,49AD,46,46
26,0,06,6E28,58,0
26,0,06,781F,40,0
26,0,07,5209,2596,2133
26,0,07,53A2,8520,7259
26,0,07,7890,26097,19562
26,0,07,7CEB,3818,3711
26,0,08,48E1,11594,138
26,0,08,546D,11882,151
26,0,08,54B2,47,33
26,0,08,7293,8728,8490
26,0,09,4921,5984,5289
26,0,09,4C25,450,387
26,0,09,4D47,162,113
26,0,09,4E93,29,19
26,0,09,5030,757,301
26,0,09,508C,9,1
26,0,09,5179,240,144
26,0,09,72FE,10918,2134
26,1,00,0108,67,0
26,1,00,011D,2661,717
26,1,00,0164,1,0
26,1,00,020D,3744,0
26,1,00,021D,14,0
26,1,00,02AB,47005,0
26,1,00,0702,1,0
26,1,00,0AD7,404,0
26,1,00,2F2D,30634,16994
26,1,00,34AC,3189,657
26,1,03,530C,2,0
26,1,04,7147,6484,718
26,1,04,7587,27211,751
26,1,04,75DD,152,0
26,1,04,7BD5,261,229
26,1,04,7D14,27624,980
26,1,04,7D1B,27624,980
26,1,06,5F9E,40,0
26,1,06,6D15,58,0
26,1,07,5238,8520,7259
26,1,07,71F1,26097,19562
26,1,07,7759,3818,3711
26,1,08,4254,11882,151
26,1,08,4847,47,33
26,1,09,5134,240,144
27,0,00,0187,4,0
27,0,00,0205,4,0
27,0,00,020D,968,0
27,0,00,021D,184,0
27,0,00,027F,11,0
27,0,00,02AB,4,0
27,0,00,0333,12015,8721
27,0,00,05A1,14,0
27,0,00,06D1,7,0
27,0,00,06FF,14,0
27,0,00,07A1,4,0
27,0,00,0843,4,0
27,0,00,0897,32,0
27,0,00,0AD7,16850,0
27,0,00,0E1D,28,0
27,0,00,0E5D,9,0
27,0,00,0EA1,4,0
27,0,00,0F2F,4,0
27,0,00,0FF3,22,0
27,0,00,193D,12,0
27,0,00,1D3D,14,0
27,0,00,1ED3,2276,1312
27,0,00,1ED6,2312,1344
27,0,00,2F2D,4760,0
27,0,00,593D,22,0
27,0,00,5D3D,4,0
27,0,00,6DEF,1,0
27,0,00,738B,1,0
27,0,03,4EFA,282,173
27,0,03,4F70,4162,121
27,0,03,4FE3,28,26
27,0,03,5064,55,42
27,0,03,6B9C,68,67
27,0,03,6E79,21,21
27,0,03,6E87,21,21
27,0,03,6ECE,8,8
27,0,03,6EDD,16,16
27,0,03,6F68,17,17
27,0,03,6F77,8,8
27,0,03,7B01,2192,1463
27,0,04,4572,1127,771
27,0,04,4588,1131,762
27,0,04,4597,1131,762
27,0,04,45B5,1135,766
27,0,04,45E0,541,359
27,0,04,4604,517,343
27,0,04,4613,515,343
27,0,04,4622,513,343
27,0,04,589A,170,138
27,0,04,5969,1357,1231
27,0,04,6DF0,254,177
27,0,04,6E53,571,425
27,0,04,7BD2,261,229
27,0,04,7C3E,662,586
27,0,05,43A6,291,3
27,0,05,448E,96,1
27,0,05,44E4,41,1
27,0,05,4603,126,2
27,0,05,51D4,185711,230
27,0,06,50C5,11670,46
27,0,06,5327,54,30
27,0,06,5FB6,6717,6076
27,0,06,693C,24,24
27,0,06,69FE,9,9
27,0,06,6A7F,104,104
27,0,07,4444,6,0
27,0,07,47B8,2,0
27,0,07,5080,166,0
27,0,07,509C,158,0
27,0,07,50AB,158,0
27,0,07,50C9,158,0
27,0,07,50F4,128,0
27,0,07,5118,128,0
27,0,07,5127,128,0
27,0,07,5136,128,0
27,0,07,53A2,56155,41383
27,0,07,5F35,48,0
27,0,07,68DD,14560,12568
27,0,07,69D4,439,313
27,0,07,7071,422,381
27,0,07,78B2,1668,1514
27,0,07,7CEB,30355,29178
27,0,08,47FB,264,197
27,0,08,4859,297,245
27,0,09,512A,4569,2476
27,1,00,0108,11,11
27,1,00,011C,4,2
27,1,00,011D,17,14
27,1,00,012B,1,1
27,1,00,012D,3,3
27,1,00,0164,7,7
27,1,00,017B,2,2
27,1,00,017E,5,5
27,1,00,0187,3,3
27,1,00,01C6,1,1
27,1,00,01CE,1,1
27,1,00,01E1,4,4
27,1,00,01E4,3,3
27,1,00,01ED,1,1
27,1,00,01FA,2,1
27,1,00,0205,4,4
27,1,00,020D,3522,3
27,1,00,021D,82,49
27,1,00,0227,1,1
27,1,00,0243,7,7
27,1,00,0249,6,6
27,1,00,024C,2,2
27,1,00,024F,6,6
27,1,00,0252,8,8
27,1,00,0266,1,1
27,1,00,0269,4,4
27,1,00,027F,4,4
27,1,00,028C,3,3
27,1,00,02AB,16840,0
27,1,00,02F0,1,1
27,1,00,032E,6,6
27,1,00,0330,3,0
27,1,00,0333,3,3
27,1,00,03F1,3,3
27,1,00,0623,75,0
27,1,00,0702,1285,1179
27,1,00,0E1D,23,19
27,1,00,1A1D,1,0
27,1,00,27BD,1820,1571
27,1,00,2F2D,30832,10959
27,1,00,30AB,10,0
27,1,03,6E04,24,24
27,1,03,6EE1,25,25
27,1,04,4145,18,10
27,1,04,4233,4524,3061
27,1,04,423B,2002,1336
27,1,04,493B,84,52
27,1,04,4F46,16,16
27,1,04,5040,4,0
27,1,04,59E7,170,138
27,1,04,59ED,182,146
27,1,04,5C7C,1175,1085
27,1,04,6644,4550,2630
27,1,04,6958,571,425
27,1,04,69AA,254,177
27,1,04,75FD,662,586
27,1,04,764F,261,229
27,1,05,4DB0,185711,230
27,1,06,68B2,24,24
27,1,06,69B4,104,104
27,1,07,4E0F,640,0
27,1,07,4E17,512,0
27,1,07,5238,56155,41383
27,1,07,686D,846,726
27,1,07,71F1,1668,1514
27,1,07,7434,18847,18002
27,1,07,7759,11508,11176
27,1,08,42A7,297,245
27,1,08,4351,183,128
27,1,08,4438,81,69
27,1,1F,50AB,4,0
28,0,00,012D,4,0
28,0,00,0205,11,0
28,0,00,020D,866,0
28,0,00,021D,224,0
28,0,00,0243,27,0
28,0,00,024F,14,0
28,0,00,027F,7,0
28,0,00,02AB,140344,0
28,0,00,0333,19079,4
28,0,00,05A1,4,0
28,0,00,06F5,14,0
28,0,00,0721,14,0
28,0,00,0773,4,0
28,0,00,0955,26,0
28,0,00,0AD7,545,0
28,0,00,0D69,8,0
28,0,00,0DAD,4,0
28,0,00,0E1D,12,0
28,0,00,0E5D,6,0
28,0,00,0F25,5,0
28,0,00,0F4B,4,0
28,0,00,193D,5,0
28,0,00,1D3D,28,0
28,0,00,2F2D,4674,0
28,0,00,593D,12,0
28,0,05,41C5,1,0
28,0,05,781F,8,0
28,0,06,6E28,26,0
28,0,06,781F,8,0
28,0,08,5474,2,0
28,0,09,5070,9,1
28,0,09,507E,9,1
28,0,09,739A,8238,1344
28,1,00,011C,152,0
28,1,00,020D,3521,0
28,1,00,021D,18,0
28,1,00,02AB,545,0
28,1,00,0AD7,35,0
28,1,00,193D,97,0
28,1,00,1D3D,88,0
28,1,00,2F2D,44,2
28,1,06,5F9E,8,0
28,1,06,6D15,26,0
28,1,08,545F,2,0
28,1,09,7301,8238,1344
29,0,00,011D,4,0
29,0,00,020D,336,0
29,0,00,021D,26,0
29,0,00,0243,4,0
29,0,00,05A1,4,0
29,0,00,0661,8,0
29,0,00,06C7,12,0
29,0,00,0745,12,0
29,0,00,0843,4,0
29,0,00,087D,4,0
29,0,00,0AD7,37,0
29,0,00,0EA1,4,0
29,0,00,1437,4,0
29,0,00,1D3D,12,0
29,0,00,2F2D,1996,0
29,0,00,3C4D,4,0
29,0,00,593D,73,0
29,0,05,6292,85,1
29,0,09,403E,586,194
29,1,00,020D,1499,0
29,1,00,02AB,33,0
29,1,00,2F2D,38,0
29,1,00,30AB,4,0
29,1,05,4273,55,0
29,1,05,427D,30,1
29,1,09,4FDC,586,194
2A,0,00,012B,4,0
2A,0,00,01AF,11,0
2A,0,00,01E1,4,0
2A,0,00,01ED,4,0
2A,0,00,020D,2638,0
2A,0,00,021D,550,0
2A,0,00,024F,7,0
2A,0,00,0266,4,0
2A,0,00,027F,8,0
2A,0,00,02AB,2,0
2A,0,00,0333,21046,3499
2A,0,00,04C4,26,0
2A,0,00,05A1,4,0
2A,0,00,06D1,4,0
2A,0,00,06FF,7,0
2A,0,00,0721,4,0
2A,0,00,0755,14,0
2A,0,00,0773,4,0
2A,0,00,079E,4,0
2A,0,00,07F4,26,0
2A,0,00,07F7,4,0
2A,0,00,0897,18,0
2A,0,00,0AD7,2223,0
2A,0,00,0DAD,2,0
2A,0,00,0E5D,4,0
2A,0,00,0F2F,13,0
2A,0,00,0F35,4,0
2A,0,00,0F3B,4,0
2A,0,00,0F4B,20,0
2A,0,00,193D,37,0
2A,0,00,1D3D,61,0
2A,0,00,2F2D,13405,0
2A,0,00,3C4D,4,0
2A,0,00,593D,107,0
2A,0,00,5D3D,12,0
2A,0,00,5DED,4,0
2A,0,00,6C5F,1,0
2A,0,00,6E51,1,0
2A,0,00,73A7,1,0
2A,0,03,5DED,2,0
2A,0,04,58DE,144,112
2A,0,04,5A9D,12,8
2A,0,04,633D,2,0
2A,0,05,41C5,1,0
2A,0,05,6927,1,0
2A,0,05,781F,8,0
2A,0,06,4B35,2,0
2A,0,06,6E28,27,0
2A,0,06,781F,8,0
2A,0,07,70BB,1,0
2A,0,09,4818,345255,23004
2A,0,09,487F,412,403
2A,0,09,5445,18397,14606
2A,0,0A,6BB5,1,0
2A,0,1A,781F,48,0
2A,0,1B,423D,4,0
2A,0,3D,781F,8,0
2A,1,00,020D,10030,0
2A,1,00,021D,4,0
2A,1,00,02AB,2179,0
2A,1,00,0614,17,0
2A,1,00,0AD7,6,0
2A,1,00,1DBD,4,0
2A,1,00,2F2D,174,0
2A,1,00,30AB,4,0
2A,1,00,348D,8,0
2A,1,00,34AC,124,0
2A,1,03,530C,2,0
2A,1,04,5A44,12,8
2A,1,05,41C5,1,0
2A,1,06,45EB,2,0
2A,1,06,5F9E,8,0
2A,1,06,6D15,27,0
2A,1,09,438B,81,72
2A,1,09,459B,88,88
2A,1,09,45AB,243,243
2A,1,09,461A,260,259
2A,1,09,462E,247410,2790
2A,1,09,47C6,74223,837
2A,1,09,4B77,16612,13305
2A,1,09,54CC,6030,4635
2A,1,09,54E5,11480,9207
2A,1,09,5C42,312,208
2A,1,09,5C57,520,416
2A,1,09,5C6C,520,456
2A,1,09,5D52,273,221
2A,1,09,5F47,5852,5276
2A,1,1F,4AA5,81,80
2A,1,1F,5539,8,0
2A,1,1F,7C7B,4,0
2B,0,00,020D,278,0
2B,0,00,021D,42,0
2B,0,00,0745,5,0
2B,0,00,0763,4,0
2B,0,00,0907,4,0
2B,0,00,0AD7,16595,0
2B,0,00,1D3D,12,0
2B,0,00,2F2D,1708,0
2B,0,00,593D,8,0
2B,0,03,5DED,2,0
2B,0,04,5A9D,4,0
2B,0,3D,781F,8,0
2B,1,00,020D,1347,0
2B,1,00,02AB,16585,0
2B,1,00,30AB,10,0
2B,1,03,530C,2,0
2B,1,04,5A44,2,0
2B,1,04,5A4D,2,0
2C,0,00,020D,322,0
2C,0,00,021D,54,0
2C,0,00,0333,271,225
2C,0,00,0755,5,0
2C,0,00,0897,32,0
2C,0,00,0AD7,126,0
2C,0,00,1D3D,29,0
2C,0,00,2F2D,1964,0
2C,0,00,6E51,1,0
2C,0,02,4DD1,2,0
2C,0,04,58DE,2972,2656
2C,0,04,58F7,364,352
2C,0,04,5902,364,352
2C,0,04,5A9D,12538,1150
2C,1,00,020D,1512,0
2C,1,00,02AB,122,0
2C,1,00,2F2D,14,0
2C,1,02,4546,2,0
2C,1,04,59EA,96,80
2C,1,04,5A44,12538,1150
2C,1,04,5C27,336,336
2C,1,04,5C79,296,288
2C,1,1F,40BD,24,24
2D,0,00,020D,501,0
2D,0,00,021D,76,0
2D,0,00,024F,12,0
2D,0,00,027F,12,0
2D,0,00,0333,137,121
2D,0,00,0763,4,0
2D,0,00,07A1,4,0
2D,0,00,0843,8,0
2D,0,00,09E1,23,0
2D,0,00,0AD7,263,0
2D,0,00,0D4B,4,0
2D,0,00,0D69,14,0
2D,0,00,0E5D,12,0
2D,0,00,0FF3,4,0
2D,0,00,193D,16,0
2D,0,00,2F2D,2500,0
2D,0,00,5D3D,4,0
2D,0,02,4DD1,2,0
2D,0,03,5DED,2,0
2D,0,04,58DE,1001,993
2D,0,04,5A9D,12896,1512
2D,0,05,41C5,9,0
2D,0,05,781F,8,0
2D,0,07,5F35,24,0
2D,1,00,020D,1803,0
2D,1,00,021D,16,0
2D,1,00,02AB,259,0
2D,1,00,2F2D,14,0
2D,1,00,30AB,4,0
2D,1,02,4546,2,0
2D,1,03,530C,2,0
2D,1,04,5A44,572,570
2D,1,04,5A4D,12324,942
2E,0,00,011D,27,0
2E,0,00,020D,335,0
2E,0,00,021D,26,0
2E,0,00,02AB,94,0
2E,0,00,0333,482,16
2E,0,00,0745,10,0
2E,0,00,0755,10,0
2E,0,00,0AD7,488,0
2E,0,00,0D69,14,0
2E,0,00,0DAD,4,0
2E,0,00,0E5D,4,0
2E,0,00,193D,4,0
2E,0,00,2F2D,2076,0
2E,0,00,5D3D,57,0
2E,0,04,58DE,1370,1330
2E,0,04,5A9D,634,624
2E,0,06,727E,6,0
2E,1,00,020D,1639,0
2E,1,00,02AB,488,0
2E,1,00,1B20,4,0
2E,1,00,2B4B,24,0
2E,1,00,2B51,6,0
2E,1,00,2F2D,54,0
2E,1,00,33F7,4,0
2E,1,04,427D,24,24
2E,1,04,5A44,420,416
2E,1,04,5A4D,214,208
2E,1,04,633D,16,16
2E,1,1F,5521,4,0
2F,0,00,020D,632,0
2F,0,00,021D,170,0
2F,0,00,0249,27,0
2F,0,00,02AB,248,0
2F,0,00,02B1,8,0
2F,0,00,0683,4,0
2F,0,00,06D1,4,0
2F,0,00,0721,12,0
2F,0,00,0763,12,0
2F,0,00,07A1,7,0
2F,0,00,087D,4,0
2F,0,00,0907,26,0
2F,0,00,09E1,4,0
2F,0,00,0AD7,16818,0
2F,0,00,0D69,12,0
2F,0,00,0E5D,4,0
2F,0,00,0EA1,4,0
2F,0,00,0F35,14,0
2F,0,00,1D3D,4,0
2F,0,00,2F2D,3712,0
2F,0,00,593D,12,0
2F,0,03,5DED,2,0
2F,0,04,58DE,832,720
2F,0,04,5A9D,798,778
2F,0,06,727E,6,0
2F,0,1A,781F,39,0
2F,1,00,020D,2971,0
2F,1,00,02AB,16772,0
2F,1,00,2F2D,40,0
2F,1,00,30AB,10,0
2F,1,03,530C,2,0
2F,1,04,5A44,226,208
2F,1,04,5A4D,572,570
2F,1,04,633D,56,56
2F,1,04,6FFD,104,64
30,0,00,01A9,4,0
30,0,00,01E1,12,0
30,0,00,020D,1833,0
30,0,00,021D,904,0
30,0,00,0243,24,0
30,0,00,02AB,17394,0
30,0,00,02B1,12,0
30,0,00,0333,261,0
30,0,00,0559,4,0
30,0,00,0661,14,0
30,0,00,0683,4,0
30,0,00,06D1,16,0
30,0,00,06F5,2,0
30,0,00,06FF,12,0
30,0,00,0724,26,0
30,0,00,0763,18,0
30,0,00,0773,4,0
30,0,00,07F7,14,0
30,0,00,0907,4,0
30,0,00,09E1,14,0
30,0,00,0AD7,23949,0
30,0,00,0D4B,4,0
30,0,00,0D69,4,0
30,0,00,0E5D,4,0
30,0,00,0F2F,14,0
30,0,00,0F35,5,0
30,0,00,0FF3,4,0
30,0,00,193D,120,0
30,0,00,1D3D,125,0
30,0,00,2DFD,105,0
30,0,00,2F2D,9090,0
30,0,00,31B4,28,0
30,0,00,593D,52,0
30,0,00,5D3D,24,0
30,0,00,5DED,4,0
30,0,00,6CB7,1,0
30,0,00,70BB,1,0
30,0,00,71BB,1,0
30,0,00,73B5,1,0
30,0,02,4CFF,12,0
30,0,02,4DD1,6,0
30,0,02,4EA8,2,0
30,0,03,5BF4,18,0
30,0,03,5C0A,24,0
30,0,03,5C60,4,0
30,0,04,43EF,12,0
30,0,04,58DE,488,384
30,0,04,5A9D,224,200
30,0,06,433D,4,0
30,0,06,5429,2,0
30,0,06,54AA,2,0
30,0,06,552B,2,0
30,0,06,570A,8,0
30,0,06,5721,8,0
30,0,06,5738,8,0
30,0,06,574C,8,0
30,0,06,57DA,28,0
30,0,06,57F2,28,0
30,0,06,58DA,56,0
30,0,06,6E28,12,0
30,0,08,4CEC,6,0
30,0,08,4D02,8,0
30,0,08,4D43,2,0
30,0,21,6A0D,1,0
30,0,3D,781F,30,0
30,1,00,020D,6673,0
30,1,00,021D,4,0
30,1,00,02AB,23988,0
30,1,00,0333,8,0
30,1,00,06FF,10,0
30,1,00,0AD7,205,0
30,1,00,268E,4,0
30,1,00,27B1,2,0
30,1,00,2BAC,2,0
30,1,00,2F2D,82,0
30,1,00,30AB,8,0
30,1,00,314B,28,0
30,1,00,399B,2,0
30,1,02,4546,6,0
30,1,02,5117,8,0
30,1,03,46CB,14,0
30,1,03,55D2,20,0
30,1,04,40A7,10,0
30,1,04,427D,8,0
30,1,04,47C9,2,0
30,1,04,5A44,54,32
30,1,04,5A4D,170,168
30,1,06,4D8B,8,0
30,1,06,4D94,8,0
30,1,06,4D9D,8,0
30,1,06,4DA6,8,0
30,1,06,5794,56,0
30,1,06,5877,14,0
30,1,06,5880,14,0
30,1,06,5889,14,0
30,1,06,5892,14,0
30,1,06,6D15,12,0
30,1,07,5F35,2,0
30,1,08,48F4,14,0
31,0,00,011D,10,0
31,0,00,012B,4,0
31,0,00,0187,4,0
31,0,00,020D,1001,0
31,0,00,021D,116,0
31,0,00,02AB,253,50
31,0,00,0333,1433,589
31,0,00,0683,4,0
31,0,00,0745,14,0
31,0,00,0763,2,0
31,0,00,07F7,4,0
31,0,00,095B,4,0
31,0,00,0AD7,555,0
31,0,00,0E5D,2,0
31,0,00,0FF1,8,0
31,0,00,1021,8,0
31,0,00,193D,12,0
31,0,00,2F2D,5468,0
31,0,00,31BB,240,0
31,0,00,593D,36,0
31,0,00,5D3D,22,0
31,0,04,5A9D,2,0
31,0,06,727E,12,0
31,0,08,5400,1345,547
31,0,08,5474,23591,186
31,0,08,54B9,62,34
31,1,00,020D,4232,0
31,1,00,021D,14,0
31,1,00,02AB,515,0
31,1,00,0AD7,2,0
31,1,00,30AB,4,0
31,1,00,314B,240,0
31,1,04,5A4D,2,0
31,1,08,53D7,277,115
31,1,08,53E0,276,114
31,1,08,53E9,276,114
31,1,08,53F2,276,114
31,1,08,53FB,240,90
31,1,08,5459,11787,87
31,1,08,545F,11804,99
31,1,08,549E,31,17
31,1,08,54A4,31,17
31,1,1F,46E9,5,5
31,1,1F,4EDD,18,14
31,1,1F,5046,2,0
32,0,00,012B,4,0
32,0,00,01E1,4,0
32,0,00,020D,706,0
32,0,00,021D,98,0
32,0,00,0333,328,240
32,0,00,0683,26,0
32,0,00,06D1,8,0
32,0,00,06F5,20,0
32,0,00,06FF,4,0
32,0,00,07F4,2,0
32,0,00,087D,16,0
32,0,00,0AD7,78,0
32,0,00,0F35,5,0
32,0,00,0F3B,2,0
32,0,00,0FF1,4,0
32,0,00,193D,4,0
32,0,00,2F2D,4002,0
32,0,00,313B,22,0
32,0,00,319C,272,0
32,0,00,31BB,840,0
32,0,00,34EF,308,0
32,0,00,593D,12,0
32,0,02,4DD1,6,0
32,0,03,5BF4,6,0
32,0,03,5C0A,8,0
32,0,05,41C5,10,0
32,0,05,781F,16,0
32,0,08,5400,334,248
32,0,08,5474,86,62
32,0,08,54B9,16,16
32,1,00,020D,3039,0
32,1,00,021D,16,0
32,1,00,02AB,60,0
32,1,00,2E7C,1,0
32,1,00,2F2D,22,0
32,1,00,3118,308,0
32,1,00,314B,1112,0
32,1,00,317B,2,0
32,1,00,34EF,22,0
32,1,02,4546,6,0
32,1,03,46CB,14,0
32,1,07,5F35,4,0
32,1,08,53D7,89,64
32,1,08,53E0,89,64
32,1,08,53E9,40,32
32,1,08,53F2,40,32
32,1,08,53FB,76,56
32,1,08,5459,68,52
32,1,08,545F,18,10
32,1,08,549E,16,16
33,0,00,01E1,4,0
33,0,00,020D,408,0
33,0,00,021D,40,0
33,0,00,02B1,8,0
33,0,00,02F0,4,0
33,0,00,0333,155,104
33,0,00,0683,2,0
33,0,00,0AD7,257,0
33,0,00,193D,4,0
33,0,00,2F2D,2722,0
33,0,00,593D,16,0
33,0,05,41C5,8,0
33,0,08,5400,147,96
33,0,08,5474,50,42
33,0,08,54B9,16,16
33,1,00,020D,2148,0
33,1,00,02AB,249,0
33,1,00,17E7,29,17
33,1,00,30AB,8,0
33,1,08,53E9,49,32
33,1,08,53F2,49,32
33,1,08,53FB,49,32
33,1,08,545F,50,42
33,1,08,54A4,16,16
34,0,00,020D,558,0
34,0,00,021D,14,0
34,0,00,02B1,11,0
34,0,00,0333,947,666
34,0,00,0763,12,0
34,0,00,0773,16,0
34,0,00,0AD7,213,0
34,0,00,0E1D,8,0
34,0,00,0F2F,2,0
34,0,00,193D,39,0
34,0,00,1D3D,4,0
34,0,00,2F2D,3026,0
34,0,00,319C,1392,0
34,0,00,31B4,28,0
34,0,00,31BB,1512,0
34,0,00,593D,8,0
34,0,00,5D3D,8,0
34,0,02,4DD1,2,0
34,0,06,433D,4,0
34,0,06,6E28,70,0
34,0,06,781F,40,0
34,0,08,5055,12893,973
34,0,08,5079,17698,991
34,0,08,509D,275,227
34,0,08,50C1,275,227
34,0,08,50E2,135,106
34,0,08,50F2,135,106
34,0,08,74CD,26,0
34,0,08,74D7,22,0
34,0,1A,781F,8,0
34,1,00,020D,2310,0
34,1,00,02AB,213,0
34,1,00,087D,5243,283
34,1,00,0AD7,2,0
34,1,00,2B59,2,0
34,1,00,2CEC,12,0
34,1,00,2F2D,14,0
34,1,00,314B,2932,0
34,1,00,348D,9,0
34,1,02,4546,2,0
34,1,06,5F9E,40,0
34,1,06,6D15,70,0
34,1,08,4248,540,290
34,1,08,483C,74,46
34,1,08,4F79,108,90
34,1,08,4F9E,54,44
34,1,08,4FDA,162,122
34,1,08,5011,112,80
34,1,08,7494,48,0
34,1,1F,4627,2,2
35,0,00,01C6,4,0
35,0,00,020D,837,0
35,0,00,021D,214,0
35,0,00,0227,4,0
35,0,00,027F,12,0
35,0,00,0333,1438,1166
35,0,00,03F1,12,0
35,0,00,05A1,4,0
35,0,00,06C7,4,0
35,0,00,0755,4,0
35,0,00,0773,18,0
35,0,00,07A1,4,0
35,0,00,07F7,14,0
35,0,00,0843,38,0
35,0,00,095B,4,0
35,0,00,0AD7,530,0
35,0,00,0D4B,8,0
35,0,00,0DAD,16,0
35,0,00,0E83,4,0
35,0,00,0F3B,12,0
35,0,00,193D,15,0
35,0,00,1D3D,12,0
35,0,00,2F2D,4746,0
35,0,00,319C,80,0
35,0,00,31BB,80,0
35,0,00,593D,16,0
35,0,00,5D3D,4,0
35,0,00,6C03,1,0
35,0,02,4DD1,2,0
35,0,03,553D,4,0
35,0,06,6E28,12,0
35,0,07,5F35,24,0
35,0,08,5055,24428,1115
35,0,08,5079,27568,1122
35,0,08,509D,522,423
35,0,08,50C1,522,423
35,0,08,50E2,196,160
35,0,08,50F2,196,160
35,0,1A,781F,9,0
35,1,00,020D,3570,0
35,1,00,021D,14,0
35,1,00,02AB,510,0
35,1,00,087D,338,234
35,1,00,0AD7,1,0
35,1,00,1D3D,4,0
35,1,00,2F2D,32,0
35,1,00,30AB,2,0
35,1,00,314B,160,0
35,1,02,4546,2,0
35,1,06,6D15,12,0
35,1,08,4248,24228,1172
35,1,08,483C,360,282
35,1,08,4F79,302,246
35,1,08,4F9E,356,292
35,1,08,4FDA,90,74
35,1,08,5011,90,74
36,0,00,020D,374,0
36,0,00,021D,64,0
36,0,00,0333,312853,17669
36,0,00,0661,4,0
36,0,00,0745,4,0
36,0,00,0773,2,0
36,0,00,0843,26,0
36,0,00,0AD7,18,0
36,0,00,0E83,14,0
36,0,00,0F25,10,0
36,0,00,2F2D,1948,0
36,0,00,31B4,6636,4060
36,0,00,31BB,1120,0
36,0,00,593D,8,0
36,0,02,4CC1,2191,1515
36,0,02,4CE1,20,0
36,0,02,4CFF,51,3
36,0,02,4DD1,6,0
36,0,03,5BF4,1398,804
36,0,03,5C0A,1864,1072
36,0,03,5C60,357,225
36,0,04,43D4,136,0
36,0,04,43EF,184,0
36,0,04,4469,434,2
36,0,04,50DD,65070,14126
36,0,06,5429,8233,225
36,0,06,54AA,8210,208
36,0,06,552B,8152,182
36,0,06,55AC,273,192
36,0,06,5629,168,100
36,0,06,5670,144,84
36,0,06,570A,32858,834
36,0,06,5721,32857,833
36,0,06,5738,32857,833
36,0,06,574C,32857,833
36,0,06,57DA,142474,322
36,0,06,57F2,142474,322
36,0,06,58DA,1316,476
36,0,06,5CFF,650,435
36,0,06,5D15,650,435
36,0,06,5D2B,650,435
36,0,06,5D40,650,435
36,0,06,6E28,1,0
36,0,08,4CEC,723,234
36,0,08,4D02,964,312
36,0,08,4D43,238,118
36,1,00,0108,404,245
36,1,00,011C,16,0
36,1,00,011D,4,1
36,1,00,012B,3,2
36,1,00,017B,4,0
36,1,00,017E,5,1
36,1,00,0187,2,0
36,1,00,01A6,1,1
36,1,00,01AC,7,6
36,1,00,01AF,2,2
36,1,00,0205,416,255
36,1,00,020D,1887,255
36,1,00,021D,516,213
36,1,00,02AB,18,0
36,1,00,0330,28,0
36,1,00,05A1,2,0
36,1,00,0623,2,0
36,1,00,0661,12,0
36,1,00,0683,1,1
36,1,00,06FF,16191,333
36,1,00,0E1D,2,0
36,1,00,1A1D,8,2
36,1,00,268E,165,112
36,1,00,26C1,18,6
36,1,00,26D0,2,2
36,1,00,276C,7786,182
36,1,00,2799,24,2
36,1,00,27A5,18,0
36,1,00,27B1,38,5
36,1,00,27BD,50,17
36,1,00,282C,52,42
36,1,00,286D,6,4
36,1,00,2AD8,2,0
36,1,00,2DFD,4,0
36,1,00,2F2D,14,0
36,1,00,314B,7756,4060
36,1,02,4546,6,0
36,1,02,4F53,20,0
36,1,02,5117,1943,1386
36,1,03,431D,56,0
36,1,03,46CB,749,301
36,1,03,49C8,434,392
36,1,03,4C2C,98,0
36,1,03,52FD,98,0
36,1,03,550E,308,280
36,1,03,55D2,1519,903
36,1,04,409F,120,0
36,1,04,40A7,28,0
36,1,04,4215,136,0
36,1,04,424B,136,0
36,1,04,4579,86,2
36,1,04,4629,20,0
36,1,04,4716,8,0
36,1,04,47C1,8,0
36,1,04,4CC0,8,0
36,1,04,4F69,140,0
36,1,04,4F7B,20,0
36,1,04,5057,2973,1595
36,1,04,506E,29026,4987
36,1,04,5075,28961,4979
36,1,04,5091,2871,1810
36,1,06,4D8B,24447,513
36,1,06,4D94,24447,513
36,1,06,4D9D,24447,513
36,1,06,4DA6,24445,511
36,1,06,4DCA,345,177
36,1,06,4DD3,345,177
36,1,06,4F69,96,96
36,1,06,567D,273,192
36,1,06,5794,284948,644
36,1,06,5877,329,119
36,1,06,5880,329,119
36,1,06,5889,329,119
36,1,06,5892,329,119
36,1,06,5B52,1928,1196
36,1,06,5BBB,256,184
36,1,06,5CA5,416,360
36,1,06,5EDD,32857,833
36,1,06,6D15,1,0
36,1,06,6E28,2,0
36,1,08,48F4,889,266
36,1,08,4A31,798,280
36,1,1F,40B3,4,0
36,1,1F,4590,4,0
36,1,1F,4A7E,4,0
36,1,1F,501E,5,0
36,1,1F,507D,75,2
36,1,1F,50BD,4,0
36,1,1F,5115,42,36
36,1,1F,5168,8,0
36,1,1F,5188,4,0
36,1,1F,51CF,16,6
36,1,1F,5334,5,0
36,1,1F,536D,4,0
36,1,1F,5437,5,1
36,1,1F,543D,50,14
36,1,1F,5443,37,26
36,1,1F,544C,3,3
36,1,1F,545E,19,15
36,1,1F,5467,4,0
36,1,1F,5489,3,0
36,1,1F,5496,20,0
36,1,1F,5499,25,0
36,1,1F,549D,10,4
36,1,1F,54A0,1,0
36,1,1F,54BE,11,8
36,1,1F,54BF,176,172
36,1,1F,54C3,8,0
36,1,1F,550D,20,0
36,1,1F,5521,10,10
36,1,1F,5532,3,1
36,1,1F,5535,5,1
36,1,1F,5539,12,0
36,1,1F,555C,2,0
36,1,1F,5564,13,13
36,1,1F,5567,3,1
36,1,1F,556D,18,14
36,1,1F,5575,9,0
36,1,1F,5607,15,13
36,1,1F,560A,1,1
36,1,1F,5873,2,0
36,1,1F,5C04,13,5
37,0,00,01A9,4,0
37,0,00,020D,507,0
37,0,00,021D,44,0
37,0,00,0243,4,0
37,0,00,0269,4,0
37,0,00,0333,392,1
37,0,00,0683,18,0
37,0,00,0773,4,0
37,0,00,0843,2,0
37,0,00,09E1,8,0
37,0,00,0AD7,508,0
37,0,00,0D4B,12,0
37,0,00,0F25,12,0
37,0,00,0F4B,16,0
37,0,00,0FF3,28,0
37,0,00,193D,64,0
37,0,00,1D3D,14,0
37,0,00,2F2D,2984,0
37,0,00,31B4,28,0
37,0,00,593D,30,0
37,0,00,73A7,1,0
37,0,02,4CFF,95,1
37,0,02,4DD1,4,0
37,0,02,4E2B,4,0
37,0,02,4EA8,6,0
37,0,03,5BF4,42,0
37,0,03,5C0A,56,0
37,0,03,5C60,4,0
37,0,04,43D4,68,0
37,0,04,43EF,85,1
37,0,04,4469,354,4
37,0,06,5429,2,0
37,0,06,54AA,2,0
37,0,06,552B,2,0
37,0,06,570A,8,0
37,0,06,5721,8,0
37,0,06,5738,8,0
37,0,06,574C,8,0
37,0,06,57DA,28,0
37,0,06,57F2,28,0
37,0,06,58DA,56,0
37,0,06,5CFF,184,160
37,0,06,5D15,184,160
37,0,06,5D2B,184,160
37,0,06,5D40,184,160
37,0,06,6E28,40,0
37,0,06,781F,16,0
37,0,08,4CEC,6,0
37,0,08,4D02,8,0
37,0,08,4D43,2,0
37,0,08,533D,2,0
37,1,00,017B,4,0
37,1,00,0187,12,0
37,1,00,020D,2328,0
37,1,00,021D,32,0
37,1,00,02AB,500,0
37,1,00,06FF,2,0
37,1,00,2F2D,54,0
37,1,00,30AB,8,0
37,1,00,314B,28,0
37,1,00,593D,8,0
37,1,02,4546,4,0
37,1,02,5117,63,1
37,1,03,46CB,70,0
37,1,03,4C2C,14,0
37,1,03,52FD,14,0
37,1,04,409F,240,0
37,1,04,40A7,26,0
37,1,04,4215,68,0
37,1,04,424B,57,1
37,1,04,4579,52,4
37,1,04,4629,16,0
37,1,04,4716,16,0
37,1,04,47C1,16,0
37,1,04,47C9,2,0
37,1,04,4CC0,14,0
37,1,06,4D8B,8,0
37,1,06,4D94,8,0
37,1,06,4D9D,8,0
37,1,06,4DA6,8,0
37,1,06,5794,56,0
37,1,06,5877,14,0
37,1,06,5880,14,0
37,1,06,5889,14,0
37,1,06,5892,14,0
37,1,06,5B52,664,640
37,1,06,5BBB,64,0
37,1,06,5CA5,8,0
37,1,06,5F9E,16,0
37,1,06,6D15,40,0
37,1,08,48F4,14,0
37,1,1F,48F5,2,0
38,0,00,020D,392,0
38,0,00,021D,10,0
38,0,00,024F,27,0
38,0,00,02B1,24,0
38,0,00,0333,793,603
38,0,00,03F1,4,0
38,0,00,0721,8,0
38,0,00,0745,4,0
38,0,00,0AD7,225,0
38,0,00,0E5D,2,0
38,0,00,0EA1,12,0
38,0,00,0F25,10,0
38,0,00,0F3B,14,0
38,0,00,0FF1,4,0
38,0,00,1D3D,8,0
38,0,00,2F2D,2172,0
38,0,00,31B4,11424,11424
38,0,00,5D3D,4,0
38,0,00,6CF5,1,0
38,0,00,73D1,1,0
38,0,02,4CFF,64,0
38,0,02,4DD1,10,0
38,0,03,5BF4,18,0
38,0,03,5C0A,24,0
38,0,04,43D4,76,0
38,0,04,43EF,104,0
38,0,04,4469,287,2
38,0,04,44D8,12,0
38,0,06,5CFF,503,242
38,0,06,5D15,503,242
38,0,06,5D2B,503,242
38,0,06,5D40,503,242
38,0,06,6E28,12,0
38,0,06,727E,6,0
38,0,1A,781F,8,0
38,0,38,7D61,1,0
38,1,00,0187,4,0
38,1,00,01B2,2,0
38,1,00,020D,1606,0
38,1,00,021D,16,0
38,1,00,02AB,225,0
38,1,00,0724,56,0
38,1,00,0F02,12,12
38,1,00,2F2D,14,0
38,1,00,314B,11424,11424
38,1,02,4546,10,0
38,1,02,4F53,16,0
38,1,02,5117,32,0
38,1,03,46CB,14,0
38,1,03,55D2,28,0
38,1,04,409F,132,0
38,1,04,40A7,12,0
38,1,04,40BF,8,0
38,1,04,4215,76,0
38,1,04,424B,72,0
38,1,04,4579,46,2
38,1,04,4629,12,0
38,1,04,4716,8,0
38,1,04,4724,2,0
38,1,04,47C1,8,0
38,1,04,47E1,2,0
38,1,04,4952,4,0
38,1,04,4CC0,5,0
38,1,04,4F69,20,0
38,1,04,4F7B,16,0
38,1,06,5B52,608,544
38,1,06,5BBB,1036,104
38,1,06,5CA5,368,320
38,1,06,6D15,12,0
38,1,1F,75AC,8,0
39,0,00,01E1,4,0
39,0,00,020D,303,0
39,0,00,021D,18,0
39,0,00,0243,8,0
39,0,00,02B1,4,0
39,0,00,0333,558,413
39,0,00,0745,2,0
39,0,00,0AD7,137,0
39,0,00,0E1D,4,0
39,0,00,0F25,14,0
39,0,00,193D,4,0
39,0,00,1D3D,2,0
39,0,00,2F2D,1848,0
39,0,00,31B4,7616,7616
39,0,00,593D,4,0
39,0,00,6C77,1,0
39,0,00,73D1,1,0
39,0,02,4CFF,28,0
39,0,02,4DD1,7,0
39,0,04,43D4,44,0
39,0,04,43EF,56,0
39,0,04,4469,224,0
39,0,06,5CFF,171,147
39,0,06,5D15,171,147
39,0,06,5D2B,171,147
39,0,06,5D40,171,147
39,0,07,68DD,2,0
39,0,09,71CA,4,0
39,1,00,0187,4,0
39,1,00,020D,1460,0
39,1,00,021D,12,0
39,1,00,02AB,135,0
39,1,00,30AB,2,0
39,1,00,314B,7616,7616
39,1,02,4546,7,0
39,1,02,5117,16,0
39,1,04,409F,48,0
39,1,04,40A7,8,0
39,1,04,4215,44,0
39,1,04,424B,48,0
39,1,04,4579,80,0
39,1,04,4629,16,0
39,1,04,4F69,80,0
39,1,06,5B52,512,448
39,1,06,5BBB,72,40
39,1,06,5CA5,100,100
39,1,09,61BA,4,0
39,1,1F,4E29,4,0
39,1,1F,5431,2,0
3A,0,00,011D,4,0
3A,0,00,020D,1085,0
3A,0,00,021D,152,0
3A,0,00,0249,4,0
3A,0,00,024F,27,0
3A,0,00,0333,287,199
3A,0,00,0661,4,0
3A,0,00,06FF,2,0
3A,0,00,07A1,16,0
3A,0,00,0AD7,421,0
3A,0,00,0D4B,4,0
3A,0,00,0DAD,8,0
3A,0,00,0E1D,4,0
3A,0,00,0F25,14,0
3A,0,00,0F3B,4,0
3A,0,00,1485,4,0
3A,0,00,193D,22,0
3A,0,00,1D3D,130,0
3A,0,00,2F2D,5548,0
3A,0,00,31B4,3948,3948
3A,0,00,593D,4,0
3A,0,00,5DED,6,0
3A,0,00,7C4D,4,0
3A,0,02,4CFF,28,0
3A,0,02,4DD1,8,0
3A,0,03,5BF4,12,0
3A,0,03,5C0A,16,0
3A,0,04,43D4,16,0
3A,0,04,43EF,28,0
3A,0,04,4469,112,0
3A,0,05,41C5,1,0
3A,0,05,781F,8,0
3A,0,06,5CFF,96,72
3A,0,06,5D15,96,72
3A,0,06,5D2B,96,72
3A,0,06,5D40,96,72
3A,0,06,6E28,1,0
3A,0,07,5F35,24,0
3A,0,09,5F5D,8,0
3A,0,1A,781F,32,0
3A,0,3D,781F,8,0
3A,1,00,017E,4,0
3A,1,00,020D,4186,0
3A,1,00,021D,10,0
3A,1,00,02AB,421,0
3A,1,00,2F2D,94,0
3A,1,00,314B,3948,3948
3A,1,00,593D,4,0
3A,1,02,4546,8,0
3A,1,02,4F53,4,0
3A,1,02,5117,16,0
3A,1,03,46CB,28,0
3A,1,04,409F,24,0
3A,1,04,4215,16,0
3A,1,04,424B,24,0
3A,1,04,4579,40,0
3A,1,04,4629,8,0
3A,1,04,4F69,40,0
3A,1,04,4F7B,4,0
3A,1,06,5B52,304,224
3A,1,06,5BBB,16,0
3A,1,06,5CA5,64,64
3A,1,06,6D15,1,0
3B,0,00,011D,28,0
3B,0,00,0205,4,0
3B,0,00,020D,292,0
3B,0,00,021D,30,0
3B,0,00,02AB,16,0
3B,0,00,04C4,2,0
3B,0,00,0AD7,509,0
3B,0,00,0F25,2,0
3B,0,00,2F2D,1728,0
3B,0,00,593D,16,0
3B,0,00,6B85,1,0
3B,0,00,6CA7,1,0
3B,0,02,4DD1,8,0
3B,0,06,5CFF,16,16
3B,0,06,5D15,16,16
3B,0,06,5D2B,16,16
3B,0,06,5D40,16,16
3B,0,06,727E,4,0
3B,0,1B,6FAD,4,0
3B,0,3D,781F,8,0
3B,1,00,020D,1324,0
3B,1,00,02AB,497,0
3B,1,00,0AD7,1,0
3B,1,00,2F2D,6,0
3B,1,00,30AB,12,0
3B,1,02,4546,8,0
3B,1,06,5B52,64,64
3C,0,00,020D,551,0
3C,0,00,021D,128,0
3C,0,00,0333,193830,16258
3C,0,00,0661,4,0
3C,0,00,0755,5,0
3C,0,00,0907,14,0
3C,0,00,0AD7,762,0
3C,0,00,0D69,4,0
3C,0,00,0E1D,7,0
3C,0,00,0E5D,4,0
3C,0,00,0F3B,14,0
3C,0,00,0FF1,4,0
3C,0,00,2F2D,2738,0
3C,0,00,593D,26,0
3C,0,00,5D3D,12,0
3C,0,00,5DED,6,0
3C,0,02,4CFF,68100,2151
3C,0,02,4DD1,10,0
3C,0,03,5BF4,2976,1803
3C,0,03,5C0A,3968,2404
3C,0,03,5C60,11211,639
3C,0,06,4B54,2,0
3C,0,06,5CFF,12,0
3C,0,06,5D15,12,0
3C,0,06,5D2B,12,0
3C,0,06,5D40,12,0
3C,1,00,011C,44,40
3C,1,00,011D,217,181
3C,1,00,012B,2,0
3C,1,00,012D,29,27
3C,1,00,0164,68,4
3C,1,00,017E,20,18
3C,1,00,020D,2025,13
3C,1,00,021D,68127,2164
3C,1,00,02AB,762,0
3C,1,00,03F1,2,0
3C,1,00,0614,8,0
3C,1,00,0623,4,0
3C,1,00,06FF,234,209
3C,1,00,0721,2,0
3C,1,00,0E1D,26,26
3C,1,00,0E83,2,0
3C,1,00,0F02,6,2
3C,1,00,0F3B,2,0
3C,1,00,101E,8,8
3C,1,00,1A1D,7,7
3C,1,00,268E,214,188
3C,1,00,26C1,8,4
3C,1,00,26D0,3,3
3C,1,00,26DF,16,15
3C,1,00,26EE,17,15
3C,1,00,2DFD,43,19
3C,1,00,2F2D,28,0
3C,1,02,4546,10,0
3C,1,03,40A7,1071,476
3C,1,03,431D,203,189
3C,1,03,46CB,2156,588
3C,1,03,49C8,1631,1379
3C,1,03,4D02,119,119
3C,1,03,4EC0,231,175
3C,1,03,52FD,273,273
3C,1,03,550E,28,28
3C,1,03,55D2,1232,980
3C,1,06,45EE,2,0
3C,1,06,5B52,32,0
3C,1,06,5BBB,16,0
3C,1,1F,74C7,103,42
3C,1,1F,74D1,72,72
3C,1,1F,7B22,9,9
3D,0,00,020D,535,0
3D,0,00,021D,66,0
3D,0,00,0333,193,146
3D,0,00,087D,2,0
3D,0,00,0897,26,0
3D,0,00,0AD7,8031,0
3D,0,00,0FF3,4,0
3D,0,00,193D,205,0
3D,0,00,1D3D,201,0
3D,0,00,2F2D,2676,0
3D,0,00,3C4D,4,0
3D,0,00,593D,4,0
3D,0,00,5D3D,8,0
3D,0,00,5DED,2,0
3D,0,02,4CFF,17,0
3D,0,02,4DD1,8,0
3D,0,03,553D,1,0
3D,0,03,5BF4,24,24
3D,0,03,5C0A,32,32
3D,0,03,5C60,10,8
3D,0,03,5DED,2,0
3D,0,03,733D,2,0
3D,0,05,41C5,16,0
3D,0,06,5CFF,28,0
3D,0,06,5D15,28,0
3D,0,06,5D2B,28,0
3D,0,06,5D40,28,0
3D,0,3D,781F,64,0
3D,1,00,011D,6,6
3D,1,00,0187,1,0
3D,1,00,020D,1958,0
3D,1,00,021D,14,0
3D,1,00,02AB,8019,0
3D,1,00,06FF,6,6
3D,1,00,0AD7,394,0
3D,1,00,2F2D,26,0
3D,1,00,30AB,8,0
3D,1,00,593D,4,0
3D,1,02,4546,8,0
3D,1,02,5117,5,0
3D,1,03,530C,2,0
3D,1,03,550E,56,56
3D,1,06,5B52,112,0
3E,0,00,011D,4,0
3E,0,00,01A6,4,0
3E,0,00,01AF,12,0
3E,0,00,01CE,4,0
3E,0,00,01ED,12,0
3E,0,00,020D,1954,0
3E,0,00,021D,334,0
3E,0,00,024F,39,0
3E,0,00,027F,16,0
3E,0,00,02AB,4,0
3E,0,00,0333,1210119,1030778
3E,0,00,03F1,4,0
3E,0,00,06D1,16,0
3E,0,00,06F5,18,0
3E,0,00,0745,14,0
3E,0,00,0755,10,0
3E,0,00,07A1,12,0
3E,0,00,0843,26,0
3E,0,00,0869,4,0
3E,0,00,087D,8,0
3E,0,00,0955,14,0
3E,0,00,095B,2,0
3E,0,00,09E1,20,0
3E,0,00,0AD7,24796,0
3E,0,00,0DAD,7,0
3E,0,00,0E5D,16,0
3E,0,00,0F2F,2,0
3E,0,00,0F3B,4,0
3E,0,00,1021,18,0
3E,0,00,193D,149,0
3E,0,00,1D3D,200,0
3E,0,00,2F2D,10299,0
3E,0,00,31B4,27,0
3E,0,00,593D,52,0
3E,0,00,5D3D,4,0
3E,0,00,5DED,4,0
3E,0,00,6CB7,1,0
3E,0,02,4DD1,2,0
3E,0,03,553D,4,0
3E,0,03,5BF4,6,0
3E,0,03,5C0A,8,0
3E,0,04,44D8,12,0
3E,0,04,633D,21,0
3E,0,05,41C5,51,0
3E,0,05,781F,24,0
3E,0,06,433D,33,0
3E,0,06,483D,3,0
3E,0,06,4B35,2,0
3E,0,06,6E28,65,0
3E,0,06,727E,12,0
3E,0,06,781F,59,0
3E,0,07,5F35,36,0
3E,0,08,5055,84,0
3E,0,08,5079,84,0
3E,0,08,509D,4,0
3E,0,08,50C1,4,0
3E,0,08,74CD,298725,255825
3E,0,08,74D7,299261,255564
3E,0,0F,643D,8,0
3E,0,19,6A05,1,0
3E,0,1A,781F,8,0
3E,0,1E,717B,1,0
3E,0,1E,7C47,1,0
3E,0,2E,673D,8,0
3E,0,3D,781F,64,0
3E,1,00,01B2,4,0
3E,1,00,020D,8058,0
3E,1,00,02AB,24758,0
3E,1,00,0559,191,148
3E,1,00,0623,348,0
3E,1,00,0755,1,0
3E,1,00,0AD7,214,0
3E,1,00,0F02,1,0
3E,1,00,1DDF,3,1
3E,1,00,2F2D,197,0
3E,1,00,30AB,12,0
3E,1,00,314B,27,0
3E,1,02,4546,2,0
3E,1,03,46CB,10,0
3E,1,04,40BF,8,0
3E,1,04,4724,2,0
3E,1,04,47E1,2,0
3E,1,04,633D,12,0
3E,1,06,45EB,2,0
3E,1,06,5F9E,59,0
3E,1,06,6D15,65,0
3E,1,08,7494,597986,511389
3E,1,1F,40B3,4,3
3E,1,1F,40FB,1,0
3E,1,1F,44F8,1,0
3E,1,1F,45FF,28,14
3E,1,1F,4785,29,0
3E,1,1F,4791,35,0
3E,1,1F,47D1,2,0
3E,1,1F,4851,14,7
3E,1,1F,4893,83,80
3E,1,1F,4899,6,5
3E,1,1F,4953,189,184
3E,1,1F,4A61,18,3
3E,1,1F,4A7E,2,0
3E,1,1F,4C11,27,0
3E,1,1F,4E29,2,0
3E,1,1F,4EDD,1,1
3E,1,1F,50AB,3,2
3E,1,1F,50BD,19,3
3E,1,1F,5364,2,0
3E,1,1F,5489,59,0
3E,1,1F,548F,2,0
3E,1,1F,5499,3,0
3E,1,1F,54BF,2,0
3E,1,1F,550D,4,1
3E,1,1F,5519,3,1
3E,1,1F,5567,1,0
3E,1,1F,556D,8,2
3E,1,1F,580E,2,0
3E,1,1F,5873,9,2
3F,0,00,011D,148,0
3F,0,00,012B,72,0
3F,0,00,012D,8,0
3F,0,00,01AF,12,0
3F,0,00,020D,1385,0
3F,0,00,021D,474,0
3F,0,00,0227,72,0
3F,0,00,0243,24,0
3F,0,00,0249,24,0
3F,0,00,024F,24,0
3F,0,00,0269,12,0
3F,0,00,02A7,5,0
3F,0,00,02AB,801,0
3F,0,00,0333,781320,614058
3F,0,00,03F1,4,0
3F,0,00,0623,72,0
3F,0,00,0683,100,0
3F,0,00,06D1,2,0
3F,0,00,06F5,96,0
3F,0,00,06FF,208,0
3F,0,00,0755,96,0
3F,0,00,0763,26,0
3F,0,00,0773,96,0
3F,0,00,07A1,44,0
3F,0,00,07F7,96,0
3F,0,00,0843,192,0
3F,0,00,0869,96,0
3F,0,00,087D,12,0
3F,0,00,0897,32,0
3F,0,00,095B,4,0
3F,0,00,0AD7,18454,0
3F,0,00,0F4B,4,0
3F,0,00,1D3D,18,0
3F,0,00,2F2D,89989,0
3F,0,00,319C,492,0
3F,0,00,34AC,32,0
3F,0,00,593D,38,0
3F,0,00,5D3D,14,0
3F,0,00,5DED,10,0
3F,0,00,6B43,1,0
3F,0,03,63A9,226,174
3F,0,03,63B7,226,174
3F,0,05,7ED4,2,0
3F,0,05,7F18,4,0
3F,0,06,727E,12,0
3F,0,07,5F35,12,0
3F,0,08,7274,8729,8494
3F,0,08,737C,10708,8210
3F,0,08,738A,10674,8206
3F,0,08,7398,10674,8206
3F,0,08,73F4,5318,4755
3F,0,08,7402,8449,4769
3F,0,08,7410,8451,4767
3F,0,08,74CD,168026,147424
3F,0,08,74D7,164977,147303
3F,0,1A,781F,6,0
3F,0,3D,781F,40,0
3F,0,3F,728D,5,0
3F,1,00,0108,3,0
3F,1,00,020D,5166,0
3F,1,00,02A0,83263,0
3F,1,00,02AB,18352,0
3F,1,00,0614,2,2
3F,1,00,199D,2,0
3F,1,00,2F2D,63481,47755
3F,1,00,309D,2,0
3F,1,00,30AB,10,0
3F,1,00,314B,492,0
3F,1,05,77D4,2,0
3F,1,05,7810,4,0
3F,1,07,5F35,4,0
3F,1,08,7494,333003,294727
3F,1,1F,40B3,2,2
3F,1,1F,410B,2,0
3F,1,1F,44F8,17,0
3F,1,1F,4569,3,0
3F,1,1F,45C9,1,1
3F,1,1F,45FF,6,2
3F,1,1F,46E9,2,0
3F,1,1F,4785,10,2
3F,1,1F,4791,21,0
3F,1,1F,4851,10,6
3F,1,1F,4893,28,26
3F,1,1F,4899,10,8
3F,1,1F,48BD,1,1
3F,1,1F,4953,46,42
3F,1,1F,4A61,44,17
3F,1,1F,4C11,1,1
3F,1,1F,4CE7,3,0
3F,1,1F,4EDD,4,2
3F,1,1F,507D,6,0
3F,1,1F,50AB,18,16
3F,1,1F,50BD,6,3
3F,1,1F,5489,57,0
3F,1,1F,550D,1,1
3F,1,1F,5559,3,0
3F,1,1F,5567,12,10
3F,1,1F,556D,10,3
3F,1,1F,580E,7,0
3F,1,1F,5873,2,1
