bank,start,length,class
00,0000,4,F
00,0004,4,r
00,0008,31,C
00,0027,17,r
00,0038,8,R
00,0040,3,C
00,0043,5,R
00,0048,3,C
00,004B,5,R
00,0050,3,F
00,0053,5,R
00,0058,3,C
00,005B,5,R
00,0060,3,F
00,0063,157,R
00,0100,4,C
00,0104,76,R
00,0150,13,C
00,015D,4,F
00,0161,502,C
00,0357,16,T
00,0367,1,N
00,0368,29,C
00,0385,4,R
00,0389,1,F
00,038A,74,C
00,03D4,14,N
00,03E2,14,C
00,03F0,10,N
00,03FA,159,C
00,0499,4,N
00,049D,24,C
00,04B5,1,F
00,04B6,22,C
00,04CC,1,F
00,04CD,57,C
00,0506,4,N
00,050A,37,C
00,052F,1,N
00,0530,22,C
00,0546,1,N
00,0547,56,C
00,057F,7,N
00,0586,90,C
00,05E0,24,N
00,05F8,167,C
00,069F,43,N
00,06CA,44,F
00,06F6,9,N
00,06FF,82,C
00,0751,7,F
00,0758,25,N
00,0771,2,F
00,0773,121,N
00,07EC,4,C
00,07F0,32,F
00,0810,15,N
00,081F,24,F
00,0837,4,N
00,083B,38,F
00,0861,7,N
00,0868,4,C
00,086C,19,F
00,087F,248,C
00,0977,54,R
00,09AD,65,C
00,09EE,32,R
00,0A0E,157,C
00,0AAB,14,F
00,0AB9,81,C
00,0B0A,45,F
00,0B37,79,C
00,0B86,81,F
00,0BD7,815,C
00,0F06,16,R
00,0F16,181,C
00,0FCB,64,R
00,100B,46,C
00,1039,24,F
00,1051,12,C
00,105D,35,F
00,1080,12,C
00,108C,20,F
00,10A0,12,C
00,10AC,36,N
00,10D0,48,r
00,1100,21,C
00,1115,3,F
00,1118,31,C
00,1137,1,N
00,1138,41,C
00,1161,8,F
00,1169,35,C
00,118C,76,F
00,11D8,3,r
00,11DB,21,C
00,11F0,3,F
00,11F3,42,C
00,121D,8,F
00,1225,35,C
00,1248,76,F
00,1294,3,r
00,1297,22,C
00,12AD,3,F
00,12B0,22,C
00,12C6,1,F
00,12C7,76,C
00,1313,61,F
00,1350,3,r
00,1353,151,C
00,13EA,1,F
00,13EB,6,C
00,13F1,2,R
00,13F3,4,r
00,13F7,32,R
00,1417,32,r
00,1437,102,C
00,149D,13,F
00,14AA,40,C
00,14D2,14,F
00,14E0,6,C
00,14E6,7,F
00,14ED,44,C
00,1519,13,F
00,1526,40,C
00,154E,14,F
00,155C,6,C
00,1562,7,F
00,1569,124,C
00,15E5,8,R
00,15ED,40,C
00,1615,83,F
00,1668,70,C
00,16AE,8,N
00,16B6,10,C
00,16C0,1,R
00,16C1,3,r
00,16C4,19,C
00,16D7,4,N
00,16DB,560,C
00,190B,3,N
00,190E,1,C
00,190F,5,N
00,1914,128,C
00,1994,14,F
00,19A2,5,N
00,19A7,52,C
00,19DB,4,F
00,19DF,69,C
00,1A24,36,F
00,1A48,51,C
00,1A7B,87,N
00,1AD2,25,C
00,1AEB,51,N
00,1B1E,7,C
00,1B25,11,N
00,1B30,6,C
00,1B36,4,N
00,1B3A,55,C
00,1B71,22,R
00,1B87,8,r
00,1B8F,8,R
00,1B97,152,C
00,1C2F,13,N
00,1C3C,26,C
00,1C56,1,N
00,1C57,123,C
00,1CD2,5,N
00,1CD7,97,C
00,1D38,101,N
00,1D9D,4,C
00,1DA1,227,N
00,1E84,4,C
00,1E88,28,N
00,1EA4,58,C
00,1EDE,16,r
00,1EEE,175,C
00,1F9D,5,N
00,1FA2,16,R
00,1FB2,446,C
00,2170,756,R
00,2464,141,C
00,24F1,25,N
00,250A,25,C
00,2523,48,N
00,2553,60,C
00,258F,15,N
00,259E,115,C
00,2611,6,N
00,2617,850,C
00,2969,1,N
00,296A,167,C
00,2A11,18,R
00,2A23,229,C
00,2B08,6,N
00,2B0E,18,C
00,2B20,5,N
00,2B25,21,F
00,2B3A,507,N
00,2D35,18,F
00,2D47,4,N
00,2D4B,5,C
00,2D50,15,F
00,2D5F,175,C
00,2E0E,15,F
00,2E1D,36,N
00,2E41,39,F
00,2E68,26,C
00,2E82,6,N
00,2E88,10,r
00,2E92,173,C
00,2F3F,102,T
00,2FA5,32,R
00,2FC5,32,r
00,2FE5,36,R
00,3009,12,r
00,3015,4,C
00,3019,24,T
00,3031,200,C
00,30F9,3,r
00,30FC,1,R
00,30FD,17,r
00,310E,2,R
00,3110,8,r
00,3118,63,C
00,3157,5,F
00,315C,63,C
00,319B,19,F
00,31AE,11,C
00,31B9,5,F
00,31BE,4,C
00,31C2,5,F
00,31C7,21,C
00,31DC,6,F
00,31E2,16,C
00,31F2,34,F
00,3214,24,C
00,322C,4,F
00,3230,184,C
00,32E8,6,r
00,32EE,2,R
00,32F0,2,r
00,32F2,88,C
00,334A,12,F
00,3356,38,C
00,337C,91,F
00,33D7,5,N
00,33DC,40,F
00,3404,11,N
00,340F,11,C
00,341A,4,F
00,341E,4,C
00,3422,4,N
00,3426,4,C
00,342A,4,F
00,342E,11,C
00,3439,2,F
00,343B,72,C
00,3483,10,R
00,348D,38,C
00,34B3,19,F
00,34C6,49,C
00,34F7,30,R
00,3515,56,C
00,354D,31,N
00,356C,388,r
00,36F0,373,R
00,3865,1,r
00,3866,67,R
00,38A9,1,r
00,38AA,40,R
00,38D2,1,r
00,38D3,146,R
00,3965,1,r
00,3966,67,R
00,39A9,2,r
00,39AB,39,R
00,39D2,1,r
00,39D3,146,R
00,3A65,1,r
00,3A66,67,R
00,3AA9,1,r
00,3AAA,40,R
00,3AD2,1,r
00,3AD3,146,R
00,3B65,1,r
00,3B66,63,R
00,3BA5,1,r
00,3BA6,3,R
00,3BA9,1,r
00,3BAA,40,R
00,3BD2,1,r
00,3BD3,146,R
00,3C65,1,r
00,3C66,67,R
00,3CA9,1,r
00,3CAA,40,R
00,3CD2,1,r
00,3CD3,136,R
00,3D5B,1,r
00,3D5C,9,R
00,3D65,1,r
00,3D66,63,R
00,3DA5,1,r
00,3DA6,3,R
00,3DA9,1,r
00,3DAA,40,R
00,3DD2,1,r
00,3DD3,146,R
00,3E65,1,r
00,3E66,67,R
00,3EA9,1,r
00,3EAA,40,R
00,3ED2,1,r
00,3ED3,22,R
00,3EE9,1,r
00,3EEA,123,R
00,3F65,1,r
00,3F66,67,R
00,3FA9,2,r
00,3FAB,39,R
00,3FD2,1,r
00,3FD3,45,R
01,4000,8,r
01,4008,2,R
01,400A,2,r
01,400C,2,R
01,400E,2,r
01,4010,24,R
01,4028,11,r
01,4033,3,U
01,4036,6,r
01,403C,6,R
01,4042,2,r
01,4044,10,R
01,404E,4,r
01,4052,32,R
01,4072,2,r
01,4074,2,U
01,4076,8,R
01,407E,4,r
01,4082,42,R
01,40AC,2,U
01,40AE,6,r
01,40B4,2,U
01,40B6,6,r
01,40BC,2,U
01,40BE,2,r
01,40C0,50,R
01,40F2,2,r
01,40F4,70,R
01,413A,1,U
01,413B,1,r
01,413C,2,U
01,413E,2,r
01,4140,12,R
01,414C,2,U
01,414E,10,r
01,4158,2,U
01,415A,2,r
01,415C,1,U
01,415D,1,r
01,415E,4,U
01,4162,6,r
01,4168,4,U
01,416C,2,r
01,416E,2,U
01,4170,8,r
01,4178,48,R
01,41A8,6,r
01,41AE,40,R
01,41D6,6,r
01,41DC,22,R
01,41F2,36,r
01,4216,57,R
01,424F,57,r
01,4288,73,R
01,42D1,57,r
01,430A,500,R
01,44FE,485,r
01,46E3,3,U
01,46E6,5,r
01,46EB,7,U
01,46F2,7,r
01,46F9,3,U
01,46FC,2,r
01,46FE,4,U
01,4702,6,r
01,4708,2,U
01,470A,2,r
01,470C,4,U
01,4710,6,r
01,4716,2,U
01,4718,1,r
01,4719,5,U
01,471E,7,r
01,4725,8,U
01,472D,6,r
01,4733,2,U
01,4735,2,r
01,4737,3,U
01,473A,7,r
01,4741,9,U
01,474A,5,r
01,474F,9,U
01,4758,6,r
01,475E,3,U
01,4761,1,r
01,4762,4,U
01,4766,7,r
01,476D,5,U
01,4772,1,r
01,4773,2,U
01,4775,5,r
01,477A,1,U
01,477B,1,r
01,477C,6,U
01,4782,7,r
01,4789,2,U
01,478B,2,r
01,478D,5,U
01,4792,6,r
01,4798,2,U
01,479A,2,r
01,479C,1,U
01,479D,1,r
01,479E,2,U
01,47A0,6,r
01,47A6,1,U
01,47A7,2,r
01,47A9,1,U
01,47AA,1,r
01,47AB,3,U
01,47AE,6,r
01,47B4,1,U
01,47B5,1,r
01,47B6,1,U
01,47B7,2,r
01,47B9,5,U
01,47BE,5,r
01,47C3,1,U
01,47C4,1,r
01,47C5,5,U
01,47CA,86,r
01,4820,79,R
01,486F,33,r
01,4890,81,R
01,48E1,26,r
01,48FB,176,R
01,49AB,9,r
01,49B4,1,U
01,49B5,7,r
01,49BC,1,U
01,49BD,68,R
01,4A01,2,r
01,4A03,7,U
01,4A0A,25,r
01,4A23,293,R
01,4B48,6,r
01,4B4E,7,U
01,4B55,8,r
01,4B5D,3,U
01,4B60,1,r
01,4B61,2,U
01,4B63,93,r
01,4BC0,5,U
01,4BC5,1,r
01,4BC6,1,U
01,4BC7,9,r
01,4BD0,3,U
01,4BD3,1,r
01,4BD4,2,U
01,4BD6,7,r
01,4BDD,4,U
01,4BE1,40,r
01,4C09,6,U
01,4C0F,8,r
01,4C17,6,U
01,4C1D,37,r
01,4C42,6,U
01,4C48,8,r
01,4C50,4,U
01,4C54,1,r
01,4C55,2,U
01,4C57,19,r
01,4C6A,665,R
01,4F03,9,r
01,4F0C,1051,R
01,5327,7,r
01,532E,4,U
01,5332,11,r
01,533D,2,U
01,533F,12,r
01,534B,2,U
01,534D,29,r
01,536A,70,R
01,53B0,2,U
01,53B2,1,r
01,53B3,2,U
01,53B5,8,r
01,53BD,3,U
01,53C0,70,r
01,5406,3,U
01,5409,1,r
01,540A,1,U
01,540B,9,r
01,5414,2,U
01,5416,1,r
01,5417,1,U
01,5418,1,r
01,5419,1,U
01,541A,8,r
01,5422,3,U
01,5425,26,r
01,543F,2,U
01,5441,3,r
01,5444,1,U
01,5445,9,r
01,544E,1,U
01,544F,13,r
01,545C,1,U
01,545D,2,r
01,545F,2,U
01,5461,9,r
01,546A,1,U
01,546B,4,r
01,546F,1,U
01,5470,9,r
01,5479,1,U
01,547A,28,r
01,5496,1,U
01,5497,3,r
01,549A,1,U
01,549B,9,r
01,54A4,1,U
01,54A5,3,r
01,54A8,2,U
01,54AA,8,r
01,54B2,1,U
01,54B3,4,r
01,54B7,1,U
01,54B8,27,r
01,54D3,2,U
01,54D5,8,r
01,54DD,2,U
01,54DF,2,r
01,54E1,2,U
01,54E3,151,r
01,557A,464,R
01,574A,35,r
01,576D,952,R
01,5B25,23,r
01,5B3C,2,U
01,5B3E,27,r
01,5B59,1,U
01,5B5A,94,r
01,5BB8,601,R
01,5E11,2,r
01,5E13,4,R
01,5E17,12,r
01,5E23,4,R
01,5E27,6,r
01,5E2D,4,R
01,5E31,4,r
01,5E35,2,R
01,5E37,4,r
01,5E3B,14,R
01,5E49,6,r
01,5E4F,4,R
01,5E53,4,r
01,5E57,6,R
01,5E5D,2,r
01,5E5F,4,R
01,5E63,4,r
01,5E67,4,R
01,5E6B,20,r
01,5E7F,4,R
01,5E83,2,r
01,5E85,4,R
01,5E89,8,r
01,5E91,2,R
01,5E93,2,r
01,5E95,2,R
01,5E97,16,r
01,5EA7,18,R
01,5EB9,6,r
01,5EBF,50,R
01,5EF1,10,r
01,5EFB,16,R
01,5F0B,10,r
01,5F15,4,R
01,5F19,8,r
01,5F21,6,R
01,5F27,12,r
01,5F33,2433,R
01,68B4,113,r
01,6925,226,R
01,6A07,726,r
01,6CDD,10,R
01,6CE7,15,r
01,6CF6,10,R
01,6D00,10,r
01,6D0A,5,R
01,6D0F,10,r
01,6D19,39,R
01,6D40,15,r
01,6D4F,10,R
01,6D59,10,r
01,6D63,15,R
01,6D72,17,r
01,6D83,18,R
01,6D95,10,r
01,6D9F,10,R
01,6DA9,130,r
01,6E2B,26,R
01,6E45,13,r
01,6E52,26,R
01,6E6C,48,r
01,6E9C,25,R
01,6EB5,29,r
01,6ED2,25,R
01,6EEB,68,r
01,6F2F,257,R
01,7030,63,r
01,706F,433,R
01,7220,77,r
01,726D,428,R
01,7419,405,r
01,75AE,150,R
01,7644,164,r
01,76E8,119,R
01,775F,2209,r
02,4000,5,R
02,4005,494,C
02,41F3,90,R
02,424D,415,C
02,43EC,3,N
02,43EF,361,C
02,4558,7,F
02,455F,192,C
02,461F,3,F
02,4622,13,C
02,462F,183,N
02,46E6,3,r
02,46E9,7,N
02,46F0,195,C
02,47B3,3,R
02,47B6,72,C
02,47FE,5,N
02,4803,44,C
02,482F,3,R
02,4832,77,C
02,487F,1,N
02,4880,103,C
02,48E7,1,N
02,48E8,83,C
02,493B,1,N
02,493C,92,C
02,4998,1,N
02,4999,210,C
02,4A6B,327,F
02,4BB2,120,C
02,4C2A,1,N
02,4C2B,166,C
02,4CD1,22,F
02,4CE7,72,C
02,4D2F,2,F
02,4D31,13,C
02,4D3E,2,F
02,4D40,20,C
02,4D54,2,F
02,4D56,9,C
02,4D5F,8,F
02,4D67,7,C
02,4D6E,2,F
02,4D70,16,C
02,4D80,8,R
02,4D88,45,C
02,4DB5,34,F
02,4DD7,56,C
02,4E0F,34,F
02,4E31,91,C
02,4E8C,34,F
02,4EAE,543,C
02,50CD,67,F
02,5110,264,C
02,5218,51,R
02,524B,12,r
02,5257,3,R
02,525A,6,r
02,5260,9,R
02,5269,9,r
02,5272,40,R
02,529A,8,r
02,52A2,54,R
02,52D8,4,r
02,52DC,224,R
02,53BC,14,r
02,53CA,14,R
02,53D8,10,r
02,53E2,32,R
02,5402,2,r
02,5404,168,R
02,54AC,36,r
02,54D0,671,R
02,576F,18,r
02,5781,2816,R
02,6281,363,r
02,63EC,203,R
02,64B7,341,r
02,660C,1944,R
02,6DA4,73,r
02,6DED,184,R
02,6EA5,12,r
02,6EB1,4,R
02,6EB5,70,r
02,6EFB,48,R
02,6F2B,2,r
02,6F2D,1167,R
02,73BC,114,r
02,742E,46,R
02,745C,775,r
02,7763,720,R
02,7A33,5,r
02,7A38,125,R
02,7AB5,1355,r
03,4000,4,C
03,4004,70,T
03,404A,402,C
03,41DC,4,N
03,41E0,8,C
03,41E8,1,N
03,41E9,180,C
03,429D,6,R
03,42A3,2,r
03,42A5,239,C
03,4394,8,R
03,439C,257,C
03,449D,5,R
03,44A2,57,C
03,44DB,5,R
03,44E0,685,C
03,478D,167,R
03,4834,739,C
03,4B17,4,N
03,4B1B,385,C
03,4C9C,9,F
03,4CA5,68,C
03,4CE9,2,F
03,4CEB,67,C
03,4D2E,9,N
03,4D37,20,C
03,4D4B,11,N
03,4D56,203,C
03,4E21,1,N
03,4E22,46,C
03,4E50,5,N
03,4E55,684,C
03,5101,6,R
03,5107,69,C
03,514C,6,F
03,5152,296,C
03,527A,6,R
03,5280,2,r
03,5282,244,C
03,5376,1,N
03,5377,116,C
03,53EB,18,R
03,53FD,105,C
03,5466,136,R
03,54EE,6,r
03,54F4,59,C
03,552F,4,N
03,5533,20,C
03,5547,2,F
03,5549,17,C
03,555A,4,N
03,555E,301,C
03,568B,6,r
03,5691,277,C
03,57A6,24,R
03,57BE,129,C
03,583F,8,R
03,5847,177,C
03,58F8,8,R
03,5900,241,C
03,59F1,2,r
03,59F3,2,U
03,59F5,2,r
03,59F7,257,C
03,5AF8,8,R
03,5B00,176,C
03,5BB0,8,R
03,5BB8,91,C
03,5C13,1,N
03,5C14,477,C
03,5DF1,30,R
03,5E0F,268,C
03,5F1B,16,R
03,5F2B,121,C
03,5FA4,18,T
03,5FB6,415,C
03,6155,11,N
03,6160,157,C
03,61FD,62,R
03,623B,2,r
03,623D,39,C
03,6264,23,N
03,627B,16,C
03,628B,1,N
03,628C,14,C
03,629A,17,N
03,62AB,15,C
03,62BA,5,N
03,62BF,85,C
03,6314,10,T
03,631E,306,C
03,6450,38,F
03,6476,104,C
03,64DE,4,R
03,64E2,4,r
03,64E6,54,C
03,651C,23,F
03,6533,16,N
03,6543,26,F
03,655D,34,T
03,657F,288,N
03,669F,16,r
03,66AF,45,N
03,66DC,249,F
03,67D5,392,N
03,695D,32,r
03,697D,106,N
03,69E7,8,r
03,69EF,6,N
03,69F5,4,C
03,69F9,32,T
03,6A19,1378,C
03,6F7B,1,F
03,6F7C,283,C
03,7097,2,R
03,7099,1,r
03,709A,1,R
03,709B,1,r
03,709C,17,R
03,70AD,11,r
03,70B8,11,R
03,70C3,15,r
03,70D2,69,R
03,7117,46,C
03,7145,8,F
03,714D,5,C
03,7152,8,F
03,715A,2,R
03,715C,6,r
03,7162,40,C
03,718A,8,F
03,7192,5,C
03,7197,8,F
03,719F,2,R
03,71A1,6,r
03,71A7,881,C
03,7518,4,N
03,751C,249,C
03,7615,128,R
03,7695,4,C
03,7699,6,T
03,769F,255,C
03,779E,33,R
03,77BF,49,C
03,77F0,12,N
03,77FC,58,C
03,7836,2,R
03,7838,181,C
03,78ED,6,T
03,78F3,187,C
03,79AE,5,N
03,79B3,45,C
03,79E0,3,R
03,79E3,62,C
03,7A21,14,R
03,7A2F,125,C
03,7AAC,6,T
03,7AB2,158,C
03,7B50,11,N
03,7B5B,15,C
03,7B6A,5,N
03,7B6F,20,C
03,7B83,11,F
03,7B8E,2,R
03,7B90,113,C
03,7C01,6,T
03,7C07,196,C
03,7CCB,12,F
03,7CD7,64,C
03,7D17,2,R
03,7D19,85,C
03,7D6E,49,R
03,7D9F,100,C
03,7E03,509,r
04,4000,4,C
04,4004,6,T
04,400A,137,C
04,4093,9,F
04,409C,225,C
04,417D,32,R
04,419D,32,C
04,41BD,16,R
04,41CD,180,C
04,4281,120,R
04,42F9,11,r
04,4304,1,U
04,4305,11,r
04,4310,1,R
04,4311,19,r
04,4324,1,U
04,4325,52,r
04,4359,3,U
04,435C,1,r
04,435D,4,U
04,4361,2,r
04,4363,3,U
04,4366,1,r
04,4367,4,U
04,436B,1,r
04,436C,3,U
04,436F,2,r
04,4371,86,C
04,43C7,2,F
04,43C9,202,C
04,4493,18,R
04,44A5,1,U
04,44A6,1,r
04,44A7,4,U
04,44AB,3,r
04,44AE,3,R
04,44B1,4,U
04,44B5,1,r
04,44B6,3,U
04,44B9,1,r
04,44BA,3,R
04,44BD,31,C
04,44DC,12,R
04,44E8,3,r
04,44EB,6,R
04,44F1,348,C
04,464D,30,T
04,466B,22,C
04,4681,4,F
04,4685,337,C
04,47D6,5,F
04,47DB,30,C
04,47F9,18,F
04,480B,16,C
04,481B,16,N
04,482B,52,C
04,485F,24,N
04,4877,7,C
04,487E,2,F
04,4880,153,C
04,4919,23,N
04,4930,80,C
04,4980,2,N
04,4982,12,C
04,498E,2,N
04,4990,23,C
04,49A7,2,F
04,49A9,6,C
04,49AF,2,F
04,49B1,19,C
04,49C4,2,N
04,49C6,8,C
04,49CE,2,N
04,49D0,825,C
04,4D09,3,U
04,4D0C,1,r
04,4D0D,3,U
04,4D10,3,r
04,4D13,2,U
04,4D15,2,r
04,4D17,4,U
04,4D1B,304,N
04,4E4B,147,C
04,4EDE,2,F
04,4EE0,216,C
04,4FB8,5,N
04,4FBD,49,C
04,4FEE,2,F
04,4FF0,25,C
04,5009,2,R
04,500B,14,r
04,5019,134,C
04,509F,16,R
04,50AF,85,C
04,5104,29,N
04,5121,65,C
04,5162,7,N
04,5169,52,C
04,519D,6,R
04,51A3,4,r
04,51A7,4,R
04,51AB,34,r
04,51CD,96,R
04,522D,183,C
04,52E4,5,N
04,52E9,78,C
04,5337,18,R
04,5349,6,r
04,534F,87,R
04,53A6,3,r
04,53A9,48,R
04,53D9,3,r
04,53DC,48,R
04,540C,3,r
04,540F,54,R
04,5445,5,r
04,544A,80,R
04,549A,5,r
04,549F,71,R
04,54E6,2,r
04,54E8,32,R
04,5508,2,r
04,550A,91,R
04,5565,1,r
04,5566,36,R
04,558A,2,r
04,558C,112,R
04,55FC,2,r
04,55FE,3,R
04,5601,1,r
04,5602,9,R
04,560B,34,T
04,562D,27,C
04,5648,12,R
04,5654,5,r
04,5659,1,R
04,565A,1,r
04,565B,1,R
04,565C,1,r
04,565D,3,R
04,5660,1,r
04,5661,3,R
04,5664,1,r
04,5665,1,R
04,5666,1,r
04,5667,1,R
04,5668,1,r
04,5669,1,R
04,566A,1,r
04,566B,1,R
04,566C,1,r
04,566D,1,R
04,566E,1,r
04,566F,1,R
04,5670,1,r
04,5671,3,R
04,5674,1,r
04,5675,3,R
04,5678,1,r
04,5679,3,R
04,567C,1,r
04,567D,7,R
04,5684,1,r
04,5685,3,R
04,5688,1,r
04,5689,3,R
04,568C,17,r
04,569D,6,R
04,56A3,2,r
04,56A5,76,R
04,56F1,8,r
04,56F9,4,C
04,56FD,18,T
04,570F,214,C
04,57E5,52,F
04,5819,237,C
04,5906,28,F
04,5922,452,C
04,5AE6,1,N
04,5AE7,81,C
04,5B38,1,N
04,5B39,436,C
04,5CED,11,F
04,5CF8,107,C
04,5D63,15,N
04,5D72,212,C
04,5E46,2,N
04,5E48,4,C
04,5E4C,406,N
04,5FE2,109,C
04,604F,22,T
04,6065,196,C
04,6129,52,N
04,615D,80,C
04,61AD,11,F
04,61B8,337,C
04,6309,3,R
04,630C,72,C
04,6354,20,R
04,6368,22,C
04,637E,11,N
04,6389,122,C
04,6403,30,N
04,6421,43,C
04,644C,8,R
04,6454,257,C
04,6555,13,F
04,6562,4,C
04,6566,8,F
04,656E,14,C
04,657C,1,r
04,657D,1,R
04,657E,1,r
04,657F,1,R
04,6580,1,r
04,6581,1,R
04,6582,1,r
04,6583,1,R
04,6584,1,r
04,6585,1,R
04,6586,1,r
04,6587,1,R
04,6588,1,r
04,6589,1,R
04,658A,1,r
04,658B,1,R
04,658C,112,r
04,65FC,2,R
04,65FE,74,C
04,6648,9,R
04,6651,3,r
04,6654,1,R
04,6655,1,r
04,6656,3,R
04,6659,3,r
04,665C,1,R
04,665D,3,r
04,6660,8,R
04,6668,15,r
04,6677,8,R
04,667F,2,r
04,6681,21,R
04,6696,15,r
04,66A5,8,R
04,66AD,15,r
04,66BC,233,C
04,67A5,8,R
04,67AD,66,C
04,67EF,2,R
04,67F1,2,r
04,67F3,4,R
04,67F7,66,C
04,6839,6,R
04,683F,4,C
04,6843,28,T
04,685F,1579,C
04,6E8A,31,F
04,6EA9,190,C
04,6F67,3,F
04,6F6A,48,C
04,6F9A,24,T
04,6FB2,113,C
04,7023,10,R
04,702D,87,C
04,7084,10,R
04,708E,77,C
04,70DB,10,R
04,70E5,70,C
04,712B,10,R
04,7135,77,C
04,7182,4,R
04,7186,43,C
04,71B1,4,R
04,71B5,154,C
04,724F,42,R
04,7279,81,C
04,72CA,3,R
04,72CD,1,r
04,72CE,3,R
04,72D1,1,r
04,72D2,3,R
04,72D5,1,r
04,72D6,3,R
04,72D9,1,r
04,72DA,3,R
04,72DD,1,r
04,72DE,3,R
04,72E1,1,r
04,72E2,1,R
04,72E3,62,C
04,7321,31,R
04,7340,50,C
04,7372,4,R
04,7376,44,C
04,73A2,9,R
04,73AB,139,C
04,7436,67,R
04,7479,19,C
04,748C,32,T
04,74AC,240,C
04,759C,41,F
04,75C5,24,N
04,75DD,11,F
04,75E8,647,C
04,786F,8,R
04,7877,2,r
04,7879,219,C
04,7954,8,R
04,795C,2,r
04,795E,208,C
04,7A2E,4,R
04,7A32,2,r
04,7A34,208,C
04,7B04,4,R
04,7B08,2,r
04,7B0A,403,C
04,7C9D,90,N
04,7CF7,11,C
04,7D02,3,F
04,7D05,50,C
04,7D37,713,r
05,4000,4,C
05,4004,26,T
05,401E,159,C
05,40BD,8,F
05,40C5,45,C
05,40F2,3,F
05,40F5,133,C
05,417A,12,F
05,4186,27,C
05,41A1,3,F
05,41A4,136,C
05,422C,5,N
05,4231,62,C
05,426F,9,F
05,4278,10,C
05,4282,10,F
05,428C,49,C
05,42BD,8,F
05,42C5,143,C
05,4354,17,F
05,4365,235,C
05,4450,29,F
05,446D,71,C
05,44B4,10,F
05,44BE,112,C
05,452E,35,F
05,4551,519,C
05,4758,3,F
05,475B,4,C
05,475F,24,T
05,4777,30,C
05,4795,100,F
05,47F9,13,C
05,4806,20,T
05,481A,170,F
05,48C4,16,T
05,48D4,28,C
05,48F0,112,F
05,4960,6,C
05,4966,7,F
05,496D,13,N
05,497A,4,F
05,497E,11,N
05,4989,18,F
05,499B,7,C
05,49A2,11,F
05,49AD,14,C
05,49BB,7,F
05,49C2,11,N
05,49CD,3,F
05,49D0,11,N
05,49DB,104,C
05,4A43,7,F
05,4A4A,7,C
05,4A51,7,F
05,4A58,7,C
05,4A5F,7,F
05,4A66,154,C
05,4B00,6,F
05,4B06,5,C
05,4B0B,4,F
05,4B0F,3,C
05,4B12,11,F
05,4B1D,7,N
05,4B24,18,C
05,4B36,25,F
05,4B4F,30,C
05,4B6D,2,N
05,4B6F,21,C
05,4B84,8,R
05,4B8C,25,C
05,4BA5,1,F
05,4BA6,12,C
05,4BB2,1,r
05,4BB3,1,R
05,4BB4,4,U
05,4BB8,3,r
05,4BBB,1,U
05,4BBC,3,r
05,4BBF,1,U
05,4BC0,3,r
05,4BC3,1,U
05,4BC4,3,r
05,4BC7,1,U
05,4BC8,3,R
05,4BCB,1,r
05,4BCC,3,R
05,4BCF,1,r
05,4BD0,3,R
05,4BD3,1,r
05,4BD4,3,R
05,4BD7,1,r
05,4BD8,64,U
05,4C18,20,F
05,4C2C,25,C
05,4C45,9,F
05,4C4E,3,R
05,4C51,12,r
05,4C5D,6,U
05,4C63,3,r
05,4C66,3,U
05,4C69,3,r
05,4C6C,3,U
05,4C6F,3,r
05,4C72,3,U
05,4C75,6,r
05,4C7B,6,U
05,4C81,3,r
05,4C84,3,U
05,4C87,12,r
05,4C93,6,U
05,4C99,3,r
05,4C9C,3,U
05,4C9F,9,r
05,4CA8,6,U
05,4CAE,18,r
05,4CC0,11,C
05,4CCB,16,F
05,4CDB,22,C
05,4CF1,46,F
05,4D1F,28,C
05,4D3B,1,U
05,4D3C,6,R
05,4D42,180,C
05,4DF6,31,F
05,4E15,11,C
05,4E20,1,R
05,4E21,4,r
05,4E25,5,R
05,4E2A,35,r
05,4E4D,51,C
05,4E80,4,R
05,4E84,19,C
05,4E97,6,R
05,4E9D,46,C
05,4ECB,11,F
05,4ED6,31,C
05,4EF5,5,R
05,4EFA,10,r
05,4F04,17,C
05,4F15,3,R
05,4F18,50,C
05,4F4A,1,F
05,4F4B,44,C
05,4F77,9,F
05,4F80,30,C
05,4F9E,72,r
05,4FE6,6,R
05,4FEC,26,C
05,5006,5,R
05,500B,26,F
05,5025,5,r
05,502A,26,F
05,5044,5,r
05,5049,26,F
05,5063,5,r
05,5068,26,F
05,5082,5,r
05,5087,18,C
05,5099,20,F
05,50AD,12,C
05,50B9,26,F
05,50D3,5,R
05,50D8,5,r
05,50DD,32,F
05,50FD,5,r
05,5102,30,C
05,5120,5,R
05,5125,88,C
05,517D,31,N
05,519C,7,C
05,51A3,6,F
05,51A9,12,C
05,51B5,10,r
05,51BF,10,R
05,51C9,55,C
05,5200,9,F
05,5209,20,C
05,521D,9,F
05,5226,20,C
05,523A,9,F
05,5243,6,C
05,5249,15,N
05,5258,28,C
05,5274,4,R
05,5278,16,r
05,5288,15,C
05,5297,9,F
05,52A0,101,C
05,5305,1,F
05,5306,10,C
05,5310,1,N
05,5311,8,C
05,5319,1,N
05,531A,103,C
05,5381,38,R
05,53A7,12,r
05,53B3,12,R
05,53BF,24,r
05,53D7,6,R
05,53DD,18,r
05,53EF,17,C
05,5400,11,F
05,540B,6,C
05,5411,52,F
05,5445,34,N
05,5467,16,F
05,5477,85,C
05,54CC,15,F
05,54DB,42,C
05,5505,27,F
05,5520,27,C
05,553B,18,F
05,554D,2,R
05,554F,4,r
05,5553,1,U
05,5554,3,r
05,5557,1,U
05,5558,3,r
05,555B,2,U
05,555D,2,r
05,555F,63,C
05,559E,221,F
05,567B,55,C
05,56B2,14,F
05,56C0,16,C
05,56D0,36,F
05,56F4,94,C
05,5752,13,F
05,575F,10,C
05,5769,2,N
05,576B,3,r
05,576E,3,R
05,5771,9,r
05,577A,23,C
05,5791,4,F
05,5795,40,C
05,57BD,4,F
05,57C1,40,C
05,57E9,4,F
05,57ED,65,C
05,582E,37,F
05,5853,146,C
05,58E5,2,F
05,58E7,26,C
05,5901,8,F
05,5909,18,C
05,591B,8,F
05,5923,54,C
05,5959,32,F
05,5979,1,N
05,597A,32,F
05,599A,5,N
05,599F,95,F
05,59FE,2,N
05,5A00,21,F
05,5A15,4,N
05,5A19,24,F
05,5A31,2,N
05,5A33,20,F
05,5A47,2,N
05,5A49,30,F
05,5A67,78,T
05,5AB5,6,F
05,5ABB,20,r
05,5ACF,6,F
05,5AD5,20,r
05,5AE9,6,F
05,5AEF,20,r
05,5B03,6,F
05,5B09,20,r
05,5B1D,6,F
05,5B23,20,r
05,5B37,6,F
05,5B3D,20,r
05,5B51,6,N
05,5B57,20,r
05,5B6B,6,F
05,5B71,20,r
05,5B85,88,F
05,5BDD,44,N
05,5C09,117,F
05,5C7E,44,r
05,5CAA,38,F
05,5CD0,23,r
05,5CE7,23,F
05,5CFE,23,N
05,5D15,53,F
05,5D4A,20,r
05,5D5E,29,F
05,5D7B,20,r
05,5D8F,89,F
05,5DE8,21,r
05,5DFD,2,U
05,5DFF,16,F
05,5E0F,8,N
05,5E17,28,F
05,5E33,20,r
05,5E47,29,F
05,5E64,20,r
05,5E78,50,F
05,5EAA,22,r
05,5EC0,467,N
05,6093,8,F
05,609B,5,N
05,60A0,64,F
05,60E0,4,N
05,60E4,194,F
05,61A6,32,r
05,61C6,80,C
05,6216,23,F
05,622D,23,N
05,6244,31,C
05,6263,10,F
05,626D,10,C
05,6277,1,r
05,6278,1,R
05,6279,1,r
05,627A,41,C
05,62A3,3,R
05,62A6,12,r
05,62B2,56,C
05,62EA,519,F
05,64F1,2,N
05,64F3,74,F
05,653D,23,N
05,6554,200,F
05,661C,13,N
05,6629,71,F
05,6670,158,N
05,670E,15,C
05,671D,18,F
05,672F,3,C
05,6732,20,F
05,6746,93,C
05,67A3,13,F
05,67B0,3,C
05,67B3,13,F
05,67C0,37,C
05,67E5,12,F
05,67F1,60,C
05,682D,61,F
05,686A,5,N
05,686F,208,F
05,693F,31,C
05,695E,2,F
05,6960,38,C
05,6986,35,F
05,69A9,16,N
05,69B9,201,F
05,6A82,143,N
05,6B11,529,F
05,6D22,15,C
05,6D31,18,F
05,6D43,3,C
05,6D46,20,F
05,6D5A,93,C
05,6DB7,13,F
05,6DC4,3,C
05,6DC7,13,F
05,6DD4,37,C
05,6DF9,12,F
05,6E05,60,C
05,6E41,61,F
05,6E7E,5,N
05,6E83,208,F
05,6F53,22,C
05,6F69,6,F
05,6F6F,131,C
05,6FF2,8,R
05,6FFA,72,C
05,7042,103,F
05,70A9,10,N
05,70B3,63,F
05,70F2,13,N
05,70FF,50,F
05,7131,2,N
05,7133,22,F
05,7149,227,N
05,722C,363,F
05,7397,4,N
05,739B,26,F
05,73B5,9,N
05,73BE,270,F
05,74CC,4,C
05,74D0,24,T
05,74E8,323,C
05,762B,4,R
05,762F,2,r
05,7631,6,R
05,7637,74,C
05,7681,4,R
05,7685,2,r
05,7687,4,R
05,768B,67,C
05,76CE,10,R
05,76D8,55,C
05,770F,16,R
05,771F,252,C
05,781B,4,R
05,781F,94,C
05,787D,9,N
05,7886,499,C
05,7A79,12,R
05,7A85,19,C
05,7A98,6,R
05,7A9E,27,C
05,7AB9,6,R
05,7ABF,174,C
05,7B6D,68,R
05,7BB1,34,r
05,7BD3,3,R
05,7BD6,77,C
05,7C23,72,R
05,7C6B,689,C
05,7F1C,46,N
05,7F4A,28,C
05,7F66,3,R
05,7F69,29,C
05,7F86,1,R
05,7F87,1,r
05,7F88,2,R
05,7F8A,1,r
05,7F8B,2,R
05,7F8D,1,r
05,7F8E,12,R
05,7F9A,12,r
05,7FA6,24,R
05,7FBE,12,r
05,7FCA,9,R
05,7FD3,3,r
05,7FD6,12,R
05,7FE2,30,r
06,4000,4,C
06,4004,20,T
06,4018,625,C
06,4289,30,R
06,42A7,566,C
06,44DD,20,T
06,44F1,274,C
06,4603,4,R
06,4607,51,C
06,463A,8,N
06,4642,23,C
06,4659,12,R
06,4665,114,C
06,46D7,2,R
06,46D9,4,r
06,46DD,45,R
06,470A,113,C
06,477B,2,R
06,477D,4,r
06,4781,35,R
06,47A4,206,C
06,4872,4,R
06,4876,4,r
06,487A,81,C
06,48CB,49,N
06,48FC,34,C
06,491E,4,R
06,4922,2,r
06,4924,375,C
06,4A9B,8,R
06,4AA3,116,C
06,4B17,12,R
06,4B23,68,C
06,4B67,12,R
06,4B73,8,T
06,4B7B,40,C
06,4BA3,1,N
06,4BA4,25,C
06,4BBD,1,N
06,4BBE,57,C
06,4BF7,1,N
06,4BF8,6,C
06,4BFE,1,N
06,4BFF,18,C
06,4C11,1,N
06,4C12,64,C
06,4C52,1,N
06,4C53,33,C
06,4C74,1,N
06,4C75,46,C
06,4CA3,40,T
06,4CCB,132,C
06,4D4F,1,N
06,4D50,6,C
06,4D56,1,N
06,4D57,9,C
06,4D60,1,N
06,4D61,251,C
06,4E5C,6,R
06,4E62,119,C
06,4ED9,4,R
06,4EDD,110,C
06,4F4B,8,R
06,4F53,55,C
06,4F8A,4,R
06,4F8E,16,C
06,4F9E,9,F
06,4FA7,30,C
06,4FC5,4,R
06,4FC9,16,C
06,4FD9,9,F
06,4FE2,30,C
06,5000,4,R
06,5004,16,C
06,5014,9,F
06,501D,30,C
06,503B,4,R
06,503F,49,C
06,5070,6,N
06,5076,357,C
06,51DB,2,R
06,51DD,74,C
06,5227,4,R
06,522B,16,C
06,523B,9,N
06,5244,30,C
06,5262,4,R
06,5266,16,C
06,5276,9,N
06,527F,30,C
06,529D,4,R
06,52A1,49,C
06,52D2,6,N
06,52D8,269,C
06,53E5,6,F
06,53EB,41,N
06,5414,658,C
06,56A6,3,F
06,56A9,5,C
06,56AE,5,F
06,56B3,98,C
06,5715,1,N
06,5716,22,C
06,572C,1,N
06,572D,22,C
06,5743,1,N
06,5744,37,C
06,5769,2,N
06,576B,3,C
06,576E,14,F
06,577C,57,C
06,57B5,14,R
06,57C3,463,C
06,5992,8,T
06,599A,668,C
06,5C36,15,R
06,5C45,55,C
06,5C7C,15,R
06,5C8B,125,C
06,5D08,1,N
06,5D09,6,C
06,5D0F,1,N
06,5D10,14,C
06,5D1E,1,N
06,5D1F,6,C
06,5D25,1,F
06,5D26,14,C
06,5D34,1,F
06,5D35,6,C
06,5D3B,1,N
06,5D3C,8,C
06,5D44,40,R
06,5D6C,126,C
06,5DEA,26,T
06,5E04,727,C
06,60DB,1,R
06,60DC,3,r
06,60DF,1,R
06,60E0,3,r
06,60E3,1,R
06,60E4,3,r
06,60E7,1,R
06,60E8,3,r
06,60EB,1,R
06,60EC,3,r
06,60EF,1,R
06,60F0,3,r
06,60F3,1,R
06,60F4,3,r
06,60F7,1,R
06,60F8,3,r
06,60FB,1,R
06,60FC,3,r
06,60FF,1,R
06,6100,3,r
06,6103,1,R
06,6104,3,r
06,6107,6,R
06,610D,2,r
06,610F,2,R
06,6111,2,r
06,6113,2,R
06,6115,2,r
06,6117,6,R
06,611D,2,r
06,611F,3,R
06,6122,1,r
06,6123,2,R
06,6125,2,r
06,6127,1,R
06,6128,3,r
06,612B,1,R
06,612C,3,r
06,612F,4,R
06,6133,418,C
06,62D5,1,R
06,62D6,1,r
06,62D7,5,R
06,62DC,1,r
06,62DD,2,R
06,62DF,2,r
06,62E1,1,R
06,62E2,1,r
06,62E3,2,R
06,62E5,2,r
06,62E7,1,R
06,62E8,1,r
06,62E9,5,R
06,62EE,1,r
06,62EF,5,R
06,62F4,1,r
06,62F5,2,R
06,62F7,2,r
06,62F9,1,R
06,62FA,1,r
06,62FB,5,R
06,6300,1,r
06,6301,2,R
06,6303,2,r
06,6305,1,R
06,6306,5,r
06,630B,1,R
06,630C,5,r
06,6311,1,R
06,6312,1,r
06,6313,4,R
06,6317,113,C
06,6388,8,T
06,6390,100,C
06,63F4,6,N
06,63FA,243,C
06,64ED,1,N
06,64EE,13,C
06,64FB,12,F
06,6507,719,C
06,67D6,10,R
06,67E0,2,r
06,67E2,192,C
06,68A2,14,R
06,68B0,2,r
06,68B2,246,C
06,69A8,10,R
06,69B2,2,r
06,69B4,311,C
06,6AEB,12,R
06,6AF7,40,r
06,6B1F,4,R
06,6B23,2,r
06,6B25,37,C
06,6B4A,44,R
06,6B76,162,C
06,6C18,57,F
06,6C51,35,C
06,6C74,30,R
06,6C92,90,r
06,6CEC,326,C
06,6E32,640,R
06,70B2,231,C
06,7199,3,R
06,719C,1,r
06,719D,1,R
06,719E,46,C
06,71CC,24,N
06,71E4,459,C
06,73AF,64,T
06,73EF,40,C
06,7417,8,N
06,741F,8,C
06,7427,8,F
06,742F,40,C
06,7457,8,N
06,745F,8,C
06,7467,8,N
06,746F,16,C
06,747F,1,F
06,7480,169,C
06,7529,1,N
06,752A,96,C
06,758A,1,N
06,758B,186,C
06,7645,1,N
06,7646,108,C
06,76B2,1,N
06,76B3,195,C
06,7776,1,N
06,7777,108,C
06,77E3,1,N
06,77E4,97,C
06,7845,8,R
06,784D,1971,r
07,4000,4,C
07,4004,42,T
07,402E,192,C
07,40EE,26,F
07,4108,108,C
07,4174,18,F
07,4186,4,r
07,418A,62,F
07,41C8,6,N
07,41CE,24,F
07,41E6,18,N
07,41F8,57,C
07,4231,28,F
07,424D,22,N
07,4263,15,F
07,4272,226,C
07,4354,8,R
07,435C,1,r
07,435D,8,R
07,4365,3,r
07,4368,1,U
07,4369,9,r
07,4372,5,R
07,4377,1,r
07,4378,5,R
07,437D,1,r
07,437E,5,R
07,4383,1,r
07,4384,5,R
07,4389,19,r
07,439C,527,F
07,45AB,25,N
07,45C4,9,F
07,45CD,5,N
07,45D2,38,F
07,45F8,77,N
07,4645,137,F
07,46CE,45,N
07,46FB,3,F
07,46FE,48,N
07,472E,22,F
07,4744,11,N
07,474F,5,F
07,4754,5,N
07,4759,225,F
07,483A,21,N
07,484F,3,F
07,4852,36,N
07,4876,22,F
07,488C,11,N
07,4897,5,F
07,489C,77,N
07,48E9,181,F
07,499E,37,r
07,49C3,84,F
07,4A17,119,N
07,4A8E,76,F
07,4ADA,302,N
07,4C08,4,F
07,4C0C,6,T
07,4C12,123,F
07,4C8D,4,N
07,4C91,100,F
07,4CF5,7,N
07,4CFC,180,F
07,4DB0,16,r
07,4DC0,157,F
07,4E5D,120,r
07,4ED5,213,F
07,4FAA,9,r
07,4FB3,6,U
07,4FB9,8,r
07,4FC1,7,U
07,4FC8,8,r
07,4FD0,5,U
07,4FD5,2,r
07,4FD7,31,F
07,4FF6,5,r
07,4FFB,6,U
07,5001,8,r
07,5009,2,U
07,500B,50,F
07,503D,3,N
07,5040,363,F
07,51AB,1,N
07,51AC,4,C
07,51B0,6,T
07,51B6,219,C
07,5291,5,N
07,5296,79,C
07,52E5,2,R
07,52E7,89,C
07,5340,8,R
07,5348,29,C
07,5365,4,R
07,5369,61,C
07,53A6,24,R
07,53BE,4,C
07,53C2,6,T
07,53C8,171,C
07,5473,5,N
07,5478,29,C
07,5495,2,R
07,5497,90,C
07,54F1,18,T
07,5503,580,C
07,5747,14,R
07,5755,117,C
07,57CA,24,R
07,57E2,2,r
07,57E4,86,C
07,583A,22,F
07,5850,24,N
07,5868,321,C
07,59A9,24,T
07,59C1,119,C
07,5A38,19,R
07,5A4B,157,C
07,5AE8,2,F
07,5AEA,54,C
07,5B20,22,R
07,5B36,2,r
07,5B38,74,C
07,5B82,1,R
07,5B83,7,r
07,5B8A,222,R
07,5C68,173,C
07,5D15,12,R
07,5D21,74,C
07,5D6B,1,R
07,5D6C,7,r
07,5D73,153,R
07,5E0C,166,C
07,5EB2,2,N
07,5EB4,63,C
07,5EF3,12,R
07,5EFF,86,C
07,5F55,1,R
07,5F56,7,r
07,5F5D,152,R
07,5FF5,186,C
07,60AF,2,N
07,60B1,16,C
07,60C1,16,R
07,60D1,95,C
07,6130,1,R
07,6131,7,r
07,6138,153,R
07,61D1,2,r
07,61D3,55,C
07,620A,5,F
07,620F,35,C
07,6232,25,N
07,624B,19,C
07,625E,29,N
07,627B,46,C
07,62A9,10,R
07,62B3,34,r
07,62D5,7,F
07,62DC,6,N
07,62E2,6,F
07,62E8,13,N
07,62F5,132,F
07,6379,14,r
07,6387,149,C
07,641C,3,R
07,641F,5,r
07,6424,689,C
07,66D5,20,F
07,66E9,112,C
07,6759,50,N
07,678B,7,C
07,6792,5,r
07,6797,39,C
07,67BE,14,N
07,67CC,221,C
07,68A9,1,N
07,68AA,8,C
07,68B2,22,R
07,68C8,114,C
07,693A,8,N
07,6942,10,C
07,694C,1,R
07,694D,3,r
07,6950,80,C
07,69A0,12,T
07,69AC,7,C
07,69B3,8,F
07,69BB,157,C
07,6A58,10,N
07,6A62,165,C
07,6B07,24,T
07,6B1F,148,C
07,6BB3,8,R
07,6BBB,192,C
07,6C7B,80,R
07,6CCB,117,C
07,6D40,4,R
07,6D44,402,C
07,6ED6,8,R
07,6EDE,2,r
07,6EE0,27,C
07,6EFB,4,R
07,6EFF,238,C
07,6FED,8,R
07,6FF5,2,r
07,6FF7,31,C
07,7016,4,R
07,701A,409,C
07,71B3,18,T
07,71C5,148,C
07,7259,7,R
07,7260,1381,C
07,77C5,14,F
07,77D3,49,C
07,7804,7,R
07,780B,1,r
07,780C,268,C
07,7918,1,N
07,7919,8,C
07,7921,1,N
07,7922,99,C
07,7985,18,R
07,7997,78,C
07,79E5,18,R
07,79F7,76,C
07,7A43,18,R
07,7A55,9,C
07,7A5E,30,R
07,7A7C,9,C
07,7A85,30,R
07,7AA3,9,C
07,7AAC,30,R
07,7ACA,9,C
07,7AD3,30,R
07,7AF1,83,C
07,7B44,46,R
07,7B72,20,r
07,7B86,86,R
07,7BDC,63,C
07,7C1B,24,R
07,7C33,24,r
07,7C4B,63,C
07,7C8A,48,R
07,7CBA,63,C
07,7CF9,24,R
07,7D11,32,C
07,7D31,719,r
08,4000,4,C
08,4004,6,T
08,400A,139,C
08,4095,5,N
08,409A,23,C
08,40B1,2,R
08,40B3,37,C
08,40D8,4,R
08,40DC,32,C
08,40FC,30,T
08,411A,1129,C
08,4583,8,R
08,458B,2,r
08,458D,95,C
08,45EC,12,F
08,45F8,171,C
08,46A3,220,N
08,477F,173,C
08,482C,9,N
08,4835,86,C
08,488B,12,T
08,4897,689,C
08,4B48,8,R
08,4B50,52,C
08,4B84,9,R
08,4B8D,40,C
08,4BB5,5,N
08,4BBA,32,C
08,4BDA,1,F
08,4BDB,4,C
08,4BDF,1,F
08,4BE0,4,C
08,4BE4,1,N
08,4BE5,4,C
08,4BE9,1,N
08,4BEA,4,C
08,4BEE,1,N
08,4BEF,4,C
08,4BF3,1,N
08,4BF4,15,C
08,4C03,2,F
08,4C05,19,C
08,4C18,2,F
08,4C1A,77,C
08,4C67,12,R
08,4C73,82,C
08,4CC5,1,R
08,4CC6,1,r
08,4CC7,3,U
08,4CCA,2,r
08,4CCC,1,U
08,4CCD,62,C
08,4D0B,1,N
08,4D0C,108,C
08,4D78,2,F
08,4D7A,7,C
08,4D81,5,F
08,4D86,112,C
08,4DF6,6,T
08,4DFC,120,C
08,4E74,32,R
08,4E94,304,C
08,4FC4,21,R
08,4FD9,70,C
08,501F,24,R
08,5037,232,C
08,511F,108,R
08,518B,6,r
08,5191,4,C
08,5195,6,T
08,519B,279,C
08,52B2,5,F
08,52B7,48,C
08,52E7,2,F
08,52E9,94,C
08,5347,30,R
08,5365,50,C
08,5397,30,R
08,53B5,273,C
08,54C6,18,R
08,54D8,3,U
08,54DB,3,r
08,54DE,80,R
08,552E,981,r
08,5903,1,U
08,5904,13,r
08,5911,2,U
08,5913,14,r
08,5921,28,U
08,593D,1,r
08,593E,42,U
08,5968,1,r
08,5969,64,U
08,59A9,1,r
08,59AA,41,U
08,59D3,8,r
08,59DB,1,U
08,59DC,13,r
08,59E9,1,U
08,59EA,14,r
08,59F8,3,U
08,59FB,11,r
08,5A06,1,U
08,5A07,13,r
08,5A14,1,U
08,5A15,14,r
08,5A23,1,U
08,5A24,13,r
08,5A31,1,U
08,5A32,28,r
08,5A4E,1,U
08,5A4F,28,r
08,5A6B,1,U
08,5A6C,13,r
08,5A79,1,U
08,5A7A,43,r
08,5AA5,1,U
08,5AA6,13,r
08,5AB3,1,U
08,5AB4,13,r
08,5AC1,1,U
08,5AC2,14,r
08,5AD0,1,U
08,5AD1,13,r
08,5ADE,1,U
08,5ADF,15,r
08,5AEE,2,U
08,5AF0,11,r
08,5AFB,1,U
08,5AFC,13,r
08,5B09,1,U
08,5B0A,28,r
08,5B26,1,U
08,5B27,42,r
08,5B51,1,U
08,5B52,172,r
08,5BFE,1,U
08,5BFF,13,r
08,5C0C,1,U
08,5C0D,28,r
08,5C29,1,U
08,5C2A,115,r
08,5C9D,16,U
08,5CAD,2241,r
08,656E,640,R
08,67EE,2640,r
08,723E,7,C
08,7245,10,T
08,724F,202,C
08,7319,3,R
08,731C,448,C
08,74DC,21,R
08,74F1,47,C
08,7520,2784,r
09,4000,4,C
09,4004,22,T
09,401A,619,C
09,4285,8,T
09,428D,350,C
09,43EB,8,T
09,43F3,232,C
09,44DB,26,R
09,44F5,506,C
09,46EF,5,F
09,46F4,33,C
09,4715,5,F
09,471A,57,C
09,4753,17,F
09,4764,27,C
09,477F,2,F
09,4781,262,C
09,4887,50,T
09,48B9,274,C
09,49CB,4,R
09,49CF,1462,C
09,4F85,24,R
09,4F9D,44,C
09,4FC9,12,R
09,4FD5,197,C
09,509A,54,R
09,50D0,10,C
09,50DA,6,F
09,50E0,101,C
09,5145,16,R
09,5155,40,C
09,517D,15,R
09,518C,221,C
09,5269,4,R
09,526D,38,C
09,5293,12,R
09,529F,308,C
09,53D3,25,R
09,53EC,9,C
09,53F5,25,R
09,540E,9,C
09,5417,13,R
09,5424,88,C
09,547C,4,F
09,5480,35,C
09,54A3,25,F
09,54BC,77,C
09,5509,3,R
09,550C,193,C
09,55CD,6,R
09,55D3,2,r
09,55D5,2,R
09,55D7,147,C
09,566A,11,R
09,5675,16,C
09,5685,160,R
09,5725,13,C
09,5732,20,R
09,5746,13,C
09,5753,48,R
09,5783,13,C
09,5790,36,R
09,57B4,35,C
09,57D7,10,R
09,57E1,70,C
09,5827,8,R
09,582F,2,r
09,5831,18,R
09,5843,113,C
09,58B4,14,R
09,58C2,40,C
09,58EA,241,R
09,59DB,13,C
09,59E8,6,R
09,59EE,4,U
09,59F2,4,r
09,59F6,3,U
09,59F9,5,R
09,59FE,3,U
09,5A01,1,r
09,5A02,1,U
09,5A03,1,r
09,5A04,5,U
09,5A09,15,R
09,5A18,1,U
09,5A19,2,r
09,5A1B,3,U
09,5A1E,3,r
09,5A21,2,U
09,5A23,5,R
09,5A28,1,U
09,5A29,1,r
09,5A2A,2,U
09,5A2C,1,r
09,5A2D,1,U
09,5A2E,2,r
09,5A30,3,U
09,5A33,13,C
09,5A40,9,R
09,5A49,8,r
09,5A51,8,R
09,5A59,8,r
09,5A61,8,R
09,5A69,8,r
09,5A71,32,R
09,5A91,8,r
09,5A99,8,R
09,5AA1,8,r
09,5AA9,8,R
09,5AB1,8,r
09,5AB9,13,C
09,5AC6,7,R
09,5ACD,7,r
09,5AD4,1,U
09,5AD5,2,r
09,5AD7,6,R
09,5ADD,5,r
09,5AE2,1,U
09,5AE3,4,r
09,5AE7,6,R
09,5AED,10,r
09,5AF7,24,R
09,5B0F,10,r
09,5B19,6,R
09,5B1F,10,r
09,5B29,6,R
09,5B2F,10,r
09,5B39,213,C
09,5C0E,6,R
09,5C14,105,C
09,5C7D,2,R
09,5C7F,1,r
09,5C80,2,R
09,5C82,1,r
09,5C83,1,R
09,5C84,9,r
09,5C8D,6,C
09,5C93,2,R
09,5C95,1,r
09,5C96,2,R
09,5C98,1,r
09,5C99,1,R
09,5C9A,21,C
09,5CAF,2,N
09,5CB1,11,C
09,5CBC,28,N
09,5CD8,783,C
09,5FE7,30,T
09,6005,160,C
09,60A5,3,R
09,60A8,159,C
09,6147,3,R
09,614A,432,C
09,62FA,6,N
09,6300,10,C
09,630A,10,N
09,6314,128,C
09,6394,100,F
09,63F8,55,N
09,642F,6,F
09,6435,6,N
09,643B,6,F
09,6441,341,N
09,6596,12,r
09,65A2,40,N
09,65CA,9,r
09,65D3,40,N
09,65FB,9,r
09,6604,184,N
09,66BC,37,C
09,66E1,72,R
09,6729,97,C
09,678A,2,R
09,678C,1,r
09,678D,13,R
09,679A,3,r
09,679D,1,R
09,679E,1,r
09,679F,1,R
09,67A0,1,r
09,67A1,1,R
09,67A2,1,r
09,67A3,1,R
09,67A4,1,r
09,67A5,2,R
09,67A7,2,r
09,67A9,1,R
09,67AA,20,r
09,67BE,5,R
09,67C3,2,r
09,67C5,55,C
09,67FC,2,R
09,67FE,1,r
09,67FF,4,R
09,6803,1,r
09,6804,11,R
09,680F,2,r
09,6811,1,R
09,6812,1,r
09,6813,3,R
09,6816,1,r
09,6817,1,R
09,6818,3,r
09,681B,1,R
09,681C,20,r
09,6830,42,C
09,685A,2,R
09,685C,1,r
09,685D,2,R
09,685F,2,r
09,6861,1,R
09,6862,6,r
09,6868,2,R
09,686A,5,r
09,686F,1,R
09,6870,10,r
09,687A,69,C
09,68BF,42,R
09,68E9,10,r
09,68F3,6,R
09,68F9,1,r
09,68FA,13,C
09,6907,15,F
09,6916,88,C
09,696E,13,R
09,697B,1,r
09,697C,6,R
09,6982,1,r
09,6983,1,R
09,6984,10,r
09,698E,10,C
09,6998,3,F
09,699B,16,C
09,69AB,12,R
09,69B7,12,r
09,69C3,28,C
09,69DF,16,R
09,69EF,81,C
09,6A40,46,N
09,6A6E,104,r
09,6AD6,18,C
09,6AE8,24,F
09,6B00,146,C
09,6B92,19,F
09,6BA5,12,C
09,6BB1,42,N
09,6BDB,6,F
09,6BE1,256,N
09,6CE1,13,r
09,6CEE,18,C
09,6D00,18,N
09,6D12,22,C
09,6D28,5,F
09,6D2D,72,C
09,6D75,10,F
09,6D7F,29,C
09,6D9C,8,R
09,6DA4,4,r
09,6DA8,40,R
09,6DD0,12,r
09,6DDC,12,R
09,6DE8,14,r
09,6DF6,10,R
09,6E00,6,r
09,6E06,46,C
09,6E34,38,R
09,6E5A,60,r
09,6E96,46,C
09,6EC4,40,R
09,6EEC,30,r
09,6F0A,42,C
09,6F34,26,R
09,6F4E,2,r
09,6F50,75,C
09,6F9B,36,R
09,6FBF,20,C
09,6FD3,19,F
09,6FE6,8,r
09,6FEE,18,N
09,7000,8,r
09,7008,65,N
09,7049,36,r
09,706D,15,C
09,707C,54,R
09,70B2,2,r
09,70B4,73,C
09,70FD,4,F
09,7101,94,C
09,715F,8,F
09,7167,136,C
09,71EF,80,N
09,723F,28,C
09,725B,3,R
09,725E,16,F
09,726E,6,N
09,7274,28,F
09,7290,4,C
09,7294,6,T
09,729A,152,C
09,7332,20,R
09,7346,88,C
09,739E,3,r
09,73A1,3,R
09,73A4,6,r
09,73AA,9,R
09,73B3,3,r
09,73B6,3,R
09,73B9,12,r
09,73C5,6,R
09,73CB,3125,r
0A,4000,54,C
0A,4036,1,N
0A,4037,581,C
0A,427C,49,N
0A,42AD,1120,C
0A,470D,23,N
0A,4724,471,C
0A,48FB,24,F
0A,4913,4,C
0A,4917,24,F
0A,492F,804,C
0A,4C53,1,N
0A,4C54,597,C
0A,4EA9,39,F
0A,4ED0,1354,C
0A,541A,26,R
0A,5434,2,r
0A,5436,2,R
0A,5438,2,r
0A,543A,6,R
0A,5440,2,r
0A,5442,2,R
0A,5444,2,r
0A,5446,6,R
0A,544C,14,r
0A,545A,2,R
0A,545C,16,r
0A,546C,8,R
0A,5474,38,r
0A,549A,2,R
0A,549C,62,r
0A,54DA,889,C
0A,5853,87,N
0A,58AA,86,C
0A,5900,12,F
0A,590C,221,C
0A,59E9,12,N
0A,59F5,12,C
0A,5A01,12,N
0A,5A0D,169,C
0A,5AB6,1,N
0A,5AB7,1,F
0A,5AB8,5,N
0A,5ABD,122,C
0A,5B37,753,F
0A,5E28,24,C
0A,5E40,63,N
0A,5E7F,440,F
0A,6037,61,N
0A,6074,61,F
0A,60B1,61,N
0A,60EE,189,F
0A,61AB,1,N
0A,61AC,1,F
0A,61AD,3,N
0A,61B0,1,F
0A,61B1,1,N
0A,61B2,105,C
0A,621B,1257,F
0A,6704,57,N
0A,673D,290,F
0A,685F,1,N
0A,6860,1,F
0A,6861,5,N
0A,6866,324,C
0A,69AA,168,F
0A,6A52,395,C
0A,6BDD,1827,r
0A,7300,1024,R
0A,7700,512,r
0A,7900,512,R
0A,7B00,15,r
0A,7B0F,24,R
0A,7B27,1,r
0A,7B28,5,R
0A,7B2D,3,r
0A,7B30,6,R
0A,7B36,6,r
0A,7B3C,8,R
0A,7B44,12,r
0A,7B50,10,R
0A,7B5A,30,r
0A,7B78,15,R
0A,7B87,24,r
0A,7B9F,1,R
0A,7BA0,32,r
0A,7BC0,1,R
0A,7BC1,15,r
0A,7BD0,1,R
0A,7BD1,7,r
0A,7BD8,1,R
0A,7BD9,3,r
0A,7BDC,1,R
0A,7BDD,1,r
0A,7BDE,2,R
0A,7BE0,16,r
0A,7BF0,1,R
0A,7BF1,7,r
0A,7BF8,1,R
0A,7BF9,3,r
0A,7BFC,1,R
0A,7BFD,1,r
0A,7BFE,3,R
0A,7C01,31,r
0A,7C20,128,R
0A,7CA0,64,r
0A,7CE0,6,C
0A,7CE6,12,N
0A,7CF2,36,C
0A,7D16,746,r
0B,4000,32,R
0B,4020,236,U
0B,410C,1,r
0B,410D,43,U
0B,4138,1,r
0B,4139,33,U
0B,415A,2,r
0B,415C,2,U
0B,415E,1,r
0B,415F,15,U
0B,416E,1,r
0B,416F,121,U
0B,41E8,1,r
0B,41E9,27,U
0B,4204,1,r
0B,4205,101,U
0B,426A,1,r
0B,426B,45,U
0B,4298,2,r
0B,429A,191,U
0B,4359,1,r
0B,435A,1,U
0B,435B,1,r
0B,435C,3,U
0B,435F,1,r
0B,4360,20,U
0B,4374,1,r
0B,4375,32,U
0B,4395,1,r
0B,4396,26,U
0B,43B0,1,r
0B,43B1,423,U
0B,4558,1,r
0B,4559,46,U
0B,4587,1,r
0B,4588,10,U
0B,4592,1,r
0B,4593,48,U
0B,45C3,1,r
0B,45C4,198,U
0B,468A,1,r
0B,468B,21,U
0B,46A0,2,r
0B,46A2,239,U
0B,4791,1,r
0B,4792,10,U
0B,479C,2,r
0B,479E,505,U
0B,4997,1,r
0B,4998,268,U
0B,4AA4,1,r
0B,4AA5,4,U
0B,4AA9,1,r
0B,4AAA,132,U
0B,4B2E,1,r
0B,4B2F,7,U
0B,4B36,1,r
0B,4B37,23,U
0B,4B4E,1,r
0B,4B4F,83,U
0B,4BA2,1,r
0B,4BA3,133,U
0B,4C28,2,r
0B,4C2A,70,U
0B,4C70,3,r
0B,4C73,135,U
0B,4CFA,1,r
0B,4CFB,306,U
0B,4E2D,1,r
0B,4E2E,51,U
0B,4E61,1,r
0B,4E62,152,U
0B,4EFA,1,r
0B,4EFB,31,U
0B,4F1A,1,r
0B,4F1B,12,U
0B,4F27,3,r
0B,4F2A,52,U
0B,4F5E,3,r
0B,4F61,6,U
0B,4F67,1,r
0B,4F68,1,U
0B,4F69,1,r
0B,4F6A,4,U
0B,4F6E,1,r
0B,4F6F,1,U
0B,4F70,1,r
0B,4F71,1,U
0B,4F72,1,r
0B,4F73,6,U
0B,4F79,1,r
0B,4F7A,1,U
0B,4F7B,2,r
0B,4F7D,25,U
0B,4F96,1,r
0B,4F97,13,U
0B,4FA4,1,r
0B,4FA5,15,U
0B,4FB4,1,r
0B,4FB5,1,U
0B,4FB6,1,r
0B,4FB7,1898,U
0B,5721,2,r
0B,5723,2375,U
0B,606A,1,r
0B,606B,1074,U
0B,649D,1,r
0B,649E,1,U
0B,649F,1,r
0B,64A0,363,U
0B,660B,2,r
0B,660D,45,U
0B,663A,1,r
0B,663B,3,U
0B,663E,2,r
0B,6640,2,U
0B,6642,1,r
0B,6643,9,U
0B,664C,1,r
0B,664D,84,U
0B,66A1,1,r
0B,66A2,142,U
0B,6730,1,r
0B,6731,72,U
0B,6779,1,r
0B,677A,50,U
0B,67AC,2,r
0B,67AE,27,U
0B,67C9,1,r
0B,67CA,16,U
0B,67DA,1,r
0B,67DB,234,U
0B,68C5,1,r
0B,68C6,87,U
0B,691D,1,r
0B,691E,1608,U
0B,6F66,2,r
0B,6F68,4138,U
0B,7F92,1,r
0B,7F93,19,U
0B,7FA6,1,r
0B,7FA7,89,U
0C,4000,6144,R
0C,5800,327,U
0C,5947,41,r
0C,5970,104,U
0C,59D8,2,r
0C,59DA,12,U
0C,59E6,2,r
0C,59E8,88,U
0C,5A40,656,R
0C,5CD0,43,U
0C,5CFB,1,r
0C,5CFC,51,U
0C,5D2F,2,r
0C,5D31,15,U
0C,5D40,192,R
0C,5E00,22,U
0C,5E16,1,r
0C,5E17,36,U
0C,5E3B,34,r
0C,5E5D,1,U
0C,5E5E,1,r
0C,5E5F,1,U
0C,5E60,544,R
0C,6080,36,U
0C,60A4,2,r
0C,60A6,6,U
0C,60AC,2,r
0C,60AE,20,U
0C,60C2,11,r
0C,60CD,1,U
0C,60CE,24,r
0C,60E6,14,U
0C,60F4,1,r
0C,60F5,11,U
0C,6100,2480,R
0C,6AB0,43,r
0C,6ADB,22,U
0C,6AF1,22,r
0C,6B07,60,U
0C,6B43,3,r
0C,6B46,11,U
0C,6B51,2,r
0C,6B53,30,U
0C,6B71,4,r
0C,6B75,8,U
0C,6B7D,2,r
0C,6B7F,1,U
0C,6B80,1,r
0C,6B81,106,U
0C,6BEB,1,r
0C,6BEC,6,U
0C,6BF2,39,r
0C,6C19,23,U
0C,6C30,1536,R
0C,7230,173,r
0C,72DD,4,U
0C,72E1,1,r
0C,72E2,2,U
0C,72E4,2,r
0C,72E6,19,U
0C,72F9,213,r
0C,73CE,12,U
0C,73DA,1,r
0C,73DB,12,U
0C,73E7,1,r
0C,73E8,1,U
0C,73E9,94,r
0C,7447,1,U
0C,7448,143,r
0C,74D7,5,U
0C,74DC,3,r
0C,74DF,1,U
0C,74E0,109,r
0C,754D,3,U
0C,7550,11,r
0C,755B,3,U
0C,755E,59,r
0C,7599,3,U
0C,759C,1,r
0C,759D,1,U
0C,759E,1,r
0C,759F,1,U
0C,75A0,29,r
0C,75BD,1,U
0C,75BE,32,r
0C,75DE,1,U
0C,75DF,8,r
0C,75E7,5,U
0C,75EC,1,r
0C,75ED,2,U
0C,75EF,25,r
0C,7608,3,U
0C,760B,95,r
0C,766A,1,U
0C,766B,28,r
0C,7687,1,U
0C,7688,1,r
0C,7689,3,U
0C,768C,3,r
0C,768F,11,U
0C,769A,13,r
0C,76A7,1,U
0C,76A8,13,r
0C,76B5,1,U
0C,76B6,54,r
0C,76EC,1,U
0C,76ED,45,r
0C,771A,5,U
0C,771F,22,r
0C,7735,4,U
0C,7739,199,r
0C,7800,1536,R
0C,7E00,33,r
0C,7E21,1,U
0C,7E22,30,r
0C,7E40,320,R
0C,7F80,80,r
0C,7FD0,48,R
0D,4000,8064,R
0D,5F80,128,U
0D,6000,4096,R
0D,7000,84,U
0D,7054,247,r
0D,714B,1,U
0D,714C,5,r
0D,7151,6,U
0D,7157,28,r
0D,7173,3,U
0D,7176,24,r
0D,718E,81,U
0D,71DF,9,r
0D,71E8,7,U
0D,71EF,9,r
0D,71F8,4,U
0D,71FC,9,r
0D,7205,188,U
0D,72C1,25,r
0D,72DA,24,U
0D,72F2,5,r
0D,72F7,122,U
0D,7371,86,r
0D,73C7,6,U
0D,73CD,50,r
0D,73FF,1,U
0D,7400,169,r
0D,74A9,5,U
0D,74AE,29,r
0D,74CB,2,U
0D,74CD,42,r
0D,74F7,6,U
0D,74FD,142,r
0D,758B,1,U
0D,758C,10,r
0D,7596,11,U
0D,75A1,12,r
0D,75AD,1,U
0D,75AE,13,r
0D,75BB,1,U
0D,75BC,12,r
0D,75C8,59,U
0D,7603,10,r
0D,760D,5,U
0D,7612,9,r
0D,761B,14,U
0D,7629,10,r
0D,7633,12,U
0D,763F,9,r
0D,7648,20,U
0D,765C,9,r
0D,7665,4,U
0D,7669,9,r
0D,7672,54,U
0D,76A8,13,r
0D,76B5,1,U
0D,76B6,73,r
0D,76FF,1,U
0D,7700,24,r
0D,7718,1,U
0D,7719,5,r
0D,771E,5,U
0D,7723,12,r
0D,772F,1,U
0D,7730,74,r
0D,777A,7,U
0D,7781,8,r
0D,7789,3,U
0D,778C,12,r
0D,7798,1,U
0D,7799,22,r
0D,77AF,10,U
0D,77B9,47,r
0D,77E8,1,U
0D,77E9,12,r
0D,77F5,5,U
0D,77FA,12,r
0D,7806,16,U
0D,7816,12,r
0D,7822,4,U
0D,7826,218,r
0D,7900,1792,R
0E,4000,3840,R
0E,4F00,20,U
0E,4F14,1,r
0E,4F15,31,U
0E,4F34,2,r
0E,4F36,15,U
0E,4F45,1,r
0E,4F46,21,U
0E,4F5B,1,r
0E,4F5C,15,U
0E,4F6B,1,r
0E,4F6C,1,U
0E,4F6D,1,r
0E,4F6E,17,U
0E,4F7F,1,r
0E,4F80,8,U
0E,4F88,1,r
0E,4F89,8,U
0E,4F91,1,r
0E,4F92,1134,U
0E,5400,640,r
0E,5680,640,R
0E,5900,2560,r
0E,6300,7424,R
0F,4000,11520,R
0F,6D00,3584,r
0F,7B00,1280,R
10,4000,66,U
10,4042,1,r
10,4043,12,U
10,404F,1,r
10,4050,2,U
10,4052,2,r
10,4054,17,U
10,4065,1,r
10,4066,178,U
10,4118,2,r
10,411A,27,U
10,4135,1,r
10,4136,108,U
10,41A2,2,r
10,41A4,100,U
10,4208,2,r
10,420A,78,U
10,4258,1,r
10,4259,57,U
10,4292,1,r
10,4293,6,U
10,4299,1,r
10,429A,191,U
10,4359,2,r
10,435B,9,U
10,4364,2,r
10,4366,2,U
10,4368,1,r
10,4369,6,U
10,436F,1,r
10,4370,9,U
10,4379,1,r
10,437A,4,U
10,437E,1,r
10,437F,10,U
10,4389,1,r
10,438A,225,U
10,446B,1,r
10,446C,6,U
10,4472,2,r
10,4474,5,U
10,4479,1,r
10,447A,56,U
10,44B2,1,r
10,44B3,9,U
10,44BC,1,r
10,44BD,162,U
10,455F,1,r
10,4560,19,U
10,4573,1,r
10,4574,27,U
10,458F,1,r
10,4590,212,U
10,4664,2,r
10,4666,41,U
10,468F,1,r
10,4690,220,U
10,476C,1,r
10,476D,2,U
10,476F,1,r
10,4770,23,U
10,4787,1,r
10,4788,36,U
10,47AC,1,r
10,47AD,1,U
10,47AE,1,r
10,47AF,10,U
10,47B9,1,r
10,47BA,177,U
10,486B,1,r
10,486C,7,U
10,4873,1,r
10,4874,7,U
10,487B,1,r
10,487C,19,U
10,488F,20,r
10,48A3,1,U
10,48A4,24,r
10,48BC,1,U
10,48BD,3,r
10,48C0,4,U
10,48C4,3,r
10,48C7,203,U
10,4992,1,r
10,4993,7,U
10,499A,1,r
10,499B,156,U
10,4A37,1,r
10,4A38,127,U
10,4AB7,1,r
10,4AB8,3,U
10,4ABB,1,r
10,4ABC,25,U
10,4AD5,1,r
10,4AD6,1,U
10,4AD7,1,r
10,4AD8,130,U
10,4B5A,1,r
10,4B5B,30,U
10,4B79,1,r
10,4B7A,3,U
10,4B7D,1,r
10,4B7E,20,U
10,4B92,1,r
10,4B93,23,U
10,4BAA,2,r
10,4BAC,134,U
10,4C32,1,r
10,4C33,37,U
10,4C58,99,r
10,4CBB,26,U
10,4CD5,2,r
10,4CD7,1,U
10,4CD8,1,r
10,4CD9,218,U
10,4DB3,2,r
10,4DB5,6,U
10,4DBB,50,r
10,4DED,4,U
10,4DF1,3,r
10,4DF4,12,U
10,4E00,2688,R
10,5880,896,U
10,5C00,6272,R
10,7480,32,r
10,74A0,70,U
10,74E6,11,r
10,74F1,1,U
10,74F2,87,r
10,7549,74,U
10,7593,333,r
10,76E0,21,U
10,76F5,5,r
10,76FA,1,U
10,76FB,421,r
10,78A0,96,U
10,7900,211,r
10,79D3,45,U
10,7A00,32,r
10,7A20,16,U
10,7A30,16,r
10,7A40,32,U
10,7A60,92,r
10,7ABC,1,U
10,7ABD,13,r
10,7ACA,3,U
10,7ACD,231,r
10,7BB4,28,U
10,7BD0,151,r
10,7C67,9,U
10,7C70,32,r
10,7C90,2,U
10,7C92,5,r
10,7C97,1,U
10,7C98,120,r
10,7D10,2,U
10,7D12,29,r
10,7D2F,1,U
10,7D30,32,r
10,7D50,32,U
10,7D70,32,r
10,7D90,32,U
10,7DB0,192,r
10,7E70,8,U
10,7E78,99,r
10,7EDB,33,U
10,7EFC,196,r
10,7FC0,18,U
10,7FD2,46,r
11,4000,6144,R
11,5800,10,r
11,580A,2,U
11,580C,16,r
11,581C,3,U
11,581F,37,r
11,5844,2,U
11,5846,15,r
11,5855,4,U
11,5859,36,r
11,587D,2,U
11,587F,16,r
11,588F,3,U
11,5892,37,r
11,58B7,1,U
11,58B8,16,r
11,58C8,3,U
11,58CB,37,r
11,58F0,2,U
11,58F2,15,r
11,5901,4,U
11,5905,37,r
11,592A,2,U
11,592C,15,r
11,593B,3,U
11,593E,38,r
11,5964,2,U
11,5966,15,r
11,5975,2,U
11,5977,38,r
11,599D,2,U
11,599F,56,r
11,59D7,2,U
11,59D9,15,r
11,59E8,2,U
11,59EA,38,r
11,5A10,2,U
11,5A12,15,r
11,5A21,2,U
11,5A23,39,r
11,5A4A,2,U
11,5A4C,15,r
11,5A5B,2,U
11,5A5D,39,r
11,5A84,2,U
11,5A86,55,r
11,5ABD,2,U
11,5ABF,14,r
11,5ACD,2,U
11,5ACF,29,r
11,5AEC,1,U
11,5AED,10,r
11,5AF7,2,U
11,5AF9,14,r
11,5B07,1,U
11,5B08,29,r
11,5B25,1,U
11,5B26,26,r
11,5B40,2,U
11,5B42,29,r
11,5B5F,1,U
11,5B60,10,r
11,5B6A,2,U
11,5B6C,14,r
11,5B7A,1,U
11,5B7B,41,r
11,5BA4,2,U
11,5BA6,14,r
11,5BB4,1,U
11,5BB5,28,r
11,5BD1,2,U
11,5BD3,10,r
11,5BDD,2,U
11,5BDF,14,r
11,5BED,1,U
11,5BEE,29,r
11,5C0B,2,U
11,5C0D,10,r
11,5C17,2,U
11,5C19,100,r
11,5C7D,3,U
11,5C80,10,r
11,5C8A,1,U
11,5C8B,57,r
11,5CC4,1,U
11,5CC5,44,r
11,5CF1,2,U
11,5CF3,55,r
11,5D2A,3,U
11,5D2D,55,r
11,5D64,2,U
11,5D66,55,r
11,5D9D,3,U
11,5DA0,170,r
11,5E4A,1,U
11,5E4B,4533,r
11,7000,4096,R
12,4000,16256,R
12,7F80,128,r
13,4000,11264,R
13,6C00,256,r
13,6D00,512,R
13,6F00,256,r
13,7000,4096,R
14,4000,316,U
14,413C,1,r
14,413D,15,U
14,414C,2,r
14,414E,123,U
14,41C9,1,r
14,41CA,157,U
14,4267,1,r
14,4268,284,U
14,4384,1,r
14,4385,224,U
14,4465,1,r
14,4466,7,U
14,446D,1,r
14,446E,39,U
14,4495,1,r
14,4496,190,U
14,4554,4024,R
14,550C,756,U
14,5800,10144,R
14,7FA0,96,r
15,4000,4608,R
15,5200,54,U
15,5236,8,r
15,523E,7,U
15,5245,57,r
15,527E,53,U
15,52B3,11,r
15,52BE,4,U
15,52C2,46,r
15,52F0,156,U
15,538C,100,r
15,53F0,16,U
15,5400,256,R
15,5500,256,U
15,5600,6400,R
15,6F00,4352,r
16,4000,13184,R
16,7380,2048,r
16,7B80,1152,R
17,4000,3056,R
17,4BF0,16,r
17,4C00,2304,R
17,5500,5,r
17,5505,211,U
17,55D8,11,r
17,55E3,1,U
17,55E4,5,r
17,55E9,13,U
17,55F6,3,r
17,55F9,5,U
17,55FE,3,r
17,5601,556,U
17,582D,1,r
17,582E,438,U
17,59E4,10,r
17,59EE,1,U
17,59EF,6,r
17,59F5,13,U
17,5A02,4,r
17,5A06,4,U
17,5A0A,4,r
17,5A0E,300,U
17,5B3A,2,r
17,5B3C,81,U
17,5B8D,30,r
17,5BAB,2,U
17,5BAD,1,r
17,5BAE,55,U
17,5BE5,5,r
17,5BEA,9,U
17,5BF3,7,r
17,5BFA,181,U
17,5CAF,2,r
17,5CB1,1,U
17,5CB2,3,r
17,5CB5,8,U
17,5CBD,5,r
17,5CC2,73,U
17,5D0B,36,r
17,5D2F,2,U
17,5D31,3,r
17,5D34,2,U
17,5D36,4,r
17,5D3A,4,U
17,5D3E,4,r
17,5D42,48,U
17,5D72,2,r
17,5D74,1,U
17,5D75,2,r
17,5D77,9,U
17,5D80,1,r
17,5D81,1,U
17,5D82,3,r
17,5D85,47,U
17,5DB4,2,r
17,5DB6,62,U
17,5DF4,13,r
17,5E01,1,U
17,5E02,47,r
17,5E31,9,U
17,5E3A,2,r
17,5E3C,56,U
17,5E74,17,r
17,5E85,13,U
17,5E92,4,r
17,5E96,180,U
17,5F4A,60,r
17,5F86,5,U
17,5F8B,2,r
17,5F8D,2,U
17,5F8F,2,r
17,5F91,9,U
17,5F9A,2,r
17,5F9C,6,U
17,5FA2,36,r
17,5FC6,242,U
17,60B8,1,r
17,60B9,112,U
17,6129,3,r
17,612C,11,U
17,6137,2,r
17,6139,237,U
17,6226,1,r
17,6227,13,U
17,6234,2,r
17,6236,63,U
17,6275,2,r
17,6277,2,U
17,6279,3,r
17,627C,1,U
17,627D,2,r
17,627F,12,U
17,628B,3,r
17,628E,1,U
17,628F,27,r
17,62AA,1,U
17,62AB,7,r
17,62B2,128,U
17,6332,3,r
17,6335,8,U
17,633D,2,r
17,633F,1,U
17,6340,4,r
17,6344,4,U
17,6348,45,r
17,6375,7,U
17,637C,1,r
17,637D,3,U
17,6380,3,r
17,6383,1,U
17,6384,30,r
17,63A2,33,U
17,63C3,1,r
17,63C4,80,U
17,6414,17,r
17,6425,13,U
17,6432,4,r
17,6436,1,U
17,6437,4,r
17,643B,24,U
17,6453,1,r
17,6454,7,U
17,645B,61,r
17,6498,9,U
17,64A1,2,r
17,64A3,36,U
17,64C7,17,r
17,64D8,5,U
17,64DD,18,r
17,64EF,11,U
17,64FA,8,r
17,6502,1,U
17,6503,5,r
17,6508,1,U
17,6509,2,r
17,650B,13,U
17,6518,20,r
17,652C,13,U
17,6539,3,r
17,653C,3,U
17,653F,34,r
17,6561,4,U
17,6565,4,r
17,6569,3,U
17,656C,4,r
17,6570,7,U
17,6577,1,r
17,6578,246,U
17,666E,16,r
17,667E,12,U
17,668A,18,r
17,669C,12,U
17,66A8,4,r
17,66AC,5,U
17,66B1,3,r
17,66B4,15,U
17,66C3,2,r
17,66C5,1,U
17,66C6,51,r
17,66F9,3,U
17,66FC,20,r
17,6710,14,U
17,671E,3,r
17,6721,5,U
17,6726,3,r
17,6729,18,U
17,673B,10,r
17,6745,4,U
17,6749,10,r
17,6753,4,U
17,6757,1,r
17,6758,25,U
17,6771,1,r
17,6772,10,U
17,677C,23,r
17,6793,7,U
17,679A,17,r
17,67AB,13,U
17,67B8,5,r
17,67BD,6,U
17,67C3,2,r
17,67C5,44,U
17,67F1,2,r
17,67F3,12,U
17,67FF,1,r
17,6800,4672,R
17,7A40,192,r
17,7B00,1280,R
18,4000,15264,R
18,7BA0,160,r
18,7C40,320,R
18,7D80,256,r
18,7E80,304,R
18,7FB0,80,r
19,4000,9312,R
19,6460,20,U
19,6474,8,r
19,647C,21,U
19,6491,7,r
19,6498,40,U
19,64C0,7,r
19,64C7,61,U
19,6504,8,r
19,650C,39,U
19,6533,8,r
19,653B,4,U
19,653F,7,r
19,6546,136,U
19,65CE,7,r
19,65D5,126,U
19,6653,8,r
19,665B,103,U
19,66C2,7,r
19,66C9,98,U
19,672B,1,r
19,672C,24,U
19,6744,12,r
19,6750,46,U
19,677E,7,r
19,6785,11,U
19,6790,8,r
19,6798,3,U
19,679B,8,r
19,67A3,20,U
19,67B7,8,r
19,67BF,36,U
19,67E3,7,r
19,67EA,36,U
19,680E,7,r
19,6815,21,U
19,682A,9,r
19,6833,38,U
19,6859,8,r
19,6861,61,U
19,689E,12,r
19,68AA,35,U
19,68CD,8,r
19,68D5,3,U
19,68D8,7,r
19,68DF,136,U
19,6967,8,r
19,696F,11,U
19,697A,7,r
19,6981,3,U
19,6984,8,r
19,698C,150,U
19,6A22,8,r
19,6A2A,90,U
19,6A84,8,r
19,6A8C,82,U
19,6ADE,12,r
19,6AEA,64,U
19,6B2A,8,r
19,6B32,2,U
19,6B34,8,r
19,6B3C,21,U
19,6B51,12,r
19,6B5D,46,U
19,6B8B,7,r
19,6B92,3,U
19,6B95,8,r
19,6B9D,10,U
19,6BA7,8,r
19,6BAF,19,U
19,6BC2,10,r
19,6BCC,13,U
19,6BD9,7,r
19,6BE0,16,U
19,6BF0,7,r
19,6BF7,36,U
19,6C1B,8,r
19,6C23,15,U
19,6C32,18,r
19,6C44,5,U
19,6C49,165,r
19,6CEE,7,U
19,6CF5,19,r
19,6D08,11,U
19,6D13,8,r
19,6D1B,3,U
19,6D1E,7,r
19,6D25,17,U
19,6D36,13,r
19,6D43,4,U
19,6D47,71,r
19,6D8E,7,U
19,6D95,8,r
19,6D9D,31,U
19,6DBC,7,r
19,6DC3,1,U
19,6DC4,8,r
19,6DCC,12,U
19,6DD8,7,r
19,6DDF,18,U
19,6DF1,14,r
19,6DFF,31,U
19,6E1E,7,r
19,6E25,17,U
19,6E36,8,r
19,6E3E,13,U
19,6E4B,7,r
19,6E52,37,U
19,6E77,77,r
19,6EC4,10,U
19,6ECE,7,r
19,6ED5,21,U
19,6EEA,12,r
19,6EF6,16,U
19,6F06,78,r
19,6F54,3,U
19,6F57,84,r
19,6FAB,9,U
19,6FB4,8,r
19,6FBC,7,U
19,6FC3,26,r
19,6FDD,26,U
19,6FF7,13,r
19,7004,7,U
19,700B,7,r
19,7012,2,U
19,7014,63,r
19,7053,26,U
19,706D,33,r
19,708E,1,U
19,708F,20,r
19,70A3,10,U
19,70AD,23,r
19,70C4,36,U
19,70E8,8,r
19,70F0,6,U
19,70F6,8,r
19,70FE,87,U
19,7155,16,r
19,7165,12,U
19,7171,7,r
19,7178,2,U
19,717A,8,r
19,7182,14,U
19,7190,8,r
19,7198,8,U
19,71A0,13,r
19,71AD,10,U
19,71B7,8,r
19,71BF,9,U
19,71C8,15,r
19,71D7,15,U
19,71E6,13,r
19,71F3,7,U
19,71FA,7,r
19,7201,7,U
19,7208,21,r
19,721D,27,U
19,7238,220,r
19,7314,3,U
19,7317,24,r
19,732F,22,U
19,7345,8,r
19,734D,1,U
19,734E,13,r
19,735B,2,U
19,735D,115,r
19,73D0,9,U
19,73D9,7,r
19,73E0,39,U
19,7407,53,r
19,743C,11,U
19,7447,22,r
19,745D,4,U
19,7461,8,r
19,7469,14,U
19,7477,8,r
19,747F,3,U
19,7482,10,r
19,748C,4,U
19,7490,8,r
19,7498,10,U
19,74A2,111,r
19,7511,3,U
19,7514,8,r
19,751C,5,U
19,7521,70,r
19,7567,2,U
19,7569,8,r
19,7571,7,U
19,7578,21,r
19,758D,8,U
19,7595,7,r
19,759C,1,U
19,759D,28,r
19,75B9,34,U
19,75DB,10,r
19,75E5,28,U
19,7601,8,r
19,7609,7,U
19,7610,256,r
19,7710,6,U
19,7716,7,r
19,771D,7,U
19,7724,7,r
19,772B,5,U
19,7730,7,r
19,7737,19,U
19,774A,9,r
19,7753,8,U
19,775B,8,r
19,7763,15,U
19,7772,8,r
19,777A,2,U
19,777C,8,r
19,7784,18,U
19,7796,8,r
19,779E,5,U
19,77A3,50,r
19,77D5,11,U
19,77E0,34,r
19,7802,13,U
19,780F,419,r
19,79B2,5,U
19,79B7,13,r
19,79C4,4,U
19,79C8,47,r
19,79F7,1,U
19,79F8,13,r
19,7A05,7,U
19,7A0C,158,r
19,7AAA,5,U
19,7AAF,8,r
19,7AB7,6,U
19,7ABD,9,r
19,7AC6,2,U
19,7AC8,16,r
19,7AD8,5,U
19,7ADD,21,r
19,7AF2,2,U
19,7AF4,177,r
19,7BA5,3,U
19,7BA8,26,r
19,7BC2,1,U
19,7BC3,8,r
19,7BCB,22,U
19,7BE1,13,r
19,7BEE,1,U
19,7BEF,311,r
19,7D26,3,U
19,7D29,9,r
19,7D32,1,U
19,7D33,12,r
19,7D3F,2,U
19,7D41,10,r
19,7D4B,6,U
19,7D51,12,r
19,7D5D,4,U
19,7D61,62,r
19,7D9F,1,U
19,7DA0,23,r
19,7DB7,6,U
19,7DBD,22,r
19,7DD3,2,U
19,7DD5,68,r
19,7E19,2,U
19,7E1B,69,r
19,7E60,384,R
19,7FE0,8,r
19,7FE8,8,R
19,7FF0,16,r
1A,4000,3472,R
1A,4D90,96,r
1A,4DF0,880,R
1A,5160,160,U
1A,5200,4448,R
1A,6360,42,r
1A,638A,118,U
1A,6400,6400,R
1A,7D00,296,r
1A,7E28,6,U
1A,7E2E,13,r
1A,7E3B,1,U
1A,7E3C,66,r
1A,7E7E,1,U
1A,7E7F,29,r
1A,7E9C,1,U
1A,7E9D,13,r
1A,7EAA,1,U
1A,7EAB,29,r
1A,7EC8,1,U
1A,7EC9,21,r
1A,7EDE,1,U
1A,7EDF,26,r
1A,7EF9,1,U
1A,7EFA,128,r
1A,7F7A,11,U
1A,7F85,11,r
1A,7F90,1,U
1A,7F91,25,r
1A,7FAA,12,U
1A,7FB6,74,r
1B,4000,4144,R
1B,5030,208,r
1B,5100,8032,R
1B,7060,160,U
1B,7100,3664,r
1B,7F50,63,U
1B,7F8F,1,r
1B,7F90,110,U
1B,7FFE,2,r
1C,4000,4384,R
1C,5120,128,U
1C,51A0,1152,R
1C,5620,30,U
1C,563E,8,r
1C,5646,26,U
1C,5660,174,R
1C,570E,2,U
1C,5710,16,R
1C,5720,64,U
1C,5760,960,R
1C,5B20,23,r
1C,5B37,1,U
1C,5B38,9,r
1C,5B41,31,U
1C,5B60,96,R
1C,5BC0,32,U
1C,5BE0,64,R
1C,5C20,60,r
1C,5C5C,1,U
1C,5C5D,3,r
1C,5C60,96,R
1C,5CC0,32,U
1C,5CE0,64,R
1C,5D20,32,U
1C,5D40,1,r
1C,5D41,19,U
1C,5D54,2,r
1C,5D56,7,U
1C,5D5D,3,r
1C,5D60,256,R
1C,5E60,8,r
1C,5E68,1,U
1C,5E69,13,r
1C,5E76,1,U
1C,5E77,14,r
1C,5E85,1,U
1C,5E86,13,r
1C,5E93,1,U
1C,5E94,4,r
1C,5E98,2,U
1C,5E9A,7,r
1C,5EA1,22,U
1C,5EB7,7,r
1C,5EBE,7,U
1C,5EC5,7,r
1C,5ECC,7,U
1C,5ED3,7,r
1C,5EDA,51,U
1C,5F0D,7,r
1C,5F14,7,U
1C,5F1B,1,r
1C,5F1C,14,U
1C,5F2A,7,r
1C,5F31,7,U
1C,5F38,7,r
1C,5F3F,8,U
1C,5F47,13,r
1C,5F54,2,U
1C,5F56,12,r
1C,5F62,20,U
1C,5F76,2,r
1C,5F78,8,U
1C,5F80,7,r
1C,5F87,13,U
1C,5F94,2,r
1C,5F96,7,U
1C,5F9D,7,r
1C,5FA4,7,U
1C,5FAB,7,r
1C,5FB2,5,U
1C,5FB7,1,r
1C,5FB8,1,U
1C,5FB9,8,r
1C,5FC1,21,U
1C,5FD6,1,r
1C,5FD7,28,U
1C,5FF3,7,r
1C,5FFA,22,U
1C,6010,7,r
1C,6017,7,U
1C,601E,8,r
1C,6026,7,U
1C,602D,7,r
1C,6034,6,U
1C,603A,8,r
1C,6042,7,U
1C,6049,1,r
1C,604A,29,U
1C,6067,24,r
1C,607F,4,U
1C,6083,8,r
1C,608B,7,U
1C,6092,7,r
1C,6099,7,U
1C,60A0,7,r
1C,60A7,12,U
1C,60B3,3,r
1C,60B6,11,U
1C,60C1,17,r
1C,60D2,8,U
1C,60DA,7,r
1C,60E1,10,U
1C,60EB,19,r
1C,60FE,7,U
1C,6105,21,r
1C,611A,47,U
1C,6149,11,r
1C,6154,1,U
1C,6155,7,r
1C,615C,14,U
1C,616A,7,r
1C,6171,7,U
1C,6178,14,r
1C,6186,1,U
1C,6187,20,r
1C,619B,1,U
1C,619C,26,r
1C,61B6,1,U
1C,61B7,47,r
1C,61E6,5,U
1C,61EB,14,r
1C,61F9,1,U
1C,61FA,24,r
1C,6212,21,U
1C,6227,29,r
1C,6244,1,U
1C,6245,63,r
1C,6284,1,U
1C,6285,13,r
1C,6292,1,U
1C,6293,40,r
1C,62BB,9,U
1C,62C4,6,r
1C,62CA,8,U
1C,62D2,21,r
1C,62E7,47,U
1C,6316,40,r
1C,633E,1,U
1C,633F,28,r
1C,635B,1,U
1C,635C,13,r
1C,6369,1,U
1C,636A,18,r
1C,637C,10,U
1C,6386,22,r
1C,639C,14,U
1C,63AA,36,r
1C,63CE,15,U
1C,63DD,3,r
1C,63E0,25,U
1C,63F9,22,r
1C,640F,14,U
1C,641D,36,r
1C,6441,7,U
1C,6448,17,r
1C,6459,19,U
1C,646C,23,r
1C,6483,6,U
1C,6489,43,r
1C,64B4,2,U
1C,64B6,28,r
1C,64D2,1,U
1C,64D3,62,r
1C,6511,1,U
1C,6512,21,r
1C,6527,18,U
1C,6539,7,r
1C,6540,19,U
1C,6553,22,r
1C,6569,6,U
1C,656F,48,r
1C,659F,1,U
1C,65A0,135,r
1C,6627,1,U
1C,6628,14,r
1C,6636,1,U
1C,6637,74,r
1C,6681,1,U
1C,6682,23,r
1C,6699,19,U
1C,66AC,22,r
1C,66C2,4,U
1C,66C6,2,r
1C,66C8,1,U
1C,66C9,58,r
1C,6703,3,U
1C,6706,11,r
1C,6711,1,U
1C,6712,95,r
1C,6771,5,U
1C,6776,110,r
1C,67E4,1,U
1C,67E5,4,r
1C,67E9,3,U
1C,67EC,11,r
1C,67F7,15,U
1C,6806,22,r
1C,681C,7,U
1C,6823,47,r
1C,6852,12,U
1C,685E,19,r
1C,6871,8,U
1C,6879,72,r
1C,68C1,7,U
1C,68C8,29,r
1C,68E5,1,U
1C,68E6,4,r
1C,68EA,2,U
1C,68EC,22,r
1C,6902,3,U
1C,6905,83,r
1C,6958,7,U
1C,695F,36,r
1C,6983,1,U
1C,6984,6,r
1C,698A,1,U
1C,698B,28,r
1C,69A7,1,U
1C,69A8,7,r
1C,69AF,2,U
1C,69B1,1,r
1C,69B2,7,U
1C,69B9,48,r
1C,69E9,7,U
1C,69F0,6,r
1C,69F6,1,U
1C,69F7,35,r
1C,6A1A,1,U
1C,6A1B,7,r
1C,6A22,1,U
1C,6A23,4,r
1C,6A27,2,U
1C,6A29,56,r
1C,6A61,1,U
1C,6A62,57,r
1C,6A9B,1,U
1C,6A9C,51,r
1C,6ACF,1,U
1C,6AD0,62,r
1C,6B0E,5,U
1C,6B13,23,r
1C,6B2A,2,U
1C,6B2C,72,r
1C,6B74,1,U
1C,6B75,7,r
1C,6B7C,10,U
1C,6B86,23,r
1C,6B9D,2,U
1C,6B9F,27,r
1C,6BBA,2,U
1C,6BBC,14,r
1C,6BCA,1,U
1C,6BCB,143,r
1C,6C5A,1,U
1C,6C5B,8,r
1C,6C63,9,U
1C,6C6C,24,r
1C,6C84,2,U
1C,6C86,28,r
1C,6CA2,1,U
1C,6CA3,189,r
1C,6D60,4768,R
1D,4000,2560,R
1D,4A00,1280,r
1D,4F00,7040,R
1D,6A80,128,r
1D,6B00,4128,R
1D,7B20,96,r
1D,7B80,96,R
1D,7BE0,96,r
1D,7C40,96,R
1D,7CA0,96,r
1D,7D00,576,R
1D,7F40,128,r
1D,7FC0,64,R
1E,4000,9408,R
1E,64C0,16,r
1E,64D0,112,R
1E,6540,48,r
1E,6570,32,R
1E,6590,7,r
1E,6597,1,U
1E,6598,8,R
1E,65A0,8,U
1E,65A8,8,R
1E,65B0,8,U
1E,65B8,8,R
1E,65C0,8,U
1E,65C8,8,R
1E,65D0,181,U
1E,6685,2,r
1E,6687,21,U
1E,669C,1,r
1E,669D,13,U
1E,66AA,13,r
1E,66B7,1,U
1E,66B8,32,r
1E,66D8,8,U
1E,66E0,34,r
1E,6702,9,U
1E,670B,2,r
1E,670D,1,U
1E,670E,11,r
1E,6719,10,U
1E,6723,2,r
1E,6725,56,U
1E,675D,2,r
1E,675F,12,U
1E,676B,46,r
1E,6799,8,U
1E,67A1,3,r
1E,67A4,44,U
1E,67D0,2,r
1E,67D2,94,U
1E,6830,10,r
1E,683A,20,U
1E,684E,13,r
1E,685B,1,U
1E,685C,18,r
1E,686E,8,U
1E,6876,4,r
1E,687A,10,U
1E,6884,10,r
1E,688E,55,U
1E,68C5,2,r
1E,68C7,12,U
1E,68D3,2,r
1E,68D5,47,U
1E,6904,15,r
1E,6913,8,U
1E,691B,2,r
1E,691D,5,U
1E,6922,10,r
1E,692C,55,U
1E,6963,2,r
1E,6965,52,U
1E,6999,64,r
1E,69D9,16,U
1E,69E9,12,r
1E,69F5,11,U
1E,6A00,4848,R
1E,7CF0,186,r
1E,7DAA,6,U
1E,7DB0,80,r
1E,7E00,512,R
1F,4000,41,r
1F,4029,1,R
1F,402A,3,r
1F,402D,1,R
1F,402E,11,r
1F,4039,138,R
1F,40C3,2,r
1F,40C5,141,R
1F,4152,26,r
1F,416C,8,R
1F,4174,2,r
1F,4176,9,R
1F,417F,1,r
1F,4180,1,R
1F,4181,1,r
1F,4182,23,R
1F,4199,3,r
1F,419C,10,R
1F,41A6,9,r
1F,41AF,1,R
1F,41B0,4,r
1F,41B4,5,R
1F,41B9,1,r
1F,41BA,1,R
1F,41BB,63,r
1F,41FA,70,R
1F,4240,2,r
1F,4242,2,R
1F,4244,2,r
1F,4246,8,R
1F,424E,2,r
1F,4250,2,R
1F,4252,2,r
1F,4254,2,R
1F,4256,12,r
1F,4262,16,R
1F,4272,4,r
1F,4276,70,R
1F,42BC,2,r
1F,42BE,2,R
1F,42C0,2,r
1F,42C2,8,R
1F,42CA,2,r
1F,42CC,2,R
1F,42CE,2,r
1F,42D0,2,R
1F,42D2,12,r
1F,42DE,16,R
1F,42EE,4,r
1F,42F2,6,R
1F,42F8,2,r
1F,42FA,4,R
1F,42FE,2,r
1F,4300,4,R
1F,4304,1,r
1F,4305,1,U
1F,4306,6,R
1F,430C,2,r
1F,430E,4,R
1F,4312,2,r
1F,4314,4,R
1F,4318,2,r
1F,431A,8,R
1F,4322,2,r
1F,4324,22,R
1F,433A,4,r
1F,433E,8,R
1F,4346,2,r
1F,4348,22,R
1F,435E,5,r
1F,4363,5,R
1F,4368,15,C
1F,4377,5,R
1F,437C,21,C
1F,4391,10,R
1F,439B,29,C
1F,43B8,10,R
1F,43C2,29,C
1F,43DF,5,r
1F,43E4,19,F
1F,43F7,5,R
1F,43FC,5,r
1F,4401,8,C
1F,4409,30,F
1F,4427,10,R
1F,4431,33,C
1F,4452,5,R
1F,4457,8,C
1F,445F,5,R
1F,4464,43,C
1F,448F,10,R
1F,4499,39,C
1F,44C0,10,R
1F,44CA,36,C
1F,44EE,5,R
1F,44F3,9,C
1F,44FC,5,R
1F,4501,8,C
1F,4509,8,R
1F,4511,25,C
1F,452A,6,R
1F,4530,25,C
1F,4549,11,R
1F,4554,33,C
1F,4575,14,R
1F,4583,52,C
1F,45B7,10,R
1F,45C1,39,C
1F,45E8,15,R
1F,45F7,44,C
1F,4623,1,F
1F,4624,3,C
1F,4627,10,R
1F,4631,2,r
1F,4633,3,U
1F,4636,8,R
1F,463E,50,C
1F,4670,10,R
1F,467A,29,C
1F,4697,5,R
1F,469C,8,C
1F,46A4,5,R
1F,46A9,8,C
1F,46B1,5,R
1F,46B6,8,C
1F,46BE,5,R
1F,46C3,8,C
1F,46CB,5,R
1F,46D0,8,C
1F,46D8,1,U
1F,46D9,2,r
1F,46DB,2,U
1F,46DD,8,N
1F,46E5,96,R
1F,4745,54,C
1F,477B,5,R
1F,4780,42,C
1F,47AA,10,R
1F,47B4,30,C
1F,47D2,1,F
1F,47D3,6,C
1F,47D9,12,R
1F,47E5,7,r
1F,47EC,46,C
1F,481A,5,R
1F,481F,32,C
1F,483F,5,R
1F,4844,32,C
1F,4864,5,R
1F,4869,16,C
1F,4879,3,r
1F,487C,1,U
1F,487D,1,r
1F,487E,5,R
1F,4883,12,C
1F,488F,5,R
1F,4894,21,C
1F,48A9,5,R
1F,48AE,49,C
1F,48DF,2,r
1F,48E1,1,R
1F,48E2,4,r
1F,48E6,1,R
1F,48E7,5,r
1F,48EC,24,F
1F,4904,10,r
1F,490E,70,N
1F,4954,2,r
1F,4956,1,U
1F,4957,1,r
1F,4958,1,U
1F,4959,5,R
1F,495E,8,C
1F,4966,5,r
1F,496B,35,F
1F,498E,40,r
1F,49B6,61,N
1F,49F3,79,r
1F,4A42,2,N
1F,4A44,29,F
1F,4A61,8,N
1F,4A69,5,r
1F,4A6E,34,F
1F,4A90,2,r
1F,4A92,1,U
1F,4A93,2,r
1F,4A95,16,N
1F,4AA5,19,F
1F,4AB8,15,R
1F,4AC7,24,C
1F,4ADF,15,R
1F,4AEE,23,C
1F,4B05,18,R
1F,4B17,23,C
1F,4B2E,15,R
1F,4B3D,23,C
1F,4B54,16,R
1F,4B64,46,C
1F,4B92,20,R
1F,4BA6,25,C
1F,4BBF,15,R
1F,4BCE,41,C
1F,4BF7,18,R
1F,4C09,33,C
1F,4C2A,17,R
1F,4C3B,33,C
1F,4C5C,5,R
1F,4C61,80,C
1F,4CB1,20,R
1F,4CC5,1,r
1F,4CC6,1,U
1F,4CC7,2,r
1F,4CC9,1,U
1F,4CCA,9,r
1F,4CD3,12,R
1F,4CDF,40,C
1F,4D07,17,R
1F,4D18,16,r
1F,4D28,23,F
1F,4D3F,51,C
1F,4D72,8,R
1F,4D7A,8,C
1F,4D82,4,R
1F,4D86,34,C
1F,4DA8,4,R
1F,4DAC,8,C
1F,4DB4,4,R
1F,4DB8,8,C
1F,4DC0,49,R
1F,4DF1,23,C
1F,4E08,25,R
1F,4E21,32,C
1F,4E41,8,R
1F,4E49,29,C
1F,4E66,8,r
1F,4E6E,33,F
1F,4E8F,8,R
1F,4E97,33,C
1F,4EB8,1,r
1F,4EB9,2,U
1F,4EBB,1,r
1F,4EBC,29,N
1F,4ED9,4,R
1F,4EDD,11,C
1F,4EE8,4,R
1F,4EEC,8,C
1F,4EF4,4,R
1F,4EF8,8,C
1F,4F00,12,R
1F,4F0C,1,r
1F,4F0D,27,C
1F,4F28,4,r
1F,4F2C,33,C
1F,4F4D,8,R
1F,4F55,1,r
1F,4F56,23,C
1F,4F6D,5,r
1F,4F72,74,F
1F,4FBC,6,N
1F,4FC2,9,R
1F,4FCB,31,C
1F,4FEA,11,R
1F,4FF5,50,C
1F,5027,5,R
1F,502C,40,C
1F,5054,5,r
1F,5059,50,C
1F,508B,5,r
1F,5090,20,F
1F,50A4,7,C
1F,50AB,14,F
1F,50B9,5,R
1F,50BE,39,C
1F,50E5,5,R
1F,50EA,38,C
1F,5110,5,R
1F,5115,115,C
1F,5188,6,F
1F,518E,28,C
1F,51AA,16,r
1F,51BA,80,R
1F,520A,32,C
1F,522A,2,N
1F,522C,8,C
1F,5234,8,N
1F,523C,15,C
1F,524B,7,N
1F,5252,359,C
1F,53B9,86,N
1F,540F,820,C
1F,5743,9,N
1F,574C,37,C
1F,5771,72,R
1F,57B9,13,r
1F,57C6,14,R
1F,57D4,2,r
1F,57D6,60,R
1F,5812,2,r
1F,5814,20,R
1F,5828,2,r
1F,582A,34,R
1F,584C,2,r
1F,584E,4,R
1F,5852,4,r
1F,5856,168,R
1F,58FE,4,r
1F,5902,38,R
1F,5928,1,r
1F,5929,13,R
1F,5936,4,r
1F,593A,2,R
1F,593C,4,r
1F,5940,87,R
1F,5997,44,r
1F,59C3,59,R
1F,59FE,44,r
1F,5A2A,57,R
1F,5A63,1,r
1F,5A64,63,R
1F,5AA3,6,r
1F,5AA9,2,R
1F,5AAB,4,r
1F,5AAF,58,R
1F,5AE9,1,r
1F,5AEA,52,R
1F,5B1E,1,r
1F,5B1F,606,R
1F,5D7D,1,r
1F,5D7E,2223,R
1F,662D,2,r
1F,662F,28,R
1F,664B,1,r
1F,664C,22,R
1F,6662,1,r
1F,6663,35,R
1F,6686,1,r
1F,6687,12,R
1F,6693,1,r
1F,6694,250,R
1F,678E,1,r
1F,678F,10,R
1F,6799,1,r
1F,679A,16,R
1F,67AA,1,r
1F,67AB,297,R
1F,68D4,1,r
1F,68D5,875,R
1F,6C40,6,r
1F,6C46,192,R
1F,6D06,40,r
1F,6D2E,534,R
1F,6F44,3,r
1F,6F47,172,R
1F,6FF3,1,r
1F,6FF4,354,R
1F,7156,68,r
1F,719A,201,R
1F,7263,1,r
1F,7264,51,R
1F,7297,1,r
1F,7298,42,R
1F,72C2,1,r
1F,72C3,91,R
1F,731E,1,r
1F,731F,54,R
1F,7355,1,r
1F,7356,61,R
1F,7393,1,r
1F,7394,35,R
1F,73B7,29,r
1F,73D4,417,R
1F,7575,43,r
1F,75A0,388,R
1F,7724,6,r
1F,772A,151,R
1F,77C1,8,r
1F,77C9,1602,R
1F,7E0B,31,r
1F,7E2A,244,R
1F,7F1E,18,r
1F,7F30,121,R
1F,7FA9,71,r
1F,7FF0,3,C
1F,7FF3,3,N
1F,7FF6,3,C
1F,7FF9,7,r
20,4000,12624,R
20,7150,16,r
20,7160,816,R
20,7490,96,r
20,74F0,2832,R
21,4000,3264,R
21,4CC0,64,r
21,4D00,640,R
21,4F80,64,r
21,4FC0,128,R
21,5040,64,r
21,5080,16,R
21,5090,144,r
21,5120,32,R
21,5140,288,r
21,5260,32,R
21,5280,608,r
21,54E0,64,R
21,5520,256,r
21,5620,64,R
21,5660,32,r
21,5680,16,R
21,5690,16,r
21,56A0,464,R
21,5870,400,r
21,5A00,4272,R
21,6AB0,272,r
21,6BC0,4160,R
21,7C00,192,r
21,7CC0,832,R
22,4000,10944,R
22,6AC0,14,r
22,6ACE,1,U
22,6ACF,113,r
22,6B40,5130,R
22,7F4A,22,r
22,7F60,10,R
22,7F6A,22,r
22,7F80,10,R
22,7F8A,22,r
22,7FA0,10,R
22,7FAA,22,r
22,7FC0,10,R
22,7FCA,22,r
22,7FE0,10,R
22,7FEA,22,r
23,4000,2912,R
23,4B60,7,U
23,4B67,6,r
23,4B6D,3,U
23,4B70,1,r
23,4B71,4,U
23,4B75,7,r
23,4B7C,8,U
23,4B84,7,r
23,4B8B,7,U
23,4B92,7,r
23,4B99,8,U
23,4BA1,6,r
23,4BA7,8,U
23,4BAF,9,r
23,4BB8,5,U
23,4BBD,7,r
23,4BC4,8,U
23,4BCC,6,r
23,4BD2,8,U
23,4BDA,7,r
23,4BE1,7,U
23,4BE8,7,r
23,4BEF,8,U
23,4BF7,6,r
23,4BFD,8,U
23,4C05,7,r
23,4C0C,8,U
23,4C14,7,r
23,4C1B,7,U
23,4C22,7,r
23,4C29,8,U
23,4C31,6,r
23,4C37,8,U
23,4C3F,6,r
23,4C45,9,U
23,4C4E,6,r
23,4C54,8,U
23,4C5C,7,r
23,4C63,8,U
23,4C6B,6,r
23,4C71,8,U
23,4C79,6,r
23,4C7F,7,U
23,4C86,9,r
23,4C8F,6,U
23,4C95,7,r
23,4C9C,6,U
23,4CA2,1,r
23,4CA3,1,U
23,4CA4,7,r
23,4CAB,7,U
23,4CB2,9,r
23,4CBB,5,U
23,4CC0,2000,R
23,5490,9,r
23,5499,5,U
23,549E,9,r
23,54A7,4,U
23,54AB,10,r
23,54B5,6,U
23,54BB,5,r
23,54C0,1024,R
23,58C0,3,r
23,58C3,4,U
23,58C7,11,r
23,58D2,3,U
23,58D5,11,r
23,58E0,4,U
23,58E4,10,r
23,58EE,4,U
23,58F2,12,r
23,58FE,3,U
23,5901,10,r
23,590B,4,U
23,590F,10,r
23,5919,4,U
23,591D,1955,r
23,60C0,2752,R
23,6B80,256,r
23,6C80,1332,R
23,71B4,12,r
23,71C0,20,R
23,71D4,12,r
23,71E0,20,R
23,71F4,12,r
23,7200,20,R
23,7214,12,r
23,7220,20,R
23,7234,12,r
23,7240,20,R
23,7254,12,r
23,7260,20,R
23,7274,12,r
23,7280,1248,R
23,7760,32,r
23,7780,1472,R
23,7D40,32,r
23,7D60,672,R
24,4000,3648,R
24,4E40,16,r
24,4E50,1,U
24,4E51,2,r
24,4E53,12,U
24,4E5F,1,r
24,4E60,192,R
24,4F20,8,U
24,4F28,2,r
24,4F2A,12,U
24,4F36,2,r
24,4F38,13,U
24,4F45,1,r
24,4F46,13,U
24,4F53,2,r
24,4F55,12,U
24,4F61,2,r
24,4F63,13,U
24,4F70,1,r
24,4F71,13,U
24,4F7E,2,r
24,4F80,12,U
24,4F8C,2,r
24,4F8E,13,U
24,4F9B,1,r
24,4F9C,13,U
24,4FA9,2,r
24,4FAB,12,U
24,4FB7,3,r
24,4FBA,12,U
24,4FC6,1,r
24,4FC7,6,U
24,4FCD,9,r
24,4FD6,5,U
24,4FDB,9,r
24,4FE4,13,U
24,4FF1,1,r
24,4FF2,13,U
24,4FFF,1,r
24,5000,384,R
24,5180,832,r
24,54C0,576,R
24,5700,3,U
24,5703,2,r
24,5705,8,U
24,570D,2,r
24,570F,3,U
24,5712,1,r
24,5713,8,U
24,571B,2,r
24,571D,3,U
24,5720,1,r
24,5721,9,U
24,572A,1,r
24,572B,13,U
24,5738,2,r
24,573A,12,U
24,5746,2,r
24,5748,13,U
24,5755,1,r
24,5756,2,U
24,5758,8,r
24,5760,3,U
24,5763,2,r
24,5765,7,U
24,576C,11,r
24,5777,3,U
24,577A,10,r
24,5784,10,U
24,578E,2,r
24,5790,12,U
24,579C,2,r
24,579E,13,U
24,57AB,1,r
24,57AC,13,U
24,57B9,2,r
24,57BB,12,U
24,57C7,2,r
24,57C9,13,U
24,57D6,1,r
24,57D7,9,U
24,57E0,1824,R
24,5F00,64,r
24,5F40,320,R
24,6080,32,r
24,60A0,20,R
24,60B4,12,r
24,60C0,20,R
24,60D4,12,r
24,60E0,20,R
24,60F4,12,r
24,6100,20,R
24,6114,12,r
24,6120,20,R
24,6134,12,r
24,6140,84,R
24,6194,12,r
24,61A0,20,R
24,61B4,12,r
24,61C0,84,R
24,6214,12,r
24,6220,20,R
24,6234,12,r
24,6240,20,R
24,6254,12,r
24,6260,20,R
24,6274,12,r
24,6280,20,R
24,6294,12,r
24,62A0,20,R
24,62B4,12,r
24,62C0,20,R
24,62D4,12,r
24,62E0,128,R
24,6360,64,r
24,63A0,7264,R
25,4000,2688,R
25,4A80,182,U
25,4B36,1,r
25,4B37,97,U
25,4B98,3,r
25,4B9B,204,U
25,4C67,1,r
25,4C68,268,U
25,4D74,1,r
25,4D75,45,U
25,4DA2,2,r
25,4DA4,19,U
25,4DB7,5,r
25,4DBC,4,U
25,4DC0,704,R
25,5080,64,U
25,50C0,608,R
25,5320,64,U
25,5360,1184,R
25,5800,32,U
25,5820,20,r
25,5834,12,U
25,5840,6432,R
25,7160,35,r
25,7183,17,U
25,7194,12,r
25,71A0,1088,R
25,75E0,15,U
25,75EF,8,r
25,75F7,1,U
25,75F8,16,r
25,7608,1,U
25,7609,47,r
25,7638,20,U
25,764C,8,r
25,7654,6,U
25,765A,33,r
25,767B,11,U
25,7686,16,r
25,7696,3,U
25,7699,16,r
25,76A9,6,U
25,76AF,60,r
25,76EB,1,U
25,76EC,8,r
25,76F4,6,U
25,76FA,9,r
25,7703,4,U
25,7707,15,r
25,7716,2,U
25,7718,64,r
25,7758,4,U
25,775C,30,r
25,777A,1,U
25,777B,9,r
25,7784,4,U
25,7788,33,r
25,77A9,4,U
25,77AD,13,r
25,77BA,2,U
25,77BC,56,r
25,77F4,12,U
25,7800,12,r
25,780C,3,U
25,780F,16,r
25,781F,6,U
25,7825,10,r
25,782F,4,U
25,7833,13,r
25,7840,3,U
25,7843,8,r
25,784B,2,U
25,784D,13,r
25,785A,1,U
25,785B,48,r
25,788B,2,U
25,788D,28,r
25,78A9,1,U
25,78AA,132,r
25,792E,1,U
25,792F,164,r
25,79D3,1,U
25,79D4,140,r
25,7A60,1440,R
26,4000,1280,R
26,4500,106,U
26,456A,1,r
26,456B,250,U
26,4665,1,r
26,4666,1,U
26,4667,1,r
26,4668,265,U
26,4771,2,r
26,4773,44,U
26,479F,1,r
26,47A0,224,U
26,4880,2752,R
26,5340,18,U
26,5352,8,r
26,535A,550,U
26,5580,1728,R
26,5C40,576,r
26,5E80,1728,R
26,6540,1,U
26,6541,42,r
26,656B,12,U
26,6577,29,r
26,6594,2,U
26,6596,8,r
26,659E,8,U
26,65A6,8,r
26,65AE,2,U
26,65B0,14,r
26,65BE,4,U
26,65C2,38,r
26,65E8,1,U
26,65E9,12,r
26,65F5,4,U
26,65F9,8,r
26,6601,8,U
26,6609,11,r
26,6614,17,U
26,6625,20,r
26,6639,1,U
26,663A,27,r
26,6655,1,U
26,6656,114,r
26,66C8,2,U
26,66CA,27,r
26,66E5,1,U
26,66E6,57,r
26,671F,1,U
26,6720,42,r
26,674A,1,U
26,674B,13,r
26,6758,1,U
26,6759,14,r
26,6767,1,U
26,6768,24,r
26,6780,1152,R
26,6C00,303,r
26,6D2F,1,U
26,6D30,28,r
26,6D4C,1,U
26,6D4D,243,r
26,6E40,576,R
26,7080,149,r
26,7115,5,U
26,711A,32,r
26,713A,4,U
26,713E,194,r
26,7200,2,U
26,7202,190,r
26,72C0,2324,R
26,7BD4,12,r
26,7BE0,20,R
26,7BF4,12,r
26,7C00,20,R
26,7C14,12,r
26,7C20,20,R
26,7C34,12,r
26,7C40,20,R
26,7C54,12,r
26,7C60,20,R
26,7C74,12,r
26,7C80,20,R
26,7C94,12,r
26,7CA0,20,R
26,7CB4,12,r
26,7CC0,20,R
26,7CD4,12,r
26,7CE0,20,R
26,7CF4,12,r
26,7D00,20,R
26,7D14,12,r
26,7D20,20,R
26,7D34,12,r
26,7D40,20,R
26,7D54,12,r
26,7D60,20,R
26,7D74,12,r
26,7D80,20,R
26,7D94,12,r
26,7DA0,20,R
26,7DB4,12,r
26,7DC0,20,R
26,7DD4,12,r
26,7DE0,20,R
26,7DF4,12,r
26,7E00,32,R
26,7E20,32,r
26,7E40,320,R
26,7F80,128,r
27,4000,1906,R
27,4772,38,U
27,4798,1,r
27,4799,19,U
27,47AC,1,r
27,47AD,25,U
27,47C6,10,r
27,47D0,60,U
27,480C,11,r
27,4817,3,U
27,481A,10,r
27,4824,19,U
27,4837,10,r
27,4841,47,U
27,4870,576,R
27,4AB0,32,U
27,4AD0,16,R
27,4AE0,16,U
27,4AF0,16,R
27,4B00,16,U
27,4B10,32,R
27,4B30,9,U
27,4B39,1,r
27,4B3A,22,U
27,4B50,16,R
27,4B60,48,U
27,4B90,16,R
27,4BA0,9,U
27,4BA9,2,r
27,4BAB,187,U
27,4C66,1,r
27,4C67,12,U
27,4C73,1,r
27,4C74,60,U
27,4CB0,7114,R
27,687A,15,r
27,6889,4,U
27,688D,3,r
27,6890,10,R
27,689A,22,r
27,68B0,10,R
27,68BA,22,r
27,68D0,10,R
27,68DA,22,r
27,68F0,10,R
27,68FA,22,r
27,6910,1,U
27,6911,41,r
27,693A,2,U
27,693C,20,r
27,6950,10,R
27,695A,12,r
27,6966,1,U
27,6967,9,r
27,6970,10,R
27,697A,22,r
27,6990,10,R
27,699A,14,r
27,69A8,1,U
27,69A9,7,r
27,69B0,10,R
27,69BA,3,r
27,69BD,2,U
27,69BF,17,r
27,69D0,10,R
27,69DA,22,r
27,69F0,10,R
27,69FA,22,r
27,6A10,10,R
27,6A1A,22,r
27,6A30,10,R
27,6A3A,35,r
27,6A5D,3,U
27,6A60,48,r
27,6A90,10,R
27,6A9A,9,r
27,6AA3,1,U
27,6AA4,12,r
27,6AB0,10,R
27,6ABA,22,r
27,6AD0,10,R
27,6ADA,22,r
27,6AF0,2304,R
27,73F0,288,r
27,7510,1344,R
27,7A50,1456,r
28,4000,640,r
28,4280,640,R
28,4500,1280,r
28,4A00,1920,R
28,5180,640,U
28,5400,640,R
28,5680,2560,r
28,6080,640,R
28,6300,811,U
28,662B,1,r
28,662C,284,U
28,6748,1,r
28,6749,231,U
28,6830,2,r
28,6832,18,U
28,6844,1,r
28,6845,43,U
28,6870,1,r
28,6871,1580,U
28,6E9D,9,r
28,6EA6,5,U
28,6EAB,9,r
28,6EB4,105,U
28,6F1D,9,r
28,6F26,218,U
28,7000,4096,R
29,4000,7488,R
29,5D40,704,U
29,6000,89,R
29,6059,356,r
29,61BD,1317,U
29,66E2,1,r
29,66E3,14,U
29,66F1,1,r
29,66F2,4492,U
29,787E,1,r
29,787F,848,U
29,7BCF,1,r
29,7BD0,229,U
29,7CB5,2,r
29,7CB7,200,U
29,7D7F,2,r
29,7D81,26,U
29,7D9B,1,r
29,7D9C,612,U
2A,4000,4256,R
2A,50A0,32,r
2A,50C0,32,U
2A,50E0,64,r
2A,5120,96,U
2A,5180,64,r
2A,51C0,96,U
2A,5220,64,r
2A,5260,96,U
2A,52C0,192,r
2A,5380,64,U
2A,53C0,32,r
2A,53E0,32,U
2A,5400,2112,R
2A,5C40,382,r
2A,5DBE,226,U
2A,5EA0,32,r
2A,5EC0,192,U
2A,5F80,96,r
2A,5FE0,2912,R
2A,6B40,29,U
2A,6B5D,13,r
2A,6B6A,4,U
2A,6B6E,11,r
2A,6B79,1,U
2A,6B7A,6,r
2A,6B80,64,R
2A,6BC0,15,U
2A,6BCF,1,r
2A,6BD0,48,U
2A,6C00,128,R
2A,6C80,39,U
2A,6CA7,1,r
2A,6CA8,24,U
2A,6CC0,32,R
2A,6CE0,32,U
2A,6D00,32,R
2A,6D20,8,U
2A,6D28,1,r
2A,6D29,14,U
2A,6D37,1,r
2A,6D38,28,U
2A,6D54,1,r
2A,6D55,14,U
2A,6D63,1,r
2A,6D64,12,U
2A,6D70,1,r
2A,6D71,15,U
2A,6D80,32,R
2A,6DA0,40,U
2A,6DC8,1,r
2A,6DC9,12,U
2A,6DD5,2,r
2A,6DD7,13,U
2A,6DE4,1,r
2A,6DE5,13,U
2A,6DF2,2,r
2A,6DF4,44,U
2A,6E20,64,R
2A,6E60,34,U
2A,6E82,1,r
2A,6E83,13,U
2A,6E90,1,r
2A,6E91,14,U
2A,6E9F,1,r
2A,6EA0,28,U
2A,6EBC,1,r
2A,6EBD,27,U
2A,6ED8,1,r
2A,6ED9,7,U
2A,6EE0,32,R
2A,6F00,63,U
2A,6F3F,1,r
2A,6F40,23,U
2A,6F57,1,r
2A,6F58,3,U
2A,6F5B,1,r
2A,6F5C,59,U
2A,6F97,1,r
2A,6F98,8,U
2A,6FA0,32,r
2A,6FC0,13,U
2A,6FCD,1,r
2A,6FCE,14,U
2A,6FDC,1,r
2A,6FDD,3,U
2A,6FE0,32,r
2A,7000,7,U
2A,7007,1,r
2A,7008,14,U
2A,7016,1,r
2A,7017,16,U
2A,7027,1,r
2A,7028,12,U
2A,7034,1,r
2A,7035,12,U
2A,7041,1,r
2A,7042,17,U
2A,7053,1,r
2A,7054,52,U
2A,7088,1,r
2A,7089,71,U
2A,70D0,1,r
2A,70D1,68,U
2A,7115,28,r
2A,7131,1,U
2A,7132,28,r
2A,714E,1,U
2A,714F,4,r
2A,7153,1,U
2A,7154,8,r
2A,715C,1,U
2A,715D,1,r
2A,715E,45,U
2A,718B,1,r
2A,718C,72,U
2A,71D4,1,r
2A,71D5,13,U
2A,71E2,1,r
2A,71E3,14,U
2A,71F1,2,r
2A,71F3,16,U
2A,7203,1,r
2A,7204,10,U
2A,720E,1,r
2A,720F,27,U
2A,722A,1,r
2A,722B,29,U
2A,7248,1,r
2A,7249,12,U
2A,7255,1,r
2A,7256,14,U
2A,7264,1,r
2A,7265,10,U
2A,726F,71,r
2A,72B6,1,U
2A,72B7,13,r
2A,72C4,1,U
2A,72C5,1,r
2A,72C6,3,U
2A,72C9,1,r
2A,72CA,128,U
2A,734A,1,r
2A,734B,86,U
2A,73A1,1,r
2A,73A2,2,U
2A,73A4,1,r
2A,73A5,9,U
2A,73AE,2,r
2A,73B0,14,U
2A,73BE,1,r
2A,73BF,71,U
2A,7406,1,r
2A,7407,13,U
2A,7414,1,r
2A,7415,13,U
2A,7422,1,r
2A,7423,14,U
2A,7431,1,r
2A,7432,46,U
2A,7460,14,r
2A,746E,3,U
2A,7471,42,r
2A,749B,23,U
2A,74B2,1,r
2A,74B3,58,U
2A,74ED,1,r
2A,74EE,50,U
2A,7520,32,r
2A,7540,2,U
2A,7542,1,r
2A,7543,3,U
2A,7546,57,r
2A,757F,1,U
2A,7580,5,r
2A,7585,2,U
2A,7587,6,r
2A,758D,55,U
2A,75C4,1,r
2A,75C5,13,U
2A,75D2,1,r
2A,75D3,14,U
2A,75E1,1,r
2A,75E2,27,U
2A,75FD,1,r
2A,75FE,42,U
2A,7628,1,r
2A,7629,61,U
2A,7666,57,r
2A,769F,1,U
2A,76A0,5,r
2A,76A5,2,U
2A,76A7,6,r
2A,76AD,23,U
2A,76C4,1,r
2A,76C5,45,U
2A,76F2,1,r
2A,76F3,21,U
2A,7708,1,r
2A,7709,13,U
2A,7716,1,r
2A,7717,6,U
2A,771D,1,r
2A,771E,4,U
2A,7722,85,r
2A,7777,1,U
2A,7778,28,r
2A,7794,1,U
2A,7795,13,r
2A,77A2,1,U
2A,77A3,21,r
2A,77B8,1,U
2A,77B9,6,r
2A,77BF,1,U
2A,77C0,1,r
2A,77C1,31,U
2A,77E0,32,r
2A,7800,32,U
2A,7820,1,r
2A,7821,9,U
2A,782A,14,r
2A,7838,4,U
2A,783C,36,r
2A,7860,32,R
2A,7880,1,r
2A,7881,1,U
2A,7882,1,r
2A,7883,4,U
2A,7887,1,r
2A,7888,19,U
2A,789B,1,r
2A,789C,13,U
2A,78A9,1,r
2A,78AA,13,U
2A,78B7,1,r
2A,78B8,11,U
2A,78C3,1,r
2A,78C4,68,U
2A,7908,1,r
2A,7909,12,U
2A,7915,1,r
2A,7916,14,U
2A,7924,1,r
2A,7925,13,U
2A,7932,1,r
2A,7933,13,U
2A,7940,1,r
2A,7941,144,U
2A,79D1,1,r
2A,79D2,13,U
2A,79DF,1,r
2A,79E0,14,U
2A,79EE,1,r
2A,79EF,13,U
2A,79FC,1,r
2A,79FD,13,U
2A,7A0A,1,r
2A,7A0B,15,U
2A,7A1A,1,r
2A,7A1B,10,U
2A,7A25,13,r
2A,7A32,2,U
2A,7A34,104,r
2A,7A9C,1,U
2A,7A9D,12,r
2A,7AA9,1,U
2A,7AAA,3,r
2A,7AAD,24,U
2A,7AC5,1,r
2A,7AC6,13,U
2A,7AD3,1,r
2A,7AD4,12,U
2A,7AE0,32,r
2A,7B00,3,U
2A,7B03,1,r
2A,7B04,24,U
2A,7B1C,1,r
2A,7B1D,12,U
2A,7B29,14,r
2A,7B37,1,U
2A,7B38,117,r
2A,7BAD,1,U
2A,7BAE,16,r
2A,7BBE,57,U
2A,7BF7,1,r
2A,7BF8,10,U
2A,7C02,1,r
2A,7C03,2,U
2A,7C05,1,r
2A,7C06,4,U
2A,7C0A,14,r
2A,7C18,4,U
2A,7C1C,78,r
2A,7C6A,1,U
2A,7C6B,5,r
2A,7C70,1,U
2A,7C71,6,r
2A,7C77,1,U
2A,7C78,1,r
2A,7C79,10,U
2A,7C83,1,r
2A,7C84,15,U
2A,7C93,1,r
2A,7C94,40,U
2A,7CBC,1,r
2A,7CBD,10,U
2A,7CC7,1,r
2A,7CC8,3,U
2A,7CCB,1,r
2A,7CCC,1,U
2A,7CCD,284,r
2A,7DE9,1,U
2A,7DEA,13,r
2A,7DF7,1,U
2A,7DF8,1,r
2A,7DF9,1,U
2A,7DFA,1,r
2A,7DFB,13,U
2A,7E08,1,r
2A,7E09,28,U
2A,7E25,1,r
2A,7E26,42,U
2A,7E50,2,r
2A,7E52,13,U
2A,7E5F,1,r
2A,7E60,14,U
2A,7E6E,1,r
2A,7E6F,42,U
2A,7E99,1,r
2A,7E9A,13,U
2A,7EA7,1,r
2A,7EA8,3,U
2A,7EAB,1,r
2A,7EAC,10,U
2A,7EB6,1,r
2A,7EB7,28,U
2A,7ED3,1,r
2A,7ED4,16,U
2A,7EE4,1,r
2A,7EE5,11,U
2A,7EF0,58,r
2A,7F2A,1,U
2A,7F2B,5,r
2A,7F30,2,U
2A,7F32,6,r
2A,7F38,14,U
2A,7F46,1,r
2A,7F47,12,U
2A,7F53,4,r
2A,7F57,12,U
2A,7F63,2,r
2A,7F65,11,U
2A,7F70,1,r
2A,7F71,15,U
2A,7F80,1,r
2A,7F81,13,U
2A,7F8E,1,r
2A,7F8F,17,U
2A,7FA0,64,r
2A,7FE0,32,R
2B,4000,960,r
2B,43C0,195,U
2B,4483,2,r
2B,4485,52,U
2B,44B9,2,r
2B,44BB,458,U
2B,4685,1,r
2B,4686,35,U
2B,46A9,1,r
2B,46AA,220,U
2B,4786,1,r
2B,4787,276,U
2B,489B,1,r
2B,489C,1,U
2B,489D,1,r
2B,489E,219,U
2B,4979,1,r
2B,497A,19,U
2B,498D,2,r
2B,498F,2,U
2B,4991,1,r
2B,4992,17,U
2B,49A3,1,r
2B,49A4,5,U
2B,49A9,1,r
2B,49AA,437,U
2B,4B5F,1,r
2B,4B60,11,U
2B,4B6B,1,r
2B,4B6C,73,U
2B,4BB5,1,r
2B,4BB6,13,U
2B,4BC3,1,r
2B,4BC4,213,U
2B,4C99,1,r
2B,4C9A,57,U
2B,4CD3,1,r
2B,4CD4,7,U
2B,4CDB,1,r
2B,4CDC,325,U
2B,4E21,1,r
2B,4E22,68,U
2B,4E66,1,r
2B,4E67,68,U
2B,4EAB,1,r
2B,4EAC,35,U
2B,4ECF,1,r
2B,4ED0,54,U
2B,4F06,1,r
2B,4F07,138,U
2B,4F91,1,r
2B,4F92,2158,U
2B,5800,240,r
2B,58F0,2737,U
2B,63A1,1,r
2B,63A2,239,U
2B,6491,1,r
2B,6492,491,U
2B,667D,1,r
2B,667E,528,U
2B,688E,1,r
2B,688F,5895,U
2B,7F96,1,r
2B,7F97,31,U
2B,7FB6,1,r
2B,7FB7,73,U
2C,4000,8064,R
2C,5F80,128,U
2C,6000,4800,R
2C,72C0,10,U
2C,72CA,13,r
2C,72D7,1,U
2C,72D8,3,r
2C,72DB,33,U
2C,72FC,2,r
2C,72FE,18,U
2C,7310,2,r
2C,7312,57,U
2C,734B,13,r
2C,7358,1,U
2C,7359,3,r
2C,735C,89,U
2C,73B5,2,r
2C,73B7,208,U
2C,7487,13,r
2C,7494,1,U
2C,7495,2,r
2C,7497,39,U
2C,74BE,14,r
2C,74CC,1,U
2C,74CD,2,r
2C,74CF,107,U
2C,753A,2,r
2C,753C,40,U
2C,7564,2,r
2C,7566,34,U
2C,7588,13,r
2C,7595,1,U
2C,7596,3,r
2C,7599,45,U
2C,75C6,2,r
2C,75C8,123,U
2C,7643,7,r
2C,764A,1,U
2C,764B,9,r
2C,7654,16,U
2C,7664,13,r
2C,7671,1,U
2C,7672,2,r
2C,7674,28,U
2C,7690,2,r
2C,7692,37,U
2C,76B7,13,r
2C,76C4,1,U
2C,76C5,3,r
2C,76C8,141,U
2C,7755,13,r
2C,7762,1,U
2C,7763,4,r
2C,7767,39,U
2C,778E,18,r
2C,77A0,41,U
2C,77C9,17,r
2C,77DA,15,U
2C,77E9,2,r
2C,77EB,24,U
2C,7803,12,r
2C,780F,1,U
2C,7810,3,r
2C,7813,1,U
2C,7814,1,r
2C,7815,14,U
2C,7823,1,r
2C,7824,29,U
2C,7841,2,r
2C,7843,79,U
2C,7892,27,r
2C,78AD,1,U
2C,78AE,5,r
2C,78B3,25,U
2C,78CC,17,r
2C,78DD,9,U
2C,78E6,13,r
2C,78F3,1,U
2C,78F4,3,r
2C,78F7,15,U
2C,7906,12,r
2C,7912,1,U
2C,7913,3,r
2C,7916,26,U
2C,7930,13,r
2C,793D,1,U
2C,793E,14,r
2C,794C,1,U
2C,794D,3,r
2C,7950,41,U
2C,7979,12,r
2C,7985,1,U
2C,7986,4,r
2C,798A,29,U
2C,79A7,14,r
2C,79B5,1,U
2C,79B6,2,r
2C,79B8,47,U
2C,79E7,2,r
2C,79E9,36,U
2C,7A0D,1,r
2C,7A0E,52,U
2C,7A42,13,r
2C,7A4F,1,U
2C,7A50,3,r
2C,7A53,24,U
2C,7A6B,1,r
2C,7A6C,16,U
2C,7A7C,17,r
2C,7A8D,66,U
2C,7ACF,2,r
2C,7AD1,5,U
2C,7AD6,2,r
2C,7AD8,2,U
2C,7ADA,2,r
2C,7ADC,34,U
2C,7AFE,7,r
2C,7B05,1,U
2C,7B06,9,r
2C,7B0F,10,U
2C,7B19,27,r
2C,7B34,1,U
2C,7B35,3,r
2C,7B38,24,U
2C,7B50,7,r
2C,7B57,1,U
2C,7B58,23,r
2C,7B6F,1,U
2C,7B70,13,r
2C,7B7D,1,U
2C,7B7E,4,r
2C,7B82,1,U
2C,7B83,12,r
2C,7B8F,1,U
2C,7B90,14,r
2C,7B9E,1,U
2C,7B9F,3,r
2C,7BA2,25,U
2C,7BBB,14,r
2C,7BC9,1,U
2C,7BCA,2,r
2C,7BCC,2,U
2C,7BCE,2,r
2C,7BD0,20,U
2C,7BE4,17,r
2C,7BF5,30,U
2C,7C13,12,r
2C,7C1F,1,U
2C,7C20,3,r
2C,7C23,1,U
2C,7C24,2,r
2C,7C26,69,U
2C,7C6B,1,r
2C,7C6C,14,U
2C,7C7A,2,r
2C,7C7C,6,U
2C,7C82,13,r
2C,7C8F,1,U
2C,7C90,3,r
2C,7C93,30,U
2C,7CB1,28,r
2C,7CCD,41,U
2C,7CF6,41,r
2C,7D1F,1,U
2C,7D20,3,r
2C,7D23,12,U
2C,7D2F,13,r
2C,7D3C,1,U
2C,7D3D,32,r
2C,7D5D,1,U
2C,7D5E,2,r
2C,7D60,9,U
2C,7D69,12,r
2C,7D75,1,U
2C,7D76,4,r
2C,7D7A,15,U
2C,7D89,2,r
2C,7D8B,12,U
2C,7D97,13,r
2C,7DA4,1,U
2C,7DA5,3,r
2C,7DA8,10,U
2C,7DB2,14,r
2C,7DC0,1,U
2C,7DC1,19,r
2C,7DD4,1,U
2C,7DD5,5,r
2C,7DDA,1,U
2C,7DDB,2,r
2C,7DDD,13,U
2C,7DEA,20,r
2C,7DFE,1,U
2C,7DFF,3,r
2C,7E02,8,U
2C,7E0A,13,r
2C,7E17,1,U
2C,7E18,3,r
2C,7E1B,11,U
2C,7E26,25,r
2C,7E3F,1,U
2C,7E40,3,r
2C,7E43,26,U
2C,7E5D,7,r
2C,7E64,1,U
2C,7E65,5,r
2C,7E6A,1,U
2C,7E6B,17,r
2C,7E7C,2,U
2C,7E7E,13,r
2C,7E8B,1,U
2C,7E8C,3,r
2C,7E8F,22,U
2C,7EA5,32,r
2C,7EC5,1,U
2C,7EC6,5,r
2C,7ECB,24,U
2C,7EE3,12,r
2C,7EEF,1,U
2C,7EF0,3,r
2C,7EF3,26,U
2C,7F0D,28,r
2C,7F29,1,U
2C,7F2A,3,r
2C,7F2D,7,U
2C,7F34,26,r
2C,7F4E,1,U
2C,7F4F,2,r
2C,7F51,4,U
2C,7F55,18,r
2C,7F67,40,U
2C,7F8F,28,r
2C,7FAB,10,U
2C,7FB5,14,r
2C,7FC3,1,U
2C,7FC4,2,r
2C,7FC6,3,U
2C,7FC9,7,r
2C,7FD0,1,U
2C,7FD1,8,r
2C,7FD9,12,U
2C,7FE5,27,r
2D,4000,11520,R
2D,6D00,385,U
2D,6E81,1,r
2D,6E82,149,U
2D,6F17,1,r
2D,6F18,188,U
2D,6FD4,1,r
2D,6FD5,23,U
2D,6FEC,1,r
2D,6FED,19,U
2D,7000,1472,R
2D,75C0,64,r
2D,7600,256,R
2D,7700,64,r
2D,7740,2176,R
2D,7FC0,5,U
2D,7FC5,13,r
2D,7FD2,1,U
2D,7FD3,2,r
2D,7FD5,42,U
2D,7FFF,1,r
2E,4000,5760,R
2E,5680,384,r
2E,5800,5760,R
2E,6E80,384,r
2E,7000,2400,R
2E,7960,1696,r
2F,4000,3712,R
2F,4E80,128,r
2F,4F00,1920,R
2F,5680,384,U
2F,5800,4160,R
2F,6840,122,U
2F,68BA,2,r
2F,68BC,1860,U
2F,7000,1280,R
2F,7500,2449,U
2F,7E91,1,r
2F,7E92,262,U
2F,7F98,1,r
2F,7F99,31,U
2F,7FB8,1,r
2F,7FB9,71,U
30,4000,2560,R
30,4A00,5632,r
30,6000,3840,R
30,6F00,352,r
30,7060,64,R
30,70A0,128,r
30,7120,32,R
30,7140,64,r
30,7180,32,R
30,71A0,32,r
30,71C0,32,R
30,71E0,64,r
30,7220,32,R
30,7240,32,r
30,7260,32,R
30,7280,224,r
30,7360,64,R
30,73A0,128,r
30,7420,32,R
30,7440,160,r
30,74E0,32,R
30,7500,96,r
30,7560,64,R
30,75A0,128,r
30,7620,32,R
30,7640,128,r
30,76C0,32,R
30,76E0,128,r
30,7760,32,R
30,7780,96,r
30,77E0,64,R
30,7820,2016,r
31,4000,4480,R
31,5180,1664,r
31,5800,4480,R
31,6980,854,r
31,6CD6,810,U
31,7000,4096,R
32,4000,384,R
32,4180,96,U
32,41E0,1,r
32,41E1,165,U
32,4286,2,r
32,4288,741,U
32,456D,1,r
32,456E,68,U
32,45B2,1,r
32,45B3,197,U
32,4678,1,r
32,4679,391,U
32,4800,4480,R
32,5980,1664,U
32,6000,4480,R
32,7180,1664,U
32,7800,2048,R
33,4000,2432,R
33,4980,51,U
33,49B3,1,r
33,49B4,126,U
33,4A32,1,r
33,4A33,111,U
33,4AA2,1,r
33,4AA3,292,U
33,4BC7,3,r
33,4BCA,1,U
33,4BCB,1,r
33,4BCC,1,U
33,4BCD,1,r
33,4BCE,1,U
33,4BCF,1,r
33,4BD0,141,U
33,4C5D,1,r
33,4C5E,10,U
33,4C68,1,r
33,4C69,42,U
33,4C93,1,r
33,4C94,455,U
33,4E5B,2,r
33,4E5D,2,U
33,4E5F,1,r
33,4E60,21,U
33,4E75,1,r
33,4E76,20,U
33,4E8A,1,r
33,4E8B,102,U
33,4EF1,1,r
33,4EF2,162,U
33,4F94,1,r
33,4F95,5587,U
33,6568,1,r
33,6569,663,U
33,6800,4480,r
33,7980,1562,U
33,7F9A,1,r
33,7F9B,14,U
33,7FA9,1,r
33,7FAA,16,U
33,7FBA,1,r
33,7FBB,69,U
34,4000,15048,R
34,7AC8,19,r
34,7ADB,1,U
34,7ADC,9,r
34,7AE5,78,U
34,7B33,27,r
34,7B4E,1,U
34,7B4F,24,r
34,7B67,38,U
34,7B8D,22,r
34,7BA3,6,U
34,7BA9,24,r
34,7BC1,1,U
34,7BC2,27,r
34,7BDD,25,U
34,7BF6,37,r
34,7C1B,30,U
34,7C39,23,r
34,7C50,19,U
34,7C63,21,r
34,7C78,1,U
34,7C79,1,r
34,7C7A,23,U
34,7C91,31,r
34,7CB0,60,U
34,7CEC,22,r
34,7D02,8,U
34,7D0A,31,r
34,7D29,1,U
34,7D2A,23,r
34,7D41,6,U
34,7D47,14,r
34,7D55,1,U
34,7D56,13,r
34,7D63,1,U
34,7D64,43,r
34,7D8F,15,U
34,7D9E,13,r
34,7DAB,1,U
34,7DAC,13,r
34,7DB9,1,U
34,7DBA,9,r
34,7DC3,6,U
34,7DC9,13,r
34,7DD6,1,U
34,7DD7,50,r
34,7E09,66,U
34,7E4B,56,r
34,7E83,1,U
34,7E84,66,r
34,7EC6,6,U
34,7ECC,13,r
34,7ED9,1,U
34,7EDA,28,r
34,7EF6,1,U
34,7EF7,37,r
34,7F1C,23,U
34,7F33,40,r
34,7F5B,1,U
34,7F5C,13,r
34,7F69,1,U
34,7F6A,44,r
34,7F96,1,U
34,7F97,37,r
34,7FBC,19,U
34,7FCF,49,r
35,4000,15048,R
35,7AC8,367,U
35,7C37,28,r
35,7C53,1,U
35,7C54,8,r
35,7C5C,6,U
35,7C62,28,r
35,7C7E,1,U
35,7C7F,8,r
35,7C87,103,U
35,7CEE,38,r
35,7D14,686,U
35,7FC2,28,r
35,7FDE,1,U
35,7FDF,8,r
35,7FE7,25,U
36,4000,3784,R
36,4EC8,8,r
36,4ED0,8,R
36,4ED8,8,r
36,4EE0,8,R
36,4EE8,8,r
36,4EF0,8,R
36,4EF8,264,r
36,5000,4024,R
36,5FB8,72,r
36,6000,3840,R
36,6F00,256,r
36,7000,4024,R
36,7FB8,72,r
37,4000,3584,r
37,4E00,256,R
37,4F00,184,r
37,4FB8,72,U
37,5000,3584,r
37,5E00,256,R
37,5F00,184,r
37,5FB8,72,U
37,6000,3584,r
37,6E00,256,R
37,6F00,184,r
37,6FB8,72,U
37,7000,4024,R
37,7FB8,4,U
37,7FBC,1,r
37,7FBD,67,U
38,4000,3840,R
38,4F00,184,r
38,4FB8,72,U
38,5000,3840,R
38,5F00,184,r
38,5FB8,72,U
38,6000,3784,R
38,6EC8,8,r
38,6ED0,8,R
38,6ED8,8,r
38,6EE0,8,R
38,6EE8,8,r
38,6EF0,8,R
38,6EF8,192,r
38,6FB8,72,U
38,7000,3784,R
38,7EC8,8,r
38,7ED0,8,R
38,7ED8,8,r
38,7EE0,8,R
38,7EE8,8,r
38,7EF0,8,R
38,7EF8,192,r
38,7FB8,72,U
39,4000,3784,R
39,4EC8,8,r
39,4ED0,8,R
39,4ED8,8,r
39,4EE0,8,R
39,4EE8,8,r
39,4EF0,8,R
39,4EF8,192,r
39,4FB8,1,U
39,4FB9,2,r
39,4FBB,3,U
39,4FBE,2,r
39,4FC0,3,U
39,4FC3,2,r
39,4FC5,3,U
39,4FC8,2,r
39,4FCA,3,U
39,4FCD,2,r
39,4FCF,3,U
39,4FD2,2,r
39,4FD4,3,U
39,4FD7,2,r
39,4FD9,3,U
39,4FDC,2,r
39,4FDE,3,U
39,4FE1,2,r
39,4FE3,3,U
39,4FE6,2,r
39,4FE8,3,U
39,4FEB,2,r
39,4FED,3,U
39,4FF0,2,r
39,4FF2,3,U
39,4FF5,2,r
39,4FF7,3,U
39,4FFA,2,r
39,4FFC,3,U
39,4FFF,1,r
39,5000,3784,R
39,5EC8,8,r
39,5ED0,8,R
39,5ED8,8,r
39,5EE0,8,R
39,5EE8,8,r
39,5EF0,8,R
39,5EF8,194,r
39,5FBA,3,U
39,5FBD,2,r
39,5FBF,3,U
39,5FC2,2,r
39,5FC4,3,U
39,5FC7,2,r
39,5FC9,3,U
39,5FCC,2,r
39,5FCE,3,U
39,5FD1,2,r
39,5FD3,3,U
39,5FD6,2,r
39,5FD8,3,U
39,5FDB,2,r
39,5FDD,3,U
39,5FE0,2,r
39,5FE2,3,U
39,5FE5,2,r
39,5FE7,3,U
39,5FEA,2,r
39,5FEC,3,U
39,5FEF,2,r
39,5FF1,3,U
39,5FF4,2,r
39,5FF6,3,U
39,5FF9,2,r
39,5FFB,3,U
39,5FFE,3586,r
39,6E00,200,R
39,6EC8,8,r
39,6ED0,8,R
39,6ED8,8,r
39,6EE0,8,R
39,6EE8,8,r
39,6EF0,8,R
39,6EF8,193,r
39,6FB9,3,U
39,6FBC,2,r
39,6FBE,3,U
39,6FC1,2,r
39,6FC3,3,U
39,6FC6,2,r
39,6FC8,3,U
39,6FCB,2,r
39,6FCD,3,U
39,6FD0,2,r
39,6FD2,3,U
39,6FD5,2,r
39,6FD7,3,U
39,6FDA,2,r
39,6FDC,3,U
39,6FDF,2,r
39,6FE1,3,U
39,6FE4,2,r
39,6FE6,3,U
39,6FE9,2,r
39,6FEB,3,U
39,6FEE,2,r
39,6FF0,3,U
39,6FF3,2,r
39,6FF5,3,U
39,6FF8,2,r
39,6FFA,3,U
39,6FFD,2,r
39,6FFF,1,U
39,7000,3784,R
39,7EC8,8,r
39,7ED0,8,R
39,7ED8,8,r
39,7EE0,8,R
39,7EE8,8,r
39,7EF0,8,R
39,7EF8,192,r
39,7FB8,3,U
39,7FBB,2,r
39,7FBD,3,U
39,7FC0,2,r
39,7FC2,3,U
39,7FC5,2,r
39,7FC7,3,U
39,7FCA,2,r
39,7FCC,3,U
39,7FCF,2,r
39,7FD1,3,U
39,7FD4,2,r
39,7FD6,3,U
39,7FD9,2,r
39,7FDB,3,U
39,7FDE,2,r
39,7FE0,3,U
39,7FE3,2,r
39,7FE5,3,U
39,7FE8,2,r
39,7FEA,3,U
39,7FED,2,r
39,7FEF,3,U
39,7FF2,2,r
39,7FF4,3,U
39,7FF7,2,r
39,7FF9,3,U
39,7FFC,2,r
39,7FFE,2,U
3A,4000,3784,R
3A,4EC8,8,r
3A,4ED0,8,R
3A,4ED8,8,r
3A,4EE0,8,R
3A,4EE8,8,r
3A,4EF0,8,R
3A,4EF8,264,r
3A,5000,3784,R
3A,5EC8,8,r
3A,5ED0,8,R
3A,5ED8,8,r
3A,5EE0,8,R
3A,5EE8,8,r
3A,5EF0,8,R
3A,5EF8,192,r
3A,5FB8,72,U
3A,6000,3584,r
3A,6E00,200,R
3A,6EC8,8,r
3A,6ED0,8,R
3A,6ED8,8,r
3A,6EE0,8,R
3A,6EE8,8,r
3A,6EF0,8,R
3A,6EF8,192,r
3A,6FB8,72,U
3A,7000,4024,r
3A,7FB8,72,U
3B,4000,1,U
3B,4001,2,r
3B,4003,3,U
3B,4006,2,r
3B,4008,3,U
3B,400B,2,r
3B,400D,3,U
3B,4010,2,r
3B,4012,3,U
3B,4015,3,r
3B,4018,2,U
3B,401A,2,r
3B,401C,3,U
3B,401F,2,r
3B,4021,3,U
3B,4024,2,r
3B,4026,3,U
3B,4029,2,r
3B,402B,3,U
3B,402E,2,r
3B,4030,3,U
3B,4033,2,r
3B,4035,3,U
3B,4038,2,r
3B,403A,3,U
3B,403D,2,r
3B,403F,3,U
3B,4042,2,r
3B,4044,3,U
3B,4047,2,r
3B,4049,3,U
3B,404C,2,r
3B,404E,3,U
3B,4051,2,r
3B,4053,3,U
3B,4056,2,r
3B,4058,3,U
3B,405B,2,r
3B,405D,3,U
3B,4060,2,r
3B,4062,3,U
3B,4065,2,r
3B,4067,3,U
3B,406A,2,r
3B,406C,3,U
3B,406F,2,r
3B,4071,3,U
3B,4074,2,r
3B,4076,3,U
3B,4079,2,r
3B,407B,3,U
3B,407E,2,r
3B,4080,3,U
3B,4083,2,r
3B,4085,3,U
3B,4088,2,r
3B,408A,3,U
3B,408D,2,r
3B,408F,3,U
3B,4092,2,r
3B,4094,3,U
3B,4097,2,r
3B,4099,3,U
3B,409C,2,r
3B,409E,3,U
3B,40A1,2,r
3B,40A3,3,U
3B,40A6,2,r
3B,40A8,3,U
3B,40AB,2,r
3B,40AD,3,U
3B,40B0,2,r
3B,40B2,3,U
3B,40B5,2,r
3B,40B7,3,U
3B,40BA,2,r
3B,40BC,3,U
3B,40BF,2,r
3B,40C1,3,U
3B,40C4,4,r
3B,40C8,1,U
3B,40C9,2,r
3B,40CB,3,U
3B,40CE,2,r
3B,40D0,3,U
3B,40D3,2,r
3B,40D5,3,U
3B,40D8,2,r
3B,40DA,3,U
3B,40DD,2,r
3B,40DF,3,U
3B,40E2,2,r
3B,40E4,3,U
3B,40E7,2,r
3B,40E9,3,U
3B,40EC,2,r
3B,40EE,3,U
3B,40F1,2,r
3B,40F3,3,U
3B,40F6,2,r
3B,40F8,3,U
3B,40FB,2,r
3B,40FD,3,U
3B,4100,2,r
3B,4102,3,U
3B,4105,2,r
3B,4107,3,U
3B,410A,2,r
3B,410C,3,U
3B,410F,2,r
3B,4111,3,U
3B,4114,2,r
3B,4116,3,U
3B,4119,2,r
3B,411B,3,U
3B,411E,2,r
3B,4120,3,U
3B,4123,2,r
3B,4125,1,U
3B,4126,1,r
3B,4127,1,U
3B,4128,2,r
3B,412A,3,U
3B,412D,2,r
3B,412F,3,U
3B,4132,2,r
3B,4134,3,U
3B,4137,2,r
3B,4139,3,U
3B,413C,2,r
3B,413E,3,U
3B,4141,2,r
3B,4143,3,U
3B,4146,2,r
3B,4148,3,U
3B,414B,2,r
3B,414D,3,U
3B,4150,2,r
3B,4152,3,U
3B,4155,2,r
3B,4157,3,U
3B,415A,2,r
3B,415C,3,U
3B,415F,2,r
3B,4161,3,U
3B,4164,2,r
3B,4166,3,U
3B,4169,2,r
3B,416B,3,U
3B,416E,2,r
3B,4170,3,U
3B,4173,2,r
3B,4175,3,U
3B,4178,2,r
3B,417A,3,U
3B,417D,2,r
3B,417F,3,U
3B,4182,2,r
3B,4184,3,U
3B,4187,2,r
3B,4189,3,U
3B,418C,2,r
3B,418E,3,U
3B,4191,3,r
3B,4194,2,U
3B,4196,2,r
3B,4198,3,U
3B,419B,2,r
3B,419D,3,U
3B,41A0,2,r
3B,41A2,3,U
3B,41A5,2,r
3B,41A7,3,U
3B,41AA,2,r
3B,41AC,3,U
3B,41AF,2,r
3B,41B1,3,U
3B,41B4,2,r
3B,41B6,3,U
3B,41B9,2,r
3B,41BB,3,U
3B,41BE,2,r
3B,41C0,3,U
3B,41C3,2,r
3B,41C5,2,U
3B,41C7,3,r
3B,41CA,3,U
3B,41CD,2,r
3B,41CF,3,U
3B,41D2,2,r
3B,41D4,3,U
3B,41D7,2,r
3B,41D9,3,U
3B,41DC,2,r
3B,41DE,3,U
3B,41E1,2,r
3B,41E3,3,U
3B,41E6,2,r
3B,41E8,2,U
3B,41EA,3,r
3B,41ED,3,U
3B,41F0,2,r
3B,41F2,3,U
3B,41F5,2,r
3B,41F7,3,U
3B,41FA,2,r
3B,41FC,3,U
3B,41FF,2,r
3B,4201,3,U
3B,4204,2,r
3B,4206,3,U
3B,4209,2,r
3B,420B,3,U
3B,420E,2,r
3B,4210,3,U
3B,4213,2,r
3B,4215,3,U
3B,4218,2,r
3B,421A,3,U
3B,421D,2,r
3B,421F,3,U
3B,4222,2,r
3B,4224,3,U
3B,4227,2,r
3B,4229,3,U
3B,422C,2,r
3B,422E,3,U
3B,4231,2,r
3B,4233,3,U
3B,4236,2,r
3B,4238,3,U
3B,423B,2,r
3B,423D,3,U
3B,4240,2,r
3B,4242,3,U
3B,4245,2,r
3B,4247,3,U
3B,424A,2,r
3B,424C,3,U
3B,424F,2,r
3B,4251,3,U
3B,4254,2,r
3B,4256,3,U
3B,4259,2,r
3B,425B,3,U
3B,425E,2,r
3B,4260,3,U
3B,4263,2,r
3B,4265,3,U
3B,4268,2,r
3B,426A,3,U
3B,426D,2,r
3B,426F,3,U
3B,4272,2,r
3B,4274,3,U
3B,4277,2,r
3B,4279,3,U
3B,427C,2,r
3B,427E,3,U
3B,4281,2,r
3B,4283,3,U
3B,4286,2,r
3B,4288,3,U
3B,428B,2,r
3B,428D,3,U
3B,4290,2,r
3B,4292,3,U
3B,4295,2,r
3B,4297,3,U
3B,429A,2,r
3B,429C,3,U
3B,429F,2,r
3B,42A1,3,U
3B,42A4,2,r
3B,42A6,3,U
3B,42A9,2,r
3B,42AB,3,U
3B,42AE,2,r
3B,42B0,3,U
3B,42B3,2,r
3B,42B5,3,U
3B,42B8,2,r
3B,42BA,3,U
3B,42BD,2,r
3B,42BF,3,U
3B,42C2,2,r
3B,42C4,3,U
3B,42C7,2,r
3B,42C9,3,U
3B,42CC,2,r
3B,42CE,3,U
3B,42D1,2,r
3B,42D3,3,U
3B,42D6,2,r
3B,42D8,3,U
3B,42DB,2,r
3B,42DD,3,U
3B,42E0,2,r
3B,42E2,3,U
3B,42E5,2,r
3B,42E7,3,U
3B,42EA,2,r
3B,42EC,3,U
3B,42EF,2,r
3B,42F1,3,U
3B,42F4,2,r
3B,42F6,3,U
3B,42F9,2,r
3B,42FB,3,U
3B,42FE,2,r
3B,4300,3,U
3B,4303,2,r
3B,4305,3,U
3B,4308,2,r
3B,430A,3,U
3B,430D,2,r
3B,430F,3,U
3B,4312,2,r
3B,4314,3,U
3B,4317,2,r
3B,4319,3,U
3B,431C,2,r
3B,431E,3,U
3B,4321,2,r
3B,4323,3,U
3B,4326,2,r
3B,4328,3,U
3B,432B,2,r
3B,432D,3,U
3B,4330,2,r
3B,4332,3,U
3B,4335,2,r
3B,4337,3,U
3B,433A,2,r
3B,433C,3,U
3B,433F,2,r
3B,4341,3,U
3B,4344,2,r
3B,4346,3,U
3B,4349,2,r
3B,434B,3,U
3B,434E,2,r
3B,4350,3,U
3B,4353,2,r
3B,4355,3,U
3B,4358,2,r
3B,435A,3,U
3B,435D,2,r
3B,435F,3,U
3B,4362,2,r
3B,4364,3,U
3B,4367,2,r
3B,4369,3,U
3B,436C,2,r
3B,436E,3,U
3B,4371,2,r
3B,4373,3,U
3B,4376,2,r
3B,4378,3,U
3B,437B,2,r
3B,437D,3,U
3B,4380,2,r
3B,4382,3,U
3B,4385,2,r
3B,4387,3,U
3B,438A,2,r
3B,438C,3,U
3B,438F,2,r
3B,4391,3,U
3B,4394,2,r
3B,4396,3,U
3B,4399,2,r
3B,439B,3,U
3B,439E,2,r
3B,43A0,3,U
3B,43A3,2,r
3B,43A5,3,U
3B,43A8,2,r
3B,43AA,3,U
3B,43AD,2,r
3B,43AF,3,U
3B,43B2,2,r
3B,43B4,3,U
3B,43B7,2,r
3B,43B9,3,U
3B,43BC,2,r
3B,43BE,3,U
3B,43C1,2,r
3B,43C3,3,U
3B,43C6,2,r
3B,43C8,3,U
3B,43CB,2,r
3B,43CD,3,U
3B,43D0,2,r
3B,43D2,3,U
3B,43D5,2,r
3B,43D7,3,U
3B,43DA,2,r
3B,43DC,3,U
3B,43DF,2,r
3B,43E1,3,U
3B,43E4,2,r
3B,43E6,3,U
3B,43E9,2,r
3B,43EB,3,U
3B,43EE,2,r
3B,43F0,3,U
3B,43F3,2,r
3B,43F5,3,U
3B,43F8,2,r
3B,43FA,3,U
3B,43FD,2,r
3B,43FF,3,U
3B,4402,2,r
3B,4404,3,U
3B,4407,2,r
3B,4409,3,U
3B,440C,2,r
3B,440E,3,U
3B,4411,2,r
3B,4413,3,U
3B,4416,2,r
3B,4418,3,U
3B,441B,2,r
3B,441D,3,U
3B,4420,2,r
3B,4422,3,U
3B,4425,2,r
3B,4427,3,U
3B,442A,2,r
3B,442C,3,U
3B,442F,2,r
3B,4431,3,U
3B,4434,2,r
3B,4436,3,U
3B,4439,2,r
3B,443B,3,U
3B,443E,2,r
3B,4440,3,U
3B,4443,2,r
3B,4445,3,U
3B,4448,2,r
3B,444A,3,U
3B,444D,2,r
3B,444F,3,U
3B,4452,2,r
3B,4454,3,U
3B,4457,2,r
3B,4459,3,U
3B,445C,2,r
3B,445E,3,U
3B,4461,2,r
3B,4463,3,U
3B,4466,2,r
3B,4468,3,U
3B,446B,2,r
3B,446D,3,U
3B,4470,2,r
3B,4472,3,U
3B,4475,2,r
3B,4477,3,U
3B,447A,2,r
3B,447C,3,U
3B,447F,2,r
3B,4481,3,U
3B,4484,2,r
3B,4486,3,U
3B,4489,2,r
3B,448B,3,U
3B,448E,2,r
3B,4490,2,U
3B,4492,3,r
3B,4495,3,U
3B,4498,2,r
3B,449A,3,U
3B,449D,2,r
3B,449F,3,U
3B,44A2,2,r
3B,44A4,3,U
3B,44A7,2,r
3B,44A9,3,U
3B,44AC,2,r
3B,44AE,3,U
3B,44B1,2,r
3B,44B3,3,U
3B,44B6,2,r
3B,44B8,3,U
3B,44BB,2,r
3B,44BD,3,U
3B,44C0,2,r
3B,44C2,3,U
3B,44C5,2,r
3B,44C7,3,U
3B,44CA,2,r
3B,44CC,3,U
3B,44CF,2,r
3B,44D1,3,U
3B,44D4,2,r
3B,44D6,3,U
3B,44D9,2,r
3B,44DB,3,U
3B,44DE,2,r
3B,44E0,3,U
3B,44E3,2,r
3B,44E5,3,U
3B,44E8,2,r
3B,44EA,3,U
3B,44ED,2,r
3B,44EF,3,U
3B,44F2,2,r
3B,44F4,3,U
3B,44F7,2,r
3B,44F9,3,U
3B,44FC,2,r
3B,44FE,3,U
3B,4501,2,r
3B,4503,3,U
3B,4506,2,r
3B,4508,3,U
3B,450B,2,r
3B,450D,3,U
3B,4510,2,r
3B,4512,3,U
3B,4515,2,r
3B,4517,3,U
3B,451A,2,r
3B,451C,3,U
3B,451F,2,r
3B,4521,3,U
3B,4524,2,r
3B,4526,3,U
3B,4529,2,r
3B,452B,3,U
3B,452E,2,r
3B,4530,3,U
3B,4533,2,r
3B,4535,3,U
3B,4538,2,r
3B,453A,3,U
3B,453D,2,r
3B,453F,3,U
3B,4542,2,r
3B,4544,3,U
3B,4547,2,r
3B,4549,3,U
3B,454C,2,r
3B,454E,3,U
3B,4551,2,r
3B,4553,3,U
3B,4556,2,r
3B,4558,3,U
3B,455B,2,r
3B,455D,3,U
3B,4560,2,r
3B,4562,3,U
3B,4565,2,r
3B,4567,3,U
3B,456A,2,r
3B,456C,3,U
3B,456F,3,r
3B,4572,2,U
3B,4574,2,r
3B,4576,3,U
3B,4579,2,r
3B,457B,3,U
3B,457E,2,r
3B,4580,3,U
3B,4583,2,r
3B,4585,3,U
3B,4588,2,r
3B,458A,3,U
3B,458D,2,r
3B,458F,3,U
3B,4592,2,r
3B,4594,3,U
3B,4597,2,r
3B,4599,3,U
3B,459C,2,r
3B,459E,3,U
3B,45A1,2,r
3B,45A3,3,U
3B,45A6,2,r
3B,45A8,3,U
3B,45AB,2,r
3B,45AD,3,U
3B,45B0,2,r
3B,45B2,3,U
3B,45B5,2,r
3B,45B7,3,U
3B,45BA,2,r
3B,45BC,3,U
3B,45BF,2,r
3B,45C1,3,U
3B,45C4,2,r
3B,45C6,3,U
3B,45C9,2,r
3B,45CB,3,U
3B,45CE,2,r
3B,45D0,3,U
3B,45D3,2,r
3B,45D5,3,U
3B,45D8,2,r
3B,45DA,3,U
3B,45DD,2,r
3B,45DF,3,U
3B,45E2,2,r
3B,45E4,3,U
3B,45E7,2,r
3B,45E9,3,U
3B,45EC,2,r
3B,45EE,3,U
3B,45F1,2,r
3B,45F3,3,U
3B,45F6,2,r
3B,45F8,3,U
3B,45FB,2,r
3B,45FD,3,U
3B,4600,2,r
3B,4602,3,U
3B,4605,2,r
3B,4607,3,U
3B,460A,2,r
3B,460C,3,U
3B,460F,2,r
3B,4611,3,U
3B,4614,2,r
3B,4616,3,U
3B,4619,2,r
3B,461B,3,U
3B,461E,2,r
3B,4620,3,U
3B,4623,2,r
3B,4625,3,U
3B,4628,2,r
3B,462A,3,U
3B,462D,2,r
3B,462F,3,U
3B,4632,2,r
3B,4634,3,U
3B,4637,2,r
3B,4639,3,U
3B,463C,2,r
3B,463E,3,U
3B,4641,2,r
3B,4643,3,U
3B,4646,2,r
3B,4648,3,U
3B,464B,2,r
3B,464D,3,U
3B,4650,2,r
3B,4652,3,U
3B,4655,2,r
3B,4657,3,U
3B,465A,2,r
3B,465C,3,U
3B,465F,2,r
3B,4661,3,U
3B,4664,2,r
3B,4666,3,U
3B,4669,2,r
3B,466B,3,U
3B,466E,2,r
3B,4670,3,U
3B,4673,2,r
3B,4675,3,U
3B,4678,2,r
3B,467A,3,U
3B,467D,2,r
3B,467F,1,U
3B,4680,1,r
3B,4681,1,U
3B,4682,2,r
3B,4684,3,U
3B,4687,2,r
3B,4689,3,U
3B,468C,2,r
3B,468E,3,U
3B,4691,2,r
3B,4693,3,U
3B,4696,2,r
3B,4698,3,U
3B,469B,2,r
3B,469D,3,U
3B,46A0,2,r
3B,46A2,3,U
3B,46A5,2,r
3B,46A7,3,U
3B,46AA,2,r
3B,46AC,3,U
3B,46AF,2,r
3B,46B1,3,U
3B,46B4,2,r
3B,46B6,3,U
3B,46B9,2,r
3B,46BB,3,U
3B,46BE,2,r
3B,46C0,3,U
3B,46C3,2,r
3B,46C5,3,U
3B,46C8,2,r
3B,46CA,3,U
3B,46CD,2,r
3B,46CF,3,U
3B,46D2,2,r
3B,46D4,3,U
3B,46D7,2,r
3B,46D9,3,U
3B,46DC,2,r
3B,46DE,3,U
3B,46E1,2,r
3B,46E3,3,U
3B,46E6,2,r
3B,46E8,3,U
3B,46EB,2,r
3B,46ED,3,U
3B,46F0,2,r
3B,46F2,3,U
3B,46F5,2,r
3B,46F7,3,U
3B,46FA,2,r
3B,46FC,3,U
3B,46FF,2,r
3B,4701,3,U
3B,4704,2,r
3B,4706,3,U
3B,4709,2,r
3B,470B,3,U
3B,470E,2,r
3B,4710,3,U
3B,4713,2,r
3B,4715,3,U
3B,4718,2,r
3B,471A,3,U
3B,471D,2,r
3B,471F,3,U
3B,4722,2,r
3B,4724,3,U
3B,4727,2,r
3B,4729,3,U
3B,472C,2,r
3B,472E,3,U
3B,4731,2,r
3B,4733,3,U
3B,4736,2,r
3B,4738,3,U
3B,473B,2,r
3B,473D,3,U
3B,4740,2,r
3B,4742,3,U
3B,4745,2,r
3B,4747,3,U
3B,474A,2,r
3B,474C,3,U
3B,474F,2,r
3B,4751,3,U
3B,4754,2,r
3B,4756,3,U
3B,4759,2,r
3B,475B,3,U
3B,475E,2,r
3B,4760,3,U
3B,4763,2,r
3B,4765,3,U
3B,4768,2,r
3B,476A,3,U
3B,476D,2,r
3B,476F,3,U
3B,4772,2,r
3B,4774,3,U
3B,4777,2,r
3B,4779,3,U
3B,477C,2,r
3B,477E,3,U
3B,4781,2,r
3B,4783,3,U
3B,4786,2,r
3B,4788,3,U
3B,478B,2,r
3B,478D,3,U
3B,4790,2,r
3B,4792,3,U
3B,4795,2,r
3B,4797,3,U
3B,479A,2,r
3B,479C,3,U
3B,479F,2,r
3B,47A1,2,U
3B,47A3,3,r
3B,47A6,3,U
3B,47A9,2,r
3B,47AB,1,U
3B,47AC,1,r
3B,47AD,1,U
3B,47AE,2,r
3B,47B0,3,U
3B,47B3,2,r
3B,47B5,3,U
3B,47B8,2,r
3B,47BA,3,U
3B,47BD,2,r
3B,47BF,3,U
3B,47C2,2,r
3B,47C4,3,U
3B,47C7,2,r
3B,47C9,3,U
3B,47CC,2,r
3B,47CE,3,U
3B,47D1,2,r
3B,47D3,3,U
3B,47D6,2,r
3B,47D8,3,U
3B,47DB,2,r
3B,47DD,3,U
3B,47E0,2,r
3B,47E2,3,U
3B,47E5,2,r
3B,47E7,3,U
3B,47EA,2,r
3B,47EC,3,U
3B,47EF,2,r
3B,47F1,3,U
3B,47F4,2,r
3B,47F6,3,U
3B,47F9,2,r
3B,47FB,3,U
3B,47FE,2,r
3B,4800,3,U
3B,4803,2,r
3B,4805,3,U
3B,4808,2,r
3B,480A,3,U
3B,480D,2,r
3B,480F,3,U
3B,4812,2,r
3B,4814,3,U
3B,4817,2,r
3B,4819,3,U
3B,481C,2,r
3B,481E,3,U
3B,4821,2,r
3B,4823,3,U
3B,4826,2,r
3B,4828,3,U
3B,482B,2,r
3B,482D,3,U
3B,4830,2,r
3B,4832,3,U
3B,4835,2,r
3B,4837,3,U
3B,483A,2,r
3B,483C,3,U
3B,483F,2,r
3B,4841,3,U
3B,4844,2,r
3B,4846,3,U
3B,4849,2,r
3B,484B,3,U
3B,484E,2,r
3B,4850,3,U
3B,4853,2,r
3B,4855,3,U
3B,4858,2,r
3B,485A,3,U
3B,485D,2,r
3B,485F,3,U
3B,4862,2,r
3B,4864,3,U
3B,4867,2,r
3B,4869,3,U
3B,486C,2,r
3B,486E,3,U
3B,4871,2,r
3B,4873,3,U
3B,4876,2,r
3B,4878,3,U
3B,487B,3,r
3B,487E,2,U
3B,4880,2,r
3B,4882,3,U
3B,4885,2,r
3B,4887,3,U
3B,488A,2,r
3B,488C,3,U
3B,488F,3,r
3B,4892,2,U
3B,4894,2,r
3B,4896,3,U
3B,4899,2,r
3B,489B,3,U
3B,489E,2,r
3B,48A0,3,U
3B,48A3,2,r
3B,48A5,3,U
3B,48A8,2,r
3B,48AA,3,U
3B,48AD,2,r
3B,48AF,3,U
3B,48B2,2,r
3B,48B4,3,U
3B,48B7,2,r
3B,48B9,3,U
3B,48BC,2,r
3B,48BE,3,U
3B,48C1,2,r
3B,48C3,3,U
3B,48C6,2,r
3B,48C8,3,U
3B,48CB,2,r
3B,48CD,3,U
3B,48D0,2,r
3B,48D2,3,U
3B,48D5,2,r
3B,48D7,3,U
3B,48DA,2,r
3B,48DC,3,U
3B,48DF,2,r
3B,48E1,3,U
3B,48E4,2,r
3B,48E6,3,U
3B,48E9,2,r
3B,48EB,3,U
3B,48EE,2,r
3B,48F0,3,U
3B,48F3,2,r
3B,48F5,3,U
3B,48F8,2,r
3B,48FA,3,U
3B,48FD,2,r
3B,48FF,3,U
3B,4902,2,r
3B,4904,3,U
3B,4907,2,r
3B,4909,3,U
3B,490C,2,r
3B,490E,3,U
3B,4911,2,r
3B,4913,3,U
3B,4916,2,r
3B,4918,3,U
3B,491B,2,r
3B,491D,3,U
3B,4920,2,r
3B,4922,3,U
3B,4925,2,r
3B,4927,3,U
3B,492A,2,r
3B,492C,3,U
3B,492F,2,r
3B,4931,3,U
3B,4934,2,r
3B,4936,3,U
3B,4939,2,r
3B,493B,3,U
3B,493E,2,r
3B,4940,3,U
3B,4943,2,r
3B,4945,3,U
3B,4948,2,r
3B,494A,3,U
3B,494D,2,r
3B,494F,3,U
3B,4952,2,r
3B,4954,3,U
3B,4957,2,r
3B,4959,3,U
3B,495C,2,r
3B,495E,3,U
3B,4961,2,r
3B,4963,3,U
3B,4966,2,r
3B,4968,3,U
3B,496B,2,r
3B,496D,3,U
3B,4970,2,r
3B,4972,3,U
3B,4975,2,r
3B,4977,3,U
3B,497A,2,r
3B,497C,3,U
3B,497F,2,r
3B,4981,3,U
3B,4984,2,r
3B,4986,3,U
3B,4989,2,r
3B,498B,3,U
3B,498E,2,r
3B,4990,3,U
3B,4993,2,r
3B,4995,3,U
3B,4998,2,r
3B,499A,3,U
3B,499D,2,r
3B,499F,3,U
3B,49A2,2,r
3B,49A4,2,U
3B,49A6,3,r
3B,49A9,3,U
3B,49AC,2,r
3B,49AE,3,U
3B,49B1,2,r
3B,49B3,3,U
3B,49B6,2,r
3B,49B8,3,U
3B,49BB,2,r
3B,49BD,3,U
3B,49C0,2,r
3B,49C2,3,U
3B,49C5,2,r
3B,49C7,3,U
3B,49CA,2,r
3B,49CC,3,U
3B,49CF,2,r
3B,49D1,3,U
3B,49D4,2,r
3B,49D6,3,U
3B,49D9,2,r
3B,49DB,3,U
3B,49DE,2,r
3B,49E0,3,U
3B,49E3,2,r
3B,49E5,3,U
3B,49E8,2,r
3B,49EA,3,U
3B,49ED,2,r
3B,49EF,3,U
3B,49F2,2,r
3B,49F4,3,U
3B,49F7,2,r
3B,49F9,3,U
3B,49FC,2,r
3B,49FE,3,U
3B,4A01,2,r
3B,4A03,3,U
3B,4A06,2,r
3B,4A08,3,U
3B,4A0B,2,r
3B,4A0D,3,U
3B,4A10,2,r
3B,4A12,3,U
3B,4A15,2,r
3B,4A17,3,U
3B,4A1A,2,r
3B,4A1C,3,U
3B,4A1F,2,r
3B,4A21,3,U
3B,4A24,2,r
3B,4A26,3,U
3B,4A29,2,r
3B,4A2B,3,U
3B,4A2E,2,r
3B,4A30,2,U
3B,4A32,3,r
3B,4A35,3,U
3B,4A38,2,r
3B,4A3A,3,U
3B,4A3D,2,r
3B,4A3F,3,U
3B,4A42,2,r
3B,4A44,3,U
3B,4A47,2,r
3B,4A49,3,U
3B,4A4C,2,r
3B,4A4E,3,U
3B,4A51,2,r
3B,4A53,3,U
3B,4A56,2,r
3B,4A58,3,U
3B,4A5B,2,r
3B,4A5D,3,U
3B,4A60,2,r
3B,4A62,3,U
3B,4A65,2,r
3B,4A67,3,U
3B,4A6A,2,r
3B,4A6C,3,U
3B,4A6F,2,r
3B,4A71,3,U
3B,4A74,2,r
3B,4A76,3,U
3B,4A79,2,r
3B,4A7B,3,U
3B,4A7E,2,r
3B,4A80,3,U
3B,4A83,2,r
3B,4A85,3,U
3B,4A88,2,r
3B,4A8A,3,U
3B,4A8D,2,r
3B,4A8F,3,U
3B,4A92,2,r
3B,4A94,3,U
3B,4A97,2,r
3B,4A99,3,U
3B,4A9C,2,r
3B,4A9E,3,U
3B,4AA1,2,r
3B,4AA3,3,U
3B,4AA6,2,r
3B,4AA8,3,U
3B,4AAB,2,r
3B,4AAD,3,U
3B,4AB0,2,r
3B,4AB2,3,U
3B,4AB5,2,r
3B,4AB7,3,U
3B,4ABA,2,r
3B,4ABC,3,U
3B,4ABF,2,r
3B,4AC1,3,U
3B,4AC4,2,r
3B,4AC6,3,U
3B,4AC9,2,r
3B,4ACB,3,U
3B,4ACE,2,r
3B,4AD0,3,U
3B,4AD3,2,r
3B,4AD5,3,U
3B,4AD8,2,r
3B,4ADA,3,U
3B,4ADD,2,r
3B,4ADF,3,U
3B,4AE2,2,r
3B,4AE4,3,U
3B,4AE7,2,r
3B,4AE9,3,U
3B,4AEC,2,r
3B,4AEE,3,U
3B,4AF1,2,r
3B,4AF3,3,U
3B,4AF6,2,r
3B,4AF8,3,U
3B,4AFB,2,r
3B,4AFD,3,U
3B,4B00,2,r
3B,4B02,3,U
3B,4B05,2,r
3B,4B07,3,U
3B,4B0A,2,r
3B,4B0C,3,U
3B,4B0F,2,r
3B,4B11,3,U
3B,4B14,2,r
3B,4B16,3,U
3B,4B19,2,r
3B,4B1B,3,U
3B,4B1E,2,r
3B,4B20,3,U
3B,4B23,2,r
3B,4B25,3,U
3B,4B28,2,r
3B,4B2A,3,U
3B,4B2D,2,r
3B,4B2F,3,U
3B,4B32,2,r
3B,4B34,3,U
3B,4B37,2,r
3B,4B39,3,U
3B,4B3C,2,r
3B,4B3E,3,U
3B,4B41,2,r
3B,4B43,3,U
3B,4B46,2,r
3B,4B48,3,U
3B,4B4B,2,r
3B,4B4D,3,U
3B,4B50,2,r
3B,4B52,3,U
3B,4B55,2,r
3B,4B57,3,U
3B,4B5A,2,r
3B,4B5C,3,U
3B,4B5F,2,r
3B,4B61,3,U
3B,4B64,2,r
3B,4B66,3,U
3B,4B69,2,r
3B,4B6B,3,U
3B,4B6E,2,r
3B,4B70,3,U
3B,4B73,2,r
3B,4B75,3,U
3B,4B78,2,r
3B,4B7A,3,U
3B,4B7D,2,r
3B,4B7F,3,U
3B,4B82,2,r
3B,4B84,3,U
3B,4B87,2,r
3B,4B89,3,U
3B,4B8C,2,r
3B,4B8E,3,U
3B,4B91,4,r
3B,4B95,1,U
3B,4B96,2,r
3B,4B98,3,U
3B,4B9B,2,r
3B,4B9D,3,U
3B,4BA0,2,r
3B,4BA2,3,U
3B,4BA5,2,r
3B,4BA7,3,U
3B,4BAA,2,r
3B,4BAC,3,U
3B,4BAF,2,r
3B,4BB1,3,U
3B,4BB4,2,r
3B,4BB6,3,U
3B,4BB9,2,r
3B,4BBB,3,U
3B,4BBE,2,r
3B,4BC0,3,U
3B,4BC3,2,r
3B,4BC5,3,U
3B,4BC8,2,r
3B,4BCA,3,U
3B,4BCD,2,r
3B,4BCF,3,U
3B,4BD2,2,r
3B,4BD4,3,U
3B,4BD7,2,r
3B,4BD9,3,U
3B,4BDC,2,r
3B,4BDE,3,U
3B,4BE1,2,r
3B,4BE3,3,U
3B,4BE6,2,r
3B,4BE8,3,U
3B,4BEB,2,r
3B,4BED,3,U
3B,4BF0,2,r
3B,4BF2,3,U
3B,4BF5,2,r
3B,4BF7,3,U
3B,4BFA,2,r
3B,4BFC,3,U
3B,4BFF,2,r
3B,4C01,3,U
3B,4C04,2,r
3B,4C06,3,U
3B,4C09,2,r
3B,4C0B,3,U
3B,4C0E,2,r
3B,4C10,3,U
3B,4C13,2,r
3B,4C15,3,U
3B,4C18,2,r
3B,4C1A,3,U
3B,4C1D,2,r
3B,4C1F,3,U
3B,4C22,2,r
3B,4C24,2,U
3B,4C26,3,r
3B,4C29,3,U
3B,4C2C,2,r
3B,4C2E,3,U
3B,4C31,2,r
3B,4C33,3,U
3B,4C36,2,r
3B,4C38,3,U
3B,4C3B,2,r
3B,4C3D,3,U
3B,4C40,2,r
3B,4C42,3,U
3B,4C45,2,r
3B,4C47,3,U
3B,4C4A,2,r
3B,4C4C,1,U
3B,4C4D,1,r
3B,4C4E,1,U
3B,4C4F,2,r
3B,4C51,3,U
3B,4C54,2,r
3B,4C56,3,U
3B,4C59,2,r
3B,4C5B,3,U
3B,4C5E,2,r
3B,4C60,3,U
3B,4C63,2,r
3B,4C65,3,U
3B,4C68,2,r
3B,4C6A,3,U
3B,4C6D,2,r
3B,4C6F,3,U
3B,4C72,2,r
3B,4C74,3,U
3B,4C77,2,r
3B,4C79,3,U
3B,4C7C,2,r
3B,4C7E,3,U
3B,4C81,3,r
3B,4C84,2,U
3B,4C86,2,r
3B,4C88,3,U
3B,4C8B,2,r
3B,4C8D,3,U
3B,4C90,2,r
3B,4C92,3,U
3B,4C95,2,r
3B,4C97,3,U
3B,4C9A,2,r
3B,4C9C,2,U
3B,4C9E,3,r
3B,4CA1,3,U
3B,4CA4,2,r
3B,4CA6,3,U
3B,4CA9,2,r
3B,4CAB,3,U
3B,4CAE,2,r
3B,4CB0,3,U
3B,4CB3,2,r
3B,4CB5,3,U
3B,4CB8,2,r
3B,4CBA,3,U
3B,4CBD,2,r
3B,4CBF,3,U
3B,4CC2,2,r
3B,4CC4,3,U
3B,4CC7,2,r
3B,4CC9,3,U
3B,4CCC,2,r
3B,4CCE,3,U
3B,4CD1,2,r
3B,4CD3,3,U
3B,4CD6,2,r
3B,4CD8,3,U
3B,4CDB,2,r
3B,4CDD,3,U
3B,4CE0,2,r
3B,4CE2,3,U
3B,4CE5,2,r
3B,4CE7,3,U
3B,4CEA,2,r
3B,4CEC,1,U
3B,4CED,1,r
3B,4CEE,1,U
3B,4CEF,2,r
3B,4CF1,3,U
3B,4CF4,2,r
3B,4CF6,3,U
3B,4CF9,2,r
3B,4CFB,3,U
3B,4CFE,2,r
3B,4D00,3,U
3B,4D03,2,r
3B,4D05,3,U
3B,4D08,2,r
3B,4D0A,3,U
3B,4D0D,2,r
3B,4D0F,3,U
3B,4D12,2,r
3B,4D14,3,U
3B,4D17,2,r
3B,4D19,3,U
3B,4D1C,2,r
3B,4D1E,3,U
3B,4D21,2,r
3B,4D23,3,U
3B,4D26,2,r
3B,4D28,3,U
3B,4D2B,2,r
3B,4D2D,3,U
3B,4D30,2,r
3B,4D32,3,U
3B,4D35,2,r
3B,4D37,3,U
3B,4D3A,2,r
3B,4D3C,3,U
3B,4D3F,2,r
3B,4D41,3,U
3B,4D44,2,r
3B,4D46,3,U
3B,4D49,2,r
3B,4D4B,3,U
3B,4D4E,2,r
3B,4D50,3,U
3B,4D53,2,r
3B,4D55,3,U
3B,4D58,2,r
3B,4D5A,3,U
3B,4D5D,2,r
3B,4D5F,3,U
3B,4D62,2,r
3B,4D64,3,U
3B,4D67,2,r
3B,4D69,3,U
3B,4D6C,2,r
3B,4D6E,3,U
3B,4D71,2,r
3B,4D73,3,U
3B,4D76,2,r
3B,4D78,3,U
3B,4D7B,2,r
3B,4D7D,3,U
3B,4D80,2,r
3B,4D82,3,U
3B,4D85,2,r
3B,4D87,3,U
3B,4D8A,2,r
3B,4D8C,3,U
3B,4D8F,2,r
3B,4D91,3,U
3B,4D94,2,r
3B,4D96,3,U
3B,4D99,2,r
3B,4D9B,3,U
3B,4D9E,2,r
3B,4DA0,3,U
3B,4DA3,2,r
3B,4DA5,3,U
3B,4DA8,2,r
3B,4DAA,3,U
3B,4DAD,2,r
3B,4DAF,3,U
3B,4DB2,2,r
3B,4DB4,3,U
3B,4DB7,2,r
3B,4DB9,3,U
3B,4DBC,2,r
3B,4DBE,3,U
3B,4DC1,2,r
3B,4DC3,3,U
3B,4DC6,2,r
3B,4DC8,3,U
3B,4DCB,2,r
3B,4DCD,3,U
3B,4DD0,2,r
3B,4DD2,3,U
3B,4DD5,2,r
3B,4DD7,3,U
3B,4DDA,2,r
3B,4DDC,3,U
3B,4DDF,2,r
3B,4DE1,3,U
3B,4DE4,2,r
3B,4DE6,3,U
3B,4DE9,2,r
3B,4DEB,3,U
3B,4DEE,2,r
3B,4DF0,3,U
3B,4DF3,2,r
3B,4DF5,3,U
3B,4DF8,2,r
3B,4DFA,3,U
3B,4DFD,2,r
3B,4DFF,3,U
3B,4E02,2,r
3B,4E04,3,U
3B,4E07,2,r
3B,4E09,3,U
3B,4E0C,2,r
3B,4E0E,3,U
3B,4E11,2,r
3B,4E13,3,U
3B,4E16,2,r
3B,4E18,3,U
3B,4E1B,2,r
3B,4E1D,3,U
3B,4E20,2,r
3B,4E22,3,U
3B,4E25,2,r
3B,4E27,3,U
3B,4E2A,2,r
3B,4E2C,3,U
3B,4E2F,2,r
3B,4E31,3,U
3B,4E34,2,r
3B,4E36,3,U
3B,4E39,2,r
3B,4E3B,3,U
3B,4E3E,2,r
3B,4E40,3,U
3B,4E43,2,r
3B,4E45,3,U
3B,4E48,2,r
3B,4E4A,1,U
3B,4E4B,1,r
3B,4E4C,1,U
3B,4E4D,2,r
3B,4E4F,3,U
3B,4E52,2,r
3B,4E54,3,U
3B,4E57,2,r
3B,4E59,3,U
3B,4E5C,2,r
3B,4E5E,3,U
3B,4E61,2,r
3B,4E63,3,U
3B,4E66,2,r
3B,4E68,3,U
3B,4E6B,2,r
3B,4E6D,3,U
3B,4E70,2,r
3B,4E72,3,U
3B,4E75,2,r
3B,4E77,3,U
3B,4E7A,2,r
3B,4E7C,3,U
3B,4E7F,2,r
3B,4E81,3,U
3B,4E84,2,r
3B,4E86,3,U
3B,4E89,2,r
3B,4E8B,3,U
3B,4E8E,2,r
3B,4E90,3,U
3B,4E93,2,r
3B,4E95,3,U
3B,4E98,2,r
3B,4E9A,3,U
3B,4E9D,2,r
3B,4E9F,3,U
3B,4EA2,2,r
3B,4EA4,3,U
3B,4EA7,2,r
3B,4EA9,3,U
3B,4EAC,2,r
3B,4EAE,3,U
3B,4EB1,2,r
3B,4EB3,3,U
3B,4EB6,2,r
3B,4EB8,3,U
3B,4EBB,2,r
3B,4EBD,3,U
3B,4EC0,2,r
3B,4EC2,3,U
3B,4EC5,4,r
3B,4EC9,1,U
3B,4ECA,2,r
3B,4ECC,3,U
3B,4ECF,2,r
3B,4ED1,3,U
3B,4ED4,2,r
3B,4ED6,3,U
3B,4ED9,2,r
3B,4EDB,3,U
3B,4EDE,2,r
3B,4EE0,3,U
3B,4EE3,3,r
3B,4EE6,2,U
3B,4EE8,2,r
3B,4EEA,3,U
3B,4EED,2,r
3B,4EEF,3,U
3B,4EF2,2,r
3B,4EF4,3,U
3B,4EF7,2,r
3B,4EF9,3,U
3B,4EFC,2,r
3B,4EFE,3,U
3B,4F01,2,r
3B,4F03,3,U
3B,4F06,2,r
3B,4F08,3,U
3B,4F0B,2,r
3B,4F0D,2,U
3B,4F0F,3,r
3B,4F12,3,U
3B,4F15,2,r
3B,4F17,3,U
3B,4F1A,2,r
3B,4F1C,3,U
3B,4F1F,2,r
3B,4F21,3,U
3B,4F24,2,r
3B,4F26,3,U
3B,4F29,2,r
3B,4F2B,3,U
3B,4F2E,2,r
3B,4F30,3,U
3B,4F33,2,r
3B,4F35,1,U
3B,4F36,30,r
3B,4F54,2,U
3B,4F56,2,r
3B,4F58,3,U
3B,4F5B,2,r
3B,4F5D,3,U
3B,4F60,2,r
3B,4F62,3,U
3B,4F65,2,r
3B,4F67,3,U
3B,4F6A,2,r
3B,4F6C,3,U
3B,4F6F,2,r
3B,4F71,3,U
3B,4F74,2,r
3B,4F76,3,U
3B,4F79,2,r
3B,4F7B,3,U
3B,4F7E,2,r
3B,4F80,3,U
3B,4F83,2,r
3B,4F85,3,U
3B,4F88,2,r
3B,4F8A,3,U
3B,4F8D,2,r
3B,4F8F,3,U
3B,4F92,2,r
3B,4F94,3,U
3B,4F97,2,r
3B,4F99,3,U
3B,4F9C,2,r
3B,4F9E,3,U
3B,4FA1,2,r
3B,4FA3,3,U
3B,4FA6,2,r
3B,4FA8,3,U
3B,4FAB,2,r
3B,4FAD,3,U
3B,4FB0,2,r
3B,4FB2,3,U
3B,4FB5,2,r
3B,4FB7,3,U
3B,4FBA,2,r
3B,4FBC,3,U
3B,4FBF,2,r
3B,4FC1,3,U
3B,4FC4,2,r
3B,4FC6,3,U
3B,4FC9,2,r
3B,4FCB,3,U
3B,4FCE,2,r
3B,4FD0,3,U
3B,4FD3,2,r
3B,4FD5,3,U
3B,4FD8,2,r
3B,4FDA,3,U
3B,4FDD,2,r
3B,4FDF,3,U
3B,4FE2,2,r
3B,4FE4,3,U
3B,4FE7,2,r
3B,4FE9,3,U
3B,4FEC,2,r
3B,4FEE,3,U
3B,4FF1,2,r
3B,4FF3,3,U
3B,4FF6,2,r
3B,4FF8,3,U
3B,4FFB,2,r
3B,4FFD,3,U
3B,5000,2,r
3B,5002,3,U
3B,5005,2,r
3B,5007,3,U
3B,500A,2,r
3B,500C,3,U
3B,500F,2,r
3B,5011,3,U
3B,5014,2,r
3B,5016,3,U
3B,5019,2,r
3B,501B,3,U
3B,501E,2,r
3B,5020,3,U
3B,5023,2,r
3B,5025,3,U
3B,5028,2,r
3B,502A,3,U
3B,502D,2,r
3B,502F,3,U
3B,5032,2,r
3B,5034,3,U
3B,5037,2,r
3B,5039,3,U
3B,503C,2,r
3B,503E,3,U
3B,5041,2,r
3B,5043,3,U
3B,5046,2,r
3B,5048,3,U
3B,504B,2,r
3B,504D,3,U
3B,5050,2,r
3B,5052,3,U
3B,5055,2,r
3B,5057,3,U
3B,505A,2,r
3B,505C,3,U
3B,505F,2,r
3B,5061,3,U
3B,5064,2,r
3B,5066,3,U
3B,5069,2,r
3B,506B,3,U
3B,506E,2,r
3B,5070,3,U
3B,5073,2,r
3B,5075,3,U
3B,5078,2,r
3B,507A,3,U
3B,507D,2,r
3B,507F,3,U
3B,5082,2,r
3B,5084,3,U
3B,5087,2,r
3B,5089,3,U
3B,508C,2,r
3B,508E,3,U
3B,5091,2,r
3B,5093,3,U
3B,5096,2,r
3B,5098,3,U
3B,509B,2,r
3B,509D,3,U
3B,50A0,2,r
3B,50A2,3,U
3B,50A5,2,r
3B,50A7,3,U
3B,50AA,2,r
3B,50AC,3,U
3B,50AF,2,r
3B,50B1,3,U
3B,50B4,2,r
3B,50B6,3,U
3B,50B9,2,r
3B,50BB,3,U
3B,50BE,2,r
3B,50C0,3,U
3B,50C3,2,r
3B,50C5,3,U
3B,50C8,2,r
3B,50CA,3,U
3B,50CD,2,r
3B,50CF,3,U
3B,50D2,2,r
3B,50D4,3,U
3B,50D7,2,r
3B,50D9,3,U
3B,50DC,2,r
3B,50DE,3,U
3B,50E1,2,r
3B,50E3,3,U
3B,50E6,2,r
3B,50E8,3,U
3B,50EB,2,r
3B,50ED,3,U
3B,50F0,2,r
3B,50F2,3,U
3B,50F5,2,r
3B,50F7,3,U
3B,50FA,2,r
3B,50FC,3,U
3B,50FF,2,r
3B,5101,3,U
3B,5104,2,r
3B,5106,3,U
3B,5109,2,r
3B,510B,3,U
3B,510E,2,r
3B,5110,3,U
3B,5113,2,r
3B,5115,3,U
3B,5118,2,r
3B,511A,3,U
3B,511D,2,r
3B,511F,3,U
3B,5122,2,r
3B,5124,3,U
3B,5127,2,r
3B,5129,3,U
3B,512C,2,r
3B,512E,3,U
3B,5131,2,r
3B,5133,3,U
3B,5136,2,r
3B,5138,3,U
3B,513B,2,r
3B,513D,3,U
3B,5140,2,r
3B,5142,3,U
3B,5145,2,r
3B,5147,3,U
3B,514A,2,r
3B,514C,3,U
3B,514F,2,r
3B,5151,3,U
3B,5154,2,r
3B,5156,3,U
3B,5159,2,r
3B,515B,3,U
3B,515E,2,r
3B,5160,3,U
3B,5163,2,r
3B,5165,3,U
3B,5168,2,r
3B,516A,3,U
3B,516D,2,r
3B,516F,3,U
3B,5172,2,r
3B,5174,3,U
3B,5177,2,r
3B,5179,3,U
3B,517C,2,r
3B,517E,3,U
3B,5181,2,r
3B,5183,3,U
3B,5186,2,r
3B,5188,3,U
3B,518B,2,r
3B,518D,3,U
3B,5190,2,r
3B,5192,3,U
3B,5195,2,r
3B,5197,3,U
3B,519A,2,r
3B,519C,3,U
3B,519F,2,r
3B,51A1,3,U
3B,51A4,2,r
3B,51A6,3,U
3B,51A9,2,r
3B,51AB,3,U
3B,51AE,2,r
3B,51B0,3,U
3B,51B3,2,r
3B,51B5,3,U
3B,51B8,2,r
3B,51BA,3,U
3B,51BD,2,r
3B,51BF,3,U
3B,51C2,2,r
3B,51C4,3,U
3B,51C7,2,r
3B,51C9,3,U
3B,51CC,2,r
3B,51CE,3,U
3B,51D1,2,r
3B,51D3,3,U
3B,51D6,2,r
3B,51D8,3,U
3B,51DB,2,r
3B,51DD,3,U
3B,51E0,2,r
3B,51E2,3,U
3B,51E5,2,r
3B,51E7,3,U
3B,51EA,2,r
3B,51EC,3,U
3B,51EF,2,r
3B,51F1,3,U
3B,51F4,2,r
3B,51F6,3,U
3B,51F9,2,r
3B,51FB,3,U
3B,51FE,2,r
3B,5200,3,U
3B,5203,2,r
3B,5205,3,U
3B,5208,2,r
3B,520A,3,U
3B,520D,2,r
3B,520F,3,U
3B,5212,2,r
3B,5214,3,U
3B,5217,2,r
3B,5219,3,U
3B,521C,2,r
3B,521E,3,U
3B,5221,2,r
3B,5223,3,U
3B,5226,2,r
3B,5228,3,U
3B,522B,2,r
3B,522D,3,U
3B,5230,2,r
3B,5232,3,U
3B,5235,2,r
3B,5237,3,U
3B,523A,2,r
3B,523C,3,U
3B,523F,2,r
3B,5241,3,U
3B,5244,2,r
3B,5246,3,U
3B,5249,2,r
3B,524B,3,U
3B,524E,2,r
3B,5250,3,U
3B,5253,2,r
3B,5255,3,U
3B,5258,2,r
3B,525A,3,U
3B,525D,2,r
3B,525F,3,U
3B,5262,2,r
3B,5264,3,U
3B,5267,2,r
3B,5269,3,U
3B,526C,2,r
3B,526E,3,U
3B,5271,2,r
3B,5273,3,U
3B,5276,2,r
3B,5278,3,U
3B,527B,2,r
3B,527D,3,U
3B,5280,2,r
3B,5282,3,U
3B,5285,2,r
3B,5287,3,U
3B,528A,2,r
3B,528C,3,U
3B,528F,2,r
3B,5291,3,U
3B,5294,2,r
3B,5296,3,U
3B,5299,2,r
3B,529B,3,U
3B,529E,2,r
3B,52A0,3,U
3B,52A3,2,r
3B,52A5,3,U
3B,52A8,2,r
3B,52AA,3,U
3B,52AD,2,r
3B,52AF,3,U
3B,52B2,2,r
3B,52B4,3,U
3B,52B7,2,r
3B,52B9,3,U
3B,52BC,2,r
3B,52BE,3,U
3B,52C1,2,r
3B,52C3,3,U
3B,52C6,2,r
3B,52C8,3,U
3B,52CB,2,r
3B,52CD,3,U
3B,52D0,2,r
3B,52D2,3,U
3B,52D5,2,r
3B,52D7,3,U
3B,52DA,2,r
3B,52DC,3,U
3B,52DF,2,r
3B,52E1,3,U
3B,52E4,2,r
3B,52E6,3,U
3B,52E9,2,r
3B,52EB,3,U
3B,52EE,2,r
3B,52F0,3,U
3B,52F3,2,r
3B,52F5,3,U
3B,52F8,2,r
3B,52FA,3,U
3B,52FD,2,r
3B,52FF,3,U
3B,5302,2,r
3B,5304,3,U
3B,5307,2,r
3B,5309,3,U
3B,530C,2,r
3B,530E,3,U
3B,5311,2,r
3B,5313,3,U
3B,5316,2,r
3B,5318,3,U
3B,531B,2,r
3B,531D,3,U
3B,5320,2,r
3B,5322,3,U
3B,5325,2,r
3B,5327,3,U
3B,532A,2,r
3B,532C,3,U
3B,532F,2,r
3B,5331,3,U
3B,5334,2,r
3B,5336,3,U
3B,5339,2,r
3B,533B,3,U
3B,533E,2,r
3B,5340,3,U
3B,5343,2,r
3B,5345,3,U
3B,5348,2,r
3B,534A,3,U
3B,534D,2,r
3B,534F,3,U
3B,5352,2,r
3B,5354,3,U
3B,5357,2,r
3B,5359,3,U
3B,535C,2,r
3B,535E,3,U
3B,5361,2,r
3B,5363,3,U
3B,5366,2,r
3B,5368,3,U
3B,536B,2,r
3B,536D,3,U
3B,5370,2,r
3B,5372,3,U
3B,5375,2,r
3B,5377,3,U
3B,537A,2,r
3B,537C,3,U
3B,537F,2,r
3B,5381,3,U
3B,5384,2,r
3B,5386,3,U
3B,5389,2,r
3B,538B,3,U
3B,538E,2,r
3B,5390,3,U
3B,5393,2,r
3B,5395,3,U
3B,5398,2,r
3B,539A,3,U
3B,539D,2,r
3B,539F,3,U
3B,53A2,2,r
3B,53A4,3,U
3B,53A7,2,r
3B,53A9,3,U
3B,53AC,2,r
3B,53AE,3,U
3B,53B1,2,r
3B,53B3,3,U
3B,53B6,2,r
3B,53B8,3,U
3B,53BB,2,r
3B,53BD,3,U
3B,53C0,2,r
3B,53C2,3,U
3B,53C5,2,r
3B,53C7,3,U
3B,53CA,2,r
3B,53CC,3,U
3B,53CF,2,r
3B,53D1,3,U
3B,53D4,2,r
3B,53D6,3,U
3B,53D9,2,r
3B,53DB,3,U
3B,53DE,2,r
3B,53E0,3,U
3B,53E3,2,r
3B,53E5,3,U
3B,53E8,2,r
3B,53EA,3,U
3B,53ED,2,r
3B,53EF,3,U
3B,53F2,2,r
3B,53F4,3,U
3B,53F7,2,r
3B,53F9,3,U
3B,53FC,2,r
3B,53FE,3,U
3B,5401,2,r
3B,5403,3,U
3B,5406,2,r
3B,5408,3,U
3B,540B,2,r
3B,540D,3,U
3B,5410,2,r
3B,5412,3,U
3B,5415,2,r
3B,5417,3,U
3B,541A,2,r
3B,541C,3,U
3B,541F,2,r
3B,5421,3,U
3B,5424,2,r
3B,5426,3,U
3B,5429,2,r
3B,542B,3,U
3B,542E,2,r
3B,5430,3,U
3B,5433,2,r
3B,5435,3,U
3B,5438,2,r
3B,543A,3,U
3B,543D,2,r
3B,543F,3,U
3B,5442,2,r
3B,5444,3,U
3B,5447,2,r
3B,5449,3,U
3B,544C,2,r
3B,544E,3,U
3B,5451,2,r
3B,5453,3,U
3B,5456,2,r
3B,5458,3,U
3B,545B,2,r
3B,545D,3,U
3B,5460,2,r
3B,5462,3,U
3B,5465,2,r
3B,5467,3,U
3B,546A,2,r
3B,546C,3,U
3B,546F,2,r
3B,5471,3,U
3B,5474,2,r
3B,5476,3,U
3B,5479,2,r
3B,547B,3,U
3B,547E,2,r
3B,5480,3,U
3B,5483,2,r
3B,5485,3,U
3B,5488,2,r
3B,548A,3,U
3B,548D,2,r
3B,548F,3,U
3B,5492,2,r
3B,5494,3,U
3B,5497,2,r
3B,5499,3,U
3B,549C,2,r
3B,549E,3,U
3B,54A1,2,r
3B,54A3,3,U
3B,54A6,2,r
3B,54A8,3,U
3B,54AB,2,r
3B,54AD,3,U
3B,54B0,2,r
3B,54B2,3,U
3B,54B5,2,r
3B,54B7,3,U
3B,54BA,2,r
3B,54BC,3,U
3B,54BF,2,r
3B,54C1,3,U
3B,54C4,2,r
3B,54C6,3,U
3B,54C9,2,r
3B,54CB,3,U
3B,54CE,2,r
3B,54D0,3,U
3B,54D3,2,r
3B,54D5,3,U
3B,54D8,2,r
3B,54DA,3,U
3B,54DD,2,r
3B,54DF,3,U
3B,54E2,2,r
3B,54E4,3,U
3B,54E7,2,r
3B,54E9,3,U
3B,54EC,2,r
3B,54EE,3,U
3B,54F1,2,r
3B,54F3,3,U
3B,54F6,2,r
3B,54F8,3,U
3B,54FB,2,r
3B,54FD,3,U
3B,5500,2,r
3B,5502,3,U
3B,5505,2,r
3B,5507,3,U
3B,550A,2,r
3B,550C,3,U
3B,550F,2,r
3B,5511,3,U
3B,5514,2,r
3B,5516,3,U
3B,5519,2,r
3B,551B,3,U
3B,551E,2,r
3B,5520,3,U
3B,5523,2,r
3B,5525,3,U
3B,5528,2,r
3B,552A,3,U
3B,552D,2,r
3B,552F,3,U
3B,5532,2,r
3B,5534,3,U
3B,5537,2,r
3B,5539,3,U
3B,553C,2,r
3B,553E,3,U
3B,5541,2,r
3B,5543,3,U
3B,5546,2,r
3B,5548,3,U
3B,554B,2,r
3B,554D,3,U
3B,5550,2,r
3B,5552,3,U
3B,5555,2,r
3B,5557,3,U
3B,555A,2,r
3B,555C,3,U
3B,555F,2,r
3B,5561,3,U
3B,5564,2,r
3B,5566,3,U
3B,5569,2,r
3B,556B,3,U
3B,556E,2,r
3B,5570,3,U
3B,5573,2,r
3B,5575,3,U
3B,5578,2,r
3B,557A,3,U
3B,557D,2,r
3B,557F,3,U
3B,5582,2,r
3B,5584,3,U
3B,5587,2,r
3B,5589,3,U
3B,558C,2,r
3B,558E,3,U
3B,5591,2,r
3B,5593,3,U
3B,5596,2,r
3B,5598,3,U
3B,559B,2,r
3B,559D,3,U
3B,55A0,2,r
3B,55A2,3,U
3B,55A5,2,r
3B,55A7,3,U
3B,55AA,2,r
3B,55AC,3,U
3B,55AF,2,r
3B,55B1,3,U
3B,55B4,2,r
3B,55B6,3,U
3B,55B9,2,r
3B,55BB,3,U
3B,55BE,2,r
3B,55C0,3,U
3B,55C3,2,r
3B,55C5,3,U
3B,55C8,2,r
3B,55CA,3,U
3B,55CD,2,r
3B,55CF,3,U
3B,55D2,2,r
3B,55D4,3,U
3B,55D7,2,r
3B,55D9,3,U
3B,55DC,2,r
3B,55DE,3,U
3B,55E1,2,r
3B,55E3,3,U
3B,55E6,2,r
3B,55E8,3,U
3B,55EB,2,r
3B,55ED,3,U
3B,55F0,2,r
3B,55F2,3,U
3B,55F5,2,r
3B,55F7,3,U
3B,55FA,2,r
3B,55FC,3,U
3B,55FF,2,r
3B,5601,3,U
3B,5604,2,r
3B,5606,3,U
3B,5609,2,r
3B,560B,3,U
3B,560E,2,r
3B,5610,3,U
3B,5613,2,r
3B,5615,3,U
3B,5618,2,r
3B,561A,3,U
3B,561D,2,r
3B,561F,3,U
3B,5622,2,r
3B,5624,3,U
3B,5627,2,r
3B,5629,3,U
3B,562C,2,r
3B,562E,3,U
3B,5631,2,r
3B,5633,3,U
3B,5636,2,r
3B,5638,3,U
3B,563B,2,r
3B,563D,3,U
3B,5640,2,r
3B,5642,3,U
3B,5645,2,r
3B,5647,3,U
3B,564A,2,r
3B,564C,3,U
3B,564F,2,r
3B,5651,3,U
3B,5654,2,r
3B,5656,3,U
3B,5659,2,r
3B,565B,3,U
3B,565E,2,r
3B,5660,3,U
3B,5663,2,r
3B,5665,3,U
3B,5668,2,r
3B,566A,3,U
3B,566D,2,r
3B,566F,3,U
3B,5672,2,r
3B,5674,3,U
3B,5677,2,r
3B,5679,3,U
3B,567C,2,r
3B,567E,3,U
3B,5681,2,r
3B,5683,3,U
3B,5686,2,r
3B,5688,3,U
3B,568B,2,r
3B,568D,3,U
3B,5690,2,r
3B,5692,3,U
3B,5695,2,r
3B,5697,3,U
3B,569A,2,r
3B,569C,3,U
3B,569F,2,r
3B,56A1,3,U
3B,56A4,2,r
3B,56A6,3,U
3B,56A9,2,r
3B,56AB,3,U
3B,56AE,2,r
3B,56B0,3,U
3B,56B3,2,r
3B,56B5,3,U
3B,56B8,2,r
3B,56BA,3,U
3B,56BD,2,r
3B,56BF,3,U
3B,56C2,2,r
3B,56C4,3,U
3B,56C7,2,r
3B,56C9,3,U
3B,56CC,2,r
3B,56CE,3,U
3B,56D1,2,r
3B,56D3,3,U
3B,56D6,2,r
3B,56D8,3,U
3B,56DB,2,r
3B,56DD,3,U
3B,56E0,2,r
3B,56E2,3,U
3B,56E5,2,r
3B,56E7,3,U
3B,56EA,2,r
3B,56EC,3,U
3B,56EF,2,r
3B,56F1,3,U
3B,56F4,2,r
3B,56F6,3,U
3B,56F9,2,r
3B,56FB,3,U
3B,56FE,2,r
3B,5700,3,U
3B,5703,2,r
3B,5705,3,U
3B,5708,2,r
3B,570A,3,U
3B,570D,2,r
3B,570F,3,U
3B,5712,2,r
3B,5714,3,U
3B,5717,2,r
3B,5719,3,U
3B,571C,2,r
3B,571E,3,U
3B,5721,2,r
3B,5723,3,U
3B,5726,2,r
3B,5728,3,U
3B,572B,2,r
3B,572D,3,U
3B,5730,2,r
3B,5732,3,U
3B,5735,2,r
3B,5737,3,U
3B,573A,2,r
3B,573C,3,U
3B,573F,2,r
3B,5741,3,U
3B,5744,2,r
3B,5746,3,U
3B,5749,2,r
3B,574B,3,U
3B,574E,2,r
3B,5750,3,U
3B,5753,2,r
3B,5755,3,U
3B,5758,2,r
3B,575A,3,U
3B,575D,2,r
3B,575F,3,U
3B,5762,2,r
3B,5764,3,U
3B,5767,2,r
3B,5769,3,U
3B,576C,2,r
3B,576E,3,U
3B,5771,2,r
3B,5773,3,U
3B,5776,2,r
3B,5778,3,U
3B,577B,2,r
3B,577D,3,U
3B,5780,2,r
3B,5782,3,U
3B,5785,2,r
3B,5787,3,U
3B,578A,2,r
3B,578C,3,U
3B,578F,2,r
3B,5791,3,U
3B,5794,2,r
3B,5796,3,U
3B,5799,2,r
3B,579B,3,U
3B,579E,2,r
3B,57A0,3,U
3B,57A3,2,r
3B,57A5,3,U
3B,57A8,2,r
3B,57AA,3,U
3B,57AD,2,r
3B,57AF,3,U
3B,57B2,2,r
3B,57B4,3,U
3B,57B7,2,r
3B,57B9,3,U
3B,57BC,2,r
3B,57BE,3,U
3B,57C1,2,r
3B,57C3,3,U
3B,57C6,2,r
3B,57C8,3,U
3B,57CB,2,r
3B,57CD,3,U
3B,57D0,2,r
3B,57D2,3,U
3B,57D5,2,r
3B,57D7,3,U
3B,57DA,2,r
3B,57DC,3,U
3B,57DF,2,r
3B,57E1,3,U
3B,57E4,2,r
3B,57E6,3,U
3B,57E9,2,r
3B,57EB,3,U
3B,57EE,2,r
3B,57F0,3,U
3B,57F3,2,r
3B,57F5,3,U
3B,57F8,2,r
3B,57FA,3,U
3B,57FD,2,r
3B,57FF,3,U
3B,5802,2,r
3B,5804,3,U
3B,5807,2,r
3B,5809,3,U
3B,580C,2,r
3B,580E,3,U
3B,5811,2,r
3B,5813,3,U
3B,5816,2,r
3B,5818,3,U
3B,581B,2,r
3B,581D,3,U
3B,5820,2,r
3B,5822,3,U
3B,5825,2,r
3B,5827,3,U
3B,582A,2,r
3B,582C,3,U
3B,582F,2,r
3B,5831,3,U
3B,5834,2,r
3B,5836,3,U
3B,5839,2,r
3B,583B,3,U
3B,583E,2,r
3B,5840,3,U
3B,5843,2,r
3B,5845,3,U
3B,5848,2,r
3B,584A,3,U
3B,584D,2,r
3B,584F,3,U
3B,5852,2,r
3B,5854,3,U
3B,5857,2,r
3B,5859,3,U
3B,585C,2,r
3B,585E,3,U
3B,5861,2,r
3B,5863,3,U
3B,5866,2,r
3B,5868,3,U
3B,586B,2,r
3B,586D,3,U
3B,5870,2,r
3B,5872,3,U
3B,5875,2,r
3B,5877,3,U
3B,587A,2,r
3B,587C,3,U
3B,587F,2,r
3B,5881,3,U
3B,5884,2,r
3B,5886,3,U
3B,5889,2,r
3B,588B,3,U
3B,588E,2,r
3B,5890,3,U
3B,5893,2,r
3B,5895,3,U
3B,5898,2,r
3B,589A,3,U
3B,589D,2,r
3B,589F,3,U
3B,58A2,2,r
3B,58A4,3,U
3B,58A7,2,r
3B,58A9,3,U
3B,58AC,2,r
3B,58AE,3,U
3B,58B1,2,r
3B,58B3,3,U
3B,58B6,2,r
3B,58B8,3,U
3B,58BB,2,r
3B,58BD,3,U
3B,58C0,2,r
3B,58C2,3,U
3B,58C5,2,r
3B,58C7,3,U
3B,58CA,2,r
3B,58CC,3,U
3B,58CF,2,r
3B,58D1,3,U
3B,58D4,2,r
3B,58D6,3,U
3B,58D9,2,r
3B,58DB,3,U
3B,58DE,2,r
3B,58E0,3,U
3B,58E3,2,r
3B,58E5,3,U
3B,58E8,2,r
3B,58EA,3,U
3B,58ED,2,r
3B,58EF,3,U
3B,58F2,2,r
3B,58F4,3,U
3B,58F7,2,r
3B,58F9,3,U
3B,58FC,2,r
3B,58FE,3,U
3B,5901,2,r
3B,5903,3,U
3B,5906,2,r
3B,5908,3,U
3B,590B,2,r
3B,590D,3,U
3B,5910,2,r
3B,5912,3,U
3B,5915,2,r
3B,5917,3,U
3B,591A,2,r
3B,591C,3,U
3B,591F,2,r
3B,5921,3,U
3B,5924,2,r
3B,5926,3,U
3B,5929,2,r
3B,592B,3,U
3B,592E,2,r
3B,5930,3,U
3B,5933,2,r
3B,5935,3,U
3B,5938,2,r
3B,593A,3,U
3B,593D,2,r
3B,593F,3,U
3B,5942,2,r
3B,5944,3,U
3B,5947,2,r
3B,5949,3,U
3B,594C,2,r
3B,594E,3,U
3B,5951,2,r
3B,5953,3,U
3B,5956,2,r
3B,5958,3,U
3B,595B,2,r
3B,595D,3,U
3B,5960,2,r
3B,5962,3,U
3B,5965,2,r
3B,5967,3,U
3B,596A,2,r
3B,596C,3,U
3B,596F,2,r
3B,5971,3,U
3B,5974,2,r
3B,5976,3,U
3B,5979,2,r
3B,597B,3,U
3B,597E,2,r
3B,5980,3,U
3B,5983,2,r
3B,5985,3,U
3B,5988,2,r
3B,598A,3,U
3B,598D,2,r
3B,598F,3,U
3B,5992,2,r
3B,5994,3,U
3B,5997,2,r
3B,5999,3,U
3B,599C,2,r
3B,599E,3,U
3B,59A1,2,r
3B,59A3,3,U
3B,59A6,2,r
3B,59A8,3,U
3B,59AB,2,r
3B,59AD,3,U
3B,59B0,2,r
3B,59B2,3,U
3B,59B5,2,r
3B,59B7,3,U
3B,59BA,2,r
3B,59BC,3,U
3B,59BF,2,r
3B,59C1,3,U
3B,59C4,2,r
3B,59C6,3,U
3B,59C9,2,r
3B,59CB,3,U
3B,59CE,2,r
3B,59D0,3,U
3B,59D3,2,r
3B,59D5,3,U
3B,59D8,2,r
3B,59DA,3,U
3B,59DD,2,r
3B,59DF,3,U
3B,59E2,2,r
3B,59E4,3,U
3B,59E7,2,r
3B,59E9,3,U
3B,59EC,2,r
3B,59EE,3,U
3B,59F1,2,r
3B,59F3,3,U
3B,59F6,2,r
3B,59F8,3,U
3B,59FB,2,r
3B,59FD,3,U
3B,5A00,2,r
3B,5A02,3,U
3B,5A05,2,r
3B,5A07,3,U
3B,5A0A,2,r
3B,5A0C,3,U
3B,5A0F,2,r
3B,5A11,3,U
3B,5A14,2,r
3B,5A16,3,U
3B,5A19,2,r
3B,5A1B,3,U
3B,5A1E,2,r
3B,5A20,3,U
3B,5A23,2,r
3B,5A25,3,U
3B,5A28,2,r
3B,5A2A,3,U
3B,5A2D,2,r
3B,5A2F,3,U
3B,5A32,2,r
3B,5A34,3,U
3B,5A37,2,r
3B,5A39,3,U
3B,5A3C,2,r
3B,5A3E,3,U
3B,5A41,2,r
3B,5A43,3,U
3B,5A46,2,r
3B,5A48,3,U
3B,5A4B,2,r
3B,5A4D,3,U
3B,5A50,2,r
3B,5A52,3,U
3B,5A55,2,r
3B,5A57,3,U
3B,5A5A,2,r
3B,5A5C,3,U
3B,5A5F,2,r
3B,5A61,3,U
3B,5A64,2,r
3B,5A66,3,U
3B,5A69,2,r
3B,5A6B,3,U
3B,5A6E,2,r
3B,5A70,3,U
3B,5A73,2,r
3B,5A75,3,U
3B,5A78,2,r
3B,5A7A,3,U
3B,5A7D,2,r
3B,5A7F,3,U
3B,5A82,2,r
3B,5A84,3,U
3B,5A87,2,r
3B,5A89,3,U
3B,5A8C,2,r
3B,5A8E,3,U
3B,5A91,2,r
3B,5A93,3,U
3B,5A96,2,r
3B,5A98,3,U
3B,5A9B,2,r
3B,5A9D,3,U
3B,5AA0,2,r
3B,5AA2,3,U
3B,5AA5,2,r
3B,5AA7,3,U
3B,5AAA,2,r
3B,5AAC,3,U
3B,5AAF,2,r
3B,5AB1,3,U
3B,5AB4,2,r
3B,5AB6,3,U
3B,5AB9,2,r
3B,5ABB,3,U
3B,5ABE,2,r
3B,5AC0,3,U
3B,5AC3,2,r
3B,5AC5,3,U
3B,5AC8,2,r
3B,5ACA,3,U
3B,5ACD,2,r
3B,5ACF,3,U
3B,5AD2,2,r
3B,5AD4,3,U
3B,5AD7,2,r
3B,5AD9,3,U
3B,5ADC,2,r
3B,5ADE,3,U
3B,5AE1,2,r
3B,5AE3,3,U
3B,5AE6,2,r
3B,5AE8,3,U
3B,5AEB,2,r
3B,5AED,3,U
3B,5AF0,2,r
3B,5AF2,3,U
3B,5AF5,2,r
3B,5AF7,3,U
3B,5AFA,2,r
3B,5AFC,3,U
3B,5AFF,2,r
3B,5B01,3,U
3B,5B04,2,r
3B,5B06,3,U
3B,5B09,2,r
3B,5B0B,3,U
3B,5B0E,2,r
3B,5B10,3,U
3B,5B13,2,r
3B,5B15,3,U
3B,5B18,2,r
3B,5B1A,3,U
3B,5B1D,2,r
3B,5B1F,3,U
3B,5B22,2,r
3B,5B24,3,U
3B,5B27,2,r
3B,5B29,3,U
3B,5B2C,2,r
3B,5B2E,3,U
3B,5B31,2,r
3B,5B33,3,U
3B,5B36,2,r
3B,5B38,3,U
3B,5B3B,2,r
3B,5B3D,3,U
3B,5B40,2,r
3B,5B42,3,U
3B,5B45,2,r
3B,5B47,3,U
3B,5B4A,2,r
3B,5B4C,3,U
3B,5B4F,2,r
3B,5B51,3,U
3B,5B54,2,r
3B,5B56,3,U
3B,5B59,2,r
3B,5B5B,3,U
3B,5B5E,2,r
3B,5B60,3,U
3B,5B63,2,r
3B,5B65,3,U
3B,5B68,2,r
3B,5B6A,3,U
3B,5B6D,2,r
3B,5B6F,3,U
3B,5B72,2,r
3B,5B74,3,U
3B,5B77,2,r
3B,5B79,3,U
3B,5B7C,2,r
3B,5B7E,3,U
3B,5B81,2,r
3B,5B83,3,U
3B,5B86,2,r
3B,5B88,3,U
3B,5B8B,2,r
3B,5B8D,3,U
3B,5B90,2,r
3B,5B92,3,U
3B,5B95,2,r
3B,5B97,3,U
3B,5B9A,2,r
3B,5B9C,3,U
3B,5B9F,2,r
3B,5BA1,3,U
3B,5BA4,2,r
3B,5BA6,3,U
3B,5BA9,2,r
3B,5BAB,3,U
3B,5BAE,2,r
3B,5BB0,3,U
3B,5BB3,2,r
3B,5BB5,3,U
3B,5BB8,2,r
3B,5BBA,3,U
3B,5BBD,2,r
3B,5BBF,3,U
3B,5BC2,2,r
3B,5BC4,3,U
3B,5BC7,2,r
3B,5BC9,3,U
3B,5BCC,2,r
3B,5BCE,3,U
3B,5BD1,2,r
3B,5BD3,3,U
3B,5BD6,2,r
3B,5BD8,3,U
3B,5BDB,2,r
3B,5BDD,3,U
3B,5BE0,2,r
3B,5BE2,3,U
3B,5BE5,2,r
3B,5BE7,3,U
3B,5BEA,2,r
3B,5BEC,3,U
3B,5BEF,2,r
3B,5BF1,3,U
3B,5BF4,2,r
3B,5BF6,3,U
3B,5BF9,2,r
3B,5BFB,3,U
3B,5BFE,2,r
3B,5C00,3,U
3B,5C03,2,r
3B,5C05,3,U
3B,5C08,2,r
3B,5C0A,3,U
3B,5C0D,2,r
3B,5C0F,3,U
3B,5C12,2,r
3B,5C14,3,U
3B,5C17,2,r
3B,5C19,3,U
3B,5C1C,2,r
3B,5C1E,3,U
3B,5C21,2,r
3B,5C23,3,U
3B,5C26,2,r
3B,5C28,3,U
3B,5C2B,2,r
3B,5C2D,3,U
3B,5C30,2,r
3B,5C32,3,U
3B,5C35,2,r
3B,5C37,3,U
3B,5C3A,2,r
3B,5C3C,3,U
3B,5C3F,2,r
3B,5C41,3,U
3B,5C44,2,r
3B,5C46,3,U
3B,5C49,2,r
3B,5C4B,3,U
3B,5C4E,2,r
3B,5C50,3,U
3B,5C53,2,r
3B,5C55,3,U
3B,5C58,2,r
3B,5C5A,3,U
3B,5C5D,2,r
3B,5C5F,3,U
3B,5C62,2,r
3B,5C64,3,U
3B,5C67,2,r
3B,5C69,3,U
3B,5C6C,2,r
3B,5C6E,3,U
3B,5C71,2,r
3B,5C73,3,U
3B,5C76,2,r
3B,5C78,3,U
3B,5C7B,2,r
3B,5C7D,3,U
3B,5C80,2,r
3B,5C82,3,U
3B,5C85,2,r
3B,5C87,3,U
3B,5C8A,2,r
3B,5C8C,3,U
3B,5C8F,2,r
3B,5C91,3,U
3B,5C94,2,r
3B,5C96,3,U
3B,5C99,2,r
3B,5C9B,3,U
3B,5C9E,2,r
3B,5CA0,3,U
3B,5CA3,2,r
3B,5CA5,3,U
3B,5CA8,2,r
3B,5CAA,3,U
3B,5CAD,2,r
3B,5CAF,3,U
3B,5CB2,2,r
3B,5CB4,3,U
3B,5CB7,2,r
3B,5CB9,3,U
3B,5CBC,2,r
3B,5CBE,3,U
3B,5CC1,2,r
3B,5CC3,3,U
3B,5CC6,2,r
3B,5CC8,3,U
3B,5CCB,2,r
3B,5CCD,3,U
3B,5CD0,2,r
3B,5CD2,3,U
3B,5CD5,2,r
3B,5CD7,3,U
3B,5CDA,2,r
3B,5CDC,3,U
3B,5CDF,2,r
3B,5CE1,3,U
3B,5CE4,2,r
3B,5CE6,3,U
3B,5CE9,2,r
3B,5CEB,3,U
3B,5CEE,2,r
3B,5CF0,3,U
3B,5CF3,2,r
3B,5CF5,3,U
3B,5CF8,2,r
3B,5CFA,3,U
3B,5CFD,2,r
3B,5CFF,3,U
3B,5D02,2,r
3B,5D04,3,U
3B,5D07,2,r
3B,5D09,3,U
3B,5D0C,2,r
3B,5D0E,3,U
3B,5D11,2,r
3B,5D13,3,U
3B,5D16,2,r
3B,5D18,3,U
3B,5D1B,2,r
3B,5D1D,3,U
3B,5D20,2,r
3B,5D22,3,U
3B,5D25,2,r
3B,5D27,3,U
3B,5D2A,2,r
3B,5D2C,3,U
3B,5D2F,2,r
3B,5D31,3,U
3B,5D34,2,r
3B,5D36,3,U
3B,5D39,2,r
3B,5D3B,3,U
3B,5D3E,2,r
3B,5D40,3,U
3B,5D43,2,r
3B,5D45,3,U
3B,5D48,2,r
3B,5D4A,3,U
3B,5D4D,2,r
3B,5D4F,3,U
3B,5D52,2,r
3B,5D54,3,U
3B,5D57,2,r
3B,5D59,3,U
3B,5D5C,2,r
3B,5D5E,3,U
3B,5D61,2,r
3B,5D63,3,U
3B,5D66,2,r
3B,5D68,3,U
3B,5D6B,2,r
3B,5D6D,3,U
3B,5D70,2,r
3B,5D72,3,U
3B,5D75,2,r
3B,5D77,3,U
3B,5D7A,2,r
3B,5D7C,3,U
3B,5D7F,2,r
3B,5D81,3,U
3B,5D84,2,r
3B,5D86,3,U
3B,5D89,2,r
3B,5D8B,3,U
3B,5D8E,2,r
3B,5D90,3,U
3B,5D93,2,r
3B,5D95,3,U
3B,5D98,2,r
3B,5D9A,3,U
3B,5D9D,2,r
3B,5D9F,3,U
3B,5DA2,2,r
3B,5DA4,3,U
3B,5DA7,2,r
3B,5DA9,3,U
3B,5DAC,2,r
3B,5DAE,3,U
3B,5DB1,2,r
3B,5DB3,3,U
3B,5DB6,2,r
3B,5DB8,3,U
3B,5DBB,2,r
3B,5DBD,3,U
3B,5DC0,2,r
3B,5DC2,3,U
3B,5DC5,2,r
3B,5DC7,3,U
3B,5DCA,2,r
3B,5DCC,3,U
3B,5DCF,2,r
3B,5DD1,3,U
3B,5DD4,2,r
3B,5DD6,3,U
3B,5DD9,2,r
3B,5DDB,3,U
3B,5DDE,2,r
3B,5DE0,3,U
3B,5DE3,2,r
3B,5DE5,3,U
3B,5DE8,2,r
3B,5DEA,3,U
3B,5DED,2,r
3B,5DEF,3,U
3B,5DF2,2,r
3B,5DF4,3,U
3B,5DF7,2,r
3B,5DF9,3,U
3B,5DFC,2,r
3B,5DFE,3,U
3B,5E01,2,r
3B,5E03,3,U
3B,5E06,2,r
3B,5E08,3,U
3B,5E0B,2,r
3B,5E0D,3,U
3B,5E10,2,r
3B,5E12,3,U
3B,5E15,2,r
3B,5E17,3,U
3B,5E1A,2,r
3B,5E1C,3,U
3B,5E1F,2,r
3B,5E21,3,U
3B,5E24,2,r
3B,5E26,3,U
3B,5E29,2,r
3B,5E2B,3,U
3B,5E2E,2,r
3B,5E30,3,U
3B,5E33,2,r
3B,5E35,3,U
3B,5E38,2,r
3B,5E3A,3,U
3B,5E3D,2,r
3B,5E3F,3,U
3B,5E42,2,r
3B,5E44,3,U
3B,5E47,2,r
3B,5E49,3,U
3B,5E4C,2,r
3B,5E4E,3,U
3B,5E51,2,r
3B,5E53,3,U
3B,5E56,2,r
3B,5E58,3,U
3B,5E5B,2,r
3B,5E5D,3,U
3B,5E60,2,r
3B,5E62,3,U
3B,5E65,2,r
3B,5E67,3,U
3B,5E6A,2,r
3B,5E6C,3,U
3B,5E6F,2,r
3B,5E71,3,U
3B,5E74,2,r
3B,5E76,3,U
3B,5E79,2,r
3B,5E7B,3,U
3B,5E7E,2,r
3B,5E80,3,U
3B,5E83,2,r
3B,5E85,3,U
3B,5E88,2,r
3B,5E8A,3,U
3B,5E8D,2,r
3B,5E8F,3,U
3B,5E92,2,r
3B,5E94,3,U
3B,5E97,2,r
3B,5E99,3,U
3B,5E9C,2,r
3B,5E9E,3,U
3B,5EA1,2,r
3B,5EA3,3,U
3B,5EA6,2,r
3B,5EA8,3,U
3B,5EAB,2,r
3B,5EAD,3,U
3B,5EB0,2,r
3B,5EB2,3,U
3B,5EB5,2,r
3B,5EB7,3,U
3B,5EBA,2,r
3B,5EBC,3,U
3B,5EBF,2,r
3B,5EC1,3,U
3B,5EC4,2,r
3B,5EC6,3,U
3B,5EC9,2,r
3B,5ECB,3,U
3B,5ECE,2,r
3B,5ED0,3,U
3B,5ED3,2,r
3B,5ED5,3,U
3B,5ED8,2,r
3B,5EDA,3,U
3B,5EDD,2,r
3B,5EDF,3,U
3B,5EE2,2,r
3B,5EE4,3,U
3B,5EE7,2,r
3B,5EE9,3,U
3B,5EEC,2,r
3B,5EEE,3,U
3B,5EF1,2,r
3B,5EF3,3,U
3B,5EF6,2,r
3B,5EF8,3,U
3B,5EFB,2,r
3B,5EFD,3,U
3B,5F00,2,r
3B,5F02,3,U
3B,5F05,2,r
3B,5F07,3,U
3B,5F0A,2,r
3B,5F0C,3,U
3B,5F0F,2,r
3B,5F11,3,U
3B,5F14,2,r
3B,5F16,3,U
3B,5F19,2,r
3B,5F1B,3,U
3B,5F1E,2,r
3B,5F20,3,U
3B,5F23,2,r
3B,5F25,3,U
3B,5F28,2,r
3B,5F2A,3,U
3B,5F2D,2,r
3B,5F2F,3,U
3B,5F32,2,r
3B,5F34,2,U
3B,5F36,30,r
3B,5F54,1,U
3B,5F55,2,r
3B,5F57,3,U
3B,5F5A,2,r
3B,5F5C,3,U
3B,5F5F,2,r
3B,5F61,3,U
3B,5F64,2,r
3B,5F66,3,U
3B,5F69,2,r
3B,5F6B,3,U
3B,5F6E,2,r
3B,5F70,3,U
3B,5F73,2,r
3B,5F75,3,U
3B,5F78,2,r
3B,5F7A,3,U
3B,5F7D,2,r
3B,5F7F,3,U
3B,5F82,2,r
3B,5F84,3,U
3B,5F87,2,r
3B,5F89,3,U
3B,5F8C,2,r
3B,5F8E,3,U
3B,5F91,2,r
3B,5F93,3,U
3B,5F96,2,r
3B,5F98,3,U
3B,5F9B,2,r
3B,5F9D,3,U
3B,5FA0,2,r
3B,5FA2,3,U
3B,5FA5,2,r
3B,5FA7,3,U
3B,5FAA,2,r
3B,5FAC,3,U
3B,5FAF,2,r
3B,5FB1,3,U
3B,5FB4,2,r
3B,5FB6,3,U
3B,5FB9,2,r
3B,5FBB,3,U
3B,5FBE,2,r
3B,5FC0,3,U
3B,5FC3,2,r
3B,5FC5,3,U
3B,5FC8,2,r
3B,5FCA,3,U
3B,5FCD,2,r
3B,5FCF,3,U
3B,5FD2,2,r
3B,5FD4,3,U
3B,5FD7,2,r
3B,5FD9,3,U
3B,5FDC,2,r
3B,5FDE,3,U
3B,5FE1,2,r
3B,5FE3,3,U
3B,5FE6,2,r
3B,5FE8,3,U
3B,5FEB,2,r
3B,5FED,3,U
3B,5FF0,2,r
3B,5FF2,3,U
3B,5FF5,2,r
3B,5FF7,3,U
3B,5FFA,2,r
3B,5FFC,3,U
3B,5FFF,2,r
3B,6001,3,U
3B,6004,2,r
3B,6006,3,U
3B,6009,2,r
3B,600B,3,U
3B,600E,2,r
3B,6010,3,U
3B,6013,2,r
3B,6015,3,U
3B,6018,2,r
3B,601A,3,U
3B,601D,2,r
3B,601F,3,U
3B,6022,2,r
3B,6024,3,U
3B,6027,2,r
3B,6029,3,U
3B,602C,2,r
3B,602E,3,U
3B,6031,2,r
3B,6033,3,U
3B,6036,2,r
3B,6038,3,U
3B,603B,2,r
3B,603D,3,U
3B,6040,2,r
3B,6042,3,U
3B,6045,2,r
3B,6047,3,U
3B,604A,2,r
3B,604C,3,U
3B,604F,2,r
3B,6051,3,U
3B,6054,2,r
3B,6056,3,U
3B,6059,2,r
3B,605B,3,U
3B,605E,2,r
3B,6060,3,U
3B,6063,2,r
3B,6065,3,U
3B,6068,2,r
3B,606A,3,U
3B,606D,2,r
3B,606F,3,U
3B,6072,2,r
3B,6074,3,U
3B,6077,2,r
3B,6079,3,U
3B,607C,2,r
3B,607E,3,U
3B,6081,2,r
3B,6083,3,U
3B,6086,2,r
3B,6088,3,U
3B,608B,2,r
3B,608D,3,U
3B,6090,2,r
3B,6092,3,U
3B,6095,2,r
3B,6097,3,U
3B,609A,2,r
3B,609C,3,U
3B,609F,2,r
3B,60A1,3,U
3B,60A4,2,r
3B,60A6,3,U
3B,60A9,2,r
3B,60AB,3,U
3B,60AE,2,r
3B,60B0,3,U
3B,60B3,2,r
3B,60B5,1,U
3B,60B6,4,r
3B,60BA,3,U
3B,60BD,2,r
3B,60BF,3,U
3B,60C2,2,r
3B,60C4,3,U
3B,60C7,2,r
3B,60C9,3,U
3B,60CC,2,r
3B,60CE,3,U
3B,60D1,2,r
3B,60D3,3,U
3B,60D6,2,r
3B,60D8,3,U
3B,60DB,2,r
3B,60DD,3,U
3B,60E0,2,r
3B,60E2,3,U
3B,60E5,2,r
3B,60E7,3,U
3B,60EA,2,r
3B,60EC,3,U
3B,60EF,2,r
3B,60F1,3,U
3B,60F4,2,r
3B,60F6,3,U
3B,60F9,2,r
3B,60FB,3,U
3B,60FE,2,r
3B,6100,3,U
3B,6103,2,r
3B,6105,3,U
3B,6108,2,r
3B,610A,3,U
3B,610D,2,r
3B,610F,3,U
3B,6112,2,r
3B,6114,3,U
3B,6117,2,r
3B,6119,3,U
3B,611C,2,r
3B,611E,3,U
3B,6121,2,r
3B,6123,3,U
3B,6126,2,r
3B,6128,3,U
3B,612B,2,r
3B,612D,3,U
3B,6130,2,r
3B,6132,3,U
3B,6135,2,r
3B,6137,3,U
3B,613A,2,r
3B,613C,3,U
3B,613F,2,r
3B,6141,3,U
3B,6144,2,r
3B,6146,3,U
3B,6149,2,r
3B,614B,3,U
3B,614E,2,r
3B,6150,3,U
3B,6153,2,r
3B,6155,3,U
3B,6158,2,r
3B,615A,3,U
3B,615D,2,r
3B,615F,3,U
3B,6162,2,r
3B,6164,3,U
3B,6167,2,r
3B,6169,3,U
3B,616C,2,r
3B,616E,3,U
3B,6171,2,r
3B,6173,3,U
3B,6176,2,r
3B,6178,3,U
3B,617B,2,r
3B,617D,3,U
3B,6180,2,r
3B,6182,3,U
3B,6185,2,r
3B,6187,3,U
3B,618A,2,r
3B,618C,3,U
3B,618F,2,r
3B,6191,3,U
3B,6194,2,r
3B,6196,3,U
3B,6199,3,r
3B,619C,2,U
3B,619E,2,r
3B,61A0,3,U
3B,61A3,3,r
3B,61A6,2,U
3B,61A8,2,r
3B,61AA,3,U
3B,61AD,2,r
3B,61AF,3,U
3B,61B2,2,r
3B,61B4,3,U
3B,61B7,2,r
3B,61B9,3,U
3B,61BC,2,r
3B,61BE,3,U
3B,61C1,2,r
3B,61C3,3,U
3B,61C6,2,r
3B,61C8,3,U
3B,61CB,2,r
3B,61CD,3,U
3B,61D0,2,r
3B,61D2,3,U
3B,61D5,2,r
3B,61D7,3,U
3B,61DA,2,r
3B,61DC,3,U
3B,61DF,2,r
3B,61E1,3,U
3B,61E4,2,r
3B,61E6,3,U
3B,61E9,2,r
3B,61EB,3,U
3B,61EE,2,r
3B,61F0,3,U
3B,61F3,2,r
3B,61F5,3,U
3B,61F8,2,r
3B,61FA,3,U
3B,61FD,2,r
3B,61FF,3,U
3B,6202,2,r
3B,6204,3,U
3B,6207,2,r
3B,6209,3,U
3B,620C,2,r
3B,620E,3,U
3B,6211,2,r
3B,6213,3,U
3B,6216,2,r
3B,6218,3,U
3B,621B,2,r
3B,621D,3,U
3B,6220,2,r
3B,6222,3,U
3B,6225,2,r
3B,6227,3,U
3B,622A,2,r
3B,622C,3,U
3B,622F,2,r
3B,6231,3,U
3B,6234,2,r
3B,6236,3,U
3B,6239,2,r
3B,623B,3,U
3B,623E,2,r
3B,6240,3,U
3B,6243,2,r
3B,6245,3,U
3B,6248,2,r
3B,624A,3,U
3B,624D,2,r
3B,624F,3,U
3B,6252,2,r
3B,6254,3,U
3B,6257,2,r
3B,6259,3,U
3B,625C,2,r
3B,625E,3,U
3B,6261,2,r
3B,6263,3,U
3B,6266,2,r
3B,6268,3,U
3B,626B,2,r
3B,626D,3,U
3B,6270,2,r
3B,6272,3,U
3B,6275,2,r
3B,6277,3,U
3B,627A,2,r
3B,627C,1,U
3B,627D,1,r
3B,627E,1,U
3B,627F,2,r
3B,6281,3,U
3B,6284,2,r
3B,6286,3,U
3B,6289,2,r
3B,628B,3,U
3B,628E,2,r
3B,6290,3,U
3B,6293,2,r
3B,6295,3,U
3B,6298,2,r
3B,629A,3,U
3B,629D,2,r
3B,629F,3,U
3B,62A2,2,r
3B,62A4,3,U
3B,62A7,2,r
3B,62A9,3,U
3B,62AC,2,r
3B,62AE,3,U
3B,62B1,2,r
3B,62B3,3,U
3B,62B6,2,r
3B,62B8,3,U
3B,62BB,2,r
3B,62BD,3,U
3B,62C0,2,r
3B,62C2,3,U
3B,62C5,2,r
3B,62C7,3,U
3B,62CA,2,r
3B,62CC,3,U
3B,62CF,2,r
3B,62D1,3,U
3B,62D4,2,r
3B,62D6,3,U
3B,62D9,2,r
3B,62DB,3,U
3B,62DE,2,r
3B,62E0,3,U
3B,62E3,2,r
3B,62E5,3,U
3B,62E8,2,r
3B,62EA,3,U
3B,62ED,2,r
3B,62EF,3,U
3B,62F2,2,r
3B,62F4,3,U
3B,62F7,2,r
3B,62F9,3,U
3B,62FC,2,r
3B,62FE,3,U
3B,6301,2,r
3B,6303,3,U
3B,6306,2,r
3B,6308,3,U
3B,630B,2,r
3B,630D,3,U
3B,6310,2,r
3B,6312,3,U
3B,6315,2,r
3B,6317,3,U
3B,631A,2,r
3B,631C,3,U
3B,631F,2,r
3B,6321,3,U
3B,6324,2,r
3B,6326,3,U
3B,6329,2,r
3B,632B,3,U
3B,632E,2,r
3B,6330,3,U
3B,6333,2,r
3B,6335,3,U
3B,6338,2,r
3B,633A,3,U
3B,633D,2,r
3B,633F,3,U
3B,6342,2,r
3B,6344,3,U
3B,6347,2,r
3B,6349,3,U
3B,634C,2,r
3B,634E,3,U
3B,6351,2,r
3B,6353,3,U
3B,6356,2,r
3B,6358,3,U
3B,635B,2,r
3B,635D,3,U
3B,6360,2,r
3B,6362,2,U
3B,6364,3,r
3B,6367,3,U
3B,636A,2,r
3B,636C,2,U
3B,636E,3,r
3B,6371,3,U
3B,6374,2,r
3B,6376,3,U
3B,6379,2,r
3B,637B,3,U
3B,637E,2,r
3B,6380,3,U
3B,6383,2,r
3B,6385,3,U
3B,6388,2,r
3B,638A,3,U
3B,638D,2,r
3B,638F,3,U
3B,6392,2,r
3B,6394,3,U
3B,6397,2,r
3B,6399,3,U
3B,639C,2,r
3B,639E,3,U
3B,63A1,2,r
3B,63A3,3,U
3B,63A6,2,r
3B,63A8,3,U
3B,63AB,2,r
3B,63AD,3,U
3B,63B0,2,r
3B,63B2,3,U
3B,63B5,2,r
3B,63B7,3,U
3B,63BA,2,r
3B,63BC,3,U
3B,63BF,2,r
3B,63C1,3,U
3B,63C4,2,r
3B,63C6,3,U
3B,63C9,2,r
3B,63CB,3,U
3B,63CE,2,r
3B,63D0,3,U
3B,63D3,2,r
3B,63D5,3,U
3B,63D8,2,r
3B,63DA,3,U
3B,63DD,2,r
3B,63DF,3,U
3B,63E2,2,r
3B,63E4,3,U
3B,63E7,2,r
3B,63E9,3,U
3B,63EC,2,r
3B,63EE,3,U
3B,63F1,2,r
3B,63F3,3,U
3B,63F6,2,r
3B,63F8,3,U
3B,63FB,2,r
3B,63FD,3,U
3B,6400,2,r
3B,6402,3,U
3B,6405,2,r
3B,6407,3,U
3B,640A,2,r
3B,640C,3,U
3B,640F,2,r
3B,6411,3,U
3B,6414,2,r
3B,6416,3,U
3B,6419,2,r
3B,641B,3,U
3B,641E,2,r
3B,6420,3,U
3B,6423,2,r
3B,6425,3,U
3B,6428,2,r
3B,642A,3,U
3B,642D,2,r
3B,642F,3,U
3B,6432,2,r
3B,6434,3,U
3B,6437,2,r
3B,6439,3,U
3B,643C,2,r
3B,643E,3,U
3B,6441,2,r
3B,6443,3,U
3B,6446,2,r
3B,6448,3,U
3B,644B,2,r
3B,644D,3,U
3B,6450,2,r
3B,6452,3,U
3B,6455,2,r
3B,6457,3,U
3B,645A,2,r
3B,645C,3,U
3B,645F,2,r
3B,6461,3,U
3B,6464,2,r
3B,6466,3,U
3B,6469,2,r
3B,646B,3,U
3B,646E,2,r
3B,6470,3,U
3B,6473,2,r
3B,6475,3,U
3B,6478,2,r
3B,647A,3,U
3B,647D,2,r
3B,647F,3,U
3B,6482,2,r
3B,6484,3,U
3B,6487,2,r
3B,6489,3,U
3B,648C,2,r
3B,648E,3,U
3B,6491,2,r
3B,6493,3,U
3B,6496,2,r
3B,6498,3,U
3B,649B,2,r
3B,649D,3,U
3B,64A0,2,r
3B,64A2,3,U
3B,64A5,2,r
3B,64A7,3,U
3B,64AA,2,r
3B,64AC,3,U
3B,64AF,2,r
3B,64B1,3,U
3B,64B4,2,r
3B,64B6,3,U
3B,64B9,2,r
3B,64BB,3,U
3B,64BE,2,r
3B,64C0,3,U
3B,64C3,2,r
3B,64C5,3,U
3B,64C8,2,r
3B,64CA,3,U
3B,64CD,2,r
3B,64CF,3,U
3B,64D2,2,r
3B,64D4,3,U
3B,64D7,2,r
3B,64D9,3,U
3B,64DC,2,r
3B,64DE,3,U
3B,64E1,2,r
3B,64E3,3,U
3B,64E6,2,r
3B,64E8,3,U
3B,64EB,2,r
3B,64ED,3,U
3B,64F0,2,r
3B,64F2,3,U
3B,64F5,2,r
3B,64F7,3,U
3B,64FA,2,r
3B,64FC,3,U
3B,64FF,2,r
3B,6501,3,U
3B,6504,2,r
3B,6506,3,U
3B,6509,2,r
3B,650B,3,U
3B,650E,2,r
3B,6510,3,U
3B,6513,2,r
3B,6515,3,U
3B,6518,2,r
3B,651A,3,U
3B,651D,2,r
3B,651F,3,U
3B,6522,2,r
3B,6524,3,U
3B,6527,2,r
3B,6529,3,U
3B,652C,2,r
3B,652E,3,U
3B,6531,2,r
3B,6533,3,U
3B,6536,2,r
3B,6538,3,U
3B,653B,2,r
3B,653D,3,U
3B,6540,2,r
3B,6542,3,U
3B,6545,2,r
3B,6547,3,U
3B,654A,2,r
3B,654C,3,U
3B,654F,2,r
3B,6551,3,U
3B,6554,2,r
3B,6556,3,U
3B,6559,2,r
3B,655B,3,U
3B,655E,2,r
3B,6560,3,U
3B,6563,2,r
3B,6565,3,U
3B,6568,2,r
3B,656A,3,U
3B,656D,2,r
3B,656F,3,U
3B,6572,2,r
3B,6574,1,U
3B,6575,1,r
3B,6576,1,U
3B,6577,2,r
3B,6579,3,U
3B,657C,2,r
3B,657E,3,U
3B,6581,2,r
3B,6583,3,U
3B,6586,2,r
3B,6588,3,U
3B,658B,2,r
3B,658D,3,U
3B,6590,2,r
3B,6592,3,U
3B,6595,2,r
3B,6597,3,U
3B,659A,2,r
3B,659C,3,U
3B,659F,2,r
3B,65A1,3,U
3B,65A4,2,r
3B,65A6,3,U
3B,65A9,2,r
3B,65AB,3,U
3B,65AE,2,r
3B,65B0,3,U
3B,65B3,2,r
3B,65B5,3,U
3B,65B8,2,r
3B,65BA,3,U
3B,65BD,2,r
3B,65BF,3,U
3B,65C2,2,r
3B,65C4,3,U
3B,65C7,2,r
3B,65C9,3,U
3B,65CC,2,r
3B,65CE,3,U
3B,65D1,2,r
3B,65D3,3,U
3B,65D6,2,r
3B,65D8,3,U
3B,65DB,2,r
3B,65DD,3,U
3B,65E0,2,r
3B,65E2,3,U
3B,65E5,2,r
3B,65E7,3,U
3B,65EA,2,r
3B,65EC,3,U
3B,65EF,2,r
3B,65F1,3,U
3B,65F4,2,r
3B,65F6,3,U
3B,65F9,2,r
3B,65FB,3,U
3B,65FE,2,r
3B,6600,3,U
3B,6603,2,r
3B,6605,3,U
3B,6608,2,r
3B,660A,3,U
3B,660D,2,r
3B,660F,3,U
3B,6612,2,r
3B,6614,3,U
3B,6617,2,r
3B,6619,3,U
3B,661C,2,r
3B,661E,3,U
3B,6621,2,r
3B,6623,3,U
3B,6626,2,r
3B,6628,3,U
3B,662B,2,r
3B,662D,3,U
3B,6630,2,r
3B,6632,3,U
3B,6635,2,r
3B,6637,3,U
3B,663A,2,r
3B,663C,3,U
3B,663F,2,r
3B,6641,3,U
3B,6644,2,r
3B,6646,3,U
3B,6649,2,r
3B,664B,3,U
3B,664E,2,r
3B,6650,3,U
3B,6653,2,r
3B,6655,3,U
3B,6658,2,r
3B,665A,3,U
3B,665D,2,r
3B,665F,3,U
3B,6662,2,r
3B,6664,3,U
3B,6667,2,r
3B,6669,3,U
3B,666C,2,r
3B,666E,3,U
3B,6671,2,r
3B,6673,3,U
3B,6676,2,r
3B,6678,3,U
3B,667B,2,r
3B,667D,3,U
3B,6680,2,r
3B,6682,3,U
3B,6685,2,r
3B,6687,3,U
3B,668A,2,r
3B,668C,3,U
3B,668F,2,r
3B,6691,3,U
3B,6694,2,r
3B,6696,3,U
3B,6699,2,r
3B,669B,3,U
3B,669E,2,r
3B,66A0,3,U
3B,66A3,2,r
3B,66A5,3,U
3B,66A8,2,r
3B,66AA,3,U
3B,66AD,2,r
3B,66AF,3,U
3B,66B2,2,r
3B,66B4,3,U
3B,66B7,2,r
3B,66B9,3,U
3B,66BC,2,r
3B,66BE,3,U
3B,66C1,2,r
3B,66C3,3,U
3B,66C6,2,r
3B,66C8,3,U
3B,66CB,2,r
3B,66CD,3,U
3B,66D0,2,r
3B,66D2,3,U
3B,66D5,2,r
3B,66D7,3,U
3B,66DA,2,r
3B,66DC,3,U
3B,66DF,2,r
3B,66E1,3,U
3B,66E4,2,r
3B,66E6,3,U
3B,66E9,2,r
3B,66EB,3,U
3B,66EE,2,r
3B,66F0,3,U
3B,66F3,2,r
3B,66F5,3,U
3B,66F8,2,r
3B,66FA,3,U
3B,66FD,2,r
3B,66FF,3,U
3B,6702,2,r
3B,6704,3,U
3B,6707,2,r
3B,6709,3,U
3B,670C,2,r
3B,670E,3,U
3B,6711,2,r
3B,6713,3,U
3B,6716,2,r
3B,6718,3,U
3B,671B,2,r
3B,671D,3,U
3B,6720,2,r
3B,6722,3,U
3B,6725,2,r
3B,6727,3,U
3B,672A,2,r
3B,672C,3,U
3B,672F,2,r
3B,6731,3,U
3B,6734,2,r
3B,6736,3,U
3B,6739,2,r
3B,673B,3,U
3B,673E,2,r
3B,6740,3,U
3B,6743,2,r
3B,6745,3,U
3B,6748,2,r
3B,674A,3,U
3B,674D,2,r
3B,674F,3,U
3B,6752,2,r
3B,6754,3,U
3B,6757,2,r
3B,6759,3,U
3B,675C,2,r
3B,675E,3,U
3B,6761,2,r
3B,6763,3,U
3B,6766,2,r
3B,6768,3,U
3B,676B,2,r
3B,676D,3,U
3B,6770,2,r
3B,6772,3,U
3B,6775,2,r
3B,6777,3,U
3B,677A,2,r
3B,677C,3,U
3B,677F,2,r
3B,6781,3,U
3B,6784,2,r
3B,6786,3,U
3B,6789,2,r
3B,678B,3,U
3B,678E,2,r
3B,6790,3,U
3B,6793,2,r
3B,6795,3,U
3B,6798,2,r
3B,679A,3,U
3B,679D,2,r
3B,679F,3,U
3B,67A2,2,r
3B,67A4,3,U
3B,67A7,2,r
3B,67A9,3,U
3B,67AC,2,r
3B,67AE,3,U
3B,67B1,2,r
3B,67B3,3,U
3B,67B6,2,r
3B,67B8,3,U
3B,67BB,2,r
3B,67BD,3,U
3B,67C0,2,r
3B,67C2,3,U
3B,67C5,2,r
3B,67C7,3,U
3B,67CA,2,r
3B,67CC,3,U
3B,67CF,2,r
3B,67D1,3,U
3B,67D4,2,r
3B,67D6,3,U
3B,67D9,2,r
3B,67DB,3,U
3B,67DE,2,r
3B,67E0,3,U
3B,67E3,2,r
3B,67E5,3,U
3B,67E8,2,r
3B,67EA,3,U
3B,67ED,2,r
3B,67EF,3,U
3B,67F2,2,r
3B,67F4,3,U
3B,67F7,2,r
3B,67F9,3,U
3B,67FC,2,r
3B,67FE,3,U
3B,6801,2,r
3B,6803,3,U
3B,6806,2,r
3B,6808,3,U
3B,680B,2,r
3B,680D,3,U
3B,6810,2,r
3B,6812,3,U
3B,6815,2,r
3B,6817,3,U
3B,681A,2,r
3B,681C,3,U
3B,681F,2,r
3B,6821,3,U
3B,6824,2,r
3B,6826,3,U
3B,6829,2,r
3B,682B,3,U
3B,682E,2,r
3B,6830,3,U
3B,6833,2,r
3B,6835,3,U
3B,6838,2,r
3B,683A,3,U
3B,683D,2,r
3B,683F,3,U
3B,6842,2,r
3B,6844,3,U
3B,6847,2,r
3B,6849,3,U
3B,684C,2,r
3B,684E,3,U
3B,6851,2,r
3B,6853,3,U
3B,6856,2,r
3B,6858,3,U
3B,685B,2,r
3B,685D,3,U
3B,6860,2,r
3B,6862,3,U
3B,6865,2,r
3B,6867,3,U
3B,686A,2,r
3B,686C,3,U
3B,686F,2,r
3B,6871,3,U
3B,6874,2,r
3B,6876,3,U
3B,6879,2,r
3B,687B,3,U
3B,687E,2,r
3B,6880,3,U
3B,6883,2,r
3B,6885,3,U
3B,6888,2,r
3B,688A,3,U
3B,688D,2,r
3B,688F,3,U
3B,6892,2,r
3B,6894,3,U
3B,6897,2,r
3B,6899,3,U
3B,689C,2,r
3B,689E,3,U
3B,68A1,2,r
3B,68A3,3,U
3B,68A6,2,r
3B,68A8,3,U
3B,68AB,2,r
3B,68AD,3,U
3B,68B0,2,r
3B,68B2,3,U
3B,68B5,2,r
3B,68B7,3,U
3B,68BA,2,r
3B,68BC,3,U
3B,68BF,2,r
3B,68C1,3,U
3B,68C4,2,r
3B,68C6,3,U
3B,68C9,2,r
3B,68CB,3,U
3B,68CE,2,r
3B,68D0,3,U
3B,68D3,2,r
3B,68D5,3,U
3B,68D8,2,r
3B,68DA,3,U
3B,68DD,2,r
3B,68DF,3,U
3B,68E2,2,r
3B,68E4,3,U
3B,68E7,2,r
3B,68E9,3,U
3B,68EC,2,r
3B,68EE,3,U
3B,68F1,2,r
3B,68F3,3,U
3B,68F6,2,r
3B,68F8,3,U
3B,68FB,2,r
3B,68FD,3,U
3B,6900,2,r
3B,6902,3,U
3B,6905,2,r
3B,6907,3,U
3B,690A,2,r
3B,690C,3,U
3B,690F,2,r
3B,6911,3,U
3B,6914,2,r
3B,6916,3,U
3B,6919,2,r
3B,691B,3,U
3B,691E,2,r
3B,6920,3,U
3B,6923,2,r
3B,6925,3,U
3B,6928,2,r
3B,692A,3,U
3B,692D,2,r
3B,692F,3,U
3B,6932,2,r
3B,6934,3,U
3B,6937,2,r
3B,6939,3,U
3B,693C,2,r
3B,693E,3,U
3B,6941,2,r
3B,6943,3,U
3B,6946,2,r
3B,6948,3,U
3B,694B,2,r
3B,694D,3,U
3B,6950,2,r
3B,6952,3,U
3B,6955,2,r
3B,6957,3,U
3B,695A,2,r
3B,695C,3,U
3B,695F,2,r
3B,6961,3,U
3B,6964,2,r
3B,6966,3,U
3B,6969,2,r
3B,696B,3,U
3B,696E,2,r
3B,6970,3,U
3B,6973,2,r
3B,6975,3,U
3B,6978,2,r
3B,697A,3,U
3B,697D,2,r
3B,697F,3,U
3B,6982,2,r
3B,6984,3,U
3B,6987,2,r
3B,6989,3,U
3B,698C,2,r
3B,698E,3,U
3B,6991,2,r
3B,6993,3,U
3B,6996,2,r
3B,6998,3,U
3B,699B,2,r
3B,699D,3,U
3B,69A0,2,r
3B,69A2,3,U
3B,69A5,2,r
3B,69A7,3,U
3B,69AA,2,r
3B,69AC,3,U
3B,69AF,2,r
3B,69B1,3,U
3B,69B4,2,r
3B,69B6,3,U
3B,69B9,2,r
3B,69BB,3,U
3B,69BE,2,r
3B,69C0,3,U
3B,69C3,2,r
3B,69C5,3,U
3B,69C8,2,r
3B,69CA,3,U
3B,69CD,2,r
3B,69CF,3,U
3B,69D2,2,r
3B,69D4,3,U
3B,69D7,2,r
3B,69D9,3,U
3B,69DC,2,r
3B,69DE,3,U
3B,69E1,2,r
3B,69E3,3,U
3B,69E6,2,r
3B,69E8,3,U
3B,69EB,2,r
3B,69ED,3,U
3B,69F0,2,r
3B,69F2,3,U
3B,69F5,2,r
3B,69F7,3,U
3B,69FA,2,r
3B,69FC,3,U
3B,69FF,2,r
3B,6A01,3,U
3B,6A04,2,r
3B,6A06,3,U
3B,6A09,2,r
3B,6A0B,3,U
3B,6A0E,2,r
3B,6A10,3,U
3B,6A13,2,r
3B,6A15,3,U
3B,6A18,2,r
3B,6A1A,3,U
3B,6A1D,2,r
3B,6A1F,3,U
3B,6A22,2,r
3B,6A24,3,U
3B,6A27,2,r
3B,6A29,3,U
3B,6A2C,2,r
3B,6A2E,3,U
3B,6A31,2,r
3B,6A33,3,U
3B,6A36,2,r
3B,6A38,3,U
3B,6A3B,2,r
3B,6A3D,3,U
3B,6A40,2,r
3B,6A42,3,U
3B,6A45,2,r
3B,6A47,3,U
3B,6A4A,2,r
3B,6A4C,3,U
3B,6A4F,2,r
3B,6A51,3,U
3B,6A54,2,r
3B,6A56,3,U
3B,6A59,2,r
3B,6A5B,3,U
3B,6A5E,2,r
3B,6A60,3,U
3B,6A63,2,r
3B,6A65,3,U
3B,6A68,2,r
3B,6A6A,3,U
3B,6A6D,2,r
3B,6A6F,3,U
3B,6A72,2,r
3B,6A74,3,U
3B,6A77,2,r
3B,6A79,3,U
3B,6A7C,2,r
3B,6A7E,3,U
3B,6A81,2,r
3B,6A83,3,U
3B,6A86,2,r
3B,6A88,3,U
3B,6A8B,2,r
3B,6A8D,3,U
3B,6A90,2,r
3B,6A92,3,U
3B,6A95,2,r
3B,6A97,3,U
3B,6A9A,2,r
3B,6A9C,3,U
3B,6A9F,2,r
3B,6AA1,3,U
3B,6AA4,2,r
3B,6AA6,3,U
3B,6AA9,2,r
3B,6AAB,3,U
3B,6AAE,2,r
3B,6AB0,3,U
3B,6AB3,2,r
3B,6AB5,3,U
3B,6AB8,2,r
3B,6ABA,3,U
3B,6ABD,2,r
3B,6ABF,3,U
3B,6AC2,2,r
3B,6AC4,3,U
3B,6AC7,2,r
3B,6AC9,3,U
3B,6ACC,2,r
3B,6ACE,3,U
3B,6AD1,2,r
3B,6AD3,3,U
3B,6AD6,2,r
3B,6AD8,3,U
3B,6ADB,2,r
3B,6ADD,3,U
3B,6AE0,2,r
3B,6AE2,3,U
3B,6AE5,2,r
3B,6AE7,3,U
3B,6AEA,2,r
3B,6AEC,3,U
3B,6AEF,2,r
3B,6AF1,3,U
3B,6AF4,2,r
3B,6AF6,3,U
3B,6AF9,2,r
3B,6AFB,3,U
3B,6AFE,2,r
3B,6B00,3,U
3B,6B03,2,r
3B,6B05,3,U
3B,6B08,2,r
3B,6B0A,3,U
3B,6B0D,2,r
3B,6B0F,3,U
3B,6B12,2,r
3B,6B14,3,U
3B,6B17,2,r
3B,6B19,3,U
3B,6B1C,2,r
3B,6B1E,3,U
3B,6B21,2,r
3B,6B23,3,U
3B,6B26,2,r
3B,6B28,3,U
3B,6B2B,2,r
3B,6B2D,3,U
3B,6B30,2,r
3B,6B32,3,U
3B,6B35,2,r
3B,6B37,3,U
3B,6B3A,2,r
3B,6B3C,3,U
3B,6B3F,2,r
3B,6B41,3,U
3B,6B44,2,r
3B,6B46,3,U
3B,6B49,2,r
3B,6B4B,3,U
3B,6B4E,2,r
3B,6B50,3,U
3B,6B53,2,r
3B,6B55,3,U
3B,6B58,2,r
3B,6B5A,3,U
3B,6B5D,2,r
3B,6B5F,3,U
3B,6B62,2,r
3B,6B64,3,U
3B,6B67,2,r
3B,6B69,3,U
3B,6B6C,2,r
3B,6B6E,3,U
3B,6B71,2,r
3B,6B73,3,U
3B,6B76,2,r
3B,6B78,3,U
3B,6B7B,2,r
3B,6B7D,3,U
3B,6B80,2,r
3B,6B82,3,U
3B,6B85,2,r
3B,6B87,3,U
3B,6B8A,2,r
3B,6B8C,3,U
3B,6B8F,2,r
3B,6B91,3,U
3B,6B94,2,r
3B,6B96,3,U
3B,6B99,2,r
3B,6B9B,3,U
3B,6B9E,2,r
3B,6BA0,3,U
3B,6BA3,2,r
3B,6BA5,3,U
3B,6BA8,2,r
3B,6BAA,3,U
3B,6BAD,2,r
3B,6BAF,3,U
3B,6BB2,2,r
3B,6BB4,3,U
3B,6BB7,2,r
3B,6BB9,3,U
3B,6BBC,2,r
3B,6BBE,3,U
3B,6BC1,2,r
3B,6BC3,3,U
3B,6BC6,2,r
3B,6BC8,3,U
3B,6BCB,2,r
3B,6BCD,3,U
3B,6BD0,2,r
3B,6BD2,3,U
3B,6BD5,2,r
3B,6BD7,3,U
3B,6BDA,2,r
3B,6BDC,3,U
3B,6BDF,2,r
3B,6BE1,3,U
3B,6BE4,2,r
3B,6BE6,3,U
3B,6BE9,2,r
3B,6BEB,3,U
3B,6BEE,2,r
3B,6BF0,3,U
3B,6BF3,2,r
3B,6BF5,3,U
3B,6BF8,2,r
3B,6BFA,3,U
3B,6BFD,2,r
3B,6BFF,3,U
3B,6C02,2,r
3B,6C04,3,U
3B,6C07,2,r
3B,6C09,3,U
3B,6C0C,2,r
3B,6C0E,3,U
3B,6C11,2,r
3B,6C13,3,U
3B,6C16,2,r
3B,6C18,3,U
3B,6C1B,2,r
3B,6C1D,3,U
3B,6C20,2,r
3B,6C22,3,U
3B,6C25,2,r
3B,6C27,3,U
3B,6C2A,2,r
3B,6C2C,3,U
3B,6C2F,2,r
3B,6C31,3,U
3B,6C34,2,r
3B,6C36,3,U
3B,6C39,2,r
3B,6C3B,3,U
3B,6C3E,2,r
3B,6C40,3,U
3B,6C43,2,r
3B,6C45,3,U
3B,6C48,2,r
3B,6C4A,3,U
3B,6C4D,2,r
3B,6C4F,3,U
3B,6C52,2,r
3B,6C54,3,U
3B,6C57,2,r
3B,6C59,3,U
3B,6C5C,2,r
3B,6C5E,3,U
3B,6C61,2,r
3B,6C63,3,U
3B,6C66,2,r
3B,6C68,3,U
3B,6C6B,2,r
3B,6C6D,3,U
3B,6C70,2,r
3B,6C72,3,U
3B,6C75,2,r
3B,6C77,3,U
3B,6C7A,2,r
3B,6C7C,3,U
3B,6C7F,2,r
3B,6C81,3,U
3B,6C84,2,r
3B,6C86,3,U
3B,6C89,2,r
3B,6C8B,3,U
3B,6C8E,2,r
3B,6C90,3,U
3B,6C93,2,r
3B,6C95,3,U
3B,6C98,2,r
3B,6C9A,3,U
3B,6C9D,2,r
3B,6C9F,3,U
3B,6CA2,2,r
3B,6CA4,3,U
3B,6CA7,2,r
3B,6CA9,3,U
3B,6CAC,2,r
3B,6CAE,3,U
3B,6CB1,2,r
3B,6CB3,3,U
3B,6CB6,2,r
3B,6CB8,3,U
3B,6CBB,2,r
3B,6CBD,3,U
3B,6CC0,2,r
3B,6CC2,3,U
3B,6CC5,2,r
3B,6CC7,3,U
3B,6CCA,2,r
3B,6CCC,3,U
3B,6CCF,2,r
3B,6CD1,3,U
3B,6CD4,2,r
3B,6CD6,3,U
3B,6CD9,2,r
3B,6CDB,3,U
3B,6CDE,2,r
3B,6CE0,3,U
3B,6CE3,2,r
3B,6CE5,3,U
3B,6CE8,2,r
3B,6CEA,3,U
3B,6CED,2,r
3B,6CEF,3,U
3B,6CF2,2,r
3B,6CF4,3,U
3B,6CF7,2,r
3B,6CF9,3,U
3B,6CFC,2,r
3B,6CFE,3,U
3B,6D01,2,r
3B,6D03,3,U
3B,6D06,2,r
3B,6D08,3,U
3B,6D0B,2,r
3B,6D0D,3,U
3B,6D10,2,r
3B,6D12,3,U
3B,6D15,2,r
3B,6D17,3,U
3B,6D1A,2,r
3B,6D1C,3,U
3B,6D1F,2,r
3B,6D21,3,U
3B,6D24,2,r
3B,6D26,3,U
3B,6D29,2,r
3B,6D2B,3,U
3B,6D2E,2,r
3B,6D30,3,U
3B,6D33,2,r
3B,6D35,3,U
3B,6D38,2,r
3B,6D3A,3,U
3B,6D3D,2,r
3B,6D3F,3,U
3B,6D42,2,r
3B,6D44,3,U
3B,6D47,2,r
3B,6D49,3,U
3B,6D4C,2,r
3B,6D4E,3,U
3B,6D51,2,r
3B,6D53,3,U
3B,6D56,2,r
3B,6D58,3,U
3B,6D5B,2,r
3B,6D5D,3,U
3B,6D60,2,r
3B,6D62,3,U
3B,6D65,2,r
3B,6D67,3,U
3B,6D6A,2,r
3B,6D6C,3,U
3B,6D6F,2,r
3B,6D71,3,U
3B,6D74,2,r
3B,6D76,3,U
3B,6D79,2,r
3B,6D7B,3,U
3B,6D7E,2,r
3B,6D80,3,U
3B,6D83,2,r
3B,6D85,3,U
3B,6D88,2,r
3B,6D8A,3,U
3B,6D8D,2,r
3B,6D8F,3,U
3B,6D92,2,r
3B,6D94,3,U
3B,6D97,2,r
3B,6D99,3,U
3B,6D9C,2,r
3B,6D9E,3,U
3B,6DA1,2,r
3B,6DA3,3,U
3B,6DA6,2,r
3B,6DA8,3,U
3B,6DAB,2,r
3B,6DAD,3,U
3B,6DB0,2,r
3B,6DB2,3,U
3B,6DB5,2,r
3B,6DB7,3,U
3B,6DBA,2,r
3B,6DBC,3,U
3B,6DBF,2,r
3B,6DC1,3,U
3B,6DC4,2,r
3B,6DC6,3,U
3B,6DC9,2,r
3B,6DCB,3,U
3B,6DCE,2,r
3B,6DD0,3,U
3B,6DD3,2,r
3B,6DD5,3,U
3B,6DD8,2,r
3B,6DDA,3,U
3B,6DDD,2,r
3B,6DDF,3,U
3B,6DE2,2,r
3B,6DE4,3,U
3B,6DE7,2,r
3B,6DE9,3,U
3B,6DEC,2,r
3B,6DEE,3,U
3B,6DF1,2,r
3B,6DF3,3,U
3B,6DF6,2,r
3B,6DF8,3,U
3B,6DFB,2,r
3B,6DFD,3,U
3B,6E00,2,r
3B,6E02,3,U
3B,6E05,2,r
3B,6E07,3,U
3B,6E0A,2,r
3B,6E0C,3,U
3B,6E0F,2,r
3B,6E11,3,U
3B,6E14,2,r
3B,6E16,3,U
3B,6E19,2,r
3B,6E1B,3,U
3B,6E1E,2,r
3B,6E20,3,U
3B,6E23,2,r
3B,6E25,3,U
3B,6E28,2,r
3B,6E2A,3,U
3B,6E2D,2,r
3B,6E2F,3,U
3B,6E32,2,r
3B,6E34,3,U
3B,6E37,2,r
3B,6E39,3,U
3B,6E3C,2,r
3B,6E3E,3,U
3B,6E41,2,r
3B,6E43,3,U
3B,6E46,2,r
3B,6E48,3,U
3B,6E4B,2,r
3B,6E4D,3,U
3B,6E50,2,r
3B,6E52,3,U
3B,6E55,2,r
3B,6E57,3,U
3B,6E5A,2,r
3B,6E5C,3,U
3B,6E5F,2,r
3B,6E61,3,U
3B,6E64,2,r
3B,6E66,3,U
3B,6E69,2,r
3B,6E6B,3,U
3B,6E6E,2,r
3B,6E70,3,U
3B,6E73,2,r
3B,6E75,3,U
3B,6E78,2,r
3B,6E7A,3,U
3B,6E7D,2,r
3B,6E7F,3,U
3B,6E82,2,r
3B,6E84,3,U
3B,6E87,2,r
3B,6E89,3,U
3B,6E8C,2,r
3B,6E8E,3,U
3B,6E91,2,r
3B,6E93,3,U
3B,6E96,2,r
3B,6E98,3,U
3B,6E9B,2,r
3B,6E9D,3,U
3B,6EA0,2,r
3B,6EA2,3,U
3B,6EA5,2,r
3B,6EA7,3,U
3B,6EAA,2,r
3B,6EAC,3,U
3B,6EAF,2,r
3B,6EB1,3,U
3B,6EB4,2,r
3B,6EB6,3,U
3B,6EB9,2,r
3B,6EBB,3,U
3B,6EBE,2,r
3B,6EC0,3,U
3B,6EC3,2,r
3B,6EC5,3,U
3B,6EC8,2,r
3B,6ECA,3,U
3B,6ECD,2,r
3B,6ECF,3,U
3B,6ED2,2,r
3B,6ED4,3,U
3B,6ED7,2,r
3B,6ED9,3,U
3B,6EDC,2,r
3B,6EDE,3,U
3B,6EE1,2,r
3B,6EE3,3,U
3B,6EE6,2,r
3B,6EE8,3,U
3B,6EEB,2,r
3B,6EED,3,U
3B,6EF0,2,r
3B,6EF2,3,U
3B,6EF5,2,r
3B,6EF7,3,U
3B,6EFA,2,r
3B,6EFC,3,U
3B,6EFF,2,r
3B,6F01,3,U
3B,6F04,2,r
3B,6F06,3,U
3B,6F09,2,r
3B,6F0B,3,U
3B,6F0E,2,r
3B,6F10,3,U
3B,6F13,2,r
3B,6F15,3,U
3B,6F18,2,r
3B,6F1A,3,U
3B,6F1D,2,r
3B,6F1F,3,U
3B,6F22,2,r
3B,6F24,3,U
3B,6F27,2,r
3B,6F29,3,U
3B,6F2C,2,r
3B,6F2E,3,U
3B,6F31,2,r
3B,6F33,3,U
3B,6F36,32,r
3B,6F56,3,U
3B,6F59,2,r
3B,6F5B,3,U
3B,6F5E,2,r
3B,6F60,3,U
3B,6F63,2,r
3B,6F65,3,U
3B,6F68,2,r
3B,6F6A,3,U
3B,6F6D,2,r
3B,6F6F,3,U
3B,6F72,2,r
3B,6F74,3,U
3B,6F77,2,r
3B,6F79,3,U
3B,6F7C,2,r
3B,6F7E,3,U
3B,6F81,2,r
3B,6F83,3,U
3B,6F86,2,r
3B,6F88,3,U
3B,6F8B,2,r
3B,6F8D,3,U
3B,6F90,2,r
3B,6F92,3,U
3B,6F95,2,r
3B,6F97,3,U
3B,6F9A,2,r
3B,6F9C,3,U
3B,6F9F,2,r
3B,6FA1,3,U
3B,6FA4,2,r
3B,6FA6,3,U
3B,6FA9,2,r
3B,6FAB,3,U
3B,6FAE,2,r
3B,6FB0,3,U
3B,6FB3,2,r
3B,6FB5,3,U
3B,6FB8,2,r
3B,6FBA,3,U
3B,6FBD,2,r
3B,6FBF,3,U
3B,6FC2,2,r
3B,6FC4,3,U
3B,6FC7,2,r
3B,6FC9,3,U
3B,6FCC,2,r
3B,6FCE,3,U
3B,6FD1,2,r
3B,6FD3,3,U
3B,6FD6,2,r
3B,6FD8,3,U
3B,6FDB,2,r
3B,6FDD,3,U
3B,6FE0,2,r
3B,6FE2,3,U
3B,6FE5,2,r
3B,6FE7,3,U
3B,6FEA,2,r
3B,6FEC,3,U
3B,6FEF,2,r
3B,6FF1,3,U
3B,6FF4,2,r
3B,6FF6,3,U
3B,6FF9,2,r
3B,6FFB,3,U
3B,6FFE,2,r
3B,7000,3,U
3B,7003,2,r
3B,7005,3,U
3B,7008,2,r
3B,700A,3,U
3B,700D,2,r
3B,700F,3,U
3B,7012,2,r
3B,7014,3,U
3B,7017,2,r
3B,7019,3,U
3B,701C,2,r
3B,701E,3,U
3B,7021,2,r
3B,7023,3,U
3B,7026,2,r
3B,7028,3,U
3B,702B,2,r
3B,702D,3,U
3B,7030,2,r
3B,7032,3,U
3B,7035,2,r
3B,7037,3,U
3B,703A,2,r
3B,703C,3,U
3B,703F,2,r
3B,7041,3,U
3B,7044,2,r
3B,7046,3,U
3B,7049,2,r
3B,704B,3,U
3B,704E,2,r
3B,7050,3,U
3B,7053,2,r
3B,7055,3,U
3B,7058,2,r
3B,705A,3,U
3B,705D,2,r
3B,705F,3,U
3B,7062,2,r
3B,7064,3,U
3B,7067,2,r
3B,7069,3,U
3B,706C,2,r
3B,706E,3,U
3B,7071,2,r
3B,7073,3,U
3B,7076,2,r
3B,7078,3,U
3B,707B,2,r
3B,707D,3,U
3B,7080,2,r
3B,7082,3,U
3B,7085,2,r
3B,7087,3,U
3B,708A,2,r
3B,708C,3,U
3B,708F,2,r
3B,7091,3,U
3B,7094,2,r
3B,7096,3,U
3B,7099,2,r
3B,709B,3,U
3B,709E,2,r
3B,70A0,3,U
3B,70A3,2,r
3B,70A5,3,U
3B,70A8,2,r
3B,70AA,3,U
3B,70AD,2,r
3B,70AF,3,U
3B,70B2,2,r
3B,70B4,3,U
3B,70B7,2,r
3B,70B9,3,U
3B,70BC,2,r
3B,70BE,3,U
3B,70C1,2,r
3B,70C3,3,U
3B,70C6,2,r
3B,70C8,3,U
3B,70CB,2,r
3B,70CD,3,U
3B,70D0,2,r
3B,70D2,3,U
3B,70D5,2,r
3B,70D7,3,U
3B,70DA,2,r
3B,70DC,3,U
3B,70DF,2,r
3B,70E1,3,U
3B,70E4,2,r
3B,70E6,3,U
3B,70E9,2,r
3B,70EB,3,U
3B,70EE,2,r
3B,70F0,3,U
3B,70F3,2,r
3B,70F5,3,U
3B,70F8,2,r
3B,70FA,3,U
3B,70FD,2,r
3B,70FF,3,U
3B,7102,2,r
3B,7104,3,U
3B,7107,2,r
3B,7109,3,U
3B,710C,2,r
3B,710E,3,U
3B,7111,2,r
3B,7113,3,U
3B,7116,2,r
3B,7118,3,U
3B,711B,2,r
3B,711D,3,U
3B,7120,2,r
3B,7122,3,U
3B,7125,2,r
3B,7127,3,U
3B,712A,2,r
3B,712C,3,U
3B,712F,2,r
3B,7131,3,U
3B,7134,2,r
3B,7136,3,U
3B,7139,2,r
3B,713B,3,U
3B,713E,2,r
3B,7140,3,U
3B,7143,2,r
3B,7145,3,U
3B,7148,2,r
3B,714A,3,U
3B,714D,2,r
3B,714F,3,U
3B,7152,2,r
3B,7154,3,U
3B,7157,2,r
3B,7159,3,U
3B,715C,2,r
3B,715E,3,U
3B,7161,2,r
3B,7163,3,U
3B,7166,2,r
3B,7168,3,U
3B,716B,2,r
3B,716D,3,U
3B,7170,2,r
3B,7172,3,U
3B,7175,2,r
3B,7177,3,U
3B,717A,2,r
3B,717C,3,U
3B,717F,2,r
3B,7181,3,U
3B,7184,2,r
3B,7186,3,U
3B,7189,2,r
3B,718B,3,U
3B,718E,2,r
3B,7190,3,U
3B,7193,2,r
3B,7195,3,U
3B,7198,2,r
3B,719A,3,U
3B,719D,2,r
3B,719F,3,U
3B,71A2,2,r
3B,71A4,3,U
3B,71A7,2,r
3B,71A9,3,U
3B,71AC,2,r
3B,71AE,3,U
3B,71B1,2,r
3B,71B3,3,U
3B,71B6,2,r
3B,71B8,3,U
3B,71BB,2,r
3B,71BD,3,U
3B,71C0,2,r
3B,71C2,3,U
3B,71C5,2,r
3B,71C7,3,U
3B,71CA,2,r
3B,71CC,3,U
3B,71CF,2,r
3B,71D1,3,U
3B,71D4,2,r
3B,71D6,3,U
3B,71D9,2,r
3B,71DB,3,U
3B,71DE,2,r
3B,71E0,3,U
3B,71E3,2,r
3B,71E5,3,U
3B,71E8,2,r
3B,71EA,3,U
3B,71ED,2,r
3B,71EF,3,U
3B,71F2,2,r
3B,71F4,3,U
3B,71F7,2,r
3B,71F9,3,U
3B,71FC,2,r
3B,71FE,3,U
3B,7201,2,r
3B,7203,3,U
3B,7206,2,r
3B,7208,3,U
3B,720B,2,r
3B,720D,3,U
3B,7210,2,r
3B,7212,3,U
3B,7215,2,r
3B,7217,3,U
3B,721A,2,r
3B,721C,3,U
3B,721F,2,r
3B,7221,3,U
3B,7224,2,r
3B,7226,3,U
3B,7229,2,r
3B,722B,3,U
3B,722E,2,r
3B,7230,3,U
3B,7233,2,r
3B,7235,3,U
3B,7238,2,r
3B,723A,3,U
3B,723D,2,r
3B,723F,3,U
3B,7242,2,r
3B,7244,3,U
3B,7247,2,r
3B,7249,3,U
3B,724C,2,r
3B,724E,3,U
3B,7251,2,r
3B,7253,3,U
3B,7256,2,r
3B,7258,3,U
3B,725B,2,r
3B,725D,3,U
3B,7260,2,r
3B,7262,3,U
3B,7265,2,r
3B,7267,3,U
3B,726A,2,r
3B,726C,3,U
3B,726F,2,r
3B,7271,3,U
3B,7274,2,r
3B,7276,3,U
3B,7279,2,r
3B,727B,3,U
3B,727E,2,r
3B,7280,3,U
3B,7283,2,r
3B,7285,3,U
3B,7288,2,r
3B,728A,3,U
3B,728D,2,r
3B,728F,3,U
3B,7292,2,r
3B,7294,3,U
3B,7297,2,r
3B,7299,3,U
3B,729C,2,r
3B,729E,3,U
3B,72A1,2,r
3B,72A3,3,U
3B,72A6,2,r
3B,72A8,3,U
3B,72AB,2,r
3B,72AD,3,U
3B,72B0,2,r
3B,72B2,3,U
3B,72B5,2,r
3B,72B7,3,U
3B,72BA,2,r
3B,72BC,3,U
3B,72BF,2,r
3B,72C1,3,U
3B,72C4,2,r
3B,72C6,3,U
3B,72C9,2,r
3B,72CB,3,U
3B,72CE,2,r
3B,72D0,3,U
3B,72D3,2,r
3B,72D5,3,U
3B,72D8,2,r
3B,72DA,3,U
3B,72DD,2,r
3B,72DF,3,U
3B,72E2,2,r
3B,72E4,3,U
3B,72E7,2,r
3B,72E9,3,U
3B,72EC,2,r
3B,72EE,3,U
3B,72F1,2,r
3B,72F3,3,U
3B,72F6,2,r
3B,72F8,3,U
3B,72FB,2,r
3B,72FD,3,U
3B,7300,2,r
3B,7302,3,U
3B,7305,2,r
3B,7307,3,U
3B,730A,2,r
3B,730C,3,U
3B,730F,2,r
3B,7311,3,U
3B,7314,2,r
3B,7316,3,U
3B,7319,2,r
3B,731B,3,U
3B,731E,2,r
3B,7320,3,U
3B,7323,2,r
3B,7325,3,U
3B,7328,2,r
3B,732A,3,U
3B,732D,2,r
3B,732F,3,U
3B,7332,2,r
3B,7334,3,U
3B,7337,2,r
3B,7339,3,U
3B,733C,2,r
3B,733E,3,U
3B,7341,2,r
3B,7343,3,U
3B,7346,2,r
3B,7348,3,U
3B,734B,2,r
3B,734D,3,U
3B,7350,2,r
3B,7352,3,U
3B,7355,2,r
3B,7357,3,U
3B,735A,2,r
3B,735C,3,U
3B,735F,2,r
3B,7361,3,U
3B,7364,2,r
3B,7366,3,U
3B,7369,2,r
3B,736B,3,U
3B,736E,2,r
3B,7370,3,U
3B,7373,2,r
3B,7375,3,U
3B,7378,2,r
3B,737A,3,U
3B,737D,2,r
3B,737F,3,U
3B,7382,2,r
3B,7384,3,U
3B,7387,2,r
3B,7389,3,U
3B,738C,2,r
3B,738E,3,U
3B,7391,2,r
3B,7393,3,U
3B,7396,2,r
3B,7398,3,U
3B,739B,2,r
3B,739D,3,U
3B,73A0,2,r
3B,73A2,3,U
3B,73A5,2,r
3B,73A7,3,U
3B,73AA,2,r
3B,73AC,3,U
3B,73AF,2,r
3B,73B1,3,U
3B,73B4,2,r
3B,73B6,3,U
3B,73B9,2,r
3B,73BB,3,U
3B,73BE,2,r
3B,73C0,3,U
3B,73C3,2,r
3B,73C5,3,U
3B,73C8,2,r
3B,73CA,3,U
3B,73CD,2,r
3B,73CF,3,U
3B,73D2,2,r
3B,73D4,3,U
3B,73D7,2,r
3B,73D9,3,U
3B,73DC,2,r
3B,73DE,3,U
3B,73E1,2,r
3B,73E3,3,U
3B,73E6,2,r
3B,73E8,3,U
3B,73EB,2,r
3B,73ED,3,U
3B,73F0,2,r
3B,73F2,3,U
3B,73F5,2,r
3B,73F7,3,U
3B,73FA,2,r
3B,73FC,3,U
3B,73FF,2,r
3B,7401,3,U
3B,7404,2,r
3B,7406,3,U
3B,7409,2,r
3B,740B,3,U
3B,740E,2,r
3B,7410,3,U
3B,7413,2,r
3B,7415,3,U
3B,7418,2,r
3B,741A,3,U
3B,741D,2,r
3B,741F,3,U
3B,7422,2,r
3B,7424,3,U
3B,7427,2,r
3B,7429,3,U
3B,742C,2,r
3B,742E,3,U
3B,7431,2,r
3B,7433,3,U
3B,7436,2,r
3B,7438,3,U
3B,743B,2,r
3B,743D,3,U
3B,7440,2,r
3B,7442,3,U
3B,7445,2,r
3B,7447,3,U
3B,744A,2,r
3B,744C,3,U
3B,744F,2,r
3B,7451,3,U
3B,7454,2,r
3B,7456,3,U
3B,7459,2,r
3B,745B,3,U
3B,745E,2,r
3B,7460,3,U
3B,7463,2,r
3B,7465,3,U
3B,7468,2,r
3B,746A,3,U
3B,746D,2,r
3B,746F,3,U
3B,7472,2,r
3B,7474,3,U
3B,7477,2,r
3B,7479,3,U
3B,747C,2,r
3B,747E,3,U
3B,7481,2,r
3B,7483,3,U
3B,7486,2,r
3B,7488,3,U
3B,748B,2,r
3B,748D,3,U
3B,7490,2,r
3B,7492,3,U
3B,7495,2,r
3B,7497,3,U
3B,749A,2,r
3B,749C,3,U
3B,749F,2,r
3B,74A1,3,U
3B,74A4,2,r
3B,74A6,3,U
3B,74A9,2,r
3B,74AB,3,U
3B,74AE,2,r
3B,74B0,3,U
3B,74B3,2,r
3B,74B5,3,U
3B,74B8,2,r
3B,74BA,3,U
3B,74BD,2,r
3B,74BF,3,U
3B,74C2,2,r
3B,74C4,3,U
3B,74C7,2,r
3B,74C9,3,U
3B,74CC,2,r
3B,74CE,3,U
3B,74D1,2,r
3B,74D3,3,U
3B,74D6,2,r
3B,74D8,3,U
3B,74DB,2,r
3B,74DD,3,U
3B,74E0,2,r
3B,74E2,3,U
3B,74E5,2,r
3B,74E7,3,U
3B,74EA,2,r
3B,74EC,3,U
3B,74EF,2,r
3B,74F1,3,U
3B,74F4,2,r
3B,74F6,3,U
3B,74F9,2,r
3B,74FB,3,U
3B,74FE,2,r
3B,7500,3,U
3B,7503,2,r
3B,7505,3,U
3B,7508,2,r
3B,750A,3,U
3B,750D,2,r
3B,750F,3,U
3B,7512,2,r
3B,7514,3,U
3B,7517,2,r
3B,7519,3,U
3B,751C,2,r
3B,751E,3,U
3B,7521,2,r
3B,7523,3,U
3B,7526,2,r
3B,7528,3,U
3B,752B,2,r
3B,752D,3,U
3B,7530,2,r
3B,7532,3,U
3B,7535,2,r
3B,7537,3,U
3B,753A,2,r
3B,753C,3,U
3B,753F,2,r
3B,7541,3,U
3B,7544,2,r
3B,7546,3,U
3B,7549,2,r
3B,754B,3,U
3B,754E,2,r
3B,7550,3,U
3B,7553,2,r
3B,7555,3,U
3B,7558,2,r
3B,755A,3,U
3B,755D,2,r
3B,755F,3,U
3B,7562,2,r
3B,7564,3,U
3B,7567,2,r
3B,7569,3,U
3B,756C,2,r
3B,756E,3,U
3B,7571,2,r
3B,7573,3,U
3B,7576,2,r
3B,7578,3,U
3B,757B,2,r
3B,757D,3,U
3B,7580,2,r
3B,7582,3,U
3B,7585,2,r
3B,7587,3,U
3B,758A,2,r
3B,758C,3,U
3B,758F,2,r
3B,7591,3,U
3B,7594,2,r
3B,7596,3,U
3B,7599,2,r
3B,759B,3,U
3B,759E,2,r
3B,75A0,3,U
3B,75A3,2,r
3B,75A5,3,U
3B,75A8,2,r
3B,75AA,3,U
3B,75AD,2,r
3B,75AF,3,U
3B,75B2,2,r
3B,75B4,3,U
3B,75B7,2,r
3B,75B9,3,U
3B,75BC,2,r
3B,75BE,3,U
3B,75C1,2,r
3B,75C3,3,U
3B,75C6,2,r
3B,75C8,3,U
3B,75CB,2,r
3B,75CD,3,U
3B,75D0,2,r
3B,75D2,3,U
3B,75D5,2,r
3B,75D7,3,U
3B,75DA,2,r
3B,75DC,3,U
3B,75DF,2,r
3B,75E1,3,U
3B,75E4,2,r
3B,75E6,3,U
3B,75E9,2,r
3B,75EB,3,U
3B,75EE,2,r
3B,75F0,3,U
3B,75F3,2,r
3B,75F5,3,U
3B,75F8,2,r
3B,75FA,3,U
3B,75FD,2,r
3B,75FF,3,U
3B,7602,2,r
3B,7604,3,U
3B,7607,2,r
3B,7609,3,U
3B,760C,2,r
3B,760E,3,U
3B,7611,2,r
3B,7613,3,U
3B,7616,2,r
3B,7618,3,U
3B,761B,2,r
3B,761D,3,U
3B,7620,2,r
3B,7622,3,U
3B,7625,2,r
3B,7627,3,U
3B,762A,2,r
3B,762C,3,U
3B,762F,2,r
3B,7631,3,U
3B,7634,2,r
3B,7636,3,U
3B,7639,2,r
3B,763B,3,U
3B,763E,2,r
3B,7640,3,U
3B,7643,2,r
3B,7645,3,U
3B,7648,2,r
3B,764A,3,U
3B,764D,2,r
3B,764F,3,U
3B,7652,2,r
3B,7654,3,U
3B,7657,2,r
3B,7659,3,U
3B,765C,2,r
3B,765E,3,U
3B,7661,2,r
3B,7663,3,U
3B,7666,2,r
3B,7668,3,U
3B,766B,2,r
3B,766D,3,U
3B,7670,2,r
3B,7672,3,U
3B,7675,2,r
3B,7677,3,U
3B,767A,2,r
3B,767C,3,U
3B,767F,2,r
3B,7681,3,U
3B,7684,2,r
3B,7686,3,U
3B,7689,2,r
3B,768B,3,U
3B,768E,2,r
3B,7690,3,U
3B,7693,2,r
3B,7695,3,U
3B,7698,2,r
3B,769A,3,U
3B,769D,2,r
3B,769F,3,U
3B,76A2,2,r
3B,76A4,3,U
3B,76A7,2,r
3B,76A9,3,U
3B,76AC,2,r
3B,76AE,3,U
3B,76B1,2,r
3B,76B3,3,U
3B,76B6,2,r
3B,76B8,3,U
3B,76BB,2,r
3B,76BD,3,U
3B,76C0,2,r
3B,76C2,3,U
3B,76C5,2,r
3B,76C7,3,U
3B,76CA,2,r
3B,76CC,3,U
3B,76CF,2,r
3B,76D1,3,U
3B,76D4,2,r
3B,76D6,3,U
3B,76D9,2,r
3B,76DB,3,U
3B,76DE,2,r
3B,76E0,3,U
3B,76E3,2,r
3B,76E5,3,U
3B,76E8,2,r
3B,76EA,3,U
3B,76ED,2,r
3B,76EF,3,U
3B,76F2,2,r
3B,76F4,3,U
3B,76F7,2,r
3B,76F9,3,U
3B,76FC,2,r
3B,76FE,3,U
3B,7701,2,r
3B,7703,3,U
3B,7706,2,r
3B,7708,3,U
3B,770B,2,r
3B,770D,3,U
3B,7710,2,r
3B,7712,3,U
3B,7715,2,r
3B,7717,3,U
3B,771A,2,r
3B,771C,3,U
3B,771F,2,r
3B,7721,3,U
3B,7724,2,r
3B,7726,3,U
3B,7729,2,r
3B,772B,3,U
3B,772E,2,r
3B,7730,3,U
3B,7733,2,r
3B,7735,3,U
3B,7738,2,r
3B,773A,3,U
3B,773D,2,r
3B,773F,3,U
3B,7742,2,r
3B,7744,3,U
3B,7747,2,r
3B,7749,3,U
3B,774C,2,r
3B,774E,3,U
3B,7751,2,r
3B,7753,3,U
3B,7756,2,r
3B,7758,3,U
3B,775B,2,r
3B,775D,3,U
3B,7760,2,r
3B,7762,3,U
3B,7765,2,r
3B,7767,3,U
3B,776A,2,r
3B,776C,3,U
3B,776F,2,r
3B,7771,3,U
3B,7774,2,r
3B,7776,3,U
3B,7779,2,r
3B,777B,3,U
3B,777E,2,r
3B,7780,3,U
3B,7783,2,r
3B,7785,3,U
3B,7788,2,r
3B,778A,3,U
3B,778D,2,r
3B,778F,3,U
3B,7792,2,r
3B,7794,3,U
3B,7797,2,r
3B,7799,3,U
3B,779C,2,r
3B,779E,3,U
3B,77A1,2,r
3B,77A3,3,U
3B,77A6,2,r
3B,77A8,3,U
3B,77AB,2,r
3B,77AD,3,U
3B,77B0,2,r
3B,77B2,3,U
3B,77B5,2,r
3B,77B7,3,U
3B,77BA,2,r
3B,77BC,3,U
3B,77BF,2,r
3B,77C1,3,U
3B,77C4,2,r
3B,77C6,3,U
3B,77C9,2,r
3B,77CB,3,U
3B,77CE,2,r
3B,77D0,3,U
3B,77D3,2,r
3B,77D5,3,U
3B,77D8,2,r
3B,77DA,3,U
3B,77DD,2,r
3B,77DF,3,U
3B,77E2,2,r
3B,77E4,3,U
3B,77E7,2,r
3B,77E9,3,U
3B,77EC,2,r
3B,77EE,3,U
3B,77F1,2,r
3B,77F3,3,U
3B,77F6,2,r
3B,77F8,3,U
3B,77FB,2,r
3B,77FD,3,U
3B,7800,2,r
3B,7802,3,U
3B,7805,2,r
3B,7807,3,U
3B,780A,2,r
3B,780C,3,U
3B,780F,2,r
3B,7811,3,U
3B,7814,2,r
3B,7816,3,U
3B,7819,2,r
3B,781B,3,U
3B,781E,2,r
3B,7820,3,U
3B,7823,2,r
3B,7825,3,U
3B,7828,2,r
3B,782A,3,U
3B,782D,2,r
3B,782F,3,U
3B,7832,2,r
3B,7834,3,U
3B,7837,2,r
3B,7839,3,U
3B,783C,2,r
3B,783E,3,U
3B,7841,2,r
3B,7843,3,U
3B,7846,2,r
3B,7848,3,U
3B,784B,2,r
3B,784D,3,U
3B,7850,2,r
3B,7852,3,U
3B,7855,2,r
3B,7857,3,U
3B,785A,2,r
3B,785C,3,U
3B,785F,2,r
3B,7861,3,U
3B,7864,2,r
3B,7866,3,U
3B,7869,2,r
3B,786B,3,U
3B,786E,2,r
3B,7870,3,U
3B,7873,2,r
3B,7875,3,U
3B,7878,2,r
3B,787A,3,U
3B,787D,2,r
3B,787F,3,U
3B,7882,2,r
3B,7884,3,U
3B,7887,2,r
3B,7889,3,U
3B,788C,2,r
3B,788E,3,U
3B,7891,2,r
3B,7893,3,U
3B,7896,2,r
3B,7898,3,U
3B,789B,2,r
3B,789D,3,U
3B,78A0,2,r
3B,78A2,3,U
3B,78A5,2,r
3B,78A7,3,U
3B,78AA,2,r
3B,78AC,3,U
3B,78AF,2,r
3B,78B1,3,U
3B,78B4,2,r
3B,78B6,3,U
3B,78B9,2,r
3B,78BB,3,U
3B,78BE,2,r
3B,78C0,3,U
3B,78C3,2,r
3B,78C5,3,U
3B,78C8,2,r
3B,78CA,3,U
3B,78CD,2,r
3B,78CF,3,U
3B,78D2,2,r
3B,78D4,3,U
3B,78D7,2,r
3B,78D9,3,U
3B,78DC,2,r
3B,78DE,3,U
3B,78E1,2,r
3B,78E3,3,U
3B,78E6,2,r
3B,78E8,3,U
3B,78EB,2,r
3B,78ED,3,U
3B,78F0,2,r
3B,78F2,3,U
3B,78F5,2,r
3B,78F7,3,U
3B,78FA,2,r
3B,78FC,3,U
3B,78FF,2,r
3B,7901,3,U
3B,7904,2,r
3B,7906,3,U
3B,7909,2,r
3B,790B,3,U
3B,790E,2,r
3B,7910,3,U
3B,7913,2,r
3B,7915,3,U
3B,7918,2,r
3B,791A,3,U
3B,791D,2,r
3B,791F,3,U
3B,7922,2,r
3B,7924,3,U
3B,7927,2,r
3B,7929,3,U
3B,792C,2,r
3B,792E,3,U
3B,7931,2,r
3B,7933,3,U
3B,7936,2,r
3B,7938,3,U
3B,793B,2,r
3B,793D,3,U
3B,7940,2,r
3B,7942,3,U
3B,7945,2,r
3B,7947,3,U
3B,794A,2,r
3B,794C,3,U
3B,794F,2,r
3B,7951,3,U
3B,7954,2,r
3B,7956,3,U
3B,7959,2,r
3B,795B,3,U
3B,795E,2,r
3B,7960,3,U
3B,7963,2,r
3B,7965,3,U
3B,7968,2,r
3B,796A,3,U
3B,796D,2,r
3B,796F,3,U
3B,7972,2,r
3B,7974,3,U
3B,7977,2,r
3B,7979,3,U
3B,797C,2,r
3B,797E,3,U
3B,7981,2,r
3B,7983,3,U
3B,7986,2,r
3B,7988,3,U
3B,798B,2,r
3B,798D,3,U
3B,7990,2,r
3B,7992,3,U
3B,7995,2,r
3B,7997,3,U
3B,799A,2,r
3B,799C,3,U
3B,799F,2,r
3B,79A1,3,U
3B,79A4,2,r
3B,79A6,3,U
3B,79A9,2,r
3B,79AB,3,U
3B,79AE,2,r
3B,79B0,3,U
3B,79B3,2,r
3B,79B5,3,U
3B,79B8,2,r
3B,79BA,3,U
3B,79BD,2,r
3B,79BF,3,U
3B,79C2,2,r
3B,79C4,3,U
3B,79C7,2,r
3B,79C9,3,U
3B,79CC,2,r
3B,79CE,3,U
3B,79D1,2,r
3B,79D3,3,U
3B,79D6,2,r
3B,79D8,3,U
3B,79DB,2,r
3B,79DD,3,U
3B,79E0,2,r
3B,79E2,3,U
3B,79E5,2,r
3B,79E7,3,U
3B,79EA,2,r
3B,79EC,3,U
3B,79EF,2,r
3B,79F1,3,U
3B,79F4,2,r
3B,79F6,3,U
3B,79F9,2,r
3B,79FB,3,U
3B,79FE,2,r
3B,7A00,3,U
3B,7A03,2,r
3B,7A05,3,U
3B,7A08,2,r
3B,7A0A,3,U
3B,7A0D,2,r
3B,7A0F,3,U
3B,7A12,2,r
3B,7A14,3,U
3B,7A17,2,r
3B,7A19,3,U
3B,7A1C,2,r
3B,7A1E,3,U
3B,7A21,3,r
3B,7A24,2,U
3B,7A26,2,r
3B,7A28,3,U
3B,7A2B,2,r
3B,7A2D,3,U
3B,7A30,2,r
3B,7A32,3,U
3B,7A35,2,r
3B,7A37,3,U
3B,7A3A,2,r
3B,7A3C,3,U
3B,7A3F,2,r
3B,7A41,3,U
3B,7A44,2,r
3B,7A46,3,U
3B,7A49,2,r
3B,7A4B,3,U
3B,7A4E,2,r
3B,7A50,3,U
3B,7A53,2,r
3B,7A55,3,U
3B,7A58,2,r
3B,7A5A,3,U
3B,7A5D,2,r
3B,7A5F,3,U
3B,7A62,2,r
3B,7A64,3,U
3B,7A67,2,r
3B,7A69,3,U
3B,7A6C,2,r
3B,7A6E,3,U
3B,7A71,2,r
3B,7A73,3,U
3B,7A76,2,r
3B,7A78,3,U
3B,7A7B,2,r
3B,7A7D,3,U
3B,7A80,2,r
3B,7A82,3,U
3B,7A85,2,r
3B,7A87,3,U
3B,7A8A,2,r
3B,7A8C,3,U
3B,7A8F,2,r
3B,7A91,3,U
3B,7A94,2,r
3B,7A96,3,U
3B,7A99,2,r
3B,7A9B,3,U
3B,7A9E,2,r
3B,7AA0,3,U
3B,7AA3,2,r
3B,7AA5,3,U
3B,7AA8,2,r
3B,7AAA,3,U
3B,7AAD,2,r
3B,7AAF,3,U
3B,7AB2,2,r
3B,7AB4,3,U
3B,7AB7,2,r
3B,7AB9,3,U
3B,7ABC,2,r
3B,7ABE,3,U
3B,7AC1,2,r
3B,7AC3,3,U
3B,7AC6,2,r
3B,7AC8,3,U
3B,7ACB,2,r
3B,7ACD,3,U
3B,7AD0,2,r
3B,7AD2,3,U
3B,7AD5,2,r
3B,7AD7,3,U
3B,7ADA,2,r
3B,7ADC,3,U
3B,7ADF,2,r
3B,7AE1,3,U
3B,7AE4,2,r
3B,7AE6,3,U
3B,7AE9,2,r
3B,7AEB,3,U
3B,7AEE,2,r
3B,7AF0,3,U
3B,7AF3,2,r
3B,7AF5,3,U
3B,7AF8,2,r
3B,7AFA,3,U
3B,7AFD,2,r
3B,7AFF,3,U
3B,7B02,2,r
3B,7B04,3,U
3B,7B07,2,r
3B,7B09,3,U
3B,7B0C,2,r
3B,7B0E,3,U
3B,7B11,2,r
3B,7B13,3,U
3B,7B16,2,r
3B,7B18,3,U
3B,7B1B,2,r
3B,7B1D,3,U
3B,7B20,2,r
3B,7B22,3,U
3B,7B25,2,r
3B,7B27,3,U
3B,7B2A,2,r
3B,7B2C,3,U
3B,7B2F,2,r
3B,7B31,3,U
3B,7B34,2,r
3B,7B36,3,U
3B,7B39,2,r
3B,7B3B,3,U
3B,7B3E,2,r
3B,7B40,3,U
3B,7B43,2,r
3B,7B45,3,U
3B,7B48,2,r
3B,7B4A,3,U
3B,7B4D,2,r
3B,7B4F,3,U
3B,7B52,2,r
3B,7B54,3,U
3B,7B57,2,r
3B,7B59,3,U
3B,7B5C,2,r
3B,7B5E,3,U
3B,7B61,2,r
3B,7B63,3,U
3B,7B66,2,r
3B,7B68,3,U
3B,7B6B,2,r
3B,7B6D,3,U
3B,7B70,2,r
3B,7B72,3,U
3B,7B75,2,r
3B,7B77,3,U
3B,7B7A,2,r
3B,7B7C,3,U
3B,7B7F,2,r
3B,7B81,3,U
3B,7B84,2,r
3B,7B86,3,U
3B,7B89,2,r
3B,7B8B,3,U
3B,7B8E,2,r
3B,7B90,3,U
3B,7B93,2,r
3B,7B95,3,U
3B,7B98,2,r
3B,7B9A,3,U
3B,7B9D,2,r
3B,7B9F,3,U
3B,7BA2,2,r
3B,7BA4,3,U
3B,7BA7,2,r
3B,7BA9,3,U
3B,7BAC,2,r
3B,7BAE,3,U
3B,7BB1,2,r
3B,7BB3,3,U
3B,7BB6,2,r
3B,7BB8,3,U
3B,7BBB,2,r
3B,7BBD,3,U
3B,7BC0,2,r
3B,7BC2,3,U
3B,7BC5,2,r
3B,7BC7,3,U
3B,7BCA,2,r
3B,7BCC,3,U
3B,7BCF,2,r
3B,7BD1,3,U
3B,7BD4,2,r
3B,7BD6,3,U
3B,7BD9,2,r
3B,7BDB,3,U
3B,7BDE,2,r
3B,7BE0,3,U
3B,7BE3,2,r
3B,7BE5,3,U
3B,7BE8,2,r
3B,7BEA,3,U
3B,7BED,2,r
3B,7BEF,3,U
3B,7BF2,2,r
3B,7BF4,3,U
3B,7BF7,2,r
3B,7BF9,3,U
3B,7BFC,2,r
3B,7BFE,3,U
3B,7C01,2,r
3B,7C03,3,U
3B,7C06,2,r
3B,7C08,3,U
3B,7C0B,2,r
3B,7C0D,3,U
3B,7C10,2,r
3B,7C12,3,U
3B,7C15,2,r
3B,7C17,3,U
3B,7C1A,2,r
3B,7C1C,3,U
3B,7C1F,2,r
3B,7C21,3,U
3B,7C24,2,r
3B,7C26,3,U
3B,7C29,2,r
3B,7C2B,3,U
3B,7C2E,2,r
3B,7C30,3,U
3B,7C33,2,r
3B,7C35,3,U
3B,7C38,2,r
3B,7C3A,3,U
3B,7C3D,2,r
3B,7C3F,3,U
3B,7C42,2,r
3B,7C44,3,U
3B,7C47,2,r
3B,7C49,3,U
3B,7C4C,2,r
3B,7C4E,3,U
3B,7C51,2,r
3B,7C53,3,U
3B,7C56,2,r
3B,7C58,3,U
3B,7C5B,2,r
3B,7C5D,3,U
3B,7C60,2,r
3B,7C62,3,U
3B,7C65,2,r
3B,7C67,3,U
3B,7C6A,2,r
3B,7C6C,3,U
3B,7C6F,2,r
3B,7C71,3,U
3B,7C74,2,r
3B,7C76,3,U
3B,7C79,2,r
3B,7C7B,3,U
3B,7C7E,2,r
3B,7C80,3,U
3B,7C83,2,r
3B,7C85,3,U
3B,7C88,2,r
3B,7C8A,3,U
3B,7C8D,2,r
3B,7C8F,3,U
3B,7C92,2,r
3B,7C94,3,U
3B,7C97,2,r
3B,7C99,3,U
3B,7C9C,2,r
3B,7C9E,3,U
3B,7CA1,2,r
3B,7CA3,3,U
3B,7CA6,2,r
3B,7CA8,3,U
3B,7CAB,2,r
3B,7CAD,3,U
3B,7CB0,2,r
3B,7CB2,3,U
3B,7CB5,2,r
3B,7CB7,3,U
3B,7CBA,2,r
3B,7CBC,3,U
3B,7CBF,2,r
3B,7CC1,3,U
3B,7CC4,2,r
3B,7CC6,3,U
3B,7CC9,2,r
3B,7CCB,3,U
3B,7CCE,2,r
3B,7CD0,3,U
3B,7CD3,2,r
3B,7CD5,3,U
3B,7CD8,2,r
3B,7CDA,3,U
3B,7CDD,2,r
3B,7CDF,3,U
3B,7CE2,2,r
3B,7CE4,3,U
3B,7CE7,2,r
3B,7CE9,3,U
3B,7CEC,2,r
3B,7CEE,3,U
3B,7CF1,2,r
3B,7CF3,3,U
3B,7CF6,2,r
3B,7CF8,3,U
3B,7CFB,2,r
3B,7CFD,3,U
3B,7D00,2,r
3B,7D02,3,U
3B,7D05,2,r
3B,7D07,3,U
3B,7D0A,2,r
3B,7D0C,3,U
3B,7D0F,2,r
3B,7D11,3,U
3B,7D14,2,r
3B,7D16,3,U
3B,7D19,2,r
3B,7D1B,3,U
3B,7D1E,2,r
3B,7D20,3,U
3B,7D23,2,r
3B,7D25,3,U
3B,7D28,2,r
3B,7D2A,3,U
3B,7D2D,2,r
3B,7D2F,3,U
3B,7D32,2,r
3B,7D34,3,U
3B,7D37,2,r
3B,7D39,3,U
3B,7D3C,2,r
3B,7D3E,3,U
3B,7D41,2,r
3B,7D43,3,U
3B,7D46,2,r
3B,7D48,3,U
3B,7D4B,2,r
3B,7D4D,3,U
3B,7D50,2,r
3B,7D52,3,U
3B,7D55,2,r
3B,7D57,3,U
3B,7D5A,2,r
3B,7D5C,3,U
3B,7D5F,2,r
3B,7D61,3,U
3B,7D64,2,r
3B,7D66,3,U
3B,7D69,2,r
3B,7D6B,3,U
3B,7D6E,2,r
3B,7D70,3,U
3B,7D73,2,r
3B,7D75,3,U
3B,7D78,2,r
3B,7D7A,3,U
3B,7D7D,2,r
3B,7D7F,3,U
3B,7D82,2,r
3B,7D84,3,U
3B,7D87,2,r
3B,7D89,3,U
3B,7D8C,2,r
3B,7D8E,3,U
3B,7D91,2,r
3B,7D93,3,U
3B,7D96,2,r
3B,7D98,3,U
3B,7D9B,2,r
3B,7D9D,3,U
3B,7DA0,2,r
3B,7DA2,3,U
3B,7DA5,2,r
3B,7DA7,3,U
3B,7DAA,2,r
3B,7DAC,3,U
3B,7DAF,2,r
3B,7DB1,3,U
3B,7DB4,2,r
3B,7DB6,3,U
3B,7DB9,2,r
3B,7DBB,3,U
3B,7DBE,2,r
3B,7DC0,3,U
3B,7DC3,2,r
3B,7DC5,3,U
3B,7DC8,2,r
3B,7DCA,3,U
3B,7DCD,2,r
3B,7DCF,3,U
3B,7DD2,2,r
3B,7DD4,3,U
3B,7DD7,2,r
3B,7DD9,3,U
3B,7DDC,2,r
3B,7DDE,3,U
3B,7DE1,2,r
3B,7DE3,3,U
3B,7DE6,2,r
3B,7DE8,3,U
3B,7DEB,2,r
3B,7DED,3,U
3B,7DF0,2,r
3B,7DF2,3,U
3B,7DF5,2,r
3B,7DF7,3,U
3B,7DFA,2,r
3B,7DFC,3,U
3B,7DFF,1,r
3B,7E00,200,R
3B,7EC8,1,r
3B,7EC9,3,U
3B,7ECC,2,r
3B,7ECE,2,U
3B,7ED0,8,R
3B,7ED8,3,U
3B,7EDB,2,r
3B,7EDD,3,U
3B,7EE0,8,R
3B,7EE8,2,U
3B,7EEA,2,r
3B,7EEC,3,U
3B,7EEF,1,r
3B,7EF0,8,R
3B,7EF8,1,U
3B,7EF9,2,r
3B,7EFB,3,U
3B,7EFE,2,r
3B,7F00,3,U
3B,7F03,2,r
3B,7F05,3,U
3B,7F08,2,r
3B,7F0A,3,U
3B,7F0D,2,r
3B,7F0F,3,U
3B,7F12,2,r
3B,7F14,3,U
3B,7F17,2,r
3B,7F19,3,U
3B,7F1C,2,r
3B,7F1E,3,U
3B,7F21,2,r
3B,7F23,3,U
3B,7F26,2,r
3B,7F28,3,U
3B,7F2B,2,r
3B,7F2D,3,U
3B,7F30,2,r
3B,7F32,3,U
3B,7F35,32,r
3B,7F55,3,U
3B,7F58,2,r
3B,7F5A,3,U
3B,7F5D,2,r
3B,7F5F,3,U
3B,7F62,2,r
3B,7F64,3,U
3B,7F67,2,r
3B,7F69,3,U
3B,7F6C,2,r
3B,7F6E,3,U
3B,7F71,2,r
3B,7F73,3,U
3B,7F76,2,r
3B,7F78,3,U
3B,7F7B,2,r
3B,7F7D,3,U
3B,7F80,2,r
3B,7F82,3,U
3B,7F85,2,r
3B,7F87,3,U
3B,7F8A,2,r
3B,7F8C,3,U
3B,7F8F,2,r
3B,7F91,3,U
3B,7F94,2,r
3B,7F96,3,U
3B,7F99,2,r
3B,7F9B,3,U
3B,7F9E,2,r
3B,7FA0,3,U
3B,7FA3,2,r
3B,7FA5,3,U
3B,7FA8,2,r
3B,7FAA,3,U
3B,7FAD,2,r
3B,7FAF,3,U
3B,7FB2,2,r
3B,7FB4,3,U
3B,7FB7,2,r
3B,7FB9,3,U
3B,7FBC,3,r
3B,7FBF,2,U
3B,7FC1,2,r
3B,7FC3,3,U
3B,7FC6,2,r
3B,7FC8,3,U
3B,7FCB,2,r
3B,7FCD,3,U
3B,7FD0,2,r
3B,7FD2,3,U
3B,7FD5,2,r
3B,7FD7,3,U
3B,7FDA,2,r
3B,7FDC,3,U
3B,7FDF,2,r
3B,7FE1,3,U
3B,7FE4,2,r
3B,7FE6,3,U
3B,7FE9,2,r
3B,7FEB,3,U
3B,7FEE,2,r
3B,7FF0,3,U
3B,7FF3,2,r
3B,7FF5,3,U
3B,7FF8,2,r
3B,7FFA,3,U
3B,7FFD,2,r
3B,7FFF,1,U
3C,4000,27,U
3C,401B,1,r
3C,401C,5,U
3C,4021,200,r
3C,40E9,8,U
3C,40F1,8,r
3C,40F9,8,U
3C,4101,8,r
3C,4109,8,U
3C,4111,8,r
3C,4119,33,U
3C,413A,1,r
3C,413B,47,U
3C,416A,1,r
3C,416B,9,U
3C,4174,1,r
3C,4175,3,U
3C,4178,1,r
3C,4179,13,U
3C,4186,1,r
3C,4187,4,U
3C,418B,2,r
3C,418D,54,U
3C,41C3,1,r
3C,41C4,8,U
3C,41CC,2,r
3C,41CE,8,U
3C,41D6,1,r
3C,41D7,17,U
3C,41E8,1,r
3C,41E9,1,U
3C,41EA,2,r
3C,41EC,6,U
3C,41F2,1,r
3C,41F3,100,U
3C,4257,1,r
3C,4258,55,U
3C,428F,1,r
3C,4290,211,U
3C,4363,2,r
3C,4365,19,U
3C,4378,1,r
3C,4379,26,U
3C,4393,2,r
3C,4395,21,U
3C,43AA,1,r
3C,43AB,207,U
3C,447A,1,r
3C,447B,13,U
3C,4488,1,r
3C,4489,21,U
3C,449E,1,r
3C,449F,194,U
3C,4561,1,r
3C,4562,7,U
3C,4569,1,r
3C,456A,27,U
3C,4585,2,r
3C,4587,1,U
3C,4588,1,r
3C,4589,248,U
3C,4681,1,r
3C,4682,22,U
3C,4698,1,r
3C,4699,8,U
3C,46A1,2,r
3C,46A3,224,U
3C,4783,2,r
3C,4785,17,U
3C,4796,2,r
3C,4798,253,U
3C,4895,1,r
3C,4896,241,U
3C,4987,1,r
3C,4988,177,U
3C,4A39,1,r
3C,4A3A,46,U
3C,4A68,1,r
3C,4A69,86,U
3C,4ABF,1,r
3C,4AC0,13,U
3C,4ACD,1,r
3C,4ACE,173,U
3C,4B7B,512,r
3C,4D7B,20,U
3C,4D8F,2,r
3C,4D91,1,U
3C,4D92,1,r
3C,4D93,149,U
3C,4E28,1,r
3C,4E29,3,U
3C,4E2C,1,r
3C,4E2D,129,U
3C,4EAE,1,r
3C,4EAF,17,U
3C,4EC0,1,r
3C,4EC1,33,U
3C,4EE2,1,r
3C,4EE3,1,U
3C,4EE4,1,r
3C,4EE5,11,U
3C,4EF0,1,r
3C,4EF1,9,U
3C,4EFA,1,r
3C,4EFB,29,U
3C,4F18,1,r
3C,4F19,22,U
3C,4F2F,1,r
3C,4F30,6,U
3C,4F36,30,r
3C,4F54,1,U
3C,4F55,1,r
3C,4F56,15,U
3C,4F65,1,r
3C,4F66,46,U
3C,4F94,2,r
3C,4F96,4000,U
3C,5F36,30,r
3C,5F54,172,U
3C,6000,3584,r
3C,6E00,200,R
3C,6EC8,8,r
3C,6ED0,8,R
3C,6ED8,8,r
3C,6EE0,8,R
3C,6EE8,8,r
3C,6EF0,8,R
3C,6EF8,207,r
3C,6FC7,1,U
3C,6FC8,28,r
3C,6FE4,1,U
3C,6FE5,13,r
3C,6FF2,1,U
3C,6FF3,13,r
3C,7000,4024,R
3C,7FB8,72,r
3D,4000,3784,R
3D,4EC8,8,r
3D,4ED0,8,R
3D,4ED8,8,r
3D,4EE0,8,R
3D,4EE8,8,r
3D,4EF0,8,R
3D,4EF8,192,r
3D,4FB8,3,U
3D,4FBB,2,r
3D,4FBD,3,U
3D,4FC0,2,r
3D,4FC2,3,U
3D,4FC5,2,r
3D,4FC7,3,U
3D,4FCA,2,r
3D,4FCC,3,U
3D,4FCF,2,r
3D,4FD1,3,U
3D,4FD4,2,r
3D,4FD6,3,U
3D,4FD9,2,r
3D,4FDB,3,U
3D,4FDE,2,r
3D,4FE0,3,U
3D,4FE3,2,r
3D,4FE5,3,U
3D,4FE8,2,r
3D,4FEA,3,U
3D,4FED,2,r
3D,4FEF,3,U
3D,4FF2,2,r
3D,4FF4,3,U
3D,4FF7,2,r
3D,4FF9,3,U
3D,4FFC,2,r
3D,4FFE,2,U
3D,5000,4024,r
3D,5FB8,2,U
3D,5FBA,2,r
3D,5FBC,3,U
3D,5FBF,2,r
3D,5FC1,3,U
3D,5FC4,2,r
3D,5FC6,3,U
3D,5FC9,2,r
3D,5FCB,3,U
3D,5FCE,2,r
3D,5FD0,3,U
3D,5FD3,2,r
3D,5FD5,3,U
3D,5FD8,2,r
3D,5FDA,3,U
3D,5FDD,2,r
3D,5FDF,3,U
3D,5FE2,2,r
3D,5FE4,3,U
3D,5FE7,2,r
3D,5FE9,3,U
3D,5FEC,2,r
3D,5FEE,3,U
3D,5FF1,2,r
3D,5FF3,3,U
3D,5FF6,2,r
3D,5FF8,3,U
3D,5FFB,2,r
3D,5FFD,3,U
3D,6000,4024,r
3D,6FB8,1,U
3D,6FB9,2,r
3D,6FBB,3,U
3D,6FBE,2,r
3D,6FC0,3,U
3D,6FC3,2,r
3D,6FC5,3,U
3D,6FC8,2,r
3D,6FCA,3,U
3D,6FCD,2,r
3D,6FCF,3,U
3D,6FD2,2,r
3D,6FD4,3,U
3D,6FD7,2,r
3D,6FD9,3,U
3D,6FDC,2,r
3D,6FDE,3,U
3D,6FE1,2,r
3D,6FE3,3,U
3D,6FE6,2,r
3D,6FE8,3,U
3D,6FEB,2,r
3D,6FED,3,U
3D,6FF0,2,r
3D,6FF2,3,U
3D,6FF5,2,r
3D,6FF7,3,U
3D,6FFA,2,r
3D,6FFC,3,U
3D,6FFF,4027,r
3D,7FBA,3,U
3D,7FBD,2,r
3D,7FBF,3,U
3D,7FC2,2,r
3D,7FC4,3,U
3D,7FC7,2,r
3D,7FC9,3,U
3D,7FCC,2,r
3D,7FCE,3,U
3D,7FD1,2,r
3D,7FD3,3,U
3D,7FD6,2,r
3D,7FD8,3,U
3D,7FDB,2,r
3D,7FDD,3,U
3D,7FE0,2,r
3D,7FE2,3,U
3D,7FE5,2,r
3D,7FE7,3,U
3D,7FEA,2,r
3D,7FEC,3,U
3D,7FEF,2,r
3D,7FF1,3,U
3D,7FF4,2,r
3D,7FF6,3,U
3D,7FF9,2,r
3D,7FFB,3,U
3D,7FFE,2,r
3E,4000,14336,R
3E,7800,2048,r
3F,4000,13952,R
3F,7680,128,r
3F,7700,496,R
3F,78F0,1040,r
3F,7D00,576,R
3F,7F40,192,r
