addr,kind,bank,pc,function,const_written
ff40,R,00,0008,00:0008,
ffc7,P,00,000d,00:0008,
fffe,P,00,0150,00:0150,
ff0f,W,00,0155,00:0150,00
ff40,R,00,0157,00:0150,
ff40,W,00,015f,00:0150,
ff44,R,00,0167,00:0150,
ff40,W,00,016f,00:0150,80
ff47,W,00,0172,00:0150,00
ff48,W,00,0174,00:0150,
ff49,W,00,0176,00:0150,
c000,P,00,0181,00:0150,
ff9b,W,00,019b,00:0150,01
dfff,P,00,019d,00:0150,
ff80,P,00,01a0,00:0150,
d520,W,00,01b6,00:0150,00
d521,W,00,01b9,00:0150,
d522,W,00,01bc,00:0150,
ffc5,W,00,01bf,00:0150,
ffc6,W,00,01c1,00:0150,
ffd0,W,00,01c3,00:0150,
ffd4,W,00,01c5,00:0150,
dc41,W,00,01c7,00:0150,
d523,W,00,01ca,00:0150,
ffc4,W,00,01cd,00:0150,
ffab,P,00,01cf,00:0150,
ffc3,W,00,01eb,00:0150,
d528,W,00,01f7,00:0150,ff
ff9e,W,00,01fe,00:0150,00
fffe,P,00,0210,00:0210,
ffb0,W,00,0214,00:0210,00
ffb1,W,00,0216,00:0210,
ffb2,W,00,0218,00:0210,
ff0f,W,00,0222,00:0210,00
fffe,P,00,0224,00:0210,
ff9b,W,00,023b,00:0210,01
c000,P,00,023d,00:0210,
dfff,P,00,0246,00:0210,
d520,W,00,0256,00:0210,00
d521,W,00,0259,00:0210,
d522,W,00,025c,00:0210,
ffc5,W,00,025f,00:0210,
ffc6,W,00,0261,00:0210,
ffd0,W,00,0263,00:0210,
ffd4,W,00,0265,00:0210,
dc41,W,00,0267,00:0210,
d523,W,00,026a,00:0210,
ffab,P,00,026d,00:0210,
d528,W,00,0289,00:0210,ff
ff9e,W,00,0291,00:0210,01
ffab,P,00,02b4,00:0210,
ffaf,R,00,02d8,00:0210,
ffb5,W,00,02da,00:0210,
ffb6,R,00,02dc,00:0210,
ffb7,W,00,02de,00:0210,
ffb8,R,00,02e0,00:0210,
ffb9,W,00,02e2,00:0210,
ffba,R,00,02e4,00:0210,
ffbb,W,00,02e6,00:0210,
ffbc,R,00,02e8,00:0210,
ffbd,W,00,02ea,00:0210,
ffbe,R,00,02ec,00:0210,
ffbf,W,00,02ee,00:0210,
d523,R,00,02f3,00:0210,
ffa1,R,00,02f9,00:0210,
ffa2,R,00,02ff,00:0210,
ff47,W,00,0306,00:0210,00
ff48,W,00,0308,00:0210,
ff49,W,00,030a,00:0210,
ff01,W,00,030f,00:0210,
ff02,W,00,0311,00:0210,
ff26,W,00,0315,00:0210,
ffc7,P,00,031c,00:0210,
ffc8,P,00,0324,00:0210,
ffc9,P,00,0328,00:0210,
dc41,R,00,032c,00:0210,
ffc5,R,00,033f,00:0210,
ffca,W,00,0350,00:0210,01
ffc6,R,00,0370,00:0367,
ff9b,R,00,0396,00:038a,
ff9b,W,00,039a,00:038a,
ff9b,W,00,03a7,00:03a6,
ff40,R,00,03ad,00:03ad,
ff44,R,00,03b9,00:03ad,
ffab,R,00,03bf,00:03ad,
ff40,W,00,03c3,00:03ad,
ffab,W,00,03c5,00:03ad,
ffab,R,00,03cb,00:03cb,
ff40,W,00,03cf,00:03cb,
ffab,W,00,03d1,00:03cb,
ff46,W,00,03f2,00:03f0,d4
ff41,R,00,03fa,00:03fa,
ff44,R,00,0406,00:0406,
ff44,R,00,0410,00:0406,
ff41,R,00,041a,00:0406,
ff9d,W,00,0454,00:0450,
ff9b,R,00,0456,00:0450,
ff9d,R,00,0459,00:0450,
ff9b,W,00,045b,00:0450,
ff9b,W,00,0473,00:0450,
ff40,P,00,047a,00:0479,
ff9d,W,00,048a,00:0486,
ff9b,R,00,048c,00:0486,
ff9d,R,00,048f,00:0486,
ff9b,W,00,0491,00:0486,
ff9b,W,00,04ed,00:0486,
ff9d,W,00,04f7,00:04f3,
ff9b,R,00,04f9,00:04f3,
ff9d,R,00,04fc,00:04f3,
ff9b,W,00,04fe,00:04f3,
ff41,R,00,0514,00:04f3,
ff41,R,00,0549,00:04f3,
ff41,R,00,055c,00:04f3,
ff9b,W,00,0579,00:04f3,
ff9d,W,00,058a,00:0586,
ff9b,R,00,058c,00:0586,
ff9d,R,00,058f,00:0586,
ff9b,W,00,0591,00:0586,
ff41,R,00,05a4,00:0586,
ff9b,W,00,05da,00:0586,
ff41,R,00,05e3,00:0586,
ff9b,W,00,05f2,00:0586,
ff9d,W,00,05fc,00:05f8,
ff9b,R,00,05fe,00:05f8,
ff9d,R,00,0601,00:05f8,
ff9b,W,00,0603,00:05f8,
ff41,R,00,0626,00:05f8,
ff9b,W,00,065b,00:05f8,
ff41,R,00,0664,00:05f8,
ff9b,W,00,067d,00:05f8,
ff41,R,00,0686,00:05f8,
ff9b,W,00,0699,00:05f8,
ff9d,W,00,06a3,00:069f,
ff9b,R,00,06a5,00:069f,
ff9d,R,00,06a8,00:069f,
ff9b,W,00,06aa,00:069f,
ff41,R,00,06d4,00:069f,
ff9b,W,00,06f9,00:069f,
ff41,R,00,0705,00:06ff,
ff41,R,00,0727,00:0721,
ff41,R,00,0748,00:0744,
ff41,R,00,0758,00:0751,
ff41,R,00,0769,00:0762,
ff41,R,00,0779,00:0773,
ff9d,W,00,0785,00:0781,
ff9b,R,00,0787,00:0781,
ff9d,R,00,078a,00:0781,
ff9b,W,00,078c,00:0781,
ffcb,W,00,079a,00:0781,
ffcc,W,00,079d,00:0781,
ffcd,W,00,07a0,00:0781,
ffce,W,00,07a3,00:0781,
ffcf,W,00,07a7,00:0781,20
ffcf,W,00,07b4,00:0781,
ffd0,W,00,07b8,00:0781,01
ffd0,R,00,07be,00:0781,
ffcf,P,00,07c4,00:0781,
ffcf,R,00,07d0,00:0781,
ffcf,R,00,07d8,00:0781,
ff9b,W,00,07e6,00:0781,
ffd0,R,00,07ec,00:07ec,
ffcb,R,00,07f0,00:07ec,
ffcc,R,00,07f3,00:07ec,
ffcd,R,00,07f6,00:07ec,
ffce,R,00,07f9,00:07ec,
ffcf,R,00,07fc,00:07ec,
ffd0,W,00,0809,00:07ec,00
ff9d,W,00,0810,00:080c,
ff9b,R,00,0812,00:080c,
ff9d,R,00,0815,00:080c,
ff9b,W,00,0817,00:080c,
ffd1,W,00,0825,00:080c,
ffd2,W,00,0828,00:080c,
ffd3,W,00,082c,00:080c,20
ffd3,W,00,0839,00:080c,
ffd4,W,00,083d,00:080c,01
ffd4,R,00,0842,00:080c,
ffd3,P,00,0848,00:080c,
ffd3,R,00,0854,00:080c,
ff9b,W,00,0862,00:080c,
ffd4,R,00,0868,00:0868,
ffd1,R,00,086c,00:0868,
ffd2,R,00,086f,00:0868,
ffd3,R,00,0872,00:0868,
ffd4,W,00,087c,00:0868,00
d400,P,00,0895,00:0895,
ff9a,W,00,08a1,00:0895,00
ff9a,R,00,08a4,00:08a4,
ff9a,W,00,08b8,00:08a4,00
ff9b,W,00,08bb,00:08bb,
ff9d,W,00,08c1,00:08c1,
ff9b,R,00,08c3,00:08c1,
ff9d,R,00,08c6,00:08c1,
ff9b,W,00,08c8,00:08c1,
ff9e,R,00,08cd,00:08c1,
ff9b,W,00,08d5,00:08c1,
d529,R,00,08fc,00:08f9,
d529,W,00,090e,00:08f9,
d52a,P,00,0911,00:08f9,
d528,R,00,091a,00:091a,
d527,W,00,092c,00:091a,
d560,W,00,092f,00:091a,
d52a,P,00,093f,00:091a,
d527,R,00,0944,00:091a,
d527,W,00,094d,00:091a,
d528,R,00,09ad,00:09ad,
d52a,P,00,09b1,00:09ad,
d549,P,00,09b4,00:09ad,
d542,P,00,09c2,00:09ad,
d52a,P,00,09c5,00:09ad,
ff00,W,00,0a10,00:0a0e,20
ff00,R,00,0a12,00:0a0e,
ff00,R,00,0a14,00:0a0e,
ff00,W,00,0a1d,00:0a0e,30
ff00,W,00,0a21,00:0a0e,10
ff00,R,00,0a23,00:0a0e,
ff00,R,00,0a25,00:0a0e,
ff00,R,00,0a27,00:0a0e,
ff00,R,00,0a29,00:0a0e,
ff00,R,00,0a2b,00:0a0e,
ff00,R,00,0a2d,00:0a0e,
ffa1,W,00,0a33,00:0a0e,
ff00,W,00,0a37,00:0a0e,30
ffa1,R,00,0a39,00:0a0e,
ffa5,P,00,0a3b,00:0a0e,
ffa1,P,00,0a40,00:0a0e,
ffa2,W,00,0a44,00:0a0e,
ffa3,W,00,0a46,00:0a0e,
ffa5,P,00,0a49,00:0a0e,
ffa4,W,00,0a4d,00:0a0e,
ffa1,R,00,0a4f,00:0a0e,
ffa5,P,00,0a54,00:0a0e,
ffa6,P,00,0a5a,00:0a0e,
ffa1,R,00,0a60,00:0a0e,
ffa3,W,00,0a62,00:0a0e,
ffa0,R,00,0a64,00:0a0e,
ffa6,W,00,0a66,00:0a0e,
ff9f,R,00,0a6a,00:0a0e,
ffa6,W,00,0a6c,00:0a0e,
ffa1,R,00,0a6e,00:0a0e,
ffa5,W,00,0a70,00:0a0e,
ffa7,P,00,0a72,00:0a0e,
ffa1,R,00,0a75,00:0a0e,
ffa2,R,00,0a79,00:0a0e,
ffa3,R,00,0a7d,00:0a0e,
ffa7,P,00,0a82,00:0a82,
d520,P,00,0a8b,00:0a8a,
d520,R,00,0a9e,00:0a8a,
d520,W,00,0aa3,00:0a8a,
ff40,R,00,0aa6,00:0a8a,
d520,R,00,0ab9,00:0ab9,
d521,P,00,0abc,00:0ab9,
ff9b,R,00,0acd,00:0ab9,
ff9b,W,00,0ad1,00:0ab9,
ff9b,W,00,0adb,00:0ab9,
d521,W,00,0ae3,00:0ab9,
ffb5,P,00,0b43,00:0b43,
ff44,R,00,0b47,00:0b43,
ff41,P,00,0b55,00:0b43,
ffab,R,00,0b5d,00:0b43,
ff40,W,00,0b61,00:0b43,
ffb5,P,00,0b66,00:0b66,
ff44,R,00,0b69,00:0b66,
ffb8,R,00,0b6f,00:0b66,
ffba,R,00,0b72,00:0b66,
ff41,P,00,0b75,00:0b66,
ff43,W,00,0b7e,00:0b66,
ff42,W,00,0b81,00:0b66,
ffb5,P,00,0b86,00:0b86,
ff44,R,00,0b89,00:0b86,
ffb9,R,00,0b8e,00:0b86,
ffbb,R,00,0b91,00:0b86,
ffab,R,00,0b94,00:0b86,
ff41,P,00,0b99,00:0b86,
ff43,W,00,0ba2,00:0b86,
ff42,W,00,0ba5,00:0b86,
ff40,W,00,0ba8,00:0b86,
ffb7,R,00,0baa,00:0b86,
ff45,W,00,0bac,00:0b86,
ffb7,P,00,0bb1,00:0b86,
ff44,R,00,0bb4,00:0b86,
ffbd,R,00,0bba,00:0b86,
ffbf,R,00,0bbd,00:0b86,
ffab,R,00,0bc0,00:0b86,
ff41,P,00,0bc3,00:0b86,
ff43,W,00,0bcc,00:0b86,
ff42,W,00,0bcf,00:0b86,
ff40,W,00,0bd2,00:0b86,
ffb5,P,00,0bd7,00:0bd7,
ff44,R,00,0bda,00:0bd7,
ff41,P,00,0be0,00:0bd7,
ffab,R,00,0be8,00:0bd7,
ff40,W,00,0bec,00:0bd7,
ff4b,W,00,0bf0,00:0bd7,a5
ffb5,P,00,0bf5,00:0bf5,
ff44,R,00,0bf8,00:0bf5,
ffb8,R,00,0bfd,00:0bf5,
ffba,R,00,0c00,00:0bf5,
ff41,P,00,0c03,00:0bf5,
ff43,W,00,0c0c,00:0bf5,
ff42,W,00,0c0f,00:0bf5,
ff45,W,00,0c13,00:0bf5,67
ff44,R,00,0c18,00:0bf5,
ffbc,R,00,0c1f,00:0bf5,
ffbe,R,00,0c22,00:0bf5,
ffab,R,00,0c25,00:0bf5,
ff41,P,00,0c2a,00:0bf5,
ff43,W,00,0c33,00:0bf5,
ff42,W,00,0c36,00:0bf5,
ff40,W,00,0c39,00:0bf5,
ffb5,P,00,0c3e,00:0c3e,
ff44,R,00,0c41,00:0c3e,
ffb9,R,00,0c46,00:0c3e,
ffbb,R,00,0c49,00:0c3e,
ff41,P,00,0c4c,00:0c3e,
ff43,W,00,0c55,00:0c3e,
ff42,W,00,0c58,00:0c3e,
ff45,W,00,0c5c,00:0c3e,4f
ff44,R,00,0c61,00:0c3e,
ffbd,R,00,0c67,00:0c3e,
ffbf,R,00,0c6a,00:0c3e,
ffab,R,00,0c6d,00:0c3e,
ff41,P,00,0c74,00:0c3e,
ff43,W,00,0c7d,00:0c3e,
ff42,W,00,0c80,00:0c3e,
ff40,W,00,0c83,00:0c3e,
ff45,W,00,0c87,00:0c3e,67
ff44,R,00,0c8c,00:0c3e,
ff41,P,00,0c96,00:0c3e,
ff43,W,00,0c9f,00:0c3e,
ff42,W,00,0ca2,00:0c3e,
ffb5,P,00,0ca7,00:0ca7,
ff44,R,00,0caa,00:0ca7,
ffb9,R,00,0caf,00:0ca7,
ffbb,R,00,0cb2,00:0ca7,
ff41,P,00,0cb5,00:0ca7,
ff43,W,00,0cbe,00:0ca7,
ff42,W,00,0cc1,00:0ca7,
ffb7,R,00,0cc3,00:0ca7,
ff45,W,00,0cc5,00:0ca7,
ffb7,P,00,0cca,00:0ca7,
ff44,R,00,0ccd,00:0ca7,
ffbd,R,00,0cd3,00:0ca7,
ffbf,R,00,0cd6,00:0ca7,
ffab,R,00,0cd9,00:0ca7,
ff41,P,00,0cde,00:0ca7,
ff43,W,00,0ce7,00:0ca7,
ff42,W,00,0cea,00:0ca7,
ff40,W,00,0ced,00:0ca7,
ffb0,W,00,0d11,00:0d10,00
ffb1,W,00,0d13,00:0d10,
ffb2,W,00,0d15,00:0d10,
ffb0,P,00,0d18,00:0d18,
d524,P,00,0d1b,00:0d18,
ffb0,P,00,0d35,00:0d18,
d524,P,00,0d38,00:0d18,
ffb0,P,00,0d4e,00:0d18,
d524,P,00,0d51,00:0d18,
ffb0,P,00,0d6d,00:0d6d,
ffb0,P,00,0d93,00:0d6d,
d524,R,00,0dbb,00:0da0,
ffb0,W,00,0dbe,00:0da0,
ff9d,W,00,0dc2,00:0da0,
ff9b,R,00,0dc4,00:0da0,
ff9d,R,00,0dc7,00:0da0,
ff9b,W,00,0dc9,00:0da0,
ff9b,W,00,0e61,00:0da0,
ffdf,P,00,0eb5,00:0e67,
ffe1,P,00,0ed3,00:0e67,
ffe0,P,00,0eec,00:0e67,
ffb0,W,00,0efd,00:0e67,ff
ff02,R,00,0f17,00:0f16,
dc2a,W,00,0f22,00:0f16,01
dc0d,R,00,0f2d,00:0f2d,
dc27,R,00,0f33,00:0f2d,
dc3b,R,00,0f39,00:0f2d,
dc40,P,00,0f3e,00:0f2d,
dc42,W,00,0f48,00:0f2d,
d500,P,00,100b,00:100b,
d904,R,00,1017,00:1017,
ff44,R,00,1027,00:1017,
d8b4,R,00,102d,00:1017,
d918,R,00,1033,00:1017,
d92f,R,00,1039,00:1017,
ff16,W,00,103c,00:1017,
d930,R,00,103e,00:1017,
ff17,W,00,1041,00:1017,
d932,P,00,1043,00:1017,
d90f,R,00,1046,00:1017,
ff18,W,00,1049,00:1017,
d910,R,00,104b,00:1017,
ff19,W,00,104f,00:1017,
d8b5,R,00,1051,00:1017,
d919,R,00,1057,00:1017,
ff1a,W,00,105e,00:1017,00
d933,R,00,1063,00:1017,
ff1a,W,00,1066,00:1017,
d934,R,00,1068,00:1017,
ff1b,W,00,106b,00:1017,
d935,R,00,106d,00:1017,
ff1c,W,00,1070,00:1017,
d937,P,00,1072,00:1017,
d911,R,00,1075,00:1017,
ff1d,W,00,1078,00:1017,
d912,R,00,107a,00:1017,
ff1e,W,00,107e,00:1017,
d8b6,R,00,1080,00:1017,
d91a,R,00,1086,00:1017,
d938,R,00,108c,00:1017,
ff20,W,00,108f,00:1017,
d939,R,00,1091,00:1017,
ff21,W,00,1094,00:1017,
d917,R,00,1096,00:1017,
ff22,W,00,1099,00:1017,
d93b,R,00,109b,00:1017,
ff23,W,00,109e,00:1017,
d93c,R,00,10a0,00:1017,
d8b9,P,00,10a5,00:1017,
ff25,W,00,10a9,00:1017,
d92e,R,00,10ac,00:10ac,
d92e,W,00,10cc,00:10ac,00
ff9b,R,00,1100,00:1100,
ff9b,W,00,1105,00:1100,1f
d932,P,00,110a,00:1100,
d93e,R,00,110f,00:1100,
d93d,R,00,1120,00:1100,
d92f,W,00,112a,00:1100,
d8cf,R,00,112d,00:1100,
d941,R,00,1131,00:1100,
d93f,R,00,113b,00:1100,
d940,R,00,1148,00:1100,
d930,W,00,114c,00:1100,
d918,W,00,1150,00:1100,00
d8cc,R,00,1153,00:1100,
d945,P,00,1159,00:1100,
d8c5,P,00,1161,00:1100,
d918,W,00,116b,00:1100,01
d91b,R,00,116e,00:1100,
d9aa,P,00,1171,00:1100,
d93c,R,00,1177,00:1100,
d93c,W,00,117c,00:1100,
d91b,W,00,1182,00:1100,
ff9b,W,00,1186,00:1100,
d907,W,00,1195,00:1100,
d90f,W,00,11a1,00:1100,
d913,W,00,11a4,00:1100,
d910,W,00,11a8,00:1100,
d914,W,00,11ab,00:1100,
d90b,W,00,11af,00:1100,00
d90c,W,00,11b2,00:1100,
d8cc,R,00,11b5,00:1100,
d955,P,00,11bb,00:1100,
d93c,R,00,11c4,00:1100,
d93c,W,00,11ca,00:1100,
d91b,W,00,11ce,00:1100,00
ff9b,W,00,11d2,00:1100,
ff9b,R,00,11db,00:11db,
ff9b,W,00,11e0,00:11db,1f
d937,P,00,11e5,00:11db,
d986,R,00,11ea,00:11db,
d934,W,00,11fe,00:11db,
d933,W,00,1203,00:11db,80
d935,W,00,1208,00:11db,20
d919,W,00,120c,00:11db,00
d8f6,R,00,120f,00:11db,
d98a,P,00,1215,00:11db,
d8c5,P,00,121d,00:11db,
d919,W,00,1227,00:11db,01
d91c,R,00,122a,00:11db,
d9ab,P,00,122d,00:11db,
d93c,R,00,1233,00:11db,
d93c,W,00,1238,00:11db,
d91c,W,00,123e,00:11db,
ff9b,W,00,1242,00:11db,
d909,W,00,1251,00:11db,
d911,W,00,125d,00:11db,
d915,W,00,1260,00:11db,
d912,W,00,1264,00:11db,
d916,W,00,1267,00:11db,
d90d,W,00,126b,00:11db,00
d90e,W,00,126e,00:11db,
d8f6,R,00,1271,00:11db,
d99a,P,00,1277,00:11db,
d93c,R,00,1280,00:11db,
d93c,W,00,1286,00:11db,
d91c,W,00,128a,00:11db,00
ff9b,W,00,128e,00:11db,
ff9b,R,00,1297,00:1297,
ff9b,W,00,129c,00:1297,1f
d93b,P,00,12a1,00:1297,
d9af,R,00,12a7,00:1297,
d938,W,00,12b9,00:1297,
d901,R,00,12bc,00:1297,
d9ae,R,00,12c0,00:1297,
d9ac,R,00,12ca,00:1297,
d9ad,R,00,12d7,00:1297,
d939,W,00,12db,00:1297,
d91a,W,00,12df,00:1297,00
d8fd,R,00,12e2,00:1297,
d9b1,P,00,12e8,00:1297,
d91a,W,00,12f2,00:1297,01
d91d,R,00,12f5,00:1297,
d9b0,P,00,12f8,00:1297,
d93c,R,00,12fe,00:1297,
d93c,W,00,1303,00:1297,
d91d,W,00,1309,00:1297,
ff9b,W,00,130d,00:1297,
d917,W,00,131c,00:1297,
d8fd,R,00,131f,00:1297,
d9c1,P,00,1325,00:1297,
d93c,R,00,1332,00:1297,
d93c,W,00,1338,00:1297,
d917,P,00,1340,00:1297,
d91d,W,00,1346,00:1297,00
ff9b,W,00,134a,00:1297,
d8d1,P,00,1355,00:1353,
d985,R,00,13c9,00:13c9,
d8d1,P,00,13d8,00:13c9,
d8f9,R,00,13db,00:13c9,
ff44,R,00,143d,00:13c9,
d932,R,00,1443,00:13c9,
d90f,R,00,1449,00:13c9,
ff18,W,00,144c,00:13c9,
d910,R,00,144e,00:13c9,
ff19,W,00,1452,00:13c9,
d937,R,00,1454,00:13c9,
d911,R,00,145a,00:13c9,
ff1d,W,00,145d,00:13c9,
d912,R,00,145f,00:13c9,
ff1e,W,00,1463,00:13c9,
d93c,R,00,1465,00:13c9,
d8b9,P,00,146a,00:13c9,
ff25,W,00,146e,00:13c9,
d942,R,00,1471,00:1471,
d907,R,00,1475,00:1471,
d943,R,00,147d,00:1471,
d90b,P,00,148e,00:1471,
d944,R,00,1497,00:1471,
d905,R,00,14a0,00:1471,
d913,R,00,14b2,00:1471,
d90f,W,00,14b6,00:1471,
d914,R,00,14b9,00:1471,
d910,W,00,14be,00:1471,
d913,R,00,14c2,00:1471,
d90f,W,00,14c6,00:1471,
d914,R,00,14c9,00:1471,
d910,W,00,14ce,00:1471,
d905,W,00,14d3,00:1471,
d987,R,00,14ed,00:14ed,
d909,R,00,14f1,00:14ed,
d988,R,00,14f9,00:14ed,
d90d,P,00,150a,00:14ed,
d989,R,00,1513,00:14ed,
d906,R,00,151c,00:14ed,
d915,R,00,152e,00:14ed,
d911,W,00,1532,00:14ed,
d916,R,00,1535,00:14ed,
d912,W,00,153a,00:14ed,
d915,R,00,153e,00:14ed,
d911,W,00,1542,00:14ed,
d916,R,00,1545,00:14ed,
d912,W,00,154a,00:14ed,
d906,W,00,154f,00:14ed,
ff9b,R,00,1569,00:1569,
ff9b,W,00,156e,00:1569,27
d7e4,R,00,1573,00:1569,
ff9b,W,00,15df,00:1569,
d563,P,00,15f7,00:15ed,
ff9e,W,00,1607,00:1600,
ff9b,R,00,1625,00:1615,
ff9b,W,00,162a,00:1615,10
ff9b,W,00,1660,00:1615,
ff9e,W,00,166e,00:1668,
d000,P,00,1678,00:1668,
ff9e,W,00,1682,00:1668,
d040,P,00,168c,00:1668,
ff9e,W,00,1695,00:1668,
d080,P,00,169f,00:1668,
d88f,R,00,16a7,00:16a6,
d581,P,00,16ae,00:16a6,
ff9d,W,00,16c8,00:16c4,
ff9b,R,00,16ca,00:16c4,
ff9d,R,00,16cd,00:16c4,
ff9b,W,00,16cf,00:16c4,
ff9b,W,00,16ee,00:16c4,
da8f,R,00,16f4,00:16f4,
dd03,W,00,16fb,00:16f4,
da8f,R,00,16fe,00:16f4,
dd04,W,00,1703,00:16f4,
da90,R,00,1706,00:16f4,
dd05,W,00,170d,00:16f4,
da90,R,00,1710,00:16f4,
dd06,W,00,1715,00:16f4,
ff9d,W,00,1720,00:1720,
ff9b,R,00,1722,00:1720,
ff9d,R,00,1725,00:1720,
ff9b,W,00,1727,00:1720,
ff9b,W,00,1769,00:1720,
dc3c,R,00,176f,00:176f,
dc0d,R,00,1776,00:176f,
dc0f,R,00,177e,00:176f,
dc10,R,00,178a,00:176f,
dc11,R,00,1790,00:176f,
dc12,R,00,1796,00:176f,
dc19,P,00,17ad,00:17ad,
ff01,W,00,17b9,00:17ad,
ff02,W,00,17bd,00:17ad,01
ff02,W,00,17c1,00:17ad,81
dc19,R,00,17c3,00:17ad,
dc19,W,00,17ca,00:17ad,00
dc0f,W,00,17ce,00:17ad,
dc19,R,00,17d2,00:17d2,
dc1a,R,00,17d6,00:17d2,
dc1b,R,00,17da,00:17d2,
dc1c,R,00,17de,00:17d2,
ff01,R,00,17e3,00:17d2,
dc29,W,00,17e5,00:17d2,
ff01,W,00,17e9,00:17d2,
dc23,R,00,17ec,00:17d2,
dc23,W,00,17f0,00:17d2,
dc24,R,00,17f3,00:17d2,
dc24,W,00,17f8,00:17d2,
ff02,W,00,17fd,00:17d2,01
ff02,W,00,1801,00:17d2,81
dc19,P,00,1803,00:17d2,
dc19,P,00,180b,00:17d2,
dc13,R,00,180e,00:17d2,
dc14,R,00,1815,00:17d2,
dc10,P,00,181d,00:17d2,
dc11,P,00,1824,00:17d2,
dc2c,R,00,1828,00:17d2,
dc0d,R,00,182e,00:17d2,
dc11,P,00,1835,00:17d2,
dc19,W,00,183d,00:17d2,00
dc1a,W,00,1840,00:17d2,
dc1f,R,00,1843,00:17d2,
dc1b,W,00,1846,00:17d2,
dc20,R,00,1849,00:17d2,
dc1c,W,00,184c,00:17d2,
dc17,R,00,184f,00:17d2,
dc13,W,00,1852,00:17d2,
dc18,R,00,1855,00:17d2,
dc14,W,00,1858,00:17d2,
dc29,R,00,1860,00:17d2,
dc28,W,00,1863,00:17d2,
dc0d,W,00,1868,00:17d2,07
dc25,W,00,186d,00:17d2,01
dc15,R,00,1873,00:1873,
dc13,W,00,1876,00:1873,
dc16,R,00,1879,00:1873,
dc14,W,00,187c,00:1873,
dc1d,R,00,187f,00:1873,
dc1b,W,00,1882,00:1873,
dc1e,R,00,1885,00:1873,
dc1c,W,00,1888,00:1873,
dc23,P,00,188f,00:188c,
ff01,W,00,1894,00:188c,
ff02,W,00,1898,00:188c,01
ff02,W,00,189c,00:188c,81
dc12,P,00,189e,00:188c,
ff01,R,00,18a3,00:18a3,
dc28,W,00,18a5,00:18a3,
ff01,W,00,18a9,00:18a3,00
ff02,W,00,18ad,00:18a3,01
ff02,W,00,18b1,00:18a3,81
dc26,P,00,18b3,00:18a3,
dc2b,R,00,18bd,00:18a3,
dc0e,W,00,18c0,00:18a3,
dc27,R,00,18c3,00:18a3,
dbd1,W,00,18c6,00:18a3,
dbd0,W,00,18cd,00:18a3,
ff01,R,00,18d0,00:18a3,
dc27,W,00,18d2,00:18a3,
dc3b,W,00,18db,00:18a3,00
dc0d,W,00,18de,00:18a3,
dc42,W,00,18eb,00:18a3,01
dc0d,W,00,18f2,00:18a3,00
dc0d,W,00,18f9,00:18a3,
dc25,W,00,18fd,00:18a3,
dc2c,R,00,1900,00:18a3,
dc3b,W,00,1907,00:18a3,00
ff02,W,00,190c,00:190b,00
ff02,W,00,1910,00:190f,00
ff01,W,00,1912,00:190f,
ff01,W,00,1915,00:1914,00
ff02,W,00,1917,00:1914,
dc0d,W,00,1919,00:1914,
dc27,W,00,191d,00:1914,
dc28,W,00,1920,00:1914,
dc25,W,00,1928,00:1927,00
dc2a,W,00,192b,00:1927,
dc3b,W,00,192e,00:1927,
dc0f,W,00,1932,00:1931,00
dc10,W,00,1935,00:1931,
dc11,W,00,1938,00:1931,
dc12,W,00,193b,00:1931,
dc26,W,00,193e,00:1931,
dc23,W,00,1941,00:1931,
dc24,W,00,1944,00:1931,
dc19,W,00,1947,00:1931,
dc1a,W,00,194a,00:1931,
dc3c,W,00,194d,00:1931,
dc42,W,00,1950,00:1931,
dc3b,R,00,1954,00:1954,
dc0e,R,00,195e,00:1954,
dc25,R,00,196f,00:196f,
dc40,W,00,1977,00:196f,00
dc0e,W,00,197a,00:196f,
dc0d,W,00,197e,00:196f,
dc27,R,00,1981,00:196f,
dc0d,W,00,1995,00:196f,00
dc0e,W,00,1998,00:196f,
dc27,R,00,199b,00:196f,
dc0e,W,00,19a3,00:19a2,00
dc0d,W,00,19a8,00:19a2,
dc0d,R,00,19b2,00:19b2,
dc42,R,00,19c4,00:19b2,
dc3b,R,00,19ca,00:19b2,
dc0e,R,00,19d4,00:19b2,
dc27,R,00,19df,00:19b2,
dc0d,R,00,19ec,00:19eb,
dc27,R,00,19f0,00:19eb,
dc0d,R,00,19f4,00:19eb,
dc3b,R,00,1a02,00:19eb,
dc3e,W,00,1a0a,00:19eb,
dc21,W,00,1a0e,00:19eb,
dc22,W,00,1a12,00:19eb,
dc27,R,00,1a15,00:19eb,
dc0b,R,00,1a1b,00:19eb,
dc0c,W,00,1a1e,00:19eb,
dc3e,R,00,1a24,00:19eb,
dbfe,P,00,1a2e,00:19eb,
dc0c,W,00,1a34,00:19eb,
dbec,P,00,1a3d,00:19eb,
dc25,R,00,1a51,00:19eb,
dc3e,P,00,1a5b,00:19eb,
dc27,R,00,1a5e,00:19eb,
dc27,R,00,1a71,00:19eb,
dc0b,R,00,1a7e,00:19eb,
dc0c,W,00,1a81,00:19eb,
dc3e,R,00,1a87,00:19eb,
dbfe,P,00,1a91,00:19eb,
dc0c,W,00,1a97,00:19eb,
dbec,P,00,1aa0,00:19eb,
dc27,R,00,1aa8,00:19eb,
dc1f,R,00,1ab0,00:19eb,
dc1f,W,00,1ab5,00:19eb,
dc20,R,00,1ab8,00:19eb,
dc20,W,00,1abd,00:19eb,
dc1f,R,00,1ac0,00:19eb,
dc20,R,00,1ac4,00:19eb,
dc3c,W,00,1ace,00:19eb,01
dc2c,W,00,1ad4,00:19eb,00
dc3b,W,00,1ad7,00:19eb,
dc3d,R,00,1adc,00:19eb,
dc27,R,00,1ae0,00:19eb,
dc0d,R,00,1aeb,00:1aeb,
dc3b,R,00,1afd,00:1aeb,
dc0e,R,00,1b07,00:1aeb,
dc27,R,00,1b12,00:1aeb,
dc0d,R,00,1b1e,00:1b1e,
dc3b,R,00,1b30,00:1b1e,
dc27,R,00,1b3a,00:1b1e,
dc2b,W,00,1b46,00:1b1e,
dc2c,W,00,1b4a,00:1b1e,
dc1b,W,00,1b4e,00:1b1e,
dc1d,W,00,1b51,00:1b1e,
dc1c,W,00,1b55,00:1b1e,
dc1e,W,00,1b58,00:1b1e,
dc13,W,00,1b5c,00:1b1e,
dc15,W,00,1b5f,00:1b1e,
dc14,W,00,1b63,00:1b1e,
dc16,W,00,1b66,00:1b1e,
dc25,W,00,1b6a,00:1b1e,00
dc2d,P,00,1ba8,00:1ba4,
dc2d,P,00,1bb4,00:1ba4,
dc08,R,00,1bc0,00:1ba4,
dc31,W,00,1bc3,00:1ba4,
dc09,R,00,1bc9,00:1ba4,
dc32,W,00,1bcc,00:1ba4,
dc0a,R,00,1bd2,00:1ba4,
dc33,W,00,1bd5,00:1ba4,
daab,R,00,1bdb,00:1ba4,
dc34,W,00,1bde,00:1ba4,
dc35,W,00,1be5,00:1ba4,
dc36,W,00,1be9,00:1ba4,
dc37,W,00,1bed,00:1ba4,00
dc38,W,00,1bf0,00:1ba4,
dc1f,W,00,1bfc,00:1bfb,
dc20,W,00,1c00,00:1bfb,
dc17,W,00,1c04,00:1bfb,
dc18,W,00,1c08,00:1bfb,
dc2d,P,00,1c10,00:1bfb,
dc2d,W,00,1c1c,00:1bfb,
dc0c,R,00,1c1f,00:1bfb,
dc2e,W,00,1c22,00:1bfb,
dc2f,W,00,1c27,00:1bfb,
dc30,W,00,1c2b,00:1bfb,
dc0d,R,00,1c57,00:1c56,
dc2b,R,00,1c61,00:1c56,
dc2b,R,00,1c6a,00:1c56,
dc0d,W,00,1c71,00:1c56,
dc25,W,00,1c75,00:1c56,00
dc0e,W,00,1c78,00:1c56,
dc19,W,00,1c7d,00:1c56,01
dc3b,W,00,1c80,00:1c56,
ff01,W,00,1c86,00:1c56,
ff02,W,00,1c8a,00:1c56,01
ff02,W,00,1c8e,00:1c56,81
ff9d,W,00,1c93,00:1c93,
ff9b,R,00,1c95,00:1c93,
ff9d,R,00,1c98,00:1c93,
ff9b,W,00,1c9a,00:1c93,
ff9b,W,00,1cd8,00:1c93,
ff00,R,00,1cf5,00:1cea,
ff00,W,00,1cff,00:1cea,20
ff00,R,00,1d01,00:1cea,
ff00,R,00,1d03,00:1cea,
ff00,W,00,1d07,00:1cea,30
ff00,W,00,1d0b,00:1cea,10
ff00,R,00,1d0d,00:1cea,
ff00,R,00,1d0f,00:1cea,
ff00,R,00,1d11,00:1cea,
ff00,R,00,1d13,00:1cea,
ff00,R,00,1d15,00:1cea,
ff00,R,00,1d17,00:1cea,
ff00,W,00,1d1b,00:1cea,30
ff00,R,00,1d1d,00:1cea,
ff00,R,00,1d1f,00:1cea,
ff00,R,00,1d21,00:1cea,
ff00,R,00,1d23,00:1cea,
ff9d,W,00,1d45,00:1d45,
ff9b,R,00,1d47,00:1d45,
ff9d,R,00,1d4a,00:1d45,
ff9b,W,00,1d4c,00:1d45,
ff47,W,00,1d55,00:1d45,e4
ff40,W,00,1d7b,00:1d45,81
ffb0,R,00,1d8e,00:1d45,
ff47,W,00,1d90,00:1d45,
ffab,R,00,1d92,00:1d45,
ff40,W,00,1d94,00:1d45,
ff9b,W,00,1d97,00:1d45,
ffc3,R,00,1d9d,00:1d9d,
ffc3,R,00,1e69,00:1e69,
ffc4,R,00,1e6d,00:1e69,
ffc4,W,00,1e81,00:1e69,ff
ffc3,R,00,1e84,00:1e84,
ffc4,R,00,1e8e,00:1e84,
ffc4,W,00,1ea1,00:1e84,00
ffd5,P,00,1ea5,00:1ea4,
ffd5,P,00,1eb0,00:1ea4,
ffdd,W,00,1eb6,00:1ea4,
ffde,W,00,1ebd,00:1ea4,
ffdd,R,00,1ec9,00:1ea4,
ffd5,P,00,1f1b,00:1f1a,
ffe0,W,00,1f2a,00:1f1a,
ffd6,R,00,1f2c,00:1f1a,
ffdf,W,00,1f2e,00:1f1a,
c800,P,00,1f30,00:1f1a,
ffdf,R,00,1f33,00:1f1a,
ffe0,R,00,1f37,00:1f1a,
ffe3,W,00,1f56,00:1f51,
ffe6,W,00,1f63,00:1f51,
ffe7,W,00,1f66,00:1f51,
ffd5,P,00,1f68,00:1f51,
ffe8,W,00,1f77,00:1f51,
ffe9,W,00,1f7a,00:1f51,
ffd5,R,00,1f7c,00:1f51,
ffe1,W,00,1f86,00:1f51,
ffde,R,00,1f88,00:1f51,
ffd5,R,00,1f8d,00:1f51,
ffe2,W,00,1f9a,00:1f51,
ffe2,W,00,1f9f,00:1f51,f0
ffda,R,00,1fb2,00:1fb2,
ffdb,R,00,1fb5,00:1fb2,
ff9b,R,00,1fb8,00:1fb2,
ffdc,R,00,1fbb,00:1fb2,
ff9b,W,00,1fbd,00:1fb2,
c802,P,00,1fc2,00:1fb2,
ffdf,R,00,1fc7,00:1fb2,
ffe7,R,00,1fcb,00:1fb2,
ffe1,R,00,1fce,00:1fb2,
ffe0,R,00,1fd1,00:1fb2,
ffe3,R,00,1fe0,00:1fb2,
ffe4,W,00,1fe4,00:1fb2,
ffe6,P,00,1fe6,00:1fb2,
ffe4,R,00,1ff3,00:1fb2,
ffe7,P,00,1ff5,00:1fb2,
ffe9,P,00,2007,00:1fb2,
ffe2,R,00,2013,00:1fb2,
ff9b,W,00,2020,00:1fb2,
ffd7,R,00,2026,00:2026,
ffd8,R,00,2029,00:2026,
ff9b,R,00,202c,00:2026,
ffd9,R,00,202f,00:2026,
ff9b,W,00,2031,00:2026,
c802,P,00,2036,00:2026,
ffdf,R,00,203b,00:2026,
ffe7,R,00,203f,00:2026,
ffe1,R,00,2042,00:2026,
ffe0,R,00,2045,00:2026,
ffe3,R,00,2057,00:2026,
ffe4,W,00,205b,00:2026,
ffe6,P,00,205d,00:2026,
ffe4,R,00,206a,00:2026,
ffe7,P,00,206c,00:2026,
ffe9,P,00,207e,00:2026,
ffe2,R,00,208b,00:2026,
ff9b,W,00,2096,00:2026,
ffd7,R,00,209c,00:209c,
ffd8,R,00,209f,00:209c,
ff9b,R,00,20a2,00:209c,
ffd9,R,00,20a5,00:209c,
ff9b,W,00,20a7,00:209c,
c803,P,00,20ac,00:209c,
ffdf,R,00,20b1,00:209c,
ffe1,R,00,20ba,00:209c,
ffe0,R,00,20bd,00:209c,
ffe3,R,00,20c8,00:209c,
ffe4,W,00,20cc,00:209c,
ffe3,R,00,20d6,00:209c,
ffe5,W,00,20da,00:209c,
ffe4,W,00,20de,00:209c,
ffe5,W,00,20e0,00:209c,
ffe4,R,00,20e3,00:209c,
ffe6,P,00,20e5,00:209c,
ffe5,R,00,20ee,00:209c,
ffe6,P,00,20f0,00:209c,
ffe4,R,00,20fc,00:209c,
ffe7,P,00,20fe,00:209c,
ffe5,R,00,2104,00:209c,
ffe7,P,00,2106,00:209c,
ffe8,P,00,2119,00:209c,
ffe2,R,00,212b,00:209c,
ff9b,W,00,2137,00:209c,
c800,P,00,213d,00:213d,
ff44,R,00,2153,00:213d,
ff41,R,00,215d,00:213d,
ff9b,R,00,246e,00:2464,
ff9b,W,00,2473,00:2464,02
ff9b,R,00,2487,00:247d,
ff9b,W,00,248c,00:247d,02
ff9b,R,00,24a0,00:2496,
ff9b,W,00,24a5,00:2496,01
ff9b,R,00,24b9,00:24af,
ff9b,W,00,24be,00:24af,01
ff9a,R,00,24cb,00:24af,
ff9a,W,00,24e5,00:24af,
ff9b,W,00,24e8,00:24af,
ff9b,R,00,24fb,00:24f1,
ff9b,W,00,2500,00:24f1,02
ff9b,R,00,2514,00:250a,
ff9b,W,00,2519,00:250a,02
ff9b,R,00,252d,00:2523,
ff9b,W,00,2532,00:2523,01
ff9b,R,00,2546,00:253c,
ff9b,W,00,254b,00:253c,01
ff9a,R,00,2558,00:253c,
ff9a,W,00,2577,00:253c,
ff9b,W,00,257a,00:253c,
ff9d,W,00,258f,00:2583,
ff9b,R,00,2591,00:2583,
ff9d,R,00,2594,00:2583,
ff9b,W,00,2596,00:2583,
d002,P,00,25b6,00:2583,
d002,P,00,25d9,00:2583,
d004,P,00,25e8,00:2583,
ff9b,W,00,2612,00:2583,
ff9d,W,00,2662,00:2656,
ff9b,R,00,2664,00:2656,
ff9d,R,00,2667,00:2656,
ff9b,W,00,2669,00:2656,
d002,P,00,2682,00:2656,
d000,R,00,2691,00:2656,
d001,R,00,26a0,00:2656,
d002,P,00,26bb,00:2656,
d006,P,00,26cd,00:2656,
d00a,P,00,26dc,00:2656,
d00e,P,00,26eb,00:2656,
ffa1,R,00,270e,00:2656,
ff9b,W,00,271c,00:2656,
ff9b,W,00,272a,00:2656,
ff9d,W,00,2740,00:2734,
ff9b,R,00,2742,00:2734,
ff9d,R,00,2745,00:2734,
ff9b,W,00,2747,00:2734,
d002,P,00,2760,00:2734,
d000,R,00,276f,00:2734,
d001,R,00,277e,00:2734,
d002,P,00,2796,00:2734,
d006,P,00,27a2,00:2734,
d00a,P,00,27ae,00:2734,
d00e,P,00,27ba,00:2734,
ff9b,W,00,27eb,00:2734,
ff9d,W,00,2800,00:27f4,
ff9b,R,00,2802,00:27f4,
ff9d,R,00,2805,00:27f4,
ff9b,W,00,2807,00:27f4,
d002,P,00,2820,00:27f4,
d000,R,00,282f,00:27f4,
d001,R,00,283e,00:27f4,
d002,P,00,285e,00:27f4,
d00a,P,00,286a,00:27f4,
ff9b,W,00,2893,00:27f4,
d000,W,00,28c0,00:289c,
d001,W,00,28d1,00:289c,
ff9b,R,00,2a23,00:2a23,
ff9b,W,00,2a28,00:2a23,1f
ff9b,W,00,2a31,00:2a23,
ff9b,R,00,2a37,00:2a37,
ff9b,W,00,2a3c,00:2a37,1f
ff9b,W,00,2a45,00:2a37,
dd60,W,00,2a59,00:2a4b,
dd68,W,00,2a63,00:2a4b,
dd70,W,00,2a6d,00:2a4b,
dd78,W,00,2a77,00:2a4b,
dd60,W,00,2a7c,00:2a7c,
dd70,W,00,2a80,00:2a80,
dd78,W,00,2a84,00:2a84,
dd68,W,00,2a88,00:2a88,
ffa1,R,00,2a8d,00:2a8c,
dc44,R,00,2aed,00:2ae9,
dc51,R,00,2af4,00:2ae9,
ff01,R,00,2afa,00:2ae9,
dc45,R,00,2b08,00:2ae9,
dc43,W,00,2b0f,00:2ae9,00
dc45,W,00,2b12,00:2ae9,
ff01,W,00,2b17,00:2ae9,12
ff02,W,00,2b1b,00:2ae9,80
dc5d,W,00,2b22,00:2ae9,01
dc45,W,00,2b27,00:2ae9,01
dc43,W,00,2b2a,00:2ae9,
dc51,W,00,2b2f,00:2ae9,01
dc54,R,00,2b32,00:2ae9,
ff01,W,00,2b35,00:2ae9,
ff01,R,00,2b3a,00:2ae9,
dc57,W,00,2b3c,00:2ae9,
dc58,W,00,2b41,00:2ae9,
dc52,W,00,2b46,00:2ae9,01
dc45,R,00,2b49,00:2ae9,
dc57,R,00,2b4f,00:2ae9,
dc52,W,00,2b57,00:2ae9,00
dc55,R,00,2b5c,00:2ae9,
dc58,R,00,2b63,00:2ae9,
dc54,R,00,2b6a,00:2ae9,
dc50,W,00,2b74,00:2ae9,01
dc50,W,00,2b7c,00:2ae9,03
dc52,W,00,2b83,00:2ae9,00
dc55,R,00,2b86,00:2ae9,
dc57,R,00,2b8d,00:2ae9,
dc50,W,00,2b96,00:2ae9,02
dc50,W,00,2b9e,00:2ae9,04
dc44,W,00,2ba6,00:2ae9,01
dc4e,W,00,2baa,00:2ae9,00
ff01,W,00,2bad,00:2ae9,
dc4c,W,00,2bb1,00:2ae9,ff
dc4d,W,00,2bb4,00:2ae9,
ff02,W,00,2bb9,00:2ae9,80
dc43,R,00,2bbb,00:2ae9,
dc43,W,00,2bc0,00:2ae9,
dc51,R,00,2bc6,00:2ae9,
dc51,W,00,2bce,00:2ae9,
dc56,R,00,2bd9,00:2ae9,
dc5e,W,00,2be0,00:2ae9,
ff01,W,00,2be3,00:2ae9,
dc4f,W,00,2be6,00:2ae9,00
dc51,W,00,2bed,00:2ae9,
dc5c,R,00,2bf0,00:2ae9,
ff01,R,00,2bf8,00:2ae9,
dc51,W,00,2c01,00:2ae9,00
dc5c,W,00,2c04,00:2ae9,
dc5b,W,00,2c07,00:2ae9,
dc5b,R,00,2c10,00:2ae9,
dc5c,W,00,2c16,00:2ae9,
dc5b,R,00,2c19,00:2ae9,
ff01,W,00,2c1c,00:2ae9,
ff01,R,00,2c21,00:2ae9,
dc59,W,00,2c23,00:2ae9,
dc5e,R,00,2c2d,00:2ae9,
dc59,W,00,2c33,00:2ae9,
ff01,W,00,2c3c,00:2ae9,00
dc45,R,00,2c3e,00:2ae9,
dc56,R,00,2c44,00:2ae9,
dc47,W,00,2c4d,00:2ae9,08
dc59,R,00,2c50,00:2ae9,
dc5a,W,00,2c55,00:2ae9,
dc47,W,00,2c5d,00:2ae9,10
dc59,R,00,2c60,00:2ae9,
dc5a,W,00,2c65,00:2ae9,
dc59,R,00,2c6b,00:2ae9,
dc47,W,00,2c75,00:2ae9,08
dc47,W,00,2c7c,00:2ae9,10
dc5a,W,00,2c82,00:2ae9,
dc48,R,00,2c88,00:2ae9,
dc49,R,00,2c8c,00:2ae9,
dc4d,R,00,2c90,00:2ae9,
dc4c,R,00,2c94,00:2ae9,
ff01,R,00,2c9d,00:2ae9,
dc4a,R,00,2ca1,00:2ae9,
dc4b,R,00,2ca5,00:2ae9,
ff01,W,00,2cab,00:2ae9,
dc4c,W,00,2cae,00:2ae9,
dc4d,W,00,2cb2,00:2ae9,
dc4c,R,00,2cb5,00:2ae9,
dc47,R,00,2cb9,00:2ae9,
dc47,R,00,2cc0,00:2ae9,
dc46,W,00,2cc8,00:2ae9,00
dc47,W,00,2ccb,00:2ae9,
dc56,W,00,2cce,00:2ae9,
dc59,W,00,2cd1,00:2ae9,
dc4c,W,00,2cd5,00:2ae9,
dc4d,W,00,2cd8,00:2ae9,
dc4f,W,00,2cdd,00:2ae9,01
dc51,W,00,2ce0,00:2ae9,
ff02,W,00,2ce5,00:2ae9,80
dc45,R,00,2ce7,00:2ae9,
dc43,W,00,2cea,00:2ae9,
dc59,W,00,2cf0,00:2ae9,00
dc44,W,00,2cf3,00:2ae9,
dc43,W,00,2cf6,00:2ae9,
dc45,W,00,2cf9,00:2ae9,
dc48,W,00,2cfc,00:2ae9,
dc49,W,00,2cff,00:2ae9,
dc4a,W,00,2d02,00:2ae9,
dc4b,W,00,2d05,00:2ae9,
dc46,W,00,2d08,00:2ae9,
dc56,W,00,2d0b,00:2ae9,
dc55,W,00,2d0e,00:2ae9,
dc58,W,00,2d11,00:2ae9,
dc5d,W,00,2d14,00:2ae9,
dc5e,W,00,2d17,00:2ae9,
dc51,W,00,2d1a,00:2ae9,
ff01,W,00,2d1d,00:2ae9,
ff02,W,00,2d1f,00:2ae9,
dc4c,W,00,2d22,00:2ae9,
dc4d,W,00,2d25,00:2ae9,
dc4e,W,00,2d30,00:2ae9,01
ff02,W,00,2d37,00:2ae9,80
dc43,R,00,2d39,00:2ae9,
dc43,W,00,2d3e,00:2ae9,
dc43,R,00,2d41,00:2ae9,
ff07,W,00,2d49,00:2ae9,06
ff07,W,00,2d53,00:2ae9,02
ff05,W,00,2d57,00:2ae9,ee
ff02,W,00,2d5b,00:2ae9,81
dc47,W,00,2d61,00:2d5f,10
ff01,W,00,2d66,00:2d5f,12
ff02,W,00,2d6a,00:2d5f,80
dc43,W,00,2d6d,00:2d5f,00
dc44,W,00,2d70,00:2d5f,
dc45,W,00,2d73,00:2d5f,
dc46,W,00,2d76,00:2d5f,
dc4c,W,00,2d79,00:2d5f,
dc4d,W,00,2d7c,00:2d5f,
dc4e,W,00,2d7f,00:2d5f,
dc4f,W,00,2d82,00:2d5f,
dc50,W,00,2d85,00:2d5f,
dc51,W,00,2d88,00:2d5f,
dc52,W,00,2d8b,00:2d5f,
dc53,W,00,2d8e,00:2d5f,
dc54,W,00,2d91,00:2d5f,
dc55,W,00,2d94,00:2d5f,
dc56,W,00,2d97,00:2d5f,
dc57,W,00,2d9a,00:2d5f,
dc58,W,00,2d9d,00:2d5f,
dc59,W,00,2da0,00:2d5f,
dc5a,W,00,2da3,00:2d5f,
dc5b,W,00,2da6,00:2d5f,
dc5c,W,00,2da9,00:2d5f,
dc5d,W,00,2dac,00:2d5f,
dc5e,W,00,2daf,00:2d5f,
dc48,W,00,2db4,00:2d5f,c0
dc49,W,00,2db9,00:2d5f,00
c000,P,00,2dbc,00:2d5f,
dc4a,W,00,2dc0,00:2d5f,
dc4b,W,00,2dc4,00:2d5f,
ff06,W,00,2dc9,00:2d5f,ee
ff05,W,00,2dcb,00:2d5f,
ff07,W,00,2dcf,00:2d5f,02
ff01,W,00,2dd9,00:2dd8,00
dc51,R,00,2ddb,00:2dd8,
ff02,W,00,2de0,00:2dd8,
dc47,W,00,2de2,00:2dd8,
dc51,R,00,2ded,00:2ded,
dc53,R,00,2df2,00:2ded,
dc55,R,00,2dfb,00:2ded,
dc54,W,00,2dff,00:2ded,
ff01,W,00,2e04,00:2ded,29
ff02,W,00,2e08,00:2ded,81
dc45,W,00,2e0a,00:2ded,
dc45,R,00,2e0e,00:2e0e,
dc46,R,00,2e13,00:2e0e,
dc43,R,00,2e18,00:2e0e,
c000,P,00,2e1d,00:2e0e,
dc4a,W,00,2e21,00:2e0e,
dc4b,W,00,2e25,00:2e0e,
dc56,R,00,2e28,00:2e0e,
dc5a,R,00,2e2f,00:2e0e,
dc56,W,00,2e36,00:2e0e,
ff02,W,00,2e3b,00:2e0e,81
dc46,W,00,2e3d,00:2e0e,
dc45,R,00,2e41,00:2e41,
dc46,R,00,2e46,00:2e41,
c000,P,00,2e4b,00:2e41,
dc4a,W,00,2e4f,00:2e41,
dc4b,W,00,2e53,00:2e41,
dc5a,R,00,2e56,00:2e41,
dc56,W,00,2e5d,00:2e41,
ff02,W,00,2e62,00:2e41,81
dc46,W,00,2e64,00:2e41,
dc54,R,00,2e68,00:2e68,
dc53,R,00,2e6c,00:2e68,
dc55,R,00,2e75,00:2e68,
dc54,W,00,2e7a,00:2e68,
dc44,R,00,2e7d,00:2e68,
ff9f,W,00,2e94,00:2e92,0b
ffa0,W,00,2e98,00:2e92,04
ff9e,W,00,2e9a,00:2e92,
d5ce,W,00,2ea6,00:2e92,19
d5cf,W,00,2eaa,00:2e92,00
d5d8,W,00,2ead,00:2e92,
d5e0,P,00,2eb0,00:2e92,
d629,P,00,2eb9,00:2e92,
d7f5,P,00,2ec2,00:2e92,
d7ec,W,00,2ecb,00:2e92,
d9f2,W,00,2ece,00:2e92,
d9f3,W,00,2ed1,00:2e92,
d9d3,W,00,2ed4,00:2e92,
d9f8,W,00,2ed7,00:2e92,
d7be,W,00,2eda,00:2e92,
d7d2,W,00,2edd,00:2e92,
d9d5,W,00,2ee0,00:2e92,
d9d6,W,00,2ee3,00:2e92,
d60d,W,00,2ee6,00:2e92,
da16,W,00,2ee9,00:2e92,
da17,W,00,2eec,00:2e92,
da18,W,00,2eef,00:2e92,
d7d3,W,00,2ef4,00:2e92,01
d60b,W,00,2ef7,00:2e92,
d60c,W,00,2efa,00:2e92,
d7ee,W,00,2eff,00:2e92,ff
d7ef,W,00,2f02,00:2e92,
d7f0,W,00,2f05,00:2e92,
d7f1,W,00,2f08,00:2e92,
d615,P,00,2f10,00:2e92,
d807,W,00,2f1b,00:2e92,03
d523,W,00,2f20,00:2e92,01
d561,R,00,2f23,00:2e92,
d5d8,W,00,2f2a,00:2e92,00
d5ce,R,00,2f39,00:2f39,
d5cf,R,00,3015,00:3015,
dbc5,W,00,3032,00:3031,00
dbc0,W,00,3035,00:3031,
dbc1,W,00,3038,00:3031,
dbc3,W,00,303b,00:3031,
d814,W,00,303e,00:3031,
dbc4,W,00,3043,00:3031,01
ffc6,W,00,304d,00:3031,00
dc41,W,00,3051,00:3031,01
d5cf,P,00,3054,00:3031,
ffab,W,00,305b,00:3059,43
d524,W,00,305f,00:3059,e4
d525,W,00,3062,00:3059,
d526,W,00,3065,00:3059,
ffae,W,00,3069,00:3059,00
ffad,W,00,306b,00:3059,
d5cf,P,00,30a6,00:3059,
dc28,R,00,30b9,00:30ab,
dbc2,W,00,30c9,00:30ab,00
dbc6,W,00,30cc,00:30ab,
dbc9,W,00,30cf,00:30ab,
dbca,W,00,30d2,00:30ab,
d5cf,P,00,30d8,00:30ab,
db6d,R,00,30dd,00:30dd,
dbc3,R,00,30e9,00:30dd,
dbc7,W,00,30f1,00:30dd,
dbc8,W,00,30f5,00:30dd,
db6d,R,00,311b,00:3118,
dbc0,R,00,312a,00:3118,
dbc1,R,00,312e,00:3118,
db70,P,00,3136,00:3118,
dbc0,W,00,3144,00:3118,
dbc1,W,00,3148,00:3118,
dbc2,P,00,314e,00:3118,
dbc6,W,00,3159,00:3118,01
d5cf,P,00,315c,00:3118,
db70,P,00,3161,00:3161,
cf00,P,00,3164,00:3161,
db4d,P,00,3178,00:3161,
dbc6,W,00,3188,00:3161,01
db5d,P,00,31a5,00:3161,
dbc5,W,00,31c4,00:3161,01
ff9d,W,00,31f6,00:31f2,
ff9b,R,00,31f8,00:31f2,
ff9d,R,00,31fb,00:31f2,
ff9b,W,00,31fd,00:31f2,
ff9b,W,00,320e,00:31f2,
ff9d,W,00,321d,00:3214,
ff9b,R,00,321f,00:3214,
ff9d,R,00,3222,00:3214,
ff9b,W,00,3224,00:3214,
ff9b,W,00,3243,00:3214,
ff9d,W,00,3252,00:3249,
ff9b,R,00,3254,00:3249,
ff9d,R,00,3257,00:3249,
ff9b,W,00,3259,00:3249,
ff9b,W,00,32d5,00:3249,
dbc6,R,00,32f5,00:32f2,
dc3d,W,00,32f8,00:32f2,
cf00,P,00,32fb,00:32f2,
ffa2,R,00,330c,00:32f2,
dbc6,R,00,3317,00:32f2,
dbc3,P,00,331d,00:32f2,
db6f,R,00,3321,00:32f2,
dbc5,W,00,332c,00:32f2,01
d5cf,P,00,332f,00:32f2,
d5cf,P,00,3334,00:32f2,
dc08,W,00,333e,00:3339,01
d801,R,00,3344,00:3339,
d802,R,00,334a,00:3339,
d802,R,00,3350,00:3339,
dbc4,R,00,3359,00:3339,
dbc5,R,00,3360,00:3339,
dc09,W,00,3369,00:3339,
dc0a,W,00,336e,00:3339,e4
d5cf,P,00,3383,00:3339,
dc40,R,00,3392,00:3388,
dc40,W,00,33cb,00:3388,04
d5cf,P,00,33d7,00:3388,
dc27,R,00,33df,00:33dc,
dbc5,R,00,33ee,00:33dc,
dbc4,W,00,33fb,00:33dc,00
d5cf,W,00,3400,00:33dc,01
d5cf,P,00,340a,00:33dc,
dc27,R,00,340f,00:33dc,
dc28,R,00,342e,00:33dc,
dbcf,W,00,343b,00:33dc,01
d814,W,00,3440,00:33dc,01
d5cf,W,00,3448,00:33dc,09
d814,W,00,344e,00:33dc,01
d5cf,W,00,3456,00:33dc,08
dc41,W,00,3466,00:345a,00
d5df,W,00,346b,00:345a,01
db6e,R,00,346e,00:345a,
d5ce,W,00,347b,00:345a,
d5cf,W,00,347f,00:345a,
dc41,W,00,3499,00:348d,00
d5d0,W,00,349d,00:348d,00
d5cf,P,00,34a0,00:348d,
ff9e,W,00,34a5,00:34a5,
ffc8,R,00,34b3,00:34b3,
ffc8,R,00,34c9,00:34c6,
ffc8,R,00,34d4,00:34c6,
ff8a,W,00,34e3,00:34c6,
ff8a,R,00,34ed,00:34c6,
dc10,R,00,3515,00:3515,
dc11,R,00,351a,00:3515,
dbc9,P,00,351f,00:3515,
dbc7,P,00,3522,00:3515,
ff9e,W,00,354d,00:354d,
da9c,P,00,3559,00:354d,
ff9e,W,00,3561,00:354d,
c000,P,02,4005,02:4005,
da8f,W,02,402e,02:4005,
c000,P,02,4031,02:4005,
da90,W,02,405a,02:4005,
d563,P,02,440b,02:4406,
d563,P,02,444d,02:444d,
d563,P,02,4474,02:444d,
d563,P,02,4484,02:444d,
d563,P,02,449c,02:444d,
d561,W,02,44a9,02:444d,
ff9e,W,02,44fb,02:44fb,
d563,P,02,4518,02:44fb,
ff9e,W,02,452a,02:452a,
ff8a,W,02,4537,02:452a,
d561,R,02,4539,02:452a,
ff8b,W,02,453d,02:452a,
ff9e,W,02,453f,02:452a,
d643,P,02,4549,02:452a,
d65c,P,02,454c,02:452a,
ff8a,R,02,454f,02:452a,
ff8b,R,02,4564,02:452a,
ff9e,W,02,4566,02:452a,
ff8b,R,02,4570,02:452a,
ff9e,W,02,4577,02:452a,
d681,P,02,4581,02:452a,
ff8a,R,02,4584,02:452a,
ff9e,W,02,4594,02:452a,
d561,R,02,45a2,02:45a1,
ff9e,W,02,45ac,02:45a1,ff
cf33,W,02,45ca,02:45a1,01
cf8f,W,02,45cd,02:45a1,
cf00,P,02,45d0,02:45a1,
cf5c,P,02,45d9,02:45a1,
c000,P,02,45f4,02:45a1,
d563,P,02,460a,02:45a1,
d561,R,02,461f,02:45a1,
ff9e,W,02,462f,02:462f,
d561,R,02,4639,02:462f,
ff9e,W,02,4643,02:462f,ff
cf12,P,02,4660,02:462f,
da56,R,02,4664,02:462f,
cf36,P,02,4687,02:462f,
cf55,P,02,4692,02:462f,
cf00,P,02,46a3,02:462f,
c000,P,02,46c7,02:462f,
d561,R,02,46d6,02:462f,
ff9e,W,02,46f0,02:46f0,
d561,R,02,46fd,02:46f0,
ff9e,W,02,4707,02:46f0,ff
ce00,P,02,471d,02:46f0,
ce00,P,02,4729,02:46f0,
ce00,P,02,472f,02:46f0,
cf00,P,02,473e,02:46f0,
da49,P,02,4742,02:46f0,
cf34,P,02,4751,02:46f0,
da8f,R,02,4755,02:46f0,
da90,R,02,4759,02:46f0,
cf55,P,02,475f,02:46f0,
cf00,P,02,4770,02:46f0,
c000,P,02,4794,02:46f0,
d561,R,02,47a3,02:46f0,
ff9e,W,02,47c9,02:47c4,
ce00,P,02,47de,02:47c4,
ce00,P,02,47ea,02:47c4,
ce00,P,02,47f0,02:47c4,
cf33,R,02,47f8,02:47c4,
c000,P,02,4815,02:47c4,
ff9e,W,02,4837,02:4832,
d643,P,02,4860,02:4832,
ff9e,W,02,4894,02:488f,
d643,P,02,48bd,02:488f,
ff9e,W,02,48fc,02:48f7,
d7c1,R,02,4925,02:48f7,
ff9e,W,02,4950,02:494b,
da5b,P,02,4979,02:494b,
d681,P,02,49be,02:49a8,
d6b2,P,02,49cf,02:49a8,
d6e2,R,02,49df,02:49a8,
d6e3,R,02,49e3,02:49a8,
d681,P,02,4a1d,02:4a07,
d6b2,P,02,4a33,02:4a07,
d6e2,R,02,4a43,02:4a07,
d6e3,R,02,4a47,02:4a07,
d93d,P,02,4a81,02:4a6b,
d93f,P,02,4a87,02:4a6b,
d942,P,02,4a8d,02:4a6b,
d945,P,02,4a93,02:4a6b,
d955,P,02,4a99,02:4a6b,
d965,P,02,4a9f,02:4a6b,
d985,P,02,4aa5,02:4a6b,
d987,P,02,4aab,02:4a6b,
d98a,P,02,4ab1,02:4a6b,
d99a,P,02,4ab7,02:4a6b,
d9aa,P,02,4abd,02:4a6b,
d9ac,P,02,4ace,02:4a6b,
d9af,P,02,4ad4,02:4a6b,
d9b1,P,02,4ae4,02:4a6b,
d9c1,P,02,4aea,02:4a6b,
d9c1,P,02,4af0,02:4a6b,
d9d1,R,02,4af6,02:4a6b,
da96,P,02,4bc8,02:4bb2,
da49,P,02,4c0b,02:4bf4,
c000,P,02,4c45,02:4c37,
d561,P,02,4c84,02:4c80,
ff9e,W,02,4c8a,02:4c80,
c000,P,02,4ca5,02:4c80,
c000,P,02,4cbb,02:4c80,
c000,P,02,4cdb,02:4c80,
c000,P,02,4cf9,02:4c80,
ff9e,W,02,4d07,02:4d05,
da97,R,02,4d13,02:4d05,
da96,R,02,4d19,02:4d05,
da9d,R,02,4d22,02:4d05,
da9c,R,02,4d28,02:4d05,
da9b,R,02,4d31,02:4d05,
da9a,R,02,4d37,02:4d05,
daa3,R,02,4d40,02:4d05,
daa2,P,02,4d43,02:4d05,
daa1,R,02,4d49,02:4d05,
daa5,R,02,4d58,02:4d05,
daa7,R,02,4d67,02:4d05,
ff9e,W,02,4d8c,02:4d88,
d643,P,02,4da7,02:4d88,
d643,P,02,4dcb,02:4d88,
ff9e,W,02,4ddb,02:4dd7,
d643,P,02,4df6,02:4dd7,
d643,P,02,4e25,02:4dd7,
ff9e,W,02,4e35,02:4e31,
d7c1,W,02,4e51,02:4e31,
d7c1,W,02,4e59,02:4e31,12
ff9e,W,02,4e63,02:4e5f,
da5b,P,02,4e7e,02:4e5f,
da5b,P,02,4ea2,02:4e5f,
d681,P,02,4eb5,02:4eae,
d680,W,02,4ec1,02:4eae,00
d6b2,P,02,4ec7,02:4eae,
d6b1,W,02,4ed4,02:4eae,ff
d6e1,W,02,4ed7,02:4eae,
d6e2,W,02,4ede,02:4eae,
d6e3,W,02,4ee2,02:4eae,
d681,P,02,4eef,02:4ee8,
d680,W,02,4f00,02:4ee8,00
d6b2,P,02,4f06,02:4ee8,
d6b1,W,02,4f13,02:4ee8,ff
d6e1,W,02,4f16,02:4ee8,
d6e2,W,02,4f1d,02:4ee8,
d6e3,W,02,4f21,02:4ee8,
d93d,P,02,4f32,02:4f2b,
d93f,P,02,4f38,02:4f2b,
d942,P,02,4f3e,02:4f2b,
d945,P,02,4f44,02:4f2b,
d955,P,02,4f4a,02:4f2b,
d965,P,02,4f50,02:4f2b,
d985,P,02,4f56,02:4f2b,
d987,P,02,4f5c,02:4f2b,
d98a,P,02,4f62,02:4f2b,
d99a,P,02,4f68,02:4f2b,
d9aa,P,02,4f6e,02:4f2b,
d9ac,P,02,4f7e,02:4f2b,
d9af,P,02,4f84,02:4f2b,
d9b1,P,02,4f93,02:4f2b,
d9c1,P,02,4f99,02:4f2b,
d9c1,P,02,4f9f,02:4f2b,
d9d1,W,02,4fa6,02:4f2b,
d9d2,W,02,4faa,02:4f2b,
da96,P,02,5046,02:503f,
da49,P,02,505c,02:5054,
d581,W,02,5071,02:506a,
c000,P,02,507b,02:506a,
d581,W,02,5093,02:508c,
c000,P,02,509a,02:508c,
c000,P,02,50d0,02:50cd,
ff9e,W,02,50d8,02:50cd,
ff9e,W,02,5110,02:5110,
ff40,P,02,511a,02:5110,
c000,P,02,5123,02:5110,
c800,P,02,5131,02:5110,
c900,P,02,513f,02:5110,
c000,P,02,5150,02:5110,
c800,P,02,515e,02:5110,
c900,P,02,516c,02:5110,
d561,P,02,517f,02:517b,
ff9e,W,02,5185,02:517b,
ff9e,W,02,51d0,02:51d0,
da49,P,02,51db,02:51d0,
da49,P,02,51e9,02:51d0,
ff9e,W,02,520b,02:51d0,
d5cf,R,03,4000,Bank003_StateDispatch,
ffab,W,03,404c,Bank003_State00,63
d524,W,03,4050,Bank003_State00,e4
d525,W,03,4053,Bank003_State00,
d526,W,03,4058,Bank003_State00,d2
ffae,W,03,405c,Bank003_State00,00
ffad,W,03,4060,Bank003_State00,10
ffb3,W,03,4064,Bank003_State00,95
ffb4,W,03,4068,Bank003_State00,07
ff9e,W,03,4096,Bank003_State00,
d66d,W,03,40a1,Bank003_State00,00
d5cf,P,03,40bf,Bank003_State00,
d71b,W,03,40c5,Bank003_State01,00
d5cf,W,03,40f6,Bank003_State01,03
d5cf,W,03,40fc,Bank003_State01,04
ffa1,R,03,4109,Bank003_State01,
d718,R,03,410f,Bank003_State01,
d681,P,03,4115,Bank003_State01,
d717,W,03,4121,Bank003_State01,
d718,P,03,412a,Bank003_State01,
d5cf,W,03,4131,Bank003_State01,02
ffa2,R,03,4135,Bank003_State01,
d66d,R,03,413e,Bank003_State01,
d5cf,W,03,4146,Bank003_State01,05
d5cf,W,03,414c,Bank003_State01,14
d5cf,W,03,4158,Bank003_State01,06
ffa1,R,03,416b,Bank003_State02,
d718,P,03,4170,Bank003_State02,
d681,P,03,4179,Bank003_State02,
d5cf,W,03,41ac,Bank003_State02,01
d66d,P,03,41af,Bank003_State02,
ffa1,R,03,41be,Bank003_State03,
d504,W,03,41c6,Bank003_State03,02
d514,W,03,41ca,Bank003_State03,00
ffa3,R,03,41cd,Bank003_State03,
d6e2,R,03,41d0,Bank003_State03,
d6e2,W,03,41e9,Bank003_State03,00
d66d,P,03,41ef,Bank003_State03,
ffa2,R,03,41f5,Bank003_State03,
d71b,R,03,4209,Bank003_State03,
d5cf,W,03,4211,Bank003_State03,01
d5cf,W,03,4217,Bank003_State03,09
d5cf,W,03,4224,Bank003_State03,06
d5cf,W,03,424a,Bank003_State03,20
d66d,R,03,4254,Bank003_State03,
d5cf,W,03,425c,Bank003_State03,05
d5cf,W,03,4262,Bank003_State03,14
d504,R,03,4266,03:4266,
d514,R,03,427f,03:4266,
d504,R,03,4285,03:4266,
d504,W,03,428e,03:4266,00
d514,W,03,4292,03:4266,00
d514,R,03,4295,03:4266,
d514,W,03,4299,03:4266,
ffa2,R,03,42ab,Bank003_State04,
d6b0,R,03,42b4,Bank003_State04,
ffa1,R,03,42d9,Bank003_State04,
d6b0,R,03,42e2,Bank003_State04,
d6b0,W,03,42e7,Bank003_State04,
d505,W,03,42ef,Bank003_State04,03
d515,W,03,42f3,Bank003_State04,00
d66d,P,03,42f6,Bank003_State04,
ffa3,R,03,42ff,Bank003_State04,
d718,P,03,430e,Bank003_State04,
d681,P,03,4315,Bank003_State04,
d717,W,03,431a,Bank003_State04,
d71b,R,03,4326,Bank003_State04,
d5cf,W,03,432e,Bank003_State04,01
d5cf,W,03,4334,Bank003_State04,09
d5cf,W,03,4341,Bank003_State04,06
d66d,R,03,434b,Bank003_State04,
d5cf,W,03,4353,Bank003_State04,05
d5cf,W,03,4359,Bank003_State04,14
d505,R,03,435d,03:435d,
d515,R,03,4376,03:435d,
d505,R,03,437c,03:435d,
d505,W,03,4385,03:435d,00
d515,W,03,4389,03:435d,00
d515,R,03,438c,03:435d,
d515,W,03,4390,03:435d,
d5df,R,03,43a2,Bank003_State05,
d5ce,W,03,43ab,Bank003_State05,05
d5cf,W,03,43b0,Bank003_State05,00
d5ce,W,03,43b6,Bank003_State05,05
d5cf,W,03,43bb,Bank003_State05,00
d5cf,P,03,43d4,Bank003_State06,
d506,W,03,43ec,Bank003_State07,75
ffad,R,03,43f6,Bank003_State07,
ffad,W,03,43f9,Bank003_State07,
d5cf,P,03,4402,Bank003_State07,
ffa2,R,03,440d,Bank003_State08,
d506,W,03,4438,Bank003_State08,76
ffad,R,03,4454,Bank003_State08,
ffad,W,03,4457,Bank003_State08,
d503,W,03,4461,Bank003_State08,00
d513,W,03,4464,Bank003_State08,
d5cf,W,03,448a,Bank003_State08,01
d719,R,03,448e,Bank003_State08,
d5cf,W,03,4499,Bank003_State08,
ffa3,R,03,44a2,03:44a2,
d719,R,03,44a5,03:44a2,
d719,W,03,44b8,03:44a2,
d719,R,03,44c3,03:44c3,
ffad,R,03,44ce,03:44c3,
d506,R,03,44d4,03:44c3,
d71b,W,03,44e2,Bank003_State09,01
d5cf,W,03,4513,Bank003_State09,03
d5cf,W,03,4519,Bank003_State09,04
ffa2,R,03,4523,Bank003_State09,
d718,R,03,4529,Bank003_State09,
d6b2,P,03,452f,Bank003_State09,
d71d,W,03,4540,Bank003_State09,
d519,W,03,4551,Bank003_State09,
d71c,W,03,4555,Bank003_State09,
d71e,W,03,4559,Bank003_State09,00
d5cf,W,03,4565,Bank003_State09,0a
d71d,W,03,456b,Bank003_State09,
d71e,W,03,456f,Bank003_State09,00
d71d,W,03,457c,Bank003_State09,
d71e,W,03,4581,Bank003_State09,01
d519,W,03,4586,Bank003_State09,02
d71c,W,03,458a,Bank003_State09,
d5cf,W,03,4596,Bank003_State09,0a
ffa2,R,03,459a,Bank003_State09,
d5cf,W,03,45a2,Bank003_State09,06
d5cf,W,03,45b2,Bank003_State09,01
d507,W,03,45b7,Bank003_State10,00
d517,W,03,45ba,Bank003_State10,
d71c,R,03,45bd,Bank003_State10,
d71f,W,03,45cc,Bank003_State10,
d721,W,03,45d4,Bank003_State10,
d723,R,03,45e9,Bank003_State10,
d71e,R,03,45ef,Bank003_State10,
d71c,R,03,45f5,Bank003_State10,
d71c,R,03,4602,Bank003_State10,
d507,W,03,460e,Bank003_State10,00
d517,W,03,4611,Bank003_State10,
d508,W,03,461a,Bank003_State10,00
d518,W,03,461d,Bank003_State10,
d71c,R,03,4620,Bank003_State10,
d720,W,03,462f,Bank003_State10,
d722,W,03,4637,Bank003_State10,
d71e,R,03,463a,Bank003_State10,
d507,W,03,4651,Bank003_State10,00
d517,W,03,4654,Bank003_State10,
d724,R,03,466f,Bank003_State10,
d71c,R,03,4675,Bank003_State10,
d71e,R,03,4679,Bank003_State10,
d720,W,03,46a2,Bank003_State10,
d722,W,03,46aa,Bank003_State10,
d718,W,03,46bd,Bank003_State10,
d681,P,03,46c3,Bank003_State10,
d717,W,03,46c8,Bank003_State10,
d71d,R,03,46dd,Bank003_State10,
d5cf,P,03,46f1,Bank003_State10,
d507,P,03,46fb,03:46f6,
d71f,P,03,470e,03:46f6,
d723,P,03,4725,03:4720,
d507,P,03,472b,03:4720,
d517,P,03,473e,03:4720,
d507,P,03,4746,03:4720,
d723,P,03,4758,03:4720,
d507,P,03,4766,03:4720,
d517,P,03,476b,03:4720,
d71f,P,03,4778,03:4720,
d517,P,03,4785,03:4720,
d71e,R,03,483a,Bank003_State11,
d71e,R,03,4859,Bank003_State11,
ffa2,R,03,4866,Bank003_State11,
d71e,R,03,486c,Bank003_State11,
d5cf,W,03,4875,Bank003_State11,0e
d71e,R,03,487c,Bank003_State11,
d71c,R,03,4882,Bank003_State11,
d71d,R,03,4886,Bank003_State11,
d71c,R,03,488c,Bank003_State11,
d71d,R,03,4890,Bank003_State11,
d5cf,P,03,48b0,Bank003_State11,
d5cf,W,03,48bd,Bank003_State11,09
d71e,R,03,48c1,03:48c1,
d720,P,03,48cd,03:48c1,
ffa3,R,03,48d8,03:48d8,
d71d,R,03,48db,03:48d8,
d71c,P,03,48eb,03:48d8,
d6b1,P,03,48f6,03:48d8,
d71c,P,03,490d,03:48d8,
d6b3,P,03,4916,03:48d8,
d71d,P,03,491f,03:48d8,
d71e,R,03,4922,03:48d8,
d71d,W,03,4950,03:48d8,
d71c,P,03,4953,03:48d8,
d71e,P,03,4973,03:48d8,
d71e,W,03,4979,03:48d8,
d507,W,03,497d,03:48d8,00
d517,W,03,4980,03:48d8,
d71c,R,03,4983,03:48d8,
d71f,W,03,4992,03:48d8,
d721,W,03,499a,03:48d8,
d71d,R,03,499d,03:48d8,
d720,W,03,49ac,03:48d8,
d722,W,03,49b4,03:48d8,
d71d,R,03,49b7,03:48d8,
d718,W,03,49ba,03:48d8,
d681,P,03,49c0,03:48d8,
d717,W,03,49c5,03:48d8,
d508,W,03,49d3,03:49d2,00
d518,W,03,49d6,03:49d2,
d71d,R,03,49d9,03:49d2,
d720,W,03,49e8,03:49d2,
d722,W,03,49f0,03:49d2,
d71e,R,03,49f3,03:49d2,
d724,R,03,4a2e,03:49d2,
ffa3,R,03,4a38,Bank003_State12,
d519,R,03,4a3b,Bank003_State12,
d519,W,03,4a62,Bank003_State12,
ffa1,R,03,4a65,Bank003_State12,
d5d3,W,03,4a6c,Bank003_State12,00
ffa2,R,03,4a6f,Bank003_State12,
d5cf,W,03,4a7e,Bank003_State12,0d
d71e,R,03,4a85,Bank003_State12,
d71c,R,03,4a8b,Bank003_State12,
d71d,R,03,4a8f,Bank003_State12,
d71c,R,03,4a95,Bank003_State12,
d71d,R,03,4a99,Bank003_State12,
d508,W,03,4ab3,Bank003_State12,00
d518,W,03,4ab6,Bank003_State12,
d71d,R,03,4ab9,Bank003_State12,
d720,W,03,4ac8,Bank003_State12,
d722,W,03,4ad0,Bank003_State12,
d71d,R,03,4ad5,Bank003_State12,
d5cf,W,03,4add,Bank003_State12,0b
d5d3,P,03,4ae1,03:4ae1,
d519,R,03,4ae8,03:4ae1,
d71c,R,03,4b02,03:4ae1,
d71d,P,03,4b05,03:4ae1,
d71e,R,03,4b3e,Bank003_State13,
d71c,R,03,4b44,Bank003_State13,
d71d,R,03,4b48,Bank003_State13,
d71c,R,03,4b4e,Bank003_State13,
d71d,R,03,4b52,Bank003_State13,
d71c,R,03,4b7e,Bank003_State13,
d6b2,P,03,4b84,Bank003_State13,
d519,R,03,4b94,Bank003_State13,
d5cf,W,03,4bb1,Bank003_State13,09
d66d,P,03,4bb4,Bank003_State13,
d6b2,P,03,4bbe,03:4bba,
d71c,R,03,4bc5,Bank003_State14,
d6b2,P,03,4bcb,Bank003_State14,
d5cf,W,03,4bdc,Bank003_State14,09
d66d,P,03,4bdf,Bank003_State14,
d5cf,W,03,4c40,Bank003_State15,01
d681,P,03,4c7f,Bank003_State16,
d6b2,P,03,4c8f,Bank003_State16,
d681,P,03,4c92,Bank003_State16,
d681,P,03,4cbb,Bank003_State16,
d681,P,03,4cbe,Bank003_State16,
d6b2,P,03,4cd1,Bank003_State16,
d6b2,P,03,4cd4,Bank003_State16,
d718,R,03,4cee,Bank003_State16,
d681,P,03,4cf4,Bank003_State16,
d717,W,03,4cf9,Bank003_State16,
d5cf,W,03,4d16,Bank003_State16,01
d726,W,03,4d1b,Bank003_State17,00
d728,W,03,4d1e,Bank003_State17,
d72a,W,03,4d21,Bank003_State17,
d681,P,03,4d24,Bank003_State17,
d5cf,W,03,4d33,Bank003_State17,01
d725,W,03,4d37,Bank003_State17,
d51a,W,03,4d3d,Bank003_State17,
d6b2,P,03,4d43,Bank003_State17,
d727,W,03,4d4b,Bank003_State17,
d728,W,03,4d50,Bank003_State17,01
d729,W,03,4d58,Bank003_State17,01
ffab,W,03,4d66,Bank003_State17,43
d524,W,03,4d6a,Bank003_State17,e4
d525,W,03,4d6d,Bank003_State17,
d526,W,03,4d70,Bank003_State17,
ffae,W,03,4d75,Bank003_State17,10
ffad,W,03,4d77,Bank003_State17,
d6e3,R,03,4da2,Bank003_State17,
d7c1,W,03,4da5,Bank003_State17,
ff9e,W,03,4da8,Bank003_State17,
ffaf,W,03,4db4,Bank003_State17,54
ffb5,W,03,4db6,Bank003_State17,
ffac,P,03,4db8,Bank003_State17,
ffc5,W,03,4dc4,Bank003_State17,01
d5cf,P,03,4dd5,Bank003_State17,
d72a,R,03,4dda,Bank003_State18,
d726,P,03,4de0,Bank003_State18,
d6e2,R,03,4de3,Bank003_State18,
d51a,R,03,4dec,Bank003_State18,
d6b2,P,03,4df2,Bank003_State18,
d728,P,03,4dfd,Bank003_State18,
d727,R,03,4e04,Bank003_State18,
d729,P,03,4e09,Bank003_State18,
d51a,R,03,4e0e,Bank003_State18,
d6b0,R,03,4e16,Bank003_State18,
d72a,P,03,4e1c,Bank003_State18,
d51a,W,03,4e22,Bank003_State18,00
d6b2,P,03,4e28,Bank003_State18,
d729,P,03,4e30,Bank003_State18,
d727,W,03,4e39,Bank003_State18,
d728,W,03,4e3e,Bank003_State18,01
d681,P,03,4e41,Bank003_State18,
d725,W,03,4e46,Bank003_State18,
d72a,P,03,4e50,Bank003_State18,
d726,P,03,4e5a,Bank003_State18,
ffa8,R,03,4e5e,Bank003_State18,
d5cf,P,03,4e63,Bank003_State18,
ffac,P,03,4e6e,Bank003_State19,
ffab,W,03,4e7a,Bank003_State19,63
d524,W,03,4e7e,Bank003_State19,e4
d525,W,03,4e81,Bank003_State19,
d526,W,03,4e86,Bank003_State19,d2
ffae,W,03,4e8a,Bank003_State19,00
ffad,W,03,4e8e,Bank003_State19,10
ffb3,W,03,4e92,Bank003_State19,95
ffb4,W,03,4e96,Bank003_State19,07
d5cf,W,03,4eda,Bank003_State19,01
d50b,W,03,4efe,Bank003_State20,00
d51b,W,03,4f01,Bank003_State20,
d5cf,P,03,4f0a,Bank003_State20,
ffa2,R,03,4f0f,Bank003_State21,
d5df,W,03,4f14,Bank003_State21,
d5cf,P,03,4f17,Bank003_State21,
d5df,R,03,4f3e,Bank003_State22,
ff9e,W,03,4f45,Bank003_State22,
d5cf,P,03,4f4f,Bank003_State22,
d50b,W,03,4f74,Bank003_State23,00
d51b,W,03,4f77,Bank003_State23,
d5cf,P,03,4f80,Bank003_State23,
ffa2,R,03,4f85,Bank003_State24,
d5df,W,03,4f8a,Bank003_State24,
d5cf,P,03,4f8d,Bank003_State24,
d5df,R,03,4fb4,Bank003_State25,
d5cf,W,03,4fbd,Bank003_State25,05
d5cf,W,03,4fc3,Bank003_State25,01
d50c,W,03,4fe7,Bank003_State26,00
d51c,W,03,4fea,Bank003_State26,
d5cf,P,03,4ff3,Bank003_State26,
ffa2,R,03,4ff8,Bank003_State27,
d5df,W,03,4ffd,Bank003_State27,
d5cf,P,03,5000,Bank003_State27,
d5df,R,03,5027,Bank003_State28,
d5cf,W,03,5030,Bank003_State28,0f
d5cf,W,03,5036,Bank003_State28,01
d673,W,03,5068,Bank003_State29,00
d50d,W,03,506b,Bank003_State29,
d51d,W,03,506e,Bank003_State29,
d5cf,P,03,5077,Bank003_State29,
ffa2,R,03,5083,Bank003_State30,
d5df,W,03,5091,Bank003_State30,
d5cf,P,03,5094,Bank003_State30,
ffa2,R,03,5099,03:5099,
d673,R,03,509c,03:5099,
d673,W,03,50af,03:5099,
d673,R,03,50ba,03:50ba,
d50d,P,03,50bd,03:50ba,
d51d,W,03,50c5,03:50ba,00
d51d,R,03,50c8,03:50ba,
d51d,W,03,50d0,03:50ba,
ffb3,R,03,50d3,03:50ba,
d50d,R,03,50da,03:50ba,
ffb3,R,03,50ea,03:50ba,
d50d,R,03,50f1,03:50ba,
d5df,R,03,5129,Bank003_State31,
d673,R,03,5130,Bank003_State31,
d718,R,03,5136,Bank003_State31,
d681,P,03,513c,Bank003_State31,
d561,R,03,5140,Bank003_State31,
d673,R,03,515a,Bank003_State31,
d718,R,03,5162,Bank003_State31,
d681,P,03,5168,Bank003_State31,
d717,W,03,516d,Bank003_State31,
d66d,P,03,5196,Bank003_State31,
d5cf,W,03,519d,Bank003_State31,01
ff8a,W,03,51a2,03:51a1,
d718,R,03,51a4,03:51a1,
ff8b,W,03,51a7,03:51a1,
ff8a,R,03,51ac,03:51a1,
ff8b,R,03,51b2,03:51a1,
ff8a,R,03,51b8,03:51a1,
ff8b,R,03,51be,03:51a1,
d681,P,03,51c4,03:51a1,
d681,P,03,51ca,03:51a1,
ffa2,R,03,51e0,Bank003_State32,
d6e3,R,03,51ec,Bank003_State32,
d7c1,W,03,51ef,Bank003_State32,
d5d0,W,03,51f3,Bank003_State32,00
d5cf,P,03,51f6,Bank003_State32,
d5cf,W,03,521d,Bank003_State32,03
d5cf,W,03,5227,Bank003_State32,06
d66d,R,03,5231,Bank003_State32,
d5cf,W,03,5239,Bank003_State32,05
d5cf,W,03,523f,Bank003_State32,14
d504,R,03,5243,03:5243,
d514,R,03,525c,03:5243,
d504,R,03,5262,03:5243,
d504,W,03,526b,03:5243,00
d514,W,03,526f,03:5243,00
d514,R,03,5272,03:5243,
d514,W,03,5276,03:5243,
ff9e,W,03,5282,Bank003_State33,
d7c1,R,03,528d,Bank003_State34,
d6e3,P,03,5290,Bank003_State34,
d66d,P,03,5297,Bank003_State34,
ffab,W,03,529e,Bank003_State34,63
d524,W,03,52a2,Bank003_State34,e4
d525,W,03,52a5,Bank003_State34,
d526,W,03,52aa,Bank003_State34,d2
ffae,W,03,52ae,Bank003_State34,00
ffad,W,03,52b2,Bank003_State34,10
ffb3,W,03,52b6,Bank003_State34,95
ffb4,W,03,52ba,Bank003_State34,07
d5cf,W,03,531a,Bank003_State34,20
d725,R,03,531e,03:531e,
ff9e,W,03,532c,03:531e,
d6b2,P,03,5337,03:5337,
d717,R,03,5399,03:5394,
d718,R,03,53b1,03:5394,
d502,R,03,53ba,03:5394,
d512,R,03,53cd,03:5394,
d502,R,03,53d3,03:5394,
d502,W,03,53dc,03:5394,00
d512,W,03,53e0,03:5394,00
d512,R,03,53e3,03:5394,
d512,W,03,53e7,03:5394,
d718,R,03,53fd,03:53fd,
d718,R,03,540f,03:53fd,
d503,R,03,542c,03:53fd,
d71b,R,03,5438,03:53fd,
d513,R,03,5448,03:53fd,
d503,R,03,544e,03:53fd,
d503,W,03,5457,03:53fd,00
d513,W,03,545b,03:53fd,00
d513,R,03,545e,03:53fd,
d513,W,03,5462,03:53fd,
ffa3,R,03,54f4,03:54f4,
d717,R,03,54f7,03:54f4,
d717,P,03,5506,03:54f4,
d717,W,03,550b,03:54f4,
d718,R,03,5514,03:54f4,
d681,P,03,551c,03:54f4,
d717,R,03,5520,03:54f4,
d561,P,03,5528,03:5525,
d561,P,03,5541,03:5525,
d562,P,03,5553,03:554c,
d561,R,03,5566,03:554c,
d561,P,03,5578,03:554c,
ffa3,R,03,5599,03:5599,
d718,R,03,559c,03:5599,
d718,P,03,55b8,03:5599,
d718,R,03,55c1,03:5599,
d681,P,03,55c7,03:5599,
d717,P,03,55cc,03:5599,
d510,W,03,5615,03:5614,00
d511,W,03,5618,03:5614,
d500,W,03,561d,03:5614,02
d501,W,03,5620,03:5614,
d6ed,W,03,5625,03:5614,91
d6ee,W,03,562a,03:5614,56
d6fd,W,03,562f,03:5614,be
d6fe,W,03,5634,03:5614,57
d70d,W,03,5639,03:5614,47
d70e,W,03,563e,03:5614,58
d6e4,W,03,5642,03:5614,00
d6e4,R,03,564d,03:5649,
d6e5,P,03,5655,03:5649,
d6e4,R,03,5663,03:5649,
d6e4,W,03,5670,03:5649,00
d6ef,P,03,5678,03:5649,
d6b0,R,03,5691,03:5691,
d6af,P,03,56b9,03:5691,
d716,W,03,56c3,03:5691,
d715,W,03,56e8,03:5691,
d715,R,03,5703,03:5691,
d715,R,03,570d,03:5691,
d716,R,03,5711,03:5691,
d510,W,03,5902,03:5900,80
d511,W,03,5905,03:5900,
d500,W,03,5909,03:5900,00
d501,W,03,590c,03:5900,
d6ed,W,03,5911,03:5900,f7
d6ee,W,03,5916,03:5900,59
d6fd,W,03,591b,03:5900,7a
d6fe,W,03,5920,03:5900,5a
d70d,W,03,5925,03:5900,00
d70e,W,03,592a,03:5900,5b
d6e4,W,03,592e,03:5900,00
d6e4,R,03,59b3,03:59af,
d6e5,P,03,59bb,03:59af,
d6e4,R,03,59c9,03:59af,
d6e4,W,03,59d6,03:59af,00
d6ef,P,03,59de,03:59af,
d716,W,03,5a04,03:59f7,
d715,W,03,5a29,03:59f7,
d715,R,03,5a2d,03:59f7,
d715,R,03,5a37,03:59f7,
d716,R,03,5a3b,03:59f7,
d72b,W,03,5bca,03:5bc9,00
d717,R,03,5bcd,03:5bc9,
ff9e,W,03,5bdc,03:5bc9,
d72b,R,03,5c2d,03:5c2d,
d72b,W,03,5c38,03:5c2d,
d72b,W,03,5c3d,03:5c2d,
d717,R,03,5c40,03:5c2d,
ff9e,W,03,5c4e,03:5c2d,
c000,P,03,5c5d,03:5c2d,
d72b,W,03,5c68,03:5c2d,00
ffa7,R,03,5c6b,03:5c2d,
ffa1,W,03,5c6d,03:5c2d,
ffa8,R,03,5c6f,03:5c2d,
ffa2,W,03,5c71,03:5c2d,
ffa9,R,03,5c73,03:5c2d,
ffa3,W,03,5c75,03:5c2d,
c000,P,03,5c7a,03:5c2d,
d6e3,R,03,5c87,03:5c87,
d717,R,03,5c9a,03:5c9a,
d717,R,03,5cdb,03:5c9a,
d718,R,03,5d00,03:5d00,
d6b0,R,03,5d13,03:5d13,
d6e2,R,03,5d53,03:5d53,
d681,P,03,5d69,03:5d69,
d6b1,P,03,5d76,03:5d69,
d6e2,W,03,5d88,03:5d69,09
d6e3,W,03,5d8c,03:5d69,00
d66d,P,03,5d8f,03:5d69,
d71b,W,03,5d95,03:5d94,00
d717,W,03,5d98,03:5d94,
d718,W,03,5d9b,03:5d94,
d512,W,03,5d9e,03:5d94,
d502,W,03,5da1,03:5d94,
d513,W,03,5da4,03:5d94,
d503,W,03,5da7,03:5d94,
d515,W,03,5daa,03:5d94,
d505,W,03,5dad,03:5d94,
d72b,W,03,5db0,03:5d94,
d72d,P,03,5db3,03:5d94,
d718,R,03,5dbc,03:5d94,
d681,P,03,5dc2,03:5d94,
d717,W,03,5dc7,03:5d94,
d719,R,03,5dce,03:5dce,
d72d,P,03,5e10,03:5e0f,
d72c,R,03,5e21,03:5e1a,
d72c,W,03,5e27,03:5e1a,
d72d,P,03,5e2f,03:5e1a,
d73d,P,03,5e37,03:5e1a,
d75d,P,03,5e3c,03:5e1a,
d77d,P,03,5e41,03:5e1a,
d79d,P,03,5e47,03:5e1a,
d717,R,03,5e50,03:5e1a,
d73e,P,03,5e66,03:5e1a,
d75e,P,03,5e6b,03:5e1a,
d718,R,03,5e70,03:5e1a,
d73e,P,03,5e7f,03:5e1a,
d77d,P,03,5e85,03:5e1a,
d75e,P,03,5ea5,03:5e1a,
d79d,P,03,5eab,03:5e1a,
d73d,P,03,5ed4,03:5ec7,
d77d,P,03,5ed7,03:5ec7,
d72d,P,03,5eea,03:5eea,
d73e,P,03,5ef6,03:5eea,
d75e,P,03,5efb,03:5eea,
ffb3,R,03,5f5d,03:5f4e,
ffb3,W,03,5f60,03:5f4e,
ffb3,R,03,5f86,03:5f77,
ffb3,W,03,5f89,03:5f77,
d5cf,R,03,5fa0,03:5fa0,
ffab,W,03,5fb8,03:5fb6,43
d524,W,03,5fbc,03:5fb6,e4
d525,W,03,5fbf,03:5fb6,
d526,W,03,5fc2,03:5fb6,
ffae,W,03,5fc6,03:5fb6,00
ffad,W,03,5fc8,03:5fb6,
ffaf,W,03,6004,03:5fb6,60
ffb6,W,03,6006,03:5fb6,
ffac,P,03,6008,03:5fb6,
ffc5,W,03,6014,03:5fb6,01
d7be,R,03,601f,03:5fb6,
d7be,R,03,6025,03:5fb6,
ff9f,W,03,6033,03:5fb6,16
ffa0,W,03,6037,03:5fb6,08
d5cf,W,03,603b,03:5fb6,01
ffa3,R,03,603f,03:603f,
d7be,R,03,604c,03:603f,
d7be,W,03,6052,03:603f,
d7be,R,03,6058,03:603f,
ffa2,R,03,6062,03:603f,
d5df,W,03,6067,03:603f,
ff9f,W,03,607e,03:603f,0b
ffa0,W,03,6082,03:603f,04
d5cf,P,03,6084,03:603f,
d5df,R,03,60b4,03:60b4,
ffac,P,03,60c1,03:60b4,
d5ce,W,03,60cd,03:60b4,0b
d5cf,W,03,60d2,03:60b4,00
ffac,P,03,610b,03:60b4,
d5cf,P,03,6115,03:60b4,
ff9e,W,03,611a,03:611a,
d726,W,03,6125,03:611a,00
d728,W,03,6128,03:611a,
d72a,W,03,612b,03:611a,
d681,P,03,612e,03:611a,
d5cf,W,03,613d,03:611a,06
d725,W,03,6141,03:611a,
d51a,W,03,6147,03:611a,
d6b2,P,03,614d,03:611a,
d727,W,03,6155,03:611a,
d728,W,03,615a,03:611a,01
d729,W,03,6162,03:611a,01
ffab,W,03,6167,03:611a,43
d524,W,03,616b,03:611a,e4
d525,W,03,616e,03:611a,
d526,W,03,6171,03:611a,
ffae,W,03,6176,03:611a,10
ffad,W,03,6178,03:611a,
d7bd,W,03,617b,03:611a,00
d6e3,R,03,61b0,03:611a,
d7c1,W,03,61b3,03:611a,
ff9e,W,03,61b6,03:611a,
ffaf,W,03,61c2,03:611a,54
ffb6,W,03,61c4,03:611a,
ffac,P,03,61c6,03:611a,
ffc5,W,03,61d2,03:611a,01
d7be,R,03,61e6,03:611a,
d5cf,P,03,61f8,03:611a,
d72a,R,03,623d,03:623d,
d7bd,R,03,6244,03:623d,
d726,P,03,624a,03:623d,
d6e2,R,03,624d,03:623d,
d51a,R,03,6256,03:623d,
d6b2,P,03,625c,03:623d,
d728,P,03,6267,03:623d,
d727,R,03,626e,03:623d,
d729,P,03,6273,03:623d,
d51a,R,03,6278,03:623d,
d6b0,R,03,6280,03:623d,
d72a,P,03,6286,03:623d,
d51a,W,03,628c,03:623d,00
d6b2,P,03,6292,03:623d,
d729,P,03,629a,03:623d,
d727,W,03,62a3,03:623d,
d728,W,03,62a8,03:623d,01
d681,P,03,62ab,03:623d,
d725,W,03,62b0,03:623d,
d72a,P,03,62ba,03:623d,
d726,P,03,62c4,03:623d,
ffa8,R,03,62c8,03:623d,
d5cf,P,03,62ce,03:623d,
d7bd,R,03,62d6,03:623d,
d7bd,W,03,62da,03:623d,
ffac,P,03,62e4,03:62de,
d5cf,W,03,62f0,03:62de,00
d5d0,W,03,62f5,03:62f4,00
dbcf,W,03,62fa,03:62f4,06
d5cf,P,03,62fd,03:62f4,
ff9e,W,03,6302,03:6302,
d5cf,R,03,6310,03:6310,
d5d6,W,03,6320,03:631e,01
d5d7,W,03,6325,03:631e,06
d5d0,W,03,6329,03:631e,00
d5db,W,03,632c,03:631e,
d5cf,P,03,632f,03:631e,
ff9e,W,03,6334,03:6334,
d5df,R,03,633f,03:633f,
d5ce,W,03,6348,03:633f,0b
d5cf,W,03,634d,03:633f,00
ffab,W,03,6353,03:633f,43
d524,W,03,6357,03:633f,e4
d525,W,03,635a,03:633f,
d526,W,03,635f,03:633f,d2
ffae,W,03,6363,03:633f,00
ffad,W,03,6365,03:633f,
d667,W,03,6369,03:633f,08
d668,W,03,636e,03:633f,07
d5d8,R,03,63d1,03:633f,
d5fb,W,03,63d4,03:633f,
ff9e,W,03,63d7,03:633f,
c000,P,03,63e3,03:633f,
c800,P,03,63f1,03:633f,
d5fb,R,03,63fd,03:633f,
ff9e,W,03,6400,03:633f,
d5cf,P,03,641d,03:633f,
ffa2,R,03,6428,03:6422,
d5df,W,03,642d,03:6422,
d5cf,P,03,6430,03:6422,
d5df,R,03,6435,03:6435,
d500,P,03,643c,03:6435,
d5cf,W,03,644c,03:6435,03
d5fb,R,03,6460,03:6435,
ff9e,W,03,6463,03:6435,
d5fb,R,03,646d,03:6435,
d5cf,W,03,6472,03:6435,03
d5cf,W,03,647e,03:6435,00
d500,R,03,648c,03:6482,
d500,W,03,6493,03:6482,00
d667,R,03,649b,03:649b,
d668,R,03,64a7,03:649b,
d500,R,03,64b3,03:649b,
d510,R,03,64c3,03:649b,
d500,P,03,64c9,03:649b,
d510,W,03,64ce,03:649b,00
d500,R,03,64d1,03:649b,
d510,P,03,64d9,03:649b,
ffa3,R,03,64e6,03:64e6,
d667,R,03,64e9,03:64e6,
d667,W,03,64ef,03:64e6,
d668,R,03,64f2,03:64e6,
d668,W,03,64f8,03:64e6,
d652,P,03,651c,03:651c,
d65c,P,03,652b,03:652b,
d5fb,W,03,6534,03:652b,
ff9e,W,03,6537,03:652b,
d657,P,03,6543,03:6543,
c000,P,03,65a2,03:6587,
c000,P,03,65d8,03:65b3,
c000,P,03,6627,03:6625,
c800,P,03,6635,03:6625,
c0c0,P,03,6642,03:6642,
c000,P,03,66e1,03:66dc,
c800,P,03,66ef,03:66dc,
c001,P,03,66fb,03:66dc,
c000,P,03,6713,03:66dc,
c800,P,03,6721,03:66dc,
d5fb,R,03,6731,03:66dc,
ff9e,W,03,6734,03:66dc,
c001,P,03,673e,03:66dc,
c000,P,03,6752,03:66dc,
c800,P,03,6760,03:66dc,
d5fb,R,03,676c,03:66dc,
ff9e,W,03,676f,03:66dc,
c001,P,03,6779,03:66dc,
c000,P,03,6791,03:66dc,
c800,P,03,679f,03:66dc,
d5fb,R,03,67ab,03:66dc,
ff9e,W,03,67ae,03:66dc,
c000,P,03,67ba,03:66dc,
c800,P,03,67c8,03:66dc,
ffb0,R,03,67d5,03:67d5,
ffb0,W,03,67d9,03:67d5,
c000,P,03,67e3,03:67d5,
c800,P,03,67f1,03:67d5,
ffb0,W,03,67fe,03:67d5,
ffb0,R,03,6801,03:6801,
ffb0,W,03,6806,03:6801,90
ffb0,W,03,680b,03:6801,40
ffb0,W,03,6810,03:6801,00
c000,P,03,681a,03:6801,
c800,P,03,6828,03:6801,
ffb0,W,03,6835,03:6801,
ff44,R,03,6904,03:6901,
ff44,R,03,690c,03:6901,
ff44,R,03,6919,03:6901,
ff41,R,03,6928,03:6901,
ff42,W,03,692f,03:6901,
ff44,R,03,6934,03:6901,
c000,P,03,6942,03:6901,
c800,P,03,6950,03:6901,
c000,P,03,6988,03:6983,
c800,P,03,6996,03:6983,
ff44,R,03,69aa,03:69a3,
ff44,R,03,69bb,03:69a3,
ff41,R,03,69c1,03:69a3,
ff42,W,03,69c8,03:69a3,
ff44,R,03,69cd,03:69a3,
ff41,R,03,69d6,03:69a3,
ff42,W,03,69dd,03:69a3,00
d5cf,R,03,69f5,03:69f5,
d5d6,W,03,6a1b,03:6a19,00
d5d7,W,03,6a20,03:6a19,06
d5d0,W,03,6a24,03:6a19,00
d5db,W,03,6a27,03:6a19,
d5cf,P,03,6a2a,03:6a19,
ff9e,W,03,6a2f,03:6a2f,
d5df,R,03,6a3a,03:6a3a,
d5ce,W,03,6a43,03:6a3a,03
d5cf,W,03,6a48,03:6a3a,00
ffab,W,03,6a4e,03:6a3a,63
d524,W,03,6a52,03:6a3a,e4
d525,W,03,6a55,03:6a3a,
d526,W,03,6a5a,03:6a3a,d2
ffae,W,03,6a5f,03:6a3a,10
ffad,W,03,6a61,03:6a3a,
ffb4,W,03,6a65,03:6a3a,07
ffb3,W,03,6a69,03:6a3a,94
d667,W,03,6a6d,03:6a3a,02
d668,W,03,6a72,03:6a3a,0c
d666,W,03,6a77,03:6a3a,01
d665,W,03,6a7f,03:6a3a,ff
d5d8,R,03,6ad6,03:6a3a,
d5f8,W,03,6ad9,03:6a3a,
ff9e,W,03,6adc,03:6a3a,
d66d,W,03,6ae7,03:6a3a,00
d5f8,R,03,6aea,03:6a3a,
ff9e,W,03,6aed,03:6a3a,
ffaf,W,03,6af9,03:6a3a,54
ffb5,W,03,6afb,03:6a3a,
ffac,P,03,6afd,03:6a3a,
ffc5,W,03,6b09,03:6a3a,01
d5cf,P,03,6b1e,03:6a3a,
d666,R,03,6b23,03:6b23,
d665,W,03,6b31,03:6b23,
ffa2,R,03,6b3a,03:6b23,
ffa2,R,03,6b4e,03:6b23,
d665,R,03,6b5b,03:6b23,
d643,P,03,6b61,03:6b23,
d5cf,P,03,6b6c,03:6b23,
d665,R,03,6b79,03:6b23,
d66c,W,03,6ba3,03:6b23,00
d5cf,W,03,6bab,03:6b23,09
d66d,R,03,6baf,03:6b23,
d5cf,W,03,6bb7,03:6b23,0d
d5cf,W,03,6bbd,03:6b23,0c
d665,R,03,6bc1,03:6bc1,
d648,P,03,6bc7,03:6bc1,
d64d,P,03,6bce,03:6bc1,
d643,P,03,6bd5,03:6bc1,
d652,P,03,6bde,03:6bc1,
d661,W,03,6be3,03:6bc1,
d657,P,03,6be6,03:6bc1,
d662,W,03,6beb,03:6bc1,
d65c,P,03,6bee,03:6bc1,
d663,W,03,6bf3,03:6bc1,
d501,P,03,6bf7,03:6bc1,
d511,P,03,6bfc,03:6bc1,
d66d,W,03,6c03,03:6bc1,01
d664,W,03,6c06,03:6bc1,
d665,R,03,6c0a,03:6c0a,
d652,P,03,6c10,03:6c0a,
d661,W,03,6c15,03:6c0a,
d657,P,03,6c18,03:6c0a,
d662,W,03,6c1d,03:6c0a,
d65c,P,03,6c20,03:6c0a,
d663,W,03,6c25,03:6c0a,
d664,W,03,6c29,03:6c0a,00
ffa2,R,03,6c33,03:6c2d,
d5cf,P,03,6c78,03:6c2d,
d665,R,03,6c80,03:6c2d,
d643,P,03,6c87,03:6c2d,
d501,P,03,6c8c,03:6c2d,
d5cf,P,03,6c91,03:6c2d,
d665,R,03,6c96,03:6c96,
d652,P,03,6c9c,03:6c96,
d669,R,03,6cba,03:6c96,
ffa2,R,03,6cbf,03:6c96,
d5cf,P,03,6ccc,03:6c96,
ffa2,R,03,6cd1,03:6c96,
d5cf,W,03,6cdd,03:6c96,04
d5cf,W,03,6ce4,03:6c96,03
d665,R,03,6ceb,03:6ceb,
d652,P,03,6cf1,03:6ceb,
d661,R,03,6cf5,03:6ceb,
d657,P,03,6cf9,03:6ceb,
d662,R,03,6cfd,03:6ceb,
d65c,P,03,6d01,03:6ceb,
d663,R,03,6d05,03:6ceb,
d664,R,03,6d09,03:6ceb,
d665,R,03,6d0e,03:6d0e,
d657,P,03,6d14,03:6d0e,
d669,R,03,6d32,03:6d0e,
ffa2,R,03,6d37,03:6d0e,
d5cf,P,03,6d44,03:6d0e,
ffa2,R,03,6d49,03:6d0e,
d5cf,P,03,6d55,03:6d0e,
d665,R,03,6d5a,03:6d5a,
d65c,P,03,6d60,03:6d5a,
d561,R,03,6d64,03:6d5a,
d669,R,03,6d80,03:6d5a,
ffa2,R,03,6d85,03:6d5a,
d66b,W,03,6d94,03:6d5a,01
d5cf,P,03,6d97,03:6d5a,
ffa2,R,03,6d9c,03:6d5a,
d5cf,P,03,6da8,03:6d5a,
ffa2,R,03,6db9,03:6dad,
d66b,W,03,6dcf,03:6dad,02
d5cf,W,03,6deb,03:6dad,03
ffa2,R,03,6def,03:6dad,
d66b,W,03,6dfc,03:6dad,00
d5cf,P,03,6dff,03:6dad,
ffa2,R,03,6e07,03:6e04,
d66c,R,03,6e0e,03:6e04,
d5cf,W,03,6e54,03:6e04,05
d66d,W,03,6e59,03:6e04,01
d66c,W,03,6e8c,03:6e04,01
d5cf,W,03,6e94,03:6e04,0a
d5cf,W,03,6ea0,03:6e04,03
ffa2,R,03,6ea4,03:6ea4,
d66c,P,03,6eb3,03:6ea4,
ffa2,R,03,6ee4,03:6ee1,
d66c,R,03,6eea,03:6ee1,
d665,R,03,6f00,03:6ee1,
d643,P,03,6f07,03:6ee1,
d501,P,03,6f0c,03:6ee1,
d5cf,W,03,6f13,03:6ee1,03
d66d,W,03,6f18,03:6ee1,01
d5cf,W,03,6f24,03:6ee1,03
d5cf,W,03,6f3a,03:6ee1,03
ffa2,R,03,6f3e,03:6f3e,
d66c,P,03,6f4d,03:6f3e,
ffac,P,03,6f82,03:6f7c,
d5cf,W,03,6f8e,03:6f7c,00
d66e,W,03,6f94,03:6f92,02
d5f8,R,03,6f97,03:6f92,
d671,W,03,6f9a,03:6f92,
d5d0,W,03,6f9e,03:6f92,00
d5cf,P,03,6fa1,03:6f92,
ff9e,W,03,6fa6,03:6fa6,
d670,R,03,6fb1,03:6fb1,
d5cf,W,03,6fb9,03:6fb1,0c
d5cf,W,03,6fbf,03:6fb1,03
d665,R,03,6fc3,03:6fc3,
d665,R,03,6fd4,03:6fc3,
ffc8,R,03,6fda,03:6fc3,
d643,P,03,6fe1,03:6fc3,
d501,P,03,6ff1,03:6fc3,
d511,P,03,7006,03:6fc3,
d501,P,03,7016,03:6fc3,
d511,P,03,701b,03:6fc3,
d501,P,03,7022,03:6fc3,
d511,P,03,7028,03:6fc3,
d511,P,03,702d,03:6fc3,
d652,P,03,7040,03:7040,
d657,P,03,704b,03:7040,
d65c,P,03,7056,03:7040,
d643,P,03,7062,03:7062,
d648,P,03,706a,03:7062,
d64d,P,03,7077,03:7062,
d667,R,03,7117,03:7117,
d668,R,03,7123,03:7117,
d500,R,03,712f,03:7117,
d510,R,03,713f,03:7117,
d500,P,03,7145,03:7117,
d510,W,03,714a,03:7117,00
d500,R,03,714d,03:7117,
d510,P,03,7155,03:7117,
d667,R,03,7162,03:7162,
d500,R,03,7174,03:7162,
d510,R,03,7184,03:7162,
d500,P,03,718a,03:7162,
d510,W,03,718f,03:7162,00
d500,R,03,7192,03:7162,
d510,P,03,719a,03:7162,
ffa3,R,03,71a7,03:71a7,
d667,R,03,71aa,03:71a7,
d667,W,03,71b0,03:71a7,
d668,R,03,71b3,03:71a7,
d668,W,03,71b9,03:71a7,
d665,W,03,71be,03:71a7,ff
d666,R,03,71c1,03:71a7,
d667,R,03,71c6,03:71a7,
d667,W,03,71d5,03:71a7,
d666,W,03,7220,03:71f7,01
ffa3,R,03,7225,03:7225,
d667,R,03,7228,03:7225,
d667,W,03,722e,03:7225,
d665,W,03,7231,03:7225,
d666,R,03,7237,03:7225,
d667,R,03,723c,03:7225,
d667,W,03,7244,03:7225,
d666,W,03,7271,03:7266,00
ffa3,R,03,7275,03:7275,
d665,R,03,7278,03:7275,
d648,P,03,727e,03:7275,
d64d,P,03,7287,03:7275,
d643,P,03,72d3,03:72cd,
d648,P,03,72db,03:72cd,
d667,R,03,72df,03:72cd,
d64d,P,03,72e5,03:72cd,
d668,R,03,72e9,03:72cd,
ffb3,R,03,7307,03:72f9,
ffb3,W,03,730a,03:72f9,
d669,W,03,7327,03:7326,00
d66a,W,03,732a,03:7326,
d66b,W,03,732d,03:7326,
ffb3,R,03,7348,03:7326,
ffb3,W,03,734b,03:7326,
ffb3,R,03,737e,03:7370,
ffb3,W,03,7381,03:7370,
ffb3,R,03,739a,03:738b,
ffb3,W,03,739d,03:738b,
d665,R,03,73a7,03:73a7,
d652,P,03,73ad,03:73a7,
ffb3,R,03,73c1,03:73a7,
d665,R,03,73cb,03:73cb,
d657,P,03,73d1,03:73cb,
ffb3,R,03,73df,03:73cb,
d665,R,03,73e9,03:73e9,
d65c,P,03,73ef,03:73e9,
ffb3,R,03,73fd,03:73e9,
ffb3,R,03,7409,03:7407,
d66b,R,03,740e,03:7407,
ffc8,R,03,7424,03:7407,
d665,R,03,7435,03:7432,
d652,P,03,743b,03:7432,
d669,R,03,7444,03:7432,
d669,R,03,7459,03:7432,
d665,R,03,7464,03:7461,
d657,P,03,746a,03:7461,
d665,R,03,748a,03:7479,
d65c,P,03,7490,03:7479,
d669,R,03,74a1,03:74a0,
d665,R,03,74da,03:74c7,
d657,P,03,74e0,03:74c7,
d665,R,03,7505,03:74c7,
d65c,P,03,750b,03:74c7,
ff9e,W,03,751c,03:74c7,
ffa1,R,03,7573,03:7573,
d66a,W,03,7579,03:7573,
d669,R,03,757c,03:7573,
d66a,R,03,7589,03:7573,
d669,R,03,758d,03:7573,
d669,W,03,7596,03:7573,
d66a,W,03,759c,03:7573,
ffa1,R,03,75c6,03:75c6,
d500,P,03,75d9,03:75d9,
d510,P,03,75dc,03:75d9,
d665,R,03,75e9,03:75d9,
d652,P,03,75ef,03:75d9,
d5cf,R,03,7695,03:7695,
ffab,W,03,76a1,03:769f,63
d524,W,03,76a5,03:769f,1b
d525,W,03,76a8,03:769f,
d526,W,03,76ad,03:769f,d2
ffae,W,03,76b1,03:769f,00
ffad,W,03,76b3,03:769f,
ffb4,W,03,76b7,03:769f,67
ffb3,W,03,76bb,03:769f,16
d500,W,03,76be,03:769f,00
d510,W,03,76c1,03:769f,
ffaf,W,03,770c,03:769f,50
ffb6,W,03,770e,03:769f,
ffac,P,03,7710,03:769f,
ffc5,W,03,771c,03:769f,04
d5f2,R,03,772e,03:769f,
d5f2,W,03,7734,03:769f,
d5f2,W,03,773b,03:769f,
d5cf,P,03,7744,03:769f,
ffa2,R,03,7755,03:7749,
d5df,W,03,775a,03:7749,
d5cf,P,03,776f,03:7749,
d500,R,03,7774,03:7774,
ffb3,W,03,7781,03:7774,
d510,R,03,7783,03:7774,
d510,W,03,7789,03:7774,
d500,R,03,7792,03:7774,
d500,W,03,7796,03:7774,
d510,P,03,7799,03:7774,
d5df,R,03,77bf,03:77bf,
d5ce,W,03,77c8,03:77bf,00
d5cf,W,03,77cd,03:77bf,00
ffac,P,03,77d6,03:77bf,
d5f2,R,03,77e1,03:77bf,
d5cf,P,03,77f7,03:77bf,
d5ce,W,03,77fc,03:77bf,
d5cf,W,03,7800,03:77bf,00
ffac,P,03,782b,03:77bf,
d5f2,R,03,783b,03:7838,
ffa3,R,03,7844,03:7844,
d5f2,R,03,7847,03:7844,
d5f2,W,03,7873,03:7844,
d816,P,03,787a,03:787a,
ffc8,R,03,7891,03:787a,
d5f2,R,03,789c,03:789b,
d5f2,R,03,78c3,03:78c2,
d5cf,R,03,78e9,03:78e9,
ffab,W,03,78f5,03:78f3,43
d524,W,03,78f9,03:78f3,e4
d525,W,03,78fe,03:78f3,d2
d526,W,03,7901,03:78f3,
ffae,W,03,7905,03:78f3,00
ffad,W,03,7907,03:78f3,
d500,W,03,7909,03:78f3,
d510,W,03,790c,03:78f3,
d5cf,P,03,795d,03:78f3,
ffa2,R,03,7968,03:7962,
d5df,W,03,796d,03:7962,
d5cf,P,03,7982,03:7962,
d5df,R,03,7987,03:7987,
d5ce,W,03,7990,03:7987,02
d5cf,W,03,7995,03:7987,00
d5ef,R,03,799f,03:7987,
d5cf,P,03,79ae,03:7987,
d5ce,W,03,79b3,03:7987,
d5cf,W,03,79b7,03:7987,00
d5ef,R,03,79e3,03:79e3,
d500,R,03,79f0,03:79e3,
d510,R,03,7a00,03:79e3,
d500,R,03,7a0c,03:79e3,
d500,W,03,7a15,03:79e3,00
d510,W,03,7a19,03:79e3,00
d510,P,03,7a1c,03:79e3,
ffa3,R,03,7a2f,03:7a2f,
d5ef,R,03,7a32,03:7a2f,
d5ef,W,03,7a56,03:7a2f,
d500,W,03,7a5e,03:7a2f,02
d5ef,R,03,7a63,03:7a62,
d5ef,R,03,7a86,03:7a85,
d5cf,R,03,7aa8,03:7aa8,
ffab,W,03,7ab4,03:7ab2,43
d524,W,03,7ab8,03:7ab2,e4
d525,W,03,7abb,03:7ab2,
d526,W,03,7ac0,03:7ab2,d2
ffae,W,03,7ac4,03:7ab2,00
ffad,W,03,7ac6,03:7ab2,
d7c0,W,03,7ac9,03:7ab2,00
d5cf,P,03,7b17,03:7ab2,
ffa2,R,03,7b25,03:7b1c,
d5df,W,03,7b2a,03:7b1c,
d5cf,P,03,7b2d,03:7b1c,
d5df,R,03,7b32,03:7b32,
d800,R,03,7b3f,03:7b32,
d5ce,W,03,7b47,03:7b32,00
d5cf,W,03,7b4c,03:7b32,00
d5ce,W,03,7b52,03:7b32,16
d5cf,W,03,7b57,03:7b32,01
d5f0,R,03,7b5b,03:7b32,
d5cf,P,03,7b6a,03:7b32,
d5ce,W,03,7b6f,03:7b32,
d800,R,03,7b78,03:7b32,
d5cf,W,03,7b7f,03:7b32,00
d5df,W,03,7b85,03:7b32,01
d5cf,W,03,7b8a,03:7b32,02
d7c0,R,03,7b90,03:7b90,
d7c0,W,03,7b97,03:7b90,
ffc8,R,03,7b9a,03:7b90,
d5f0,R,03,7ba2,03:7b90,
ffa3,R,03,7bab,03:7bab,
d5f0,R,03,7bae,03:7bab,
d5f0,W,03,7bd7,03:7bab,
d7c0,W,03,7bdc,03:7bab,20
ffc8,R,03,7be0,03:7be0,
d5f0,R,03,7be5,03:7be0,
d5cf,R,03,7bfd,03:7bfd,
ffab,W,03,7c09,03:7c07,43
d524,W,03,7c0d,03:7c07,e4
d525,W,03,7c12,03:7c07,d2
d526,W,03,7c15,03:7c07,
ffae,W,03,7c19,03:7c07,00
ffad,W,03,7c1b,03:7c07,
d500,P,03,7c1d,03:7c07,
d5f1,R,03,7c71,03:7c07,
d5cf,P,03,7c77,03:7c07,
ffa2,R,03,7c85,03:7c7c,
d5df,W,03,7c8a,03:7c7c,
d5cf,P,03,7c9f,03:7c7c,
d5df,R,03,7ca4,03:7ca4,
d5ce,W,03,7cad,03:7ca4,00
d5cf,W,03,7cb2,03:7ca4,00
d5f1,R,03,7cbc,03:7ca4,
d5cf,P,03,7cd2,03:7ca4,
d5ce,W,03,7cd7,03:7ca4,
d5cf,W,03,7cdb,03:7ca4,00
d5f1,R,03,7cde,03:7ca4,
d500,W,03,7ce6,03:7ca4,04
d501,W,03,7ced,03:7ca4,04
d502,W,03,7cf2,03:7ca4,02
d510,W,03,7cf6,03:7ca4,00
d511,W,03,7cf9,03:7ca4,
d512,W,03,7cfc,03:7ca4,
d500,P,03,7d1f,03:7d19,
d510,P,03,7d24,03:7d19,
d500,P,03,7d5e,03:7d19,
d510,P,03,7d63,03:7d19,
d7bf,P,03,7d9f,03:7d9f,
ffc8,R,03,7da3,03:7d9f,
ffa3,R,03,7db1,03:7db1,
d5f1,R,03,7db4,03:7db1,
d5f1,W,03,7ddd,03:7db1,
d500,W,03,7de5,03:7de0,02
d501,W,03,7de9,03:7de0,00
d510,W,03,7dec,03:7de0,
d511,W,03,7def,03:7de0,
d501,W,03,7df5,03:7de0,02
d500,W,03,7df9,03:7de0,00
d510,W,03,7dfc,03:7de0,
d511,W,03,7dff,03:7de0,
d5d0,R,04,4000,04:4000,
ffab,W,04,400c,04:400a,43
d524,W,04,4010,04:400a,e4
d525,W,04,4013,04:400a,
d526,W,04,4018,04:400a,d2
ffae,W,04,401c,04:400a,00
ffad,W,04,401e,04:400a,
ffb8,W,04,4020,04:400a,
ffba,W,04,4022,04:400a,
d5dc,W,04,4024,04:400a,
ffaf,W,04,406a,04:400a,0f
ffb5,W,04,406c,04:400a,
ffac,P,04,406e,04:400a,
ffc5,W,04,407a,04:400a,02
d5d8,R,04,408c,04:400a,
d5db,R,04,4093,04:400a,
d5d8,W,04,4099,04:400a,
d5d8,R,04,409c,04:400a,
d5da,W,04,40af,04:400a,01
d5da,W,04,40b6,04:400a,11
d5d0,P,04,40c8,04:400a,
ffa2,R,04,40d2,04:40cf,
d5df,W,04,40de,04:40cf,01
d5d0,P,04,40fd,04:40cf,
d5df,R,04,410d,04:410d,
ffac,P,04,411a,04:410d,
d5cf,P,04,4124,04:410d,
d5da,P,04,413e,04:410d,
ffac,P,04,414b,04:410d,
d5cf,P,04,4155,04:410d,
ffc8,R,04,415c,04:415c,
d5dc,R,04,4161,04:415c,
d5dc,W,04,416f,04:415c,00
ffae,W,04,4177,04:415c,
ffad,W,04,417a,04:415c,
d5d8,R,04,419d,04:419d,
d5da,R,04,41b4,04:419d,
d5d8,R,04,41d3,04:41cd,
d5d9,W,04,41e8,04:41cd,
d5db,R,04,41f1,04:41cd,
d5d9,R,04,41f6,04:41cd,
d562,P,04,41fd,04:41cd,
d5da,W,04,420c,04:41cd,00
d5da,W,04,421b,04:41cd,11
d5d9,P,04,4225,04:41cd,
d5d9,R,04,423e,04:41cd,
d5d8,W,04,4243,04:41cd,
d5da,W,04,4250,04:41cd,00
d5da,W,04,4264,04:41cd,01
d5da,W,04,4277,04:41cd,11
ffa3,R,04,4371,04:4371,
d5d8,R,04,43ae,04:43ae,
ff9e,W,04,43b1,04:43ae,
d5d8,R,04,43c0,04:43ae,
d5d8,R,04,43d8,04:43d8,
ff9e,W,04,43db,04:43d8,
d5d8,R,04,43f3,04:43f3,
d5d5,P,04,440b,04:440b,
d561,P,04,442b,04:440b,
d5d5,P,04,4435,04:440b,
ff9e,W,04,4458,04:440b,
d5d6,R,04,4474,04:4474,
d5d7,R,04,44bd,04:44bd,
d5d8,R,04,44f1,04:44f1,
d5d8,R,04,4529,04:4529,
d5d9,R,04,4561,04:4561,
d5d9,R,04,4576,04:4561,
d5d9,R,04,45b9,04:4561,
d5d9,R,04,45cf,04:45cf,
d5d9,R,04,45e4,04:45cf,
d5d9,R,04,4626,04:45cf,
d5d8,R,04,463d,04:463d,
d561,P,04,4643,04:463d,
d5cf,R,04,4649,Bank004_StateDispatch,
d5d6,W,04,466d,Bank004_State00,02
d5d7,W,04,4671,Bank004_State00,00
d67a,W,04,4674,Bank004_State00,
d5db,W,04,4677,Bank004_State00,
d5d8,R,04,467a,Bank004_State00,
d5d8,W,04,4682,Bank004_State00,00
ffab,W,04,4687,Bank004_State00,43
d524,W,04,468b,Bank004_State00,e4
d525,W,04,468e,Bank004_State00,
d526,W,04,4693,Bank004_State00,d2
ffae,W,04,4697,Bank004_State00,00
ffad,W,04,4699,Bank004_State00,
ffb8,W,04,469b,Bank004_State00,
ffba,W,04,469d,Bank004_State00,
d5dc,W,04,469f,Bank004_State00,
da0f,W,04,46a2,Bank004_State00,
da12,W,04,46a5,Bank004_State00,
d5d8,R,04,46a8,Bank004_State00,
da13,W,04,46ab,Bank004_State00,
ffaf,W,04,46f1,Bank004_State00,0f
ffb5,W,04,46f3,Bank004_State00,
ffac,P,04,46f5,Bank004_State00,
ffc5,W,04,4701,Bank004_State00,02
d5d8,R,04,4713,Bank004_State00,
d5da,W,04,471b,Bank004_State00,0f
d5cf,W,04,472c,Bank004_State00,03
ffab,W,04,4732,Bank004_State11,43
d524,W,04,4736,Bank004_State11,e4
d525,W,04,4739,Bank004_State11,
d526,W,04,473e,Bank004_State11,d2
ffae,W,04,4742,Bank004_State11,00
ffad,W,04,4744,Bank004_State11,
ffb8,W,04,4746,Bank004_State11,
ffba,W,04,4748,Bank004_State11,
d5dc,W,04,474a,Bank004_State11,
da0f,W,04,474d,Bank004_State11,
da12,W,04,4750,Bank004_State11,
d5d8,R,04,4753,Bank004_State11,
da13,W,04,4756,Bank004_State11,
ffaf,W,04,479c,Bank004_State11,0f
ffb5,W,04,479e,Bank004_State11,
ffac,P,04,47a0,Bank004_State11,
ffc5,W,04,47ac,Bank004_State11,02
d5d8,R,04,47be,Bank004_State11,
d5da,W,04,47d1,Bank004_State11,01
d5da,W,04,47d8,Bank004_State11,11
d5cf,P,04,47e7,Bank004_State11,
d5d6,R,04,47f2,Bank004_State02,
ffa2,R,04,47f9,Bank004_State02,
d5d6,W,04,4802,Bank004_State02,02
ffa3,W,04,4809,Bank004_State02,
ffa2,R,04,480b,Bank004_State02,
d5df,W,04,480d,Bank004_State02,
d5d8,R,04,4814,Bank004_State02,
d5d6,W,04,4824,Bank004_State02,0b
d561,P,04,482b,Bank004_State02,
d5cf,W,04,4842,Bank004_State02,04
ffa2,R,04,4846,Bank004_State02,
d5cf,W,04,4855,Bank004_State02,04
ffa1,R,04,4859,Bank004_State02,
ffa2,R,04,485f,Bank004_State02,
d561,R,04,4865,Bank004_State02,
d5cf,W,04,4873,Bank004_State02,0a
d5d8,R,04,4877,Bank004_State02,
ffa3,R,04,4884,Bank004_State02,
ffa3,R,04,4890,Bank004_State02,
d5da,W,04,4898,Bank004_State02,0f
d5cf,P,04,48a8,Bank004_State02,
ffa3,R,04,48b7,Bank004_State13,
ffa2,R,04,48d7,Bank004_State13,
ffac,P,04,48f9,Bank004_State13,
d5ce,W,04,4905,Bank004_State13,05
d5cf,W,04,490a,Bank004_State13,00
d5cf,R,04,490e,Bank004_State13,
ffa1,R,04,4914,Bank004_State13,
ffa2,R,04,4919,Bank004_State13,
d561,R,04,491e,Bank004_State13,
d5cf,W,04,492c,Bank004_State13,0a
d5d9,P,04,4934,Bank004_State13,
d5d9,R,04,493e,Bank004_State13,
d5d8,W,04,4943,Bank004_State13,
d5da,W,04,494d,Bank004_State13,11
d5da,W,04,4957,Bank004_State13,00
d5da,W,04,4967,Bank004_State13,01
d5cf,P,04,496d,Bank004_State13,
d5d8,R,04,4979,04:4972,
d5d9,W,04,4992,04:4972,
d5d8,R,04,49a0,04:4999,
d5d9,W,04,49b1,04:4999,
d5d8,R,04,49bd,04:49b6,
d5d9,W,04,49d0,04:49b6,
d5cf,R,04,49dc,04:49d5,
d5da,W,04,49e9,04:49d5,10
d5d6,W,04,49fa,04:49d5,04
d5d7,W,04,49ff,04:49d5,01
d5db,W,04,4a02,04:49d5,
d5cf,W,04,4a0d,04:49d5,0d
d5da,W,04,4a12,04:49d5,0f
d5d8,R,04,4a19,04:49d5,
d5da,W,04,4a25,04:49d5,10
d5d6,W,04,4a36,04:49d5,02
d5d7,W,04,4a3a,04:49d5,00
d5db,W,04,4a3d,04:49d5,
d5cf,W,04,4a48,04:49d5,03
d5da,W,04,4a4d,04:49d5,0f
d5df,R,04,4a54,Bank004_State04,
ffac,P,04,4a61,Bank004_State04,
d5ce,W,04,4a6d,Bank004_State04,05
d5cf,W,04,4a72,Bank004_State04,00
d5da,P,04,4a89,Bank004_State04,
ffac,P,04,4a96,Bank004_State04,
d5cf,P,04,4aa0,Bank004_State04,
ffab,W,04,4aa7,Bank004_State05,43
d524,W,04,4aab,Bank004_State05,e4
d525,W,04,4aae,Bank004_State05,
d526,W,04,4ab3,Bank004_State05,d2
ffae,W,04,4ab8,Bank004_State05,10
ffad,W,04,4aba,Bank004_State05,
d5d8,R,04,4b48,Bank004_State05,
d5f6,W,04,4b4b,Bank004_State05,
ff9e,W,04,4b4e,Bank004_State05,
d5f6,R,04,4b58,Bank004_State05,
ff9e,W,04,4b5b,Bank004_State05,
d5f6,R,04,4b65,Bank004_State05,
ff9e,W,04,4b68,Bank004_State05,
ff9e,W,04,4b72,Bank004_State05,
ffaf,W,04,4b7e,Bank004_State05,54
ffb5,W,04,4b80,Bank004_State05,
ffac,P,04,4b82,Bank004_State05,
ffc5,W,04,4b8e,Bank004_State05,01
d5cf,P,04,4ba3,Bank004_State05,
ffa2,R,04,4bab,Bank004_State06,
d5df,W,04,4bc2,Bank004_State06,
d5cf,P,04,4bc5,Bank004_State06,
ffc8,R,04,4bca,04:4bca,
d5d1,W,04,4bd3,04:4bca,
d5d2,W,04,4bd9,04:4bca,
d5d1,R,04,4bdc,04:4bca,
d5d2,R,04,4be4,04:4bca,
d5d1,R,04,4bf1,04:4bca,
d5d2,R,04,4bfb,04:4bca,
d67a,R,04,4c0b,Bank004_State07,
d5df,R,04,4c14,Bank004_State07,
d5da,W,04,4c1d,Bank004_State07,01
d5cf,W,04,4c22,Bank004_State07,01
d5d6,W,04,4c28,Bank004_State07,03
d5cf,P,04,4c2b,Bank004_State07,
d5df,R,04,4c30,Bank004_State07,
d5d8,R,04,4c3a,Bank004_State07,
ff9e,W,04,4c3d,Bank004_State07,
d5d8,R,04,4c47,Bank004_State07,
ff9e,W,04,4c4a,Bank004_State07,
d67a,R,04,4c5a,Bank004_State07,
d5ce,W,04,4c63,Bank004_State07,09
d5cf,W,04,4c68,Bank004_State07,00
d5df,W,04,4c6e,Bank004_State07,01
d5ce,W,04,4c73,Bank004_State07,0a
d5cf,W,04,4c78,Bank004_State07,02
ffac,P,04,4c82,04:4c7c,
dbcd,W,04,4c8e,Bank004_State09,00
d5d8,R,04,4c91,Bank004_State09,
d5d8,R,04,4c99,Bank004_State09,
ff9e,W,04,4c9c,Bank004_State09,
d5d8,R,04,4ca6,Bank004_State09,
ff9e,W,04,4ca9,Bank004_State09,
d5da,W,04,4cb7,Bank004_State09,00
d5d8,R,04,4cbd,Bank004_State09,
d5d8,R,04,4ccf,Bank004_State09,
d561,P,04,4cd2,Bank004_State09,
d5d8,W,04,4cde,Bank004_State09,
d5da,W,04,4ce5,Bank004_State09,00
d5da,W,04,4cf5,Bank004_State09,01
d5d6,W,04,4cfd,Bank004_State09,02
d5cf,W,04,4d05,Bank004_State09,02
d5d8,R,04,4d1e,Bank004_State10,
d5d8,W,04,4d31,Bank004_State10,00
ffab,P,04,4d56,Bank004_State10,
ffa2,R,04,4d63,Bank004_State10,
dbcd,W,04,4d78,Bank004_State10,01
ff9e,W,04,4d84,Bank004_State10,00
d561,R,04,4d91,Bank004_State10,
ffab,P,04,4d9b,Bank004_State10,
d5d8,W,04,4dbe,Bank004_State10,00
d5da,W,04,4dcd,Bank004_State10,00
d5da,W,04,4ddd,Bank004_State10,01
d5da,W,04,4de7,Bank004_State10,11
d5cf,W,04,4df5,Bank004_State10,02
ffc8,R,04,4df9,04:4df9,
d5d1,W,04,4e02,04:4df9,
d5d2,W,04,4e08,04:4df9,
d5d1,R,04,4e0b,04:4df9,
d5d2,R,04,4e13,04:4df9,
ff9e,W,04,4e26,04:4e26,
d681,P,04,4e30,04:4e26,
ff9e,W,04,4e40,04:4e26,
d5d8,R,04,4e54,Bank004_State12,
da13,P,04,4e57,Bank004_State12,
da0f,W,04,4e5f,Bank004_State12,00
da12,W,04,4e62,Bank004_State12,
d5d6,R,04,4e65,Bank004_State12,
ffa2,R,04,4e6c,Bank004_State12,
d5d6,W,04,4e75,Bank004_State12,04
ffa3,W,04,4e7c,Bank004_State12,
ffa2,R,04,4e7e,Bank004_State12,
d5df,W,04,4e84,Bank004_State12,
d561,R,04,4e87,Bank004_State12,
d5d6,W,04,4e97,Bank004_State12,0d
d5d8,R,04,4e9e,Bank004_State12,
d561,P,04,4ea5,Bank004_State12,
d5cf,W,04,4ebd,Bank004_State12,0e
ffa2,R,04,4ec1,Bank004_State12,
d5df,W,04,4ec7,Bank004_State12,
d5cf,W,04,4ed3,Bank004_State12,0e
d5d8,R,04,4ed7,Bank004_State12,
ffa3,R,04,4ee4,Bank004_State12,
ffa3,R,04,4ef0,Bank004_State12,
d5d8,R,04,4ef6,Bank004_State12,
d5da,W,04,4eff,Bank004_State12,0f
d5cf,P,04,4f0f,Bank004_State12,
d5df,R,04,4f18,Bank004_State14,
ffac,P,04,4f25,Bank004_State14,
d5ce,W,04,4f31,Bank004_State14,05
d5cf,W,04,4f36,Bank004_State14,00
d5d6,W,04,4f3c,Bank004_State14,05
da0f,P,04,4f42,Bank004_State14,
d5d8,R,04,4f49,Bank004_State14,
ff9e,W,04,4f4c,Bank004_State14,
d5d8,R,04,4f56,Bank004_State14,
ff9e,W,04,4f59,Bank004_State14,
d5d8,R,04,4f66,Bank004_State14,
d5da,W,04,4f7f,Bank004_State14,00
d5da,W,04,4f8f,Bank004_State14,01
d5d6,W,04,4f97,Bank004_State14,04
d5cf,W,04,4f9f,Bank004_State14,0c
d5da,R,04,4fa6,04:4fa3,
da0f,R,04,4fb1,04:4faf,
d5d8,R,04,4fe7,04:4faf,
da10,W,04,4ffc,04:4faf,
da11,W,04,5000,04:4faf,
da12,W,04,5005,04:4faf,26
da12,R,04,5019,04:5019,
da12,W,04,501f,04:5019,
da11,P,04,5022,04:5019,
da10,R,04,5036,04:5019,
da11,R,04,503a,04:5019,
c0c0,P,04,504b,04:5044,
ff9e,W,04,50e5,04:50e5,
da98,P,04,50f1,04:50e5,
ff9e,W,04,50f9,04:50e5,
d5d8,R,04,510f,04:5104,
d5d8,P,04,5117,04:5104,
daac,P,04,5130,04:5121,
dabc,P,04,5133,04:5121,
ff8a,W,04,5138,04:5121,10
ff8a,R,04,5140,04:5121,
daec,P,04,5148,04:5121,
dbcd,R,04,5153,04:5121,
db4c,W,04,516a,04:5121,00
db4c,R,04,517e,04:5121,
db4c,W,04,5185,04:5121,00
db4c,R,04,5196,04:5121,
daec,P,04,522d,04:522d,
dafc,P,04,5238,04:522d,
db4c,W,04,524e,04:522d,01
daec,P,04,525f,04:525c,
dafc,P,04,5268,04:525c,
daac,P,04,5275,04:525c,
dacc,P,04,527a,04:525c,
daec,P,04,527f,04:525c,
dafc,P,04,5288,04:525c,
dabc,P,04,5295,04:525c,
dadc,P,04,529a,04:525c,
dbcd,R,04,52ab,04:52ab,
ffc8,R,04,52b1,04:52ab,
db2c,P,04,52b6,04:52ab,
db0c,P,04,52b9,04:52ab,
db0c,P,04,52c6,04:52ab,
dacc,P,04,52c9,04:52ab,
db4c,W,04,52e6,04:52ab,01
db4c,W,04,5303,04:52ab,01
ff9a,R,04,5307,04:5307,
ff9a,W,04,5317,04:5307,
dadc,P,04,531d,04:531a,
dacc,P,04,5326,04:531a,
d63e,R,04,562d,04:562d,
d63e,R,04,5634,04:5634,
d63e,R,04,563d,04:563d,
d5cf,R,04,56f9,04:56f9,
d5d6,W,04,5711,04:570f,00
d5d7,W,04,5716,04:570f,05
d5d0,W,04,571a,04:570f,00
d5db,W,04,571d,04:570f,
d67a,W,04,5720,04:570f,
d5cf,P,04,5723,04:570f,
ff9e,W,04,5728,04:5728,
d5df,R,04,5733,04:5733,
d5ce,W,04,573c,04:5733,04
d5cf,W,04,5741,04:5733,00
ffab,W,04,5747,04:5733,63
d524,W,04,574b,04:5733,e4
d526,W,04,574e,04:5733,
d525,W,04,5753,04:5733,d2
ffae,W,04,5758,04:5733,10
ffad,W,04,575a,04:5733,
ffb4,W,04,575e,04:5733,07
ffb3,W,04,5762,04:5733,94
d603,W,04,5766,04:5733,40
d605,W,04,576b,04:5733,38
d602,W,04,576f,04:5733,00
d604,W,04,5772,04:5733,
d606,W,04,5775,04:5733,
d608,W,04,5778,04:5733,
d614,W,04,577c,04:5733,00
d63d,R,04,57b7,04:5733,
d629,P,04,57bd,04:5733,
d63e,W,04,57c2,04:5733,
d615,P,04,57c5,04:5733,
d63f,W,04,57ca,04:5733,
d800,R,04,57cd,04:5733,
d5d8,R,04,57d3,04:5733,
d5f7,W,04,57d6,04:5733,
ff9e,W,04,57d9,04:5733,
ff9e,W,04,57e5,04:5733,
c000,P,04,57f1,04:5733,
c800,P,04,57ff,04:5733,
c900,P,04,580d,04:5733,
d66d,W,04,581a,04:5733,00
ff9e,W,04,581d,04:5733,
daa5,R,04,5827,04:5733,
d642,W,04,5832,04:5733,
ffaf,W,04,5837,04:5733,54
ffb5,W,04,5839,04:5733,
ffac,P,04,583b,04:5733,
ffc5,W,04,5847,04:5733,01
ffab,P,04,585f,04:5733,
d5cf,W,04,5866,04:5733,04
d63d,R,04,589e,04:589e,
ff8a,W,04,58b3,04:589e,
ff8b,W,04,58bb,04:589e,
d63e,R,04,58be,04:589e,
d63d,R,04,58c8,04:589e,
ff8b,R,04,58d6,04:589e,
ff8a,R,04,58dc,04:589e,
ff8a,R,04,58f5,04:589e,
ff8a,R,04,5900,04:589e,
ff8a,R,04,590e,04:589e,
ff8a,R,04,591c,04:589e,
d63d,R,04,5922,04:5922,
d614,R,04,5973,04:596d,
ffa3,R,04,5979,04:596d,
d63d,R,04,5986,04:596d,
d629,P,04,598c,04:596d,
d63e,R,04,5990,04:596d,
d615,P,04,5994,04:596d,
d63f,R,04,5998,04:596d,
ffa3,R,04,599c,04:596d,
d63d,R,04,599f,04:596d,
d582,R,04,59b1,04:596d,
d582,R,04,59c8,04:596d,
d63d,W,04,59d1,04:596d,
d629,P,04,59d7,04:596d,
d63e,W,04,59dc,04:596d,
d615,P,04,59df,04:596d,
d63f,W,04,59e4,04:596d,
ffa2,R,04,59f1,04:596d,
d614,R,04,59f7,04:596d,
ffab,P,04,5a0a,04:596d,
d5cf,W,04,5a11,04:596d,04
d641,W,04,5a17,04:5a15,b4
c000,P,04,5a1a,04:5a15,
c3c0,P,04,5a23,04:5a15,
c1e0,P,04,5a2c,04:5a15,
c5a0,P,04,5a35,04:5a15,
c3c0,P,04,5a41,04:5a15,
c5a0,P,04,5a4a,04:5a15,
c000,P,04,5a58,04:5a15,
c1e0,P,04,5a66,04:5a15,
d63d,R,04,5a73,04:5a73,
d63f,R,04,5a8b,04:5a73,
ff8a,W,04,5aa1,04:5a73,
ff8a,R,04,5aa3,04:5a73,
d63d,R,04,5aad,04:5aad,
ff8a,W,04,5abd,04:5aad,00
c3c0,P,04,5abf,04:5aad,
c000,P,04,5ac2,04:5aad,
ff8a,R,04,5adb,04:5aad,
ff8a,W,04,5ae9,04:5aad,01
ff8a,W,04,5af5,04:5aad,00
d63d,R,04,5afb,04:5afb,
ff8a,W,04,5b0b,04:5afb,00
c5a0,P,04,5b0d,04:5afb,
c1e0,P,04,5b10,04:5afb,
ff8a,R,04,5b2d,04:5afb,
ff8a,W,04,5b3b,04:5afb,01
ff8a,W,04,5b47,04:5afb,00
d614,R,04,5b4d,04:5b4d,
ffc8,R,04,5b56,04:5b4d,
d63d,R,04,5b66,04:5b4d,
d63f,R,04,5b79,04:5b4d,
d63d,R,04,5b87,04:5b4d,
ffc8,R,04,5b91,04:5b4d,
d614,R,04,5ba1,04:5ba1,
ffa2,R,04,5ba7,04:5ba1,
d614,W,04,5bb4,04:5ba1,00
d63d,R,04,5bb8,04:5ba1,
d63f,R,04,5bcb,04:5ba1,
ffa3,R,04,5bd4,04:5ba1,
d63e,P,04,5bef,04:5ba1,
d63d,R,04,5bfd,04:5ba1,
d642,P,04,5c04,04:5ba1,
d63e,R,04,5c11,04:5ba1,
d63e,W,04,5c17,04:5ba1,
d614,W,04,5c22,04:5ba1,01
d63f,P,04,5c30,04:5ba1,
d63d,R,04,5c37,04:5c36,
ffa1,R,04,5c53,04:5c47,
da31,P,04,5c55,04:5c47,
da32,W,04,5c5b,04:5c47,
ffa2,R,04,5c5e,04:5c47,
da31,R,04,5c64,04:5c47,
da32,R,04,5c6a,04:5c47,
da32,W,04,5c6e,04:5c47,
ffab,P,04,5c90,04:5c47,
d5cf,W,04,5c97,04:5c47,03
ffa2,R,04,5c9b,04:5c47,
d66d,R,04,5ca0,04:5c47,
d5cf,W,04,5ca8,04:5c47,05
ffab,P,04,5cb0,04:5c47,
d5cf,R,04,5cb5,04:5c47,
d640,W,04,5cb8,04:5c47,
d5cf,W,04,5cbd,04:5c47,06
d63d,R,04,5cc7,04:5cc1,
d629,P,04,5ccd,04:5cc1,
d63e,R,04,5cd1,04:5cc1,
d615,P,04,5cd5,04:5cc1,
d63f,R,04,5cd9,04:5cc1,
ffac,P,04,5cdd,04:5cc1,
d800,R,04,5ce7,04:5cc1,
d5ce,W,04,5cef,04:5cc1,04
d5cf,W,04,5cf4,04:5cc1,00
d67a,R,04,5cf8,04:5cc1,
d5cf,W,04,5d00,04:5cc1,00
d5ce,W,04,5d0a,04:5cc1,09
d5cf,W,04,5d0f,04:5cc1,00
d5df,W,04,5d15,04:5cc1,01
d5ce,W,04,5d1a,04:5cc1,0a
d5cf,W,04,5d1f,04:5cc1,02
d66e,W,04,5d25,04:5d23,01
d5f7,R,04,5d28,04:5d23,
d671,W,04,5d2b,04:5d23,
d5d0,W,04,5d2f,04:5d23,00
d5cf,P,04,5d32,04:5d23,
ff9e,W,04,5d37,04:5d37,
d670,R,04,5d42,04:5d42,
d5cf,W,04,5d4a,04:5d42,05
d640,R,04,5d5c,04:5d42,
d5cf,W,04,5d6e,04:5d42,03
ffab,P,04,5d75,04:5d42,
d5cf,W,04,5d7c,04:5d42,04
d603,R,04,5d80,04:5d80,
d605,R,04,5d86,04:5d80,
da31,W,04,5d93,04:5d92,00
ffa1,R,04,5d98,04:5d92,
d606,P,04,5d9e,04:5d92,
ffa1,R,04,5db9,04:5d92,
d602,P,04,5dc8,04:5d92,
d606,R,04,5dcb,04:5d92,
d604,P,04,5dee,04:5d92,
d608,R,04,5df1,04:5d92,
d63d,R,04,5df7,04:5d92,
d603,P,04,5e05,04:5d92,
ff8a,W,04,5e0a,04:5d92,30
ff8a,R,04,5e17,04:5d92,
da31,W,04,5e1b,04:5d92,
ff8a,R,04,5e25,04:5d92,
da31,W,04,5e29,04:5d92,
ff8a,W,04,5e31,04:5d92,c0
ffa1,R,04,5e3b,04:5e3b,
d641,R,04,5e40,04:5e3b,
d641,W,04,5e48,04:5e3b,64
c000,P,04,5e4c,04:5e3b,
c1e0,P,04,5e52,04:5e3b,
c3c0,P,04,5e58,04:5e3b,
c5a0,P,04,5e5e,04:5e3b,
c000,P,04,5e6a,04:5e3b,
c1e0,P,04,5e78,04:5e3b,
d63d,R,04,5e86,04:5e85,
ff8a,W,04,5ea7,04:5e85,03
ff8a,R,04,5ef2,04:5e85,
d63d,R,04,5ef9,04:5ef8,
ff8a,W,04,5f1c,04:5ef8,06
ff8a,R,04,5f65,04:5ef8,
d63d,R,04,5f6c,04:5f6b,
ff8a,W,04,5f93,04:5f6b,06
ff8a,R,04,5fdc,04:5f6b,
ffa4,R,04,5fe2,04:5fe2,
d641,W,04,5fe9,04:5fe2,b4
d66d,W,04,5ff3,04:5fe2,
d603,R,04,5ff6,04:5fe2,
d605,R,04,5ffc,04:5fe2,
d63d,R,04,6002,04:5fe2,
ffb3,R,04,6023,04:6015,
ffb3,W,04,6026,04:6015,
ffb3,R,04,603e,04:6030,
ffb3,W,04,6041,04:6030,
d5cf,R,04,604b,04:604b,
d5d6,W,04,6067,04:6065,00
d5d7,W,04,606c,04:6065,05
d5d0,W,04,6070,04:6065,00
d67a,W,04,6073,04:6065,
d5db,W,04,6076,04:6065,
d5cf,P,04,6079,04:6065,
ff9e,W,04,607e,04:607e,
d5df,R,04,6089,04:6089,
d5ce,W,04,6092,04:6089,04
d5cf,W,04,6097,04:6089,00
ffab,W,04,609d,04:6089,63
d524,W,04,60a1,04:6089,e4
d525,W,04,60a4,04:6089,
d526,W,04,60a9,04:6089,d2
ffae,W,04,60ae,04:6089,10
ffad,W,04,60b0,04:6089,
ffb4,W,04,60b4,04:6089,07
ffb3,W,04,60b8,04:6089,95
d603,W,04,60bc,04:6089,40
d605,W,04,60c1,04:6089,38
d602,W,04,60c5,04:6089,00
d604,W,04,60c8,04:6089,
d606,W,04,60cb,04:6089,
d608,W,04,60ce,04:6089,
d610,W,04,60d1,04:6089,
d60e,W,04,60d6,04:6089,38
d800,R,04,6111,04:6089,
d5d8,R,04,6117,04:6089,
d5f9,W,04,611a,04:6089,
ff9e,W,04,611d,04:6089,
ff9e,W,04,6129,04:6089,
c000,P,04,6135,04:6089,
c800,P,04,6143,04:6089,
c900,P,04,6151,04:6089,
d66d,W,04,615e,04:6089,00
ffaf,W,04,6163,04:6089,54
ffb5,W,04,6165,04:6089,
ffac,P,04,6167,04:6089,
ffc5,W,04,6173,04:6089,01
d5cf,P,04,6188,04:6089,
ffa1,R,04,6196,04:618d,
da31,P,04,6198,04:618d,
da32,W,04,619e,04:618d,
ffa2,R,04,61a1,04:618d,
da31,R,04,61a7,04:618d,
da32,R,04,61ad,04:618d,
da32,W,04,61b1,04:618d,
ffa2,R,04,61c0,04:618d,
d66d,R,04,61c5,04:618d,
d5cf,W,04,61d4,04:618d,07
d5cf,W,04,61da,04:618d,08
ffa2,R,04,61e4,04:61de,
d611,R,04,61ea,04:61de,
d612,R,04,61f6,04:61de,
d60c,W,04,61f9,04:61de,
d5cf,W,04,620f,04:61de,03
ffa2,R,04,6219,04:6213,
d611,R,04,621f,04:6213,
d612,R,04,622b,04:6213,
d60d,W,04,622e,04:6213,
d5cf,W,04,6244,04:6213,03
ffa2,R,04,624e,04:6248,
d611,R,04,6254,04:6248,
d612,R,04,6260,04:6248,
d60b,W,04,6263,04:6248,
d5cf,W,04,6279,04:6248,03
d611,R,04,627d,04:627d,
d613,R,04,6283,04:627d,
ffa3,R,04,628e,04:627d,
d612,R,04,6291,04:627d,
d612,W,04,62b2,04:627d,
d611,W,04,62b8,04:627d,01
ffa3,R,04,62bc,04:627d,
d610,R,04,62bf,04:627d,
d611,W,04,62ce,04:627d,00
d613,R,04,62d1,04:627d,
d612,W,04,62dc,04:627d,
d610,W,04,62fe,04:627d,
d611,R,04,630c,04:630c,
d613,R,04,6312,04:630c,
d612,R,04,631e,04:630c,
d613,R,04,6328,04:630c,
ffc8,R,04,6332,04:630c,
ffc8,R,04,6341,04:630c,
ffac,P,04,636e,04:6368,
d800,R,04,6378,04:6368,
d5ce,W,04,6380,04:6368,04
d5cf,W,04,6385,04:6368,00
d67a,R,04,6389,04:6368,
d5cf,W,04,6391,04:6368,00
d5ce,W,04,639b,04:6368,09
d5cf,W,04,63a0,04:6368,00
d5df,W,04,63a6,04:6368,01
d5ce,W,04,63ab,04:6368,0a
d5cf,W,04,63b0,04:6368,02
ffb3,W,04,63b6,04:63b4,95
ffb4,W,04,63ba,04:63b4,07
ffab,P,04,63bc,04:63b4,
d66e,W,04,63c6,04:63b4,01
d5f9,R,04,63c9,04:63b4,
d671,W,04,63cc,04:63b4,
d5d0,W,04,63d0,04:63b4,00
d5cf,P,04,63d3,04:63b4,
ff9e,W,04,63d8,04:63d8,
d670,R,04,63e3,04:63e3,
d5cf,W,04,63eb,04:63e3,07
d5cf,W,04,63ff,04:63e3,03
d60c,R,04,6421,04:6421,
ffc8,R,04,6427,04:6421,
d603,R,04,643b,04:6421,
d605,R,04,6441,04:6421,
d60b,R,04,6454,04:6454,
ffc8,R,04,645b,04:6454,
ffc8,R,04,6466,04:6454,
da31,W,04,646c,04:6454,00
d60e,R,04,646f,04:6454,
ffa1,R,04,647e,04:6454,
d60f,W,04,6480,04:6454,
d606,P,04,6483,04:6454,
d60f,R,04,6486,04:6454,
d608,P,04,64e3,04:6454,
d60f,R,04,64e6,04:6454,
ffa1,R,04,64f6,04:6454,
d60a,W,04,64fe,04:6454,03
d60a,R,04,6503,04:6454,
d60a,W,04,650a,04:6454,
d606,P,04,6510,04:6454,
d602,P,04,6517,04:6454,
d607,R,04,651a,04:6454,
d606,R,04,651e,04:6454,
d604,P,04,652a,04:6454,
d609,R,04,652d,04:6454,
d608,R,04,6531,04:6454,
d60c,R,04,6538,04:6454,
d603,P,04,6546,04:6454,
ff8a,W,04,654b,04:6454,30
ff8a,R,04,6558,04:6454,
da31,W,04,655c,04:6454,
ff8a,R,04,6566,04:6454,
da31,W,04,656a,04:6454,
ff8a,W,04,6572,04:6454,c0
ffa1,R,04,65fe,04:65fe,
ffc8,R,04,6603,04:65fe,
d66d,W,04,6612,04:65fe,01
d60c,R,04,6615,04:65fe,
d603,R,04,6621,04:65fe,
d605,R,04,6629,04:65fe,
d60d,P,04,6630,04:65fe,
d60c,R,04,6633,04:65fe,
ffb3,R,04,66ce,04:66bc,
ffb3,W,04,66d1,04:66bc,
ffb3,R,04,66ec,04:66db,
ffb3,W,04,66ef,04:66db,
d610,R,04,6715,04:66f9,
d5cf,W,04,672e,04:66f9,04
d5cf,W,04,6749,04:66f9,05
d5cf,W,04,6760,04:66f9,06
d60c,R,04,6772,04:6764,
d60c,R,04,679a,04:6764,
d612,W,04,679d,04:6764,
d613,W,04,67a1,04:6764,00
d60d,R,04,67bb,04:67ad,
d60d,R,04,67e3,04:67ad,
d612,W,04,67e6,04:67ad,
d613,W,04,67eb,04:67ad,01
d60b,R,04,6805,04:67f7,
d60b,R,04,682d,04:67f7,
d612,W,04,6830,04:67f7,
d613,W,04,6835,04:67f7,02
d5cf,R,04,683f,04:683f,
ffab,W,04,6861,04:685f,43
d524,W,04,6865,04:685f,e4
d525,W,04,6868,04:685f,
d526,W,04,686d,04:685f,c6
ffae,W,04,6872,04:685f,10
ffad,W,04,6874,04:685f,
d674,W,04,6877,04:685f,00
d675,W,04,687a,04:685f,
d67e,W,04,687d,04:685f,
d67b,W,04,6880,04:685f,
d5ee,R,04,68d4,04:685f,
ff9e,W,04,68d7,04:685f,
ffaf,W,04,68e3,04:685f,54
ffb5,W,04,68e5,04:685f,
ffac,P,04,68e7,04:685f,
ffc5,W,04,68f3,04:685f,01
d5cf,W,04,690d,04:685f,01
d67e,R,04,691a,04:6911,
d5ee,R,04,6923,04:6911,
ff9e,W,04,6926,04:6911,
ffa1,R,04,6933,04:6911,
d67e,W,04,6940,04:6911,00
ffa8,R,04,6943,04:6911,
d5ee,R,04,6950,04:6911,
d561,P,04,6953,04:6911,
d5cf,P,04,695b,04:6911,
ffa8,R,04,6960,04:6911,
d5cf,W,04,696e,04:6911,07
d5d3,R,04,6972,04:6972,
d5d3,W,04,6976,04:6972,
ffa2,R,04,699d,04:6972,
d5cf,P,04,69ad,04:6972,
ffa3,R,04,69b2,04:6972,
d51f,W,04,69bf,04:6972,00
d50f,W,04,69c2,04:6972,
ffa3,R,04,69c5,04:6972,
ffae,R,04,69f1,04:6972,
ffae,W,04,69f4,04:6972,
d5cf,W,04,69ff,04:6972,03
ffae,R,04,6a2d,04:6972,
ffae,W,04,6a30,04:6972,
d5cf,W,04,6a3b,04:6972,04
ffad,R,04,6a69,04:6972,
ffad,W,04,6a6c,04:6972,
ffaf,W,04,6a71,04:6972,
d5cf,W,04,6a7c,04:6972,05
ffad,R,04,6aa9,04:6972,
ffad,W,04,6aac,04:6972,
ffaf,W,04,6ab1,04:6972,
d5cf,W,04,6abc,04:6972,06
ffa2,R,04,6ac6,04:6ac0,
d50f,P,04,6aec,04:6ac0,
d674,R,04,6af7,04:6ac0,
d50f,R,04,6b0a,04:6ac0,
ffae,R,04,6b1b,04:6ac0,
ffae,W,04,6b1e,04:6ac0,
d5cf,W,04,6b2e,04:6ac0,02
ffac,P,04,6b38,04:6ac0,
d5ee,R,04,6b42,04:6ac0,
d5d8,W,04,6b45,04:6ac0,
d5df,W,04,6b4a,04:6ac0,01
d67a,W,04,6b4f,04:6ac0,01
d800,W,04,6b53,04:6ac0,00
d674,R,04,6b56,04:6ac0,
d5ce,W,04,6b5e,04:6ac0,10
d5cf,W,04,6b63,04:6ac0,02
d5ce,W,04,6b69,04:6ac0,11
d5cf,W,04,6b6e,04:6ac0,02
ffa2,R,04,6b78,04:6b72,
d50f,P,04,6b9d,04:6b72,
d675,R,04,6ba8,04:6b72,
d50f,R,04,6bbb,04:6b72,
ffae,R,04,6bcc,04:6b72,
ffae,W,04,6bcf,04:6b72,
d5cf,W,04,6bdf,04:6b72,02
d675,R,04,6be3,04:6b72,
d5cf,W,04,6beb,04:6b72,08
d5cf,W,04,6bf1,04:6b72,0b
ffa2,R,04,6bf8,04:6bf5,
d50f,P,04,6c1d,04:6bf5,
d50f,R,04,6c32,04:6bf5,
ffad,R,04,6c43,04:6bf5,
ffad,W,04,6c46,04:6bf5,
ffaf,W,04,6c4b,04:6bf5,
d5cf,W,04,6c5b,04:6bf5,02
ffac,P,04,6c65,04:6bf5,
d5ee,R,04,6c6f,04:6bf5,
d5d8,W,04,6c72,04:6bf5,
d5df,W,04,6c77,04:6bf5,01
d67a,W,04,6c7c,04:6bf5,01
dbcb,W,04,6c80,04:6bf5,00
dbcc,W,04,6c83,04:6bf5,
d806,W,04,6c86,04:6bf5,
d5ce,W,04,6c8b,04:6bf5,1c
d5cf,W,04,6c90,04:6bf5,02
ffa2,R,04,6c97,04:6c94,
d50f,P,04,6cbc,04:6c94,
d50f,R,04,6cd1,04:6c94,
ffad,R,04,6ce2,04:6c94,
ffad,W,04,6ce5,04:6c94,
ffaf,W,04,6cea,04:6c94,
d5cf,W,04,6cfa,04:6c94,02
ffac,P,04,6d04,04:6c94,
d5ee,R,04,6d0e,04:6c94,
d5d8,W,04,6d11,04:6c94,
d5df,W,04,6d16,04:6c94,01
d5d6,W,04,6d1b,04:6c94,02
d5d7,W,04,6d20,04:6c94,00
d67a,W,04,6d25,04:6c94,01
d5ce,W,04,6d2a,04:6c94,0f
d5cf,W,04,6d2f,04:6c94,05
ffac,P,04,6d39,04:6d33,
d5ce,W,04,6d45,04:6d33,01
d5cf,W,04,6d4a,04:6d33,00
ffac,P,04,6d54,04:6d4e,
d5ee,R,04,6d5e,04:6d4e,
ff9e,W,04,6d61,04:6d4e,
d5d0,W,04,6d6c,04:6d4e,00
d5cf,P,04,6d6f,04:6d4e,
ff9e,W,04,6d74,04:6d74,
d5ee,R,04,6d7f,04:6d7f,
ff9e,W,04,6d82,04:6d7f,
ffac,P,04,6d95,04:6d8f,
d5ee,R,04,6d9f,04:6d8f,
da95,W,04,6da2,04:6d8f,
ff9e,W,04,6da5,04:6d8f,
d5d0,W,04,6db0,04:6d8f,00
d5cf,P,04,6db3,04:6d8f,
ff9e,W,04,6db8,04:6db8,
d5ee,R,04,6dc3,04:6dc3,
ff9e,W,04,6dc6,04:6dc3,
d5df,W,04,6dd2,04:6dc3,01
ffb0,W,04,6ddd,04:6dd8,e4
ffb1,W,04,6ddf,04:6dd8,
ffb2,W,04,6de3,04:6dd8,c6
ffb1,W,04,6e42,04:6e3d,e4
ffb2,W,04,6e46,04:6e3d,d2
d67c,R,04,6e81,04:6e81,
d67d,P,04,6e84,04:6e81,
d67c,P,04,6e94,04:6e81,
d5ee,W,04,6e9c,04:6e81,
d67e,W,04,6ea1,04:6e81,01
d67b,W,04,6ea6,04:6e81,40
d67b,R,04,6ea9,04:6e81,
d5ee,R,04,6eaf,04:6e81,
ffc8,R,04,6ebb,04:6e81,
d67b,W,04,6ecc,04:6e81,
d5ee,R,04,6ecf,04:6e81,
d67c,R,04,6efd,04:6efd,
d67d,P,04,6f00,04:6efd,
ffa7,R,04,6f05,04:6efd,
d5ee,R,04,6f0c,04:6efd,
d67c,W,04,6f37,04:6efd,00
d5ee,R,04,6f3a,04:6efd,
d67d,W,04,6f3f,04:6efd,
ffa1,R,04,6f42,04:6efd,
d67c,R,04,6f46,04:6efd,
d67d,W,04,6f49,04:6efd,
d5ee,W,04,6f4e,04:6efd,
d67e,W,04,6f53,04:6efd,01
d67b,W,04,6f58,04:6efd,40
d5ee,R,04,6f5c,04:6f5c,
d5cf,R,04,6f96,04:6f96,
d5cf,W,04,6fbb,04:6fb2,03
d7d8,W,04,6fca,04:6fb2,00
d5cf,P,04,6feb,04:6fb2,
d5e0,P,04,6ff0,04:6ff0,
ffa2,R,04,7004,04:6ff0,
d5df,W,04,7009,04:6ff0,
d5cf,P,04,701e,04:6ff0,
d5df,R,04,7041,04:702d,
d5ce,W,04,7050,04:702d,00
d5cf,W,04,7055,04:702d,00
d561,R,04,7059,04:702d,
d5ee,W,04,7060,04:702d,
d5e0,R,04,7063,04:702d,
d5ce,W,04,7070,04:702d,
d5cf,W,04,7074,04:702d,
d5ce,R,04,7077,04:702d,
d7d8,W,04,709a,04:708e,01
d5cf,P,04,70a3,04:708e,
d5e0,P,04,70a8,04:70a8,
ffa2,R,04,70bc,04:70a8,
d5df,W,04,70c1,04:70a8,
d5cf,P,04,70d6,04:70a8,
d5df,R,04,70e8,04:70e5,
d5ce,W,04,70f7,04:70e5,00
d5cf,W,04,70fc,04:70e5,00
d561,R,04,7100,04:70e5,
d5ee,W,04,7107,04:70e5,
d5e0,R,04,710a,04:70e5,
d5ce,W,04,7117,04:70e5,
d5cf,W,04,711b,04:70e5,
d5ce,R,04,711e,04:70e5,
d7d8,W,04,7141,04:7135,02
d5cf,P,04,714a,04:7135,
d5e1,P,04,714f,04:714f,
ffa2,R,04,7163,04:714f,
d5df,W,04,7168,04:714f,
d5cf,P,04,717d,04:714f,
d5df,R,04,7189,04:7186,
d5cf,W,04,7192,04:7186,00
d5e1,R,04,719c,04:7186,
d5ce,W,04,71a9,04:7186,
d5cf,W,04,71ad,04:7186,
dbcf,W,04,71bd,04:71b5,0e
dbcf,W,04,71c9,04:71b5,04
d5d0,W,04,71cd,04:71b5,00
d5cf,P,04,71d0,04:71b5,
ff9e,W,04,71d5,04:71d5,
dbcf,R,04,71e0,04:71e0,
d5cf,W,04,71e9,04:71e0,00
dbcf,W,04,71fa,04:71e0,08
d5d0,W,04,71fe,04:71e0,00
d5cf,W,04,7203,04:71e0,0a
d5cf,W,04,7209,04:71e0,00
ffa3,R,04,7215,04:720d,
d500,R,04,728c,04:728c,
d510,R,04,72ad,04:728c,
d500,R,04,72b9,04:728c,
d500,W,04,72bd,04:728c,
d510,W,04,72c6,04:728c,
d501,R,04,72e3,04:72e3,
d511,R,04,7305,04:72e3,
d501,R,04,7310,04:72e3,
d501,W,04,7314,04:72e3,
d511,W,04,731d,04:72e3,
d510,R,04,7340,04:7340,
d500,R,04,7348,04:7340,
d500,W,04,734d,04:7340,
d510,W,04,736e,04:7340,
d500,R,04,7376,04:7376,
d510,R,04,738a,04:7376,
d500,R,04,7395,04:7376,
d500,W,04,7399,04:7376,
d510,W,04,739e,04:7376,
ffab,R,04,73bf,04:73bc,
d524,W,04,73c7,04:73bc,ff
ffab,W,04,73d6,04:73bc,c3
d524,W,04,73da,04:73bc,e4
ffb0,W,04,73df,04:73bc,ff
ffb1,W,04,73e3,04:73bc,e4
ffb2,W,04,73e7,04:73bc,c6
ffae,W,04,73ea,04:73bc,00
ffad,W,04,73ec,04:73bc,
d7d9,W,04,741a,04:73ef,
d7da,W,04,741e,04:73ef,
d7db,W,04,7422,04:73ef,
d500,W,04,7426,04:73ef,00
d510,W,04,7429,04:73ef,
d501,W,04,742c,04:73ef,
d511,W,04,742f,04:73ef,
d500,W,04,7432,04:73ef,
d7d9,R,04,7479,04:7479,
d7da,R,04,747d,04:7479,
d7db,R,04,7481,04:7479,
d5cf,R,04,7488,04:7488,
d5d6,W,04,74ae,04:74ac,01
d5d7,W,04,74b3,04:74ac,02
d5d0,W,04,74b7,04:74ac,00
d5db,W,04,74bc,04:74ac,01
d5cf,P,04,74bf,04:74ac,
ff9e,W,04,74c4,04:74c4,
d5df,R,04,74cf,04:74cf,
d5ce,W,04,74d8,04:74cf,02
d5cf,W,04,74dd,04:74cf,00
ffab,W,04,74e3,04:74cf,43
d524,W,04,74e7,04:74cf,e4
d525,W,04,74ea,04:74cf,
d526,W,04,74ef,04:74cf,d2
ffae,W,04,74f4,04:74cf,10
ffad,W,04,74f6,04:74cf,
d674,W,04,74f9,04:74cf,00
d675,W,04,74fc,04:74cf,
d67e,W,04,74ff,04:74cf,
d67b,W,04,7504,04:74cf,b4
d5d8,R,04,753c,04:74cf,
d5ed,W,04,753f,04:74cf,
ff9e,W,04,7542,04:74cf,
d5ed,R,04,754c,04:74cf,
ff9e,W,04,754f,04:74cf,
ff9e,W,04,7559,04:74cf,
ffaf,W,04,7565,04:74cf,54
ffb5,W,04,7567,04:74cf,
ffac,P,04,7569,04:74cf,
ffc5,W,04,7575,04:74cf,01
d5cf,W,04,758f,04:74cf,03
d67e,R,04,7596,04:7593,
d5ed,R,04,759f,04:7593,
ff9e,W,04,75a2,04:7593,
d7c1,R,04,75ac,04:7593,
d5ed,R,04,75b1,04:7593,
ff9e,W,04,75b4,04:7593,
d7c1,R,04,75bf,04:7593,
ff9e,W,04,75d3,04:7593,
d67e,W,04,75e5,04:7593,00
ffa8,R,04,75e8,04:7593,
d5ed,R,04,75f5,04:7593,
d561,P,04,75f8,04:7593,
d5cf,P,04,7600,04:7593,
ffa8,R,04,7605,04:7593,
d5cf,W,04,7613,04:7593,09
d5d3,R,04,7617,04:7617,
d5d3,W,04,761b,04:7617,
ffa2,R,04,7642,04:7617,
d5cf,P,04,7652,04:7617,
ffa3,R,04,7657,04:7617,
d51f,W,04,7664,04:7617,00
d50f,W,04,7667,04:7617,
ffa3,R,04,766a,04:7617,
ffae,R,04,7696,04:7617,
ffae,W,04,7699,04:7617,
d5cf,W,04,76a4,04:7617,05
ffae,R,04,76d2,04:7617,
ffae,W,04,76d5,04:7617,
d5cf,W,04,76e0,04:7617,06
ffad,R,04,770e,04:7617,
ffad,W,04,7711,04:7617,
ffaf,W,04,7716,04:7617,
d5cf,W,04,7721,04:7617,07
ffad,R,04,774e,04:7617,
ffad,W,04,7751,04:7617,
ffaf,W,04,7756,04:7617,
d5cf,W,04,7761,04:7617,08
ffa2,R,04,776b,04:7765,
d50f,P,04,7791,04:7765,
d674,R,04,779c,04:7765,
d50f,R,04,77af,04:7765,
ffae,R,04,77c0,04:7765,
ffae,W,04,77c3,04:7765,
d5cf,W,04,77d3,04:7765,04
ffac,P,04,77dd,04:7765,
d5ed,R,04,77e7,04:7765,
d5d8,W,04,77ea,04:7765,
d5df,W,04,77ef,04:7765,01
d67a,W,04,77f4,04:7765,02
d800,W,04,77f8,04:7765,00
d674,R,04,77fb,04:7765,
d5ce,W,04,7803,04:7765,10
d5cf,W,04,7808,04:7765,02
d5ce,W,04,780e,04:7765,11
d5cf,W,04,7813,04:7765,02
ffa2,R,04,7817,04:7817,
d674,P,04,7825,04:7817,
d674,R,04,7832,04:7832,
d50f,R,04,7841,04:7832,
d50f,R,04,7847,04:7832,
d51f,R,04,7857,04:7832,
d50f,P,04,785d,04:7832,
d51f,W,04,7862,04:7832,00
d50f,R,04,7865,04:7832,
d51f,P,04,786a,04:7832,
ffa2,R,04,787f,04:7879,
d50f,P,04,78a4,04:7879,
d675,R,04,78af,04:7879,
d50f,R,04,78c2,04:7879,
ffae,R,04,78d3,04:7879,
ffae,W,04,78d6,04:7879,
d5cf,W,04,78e6,04:7879,04
d675,R,04,78ea,04:7879,
d5cf,W,04,78f2,04:7879,0a
d5cf,W,04,78f8,04:7879,0d
ffa2,R,04,78fc,04:78fc,
d675,P,04,790a,04:78fc,
d675,R,04,7917,04:7917,
d50f,R,04,7926,04:7917,
d50f,R,04,792c,04:7917,
d51f,R,04,793c,04:7917,
d50f,P,04,7942,04:7917,
d51f,W,04,7947,04:7917,00
d50f,R,04,794a,04:7917,
d51f,P,04,794f,04:7917,
ffa2,R,04,7961,04:795e,
d50f,P,04,7986,04:795e,
d50f,R,04,799b,04:795e,
ffad,R,04,79ac,04:795e,
ffad,W,04,79af,04:795e,
ffaf,W,04,79b4,04:795e,
d5cf,W,04,79c4,04:795e,04
ffac,P,04,79ce,04:795e,
d5ed,R,04,79d8,04:795e,
d5d8,W,04,79db,04:795e,
d5df,W,04,79e0,04:795e,01
d67a,W,04,79e5,04:795e,02
dbcb,W,04,79e9,04:795e,00
dbcc,W,04,79ec,04:795e,
d806,W,04,79ef,04:795e,
d5ce,W,04,79f4,04:795e,1c
d5cf,W,04,79f9,04:795e,02
d50f,R,04,7a00,04:79fd,
d50f,R,04,7a06,04:79fd,
d51f,R,04,7a16,04:79fd,
d50f,P,04,7a1c,04:79fd,
d51f,W,04,7a21,04:79fd,00
d50f,R,04,7a24,04:79fd,
d51f,P,04,7a29,04:79fd,
ffa2,R,04,7a37,04:7a34,
d50f,P,04,7a5c,04:7a34,
d50f,R,04,7a71,04:7a34,
ffad,R,04,7a82,04:7a34,
ffad,W,04,7a85,04:7a34,
ffaf,W,04,7a8a,04:7a34,
d5cf,W,04,7a9a,04:7a34,04
ffac,P,04,7aa4,04:7a34,
d5ed,R,04,7aae,04:7a34,
d5d8,W,04,7ab1,04:7a34,
d5df,W,04,7ab6,04:7a34,01
d5d6,W,04,7abb,04:7a34,02
d5d7,W,04,7ac0,04:7a34,00
d67a,W,04,7ac5,04:7a34,02
d5ce,W,04,7aca,04:7a34,0f
d5cf,W,04,7acf,04:7a34,05
d50f,R,04,7ad6,04:7ad3,
d50f,R,04,7adc,04:7ad3,
d51f,R,04,7aec,04:7ad3,
d50f,P,04,7af2,04:7ad3,
d51f,W,04,7af7,04:7ad3,00
d50f,R,04,7afa,04:7ad3,
d51f,P,04,7aff,04:7ad3,
ffac,P,04,7b10,04:7b0a,
d5cf,W,04,7b1c,04:7b0a,00
ffac,P,04,7b26,04:7b20,
d5d0,W,04,7b31,04:7b20,00
d5cf,P,04,7b34,04:7b20,
ff9e,W,04,7b39,04:7b39,
d5ed,R,04,7b44,04:7b44,
ff9e,W,04,7b47,04:7b44,
d5df,W,04,7b53,04:7b44,01
ffac,P,04,7b5f,04:7b59,
d5ed,R,04,7b69,04:7b59,
da95,W,04,7b6c,04:7b59,
ff9e,W,04,7b6f,04:7b59,
d5d0,W,04,7b7a,04:7b59,00
d5cf,P,04,7b7d,04:7b59,
ff9e,W,04,7b82,04:7b82,
d5ed,R,04,7b8d,04:7b8d,
ff9e,W,04,7b90,04:7b8d,
d5df,W,04,7b9c,04:7b8d,01
ffb0,W,04,7bbf,04:7bba,e4
ffb1,W,04,7bc1,04:7bba,
ffb2,W,04,7bc5,04:7bba,d2
d5ed,R,04,7c10,04:7bba,
ff9e,W,04,7c13,04:7bba,
ff9e,W,04,7c1d,04:7bba,
ffb1,W,04,7c2d,04:7c28,e4
ffb2,W,04,7c31,04:7c28,d2
d67b,R,04,7c6c,04:7c6c,
d67b,W,04,7c72,04:7c6c,
ffc8,R,04,7c75,04:7c6c,
d5d1,W,04,7c7e,04:7c6c,
d5d2,W,04,7c84,04:7c6c,
d5d1,R,04,7c87,04:7c6c,
d5d2,R,04,7c8f,04:7c6c,
ffa9,P,04,7c9d,04:7c9d,
d5ed,R,04,7ca0,04:7c9d,
d5ed,P,04,7cc3,04:7c9d,
d67b,W,04,7ccb,04:7c9d,b4
d67e,W,04,7cd0,04:7c9d,01
d5ed,R,04,7cf7,04:7cf7,
d5cf,R,05,4000,Bank005_StateDispatch,
ffab,W,05,4020,Bank005_State00,47
d524,W,05,4024,Bank005_State00,e4
d525,W,05,4027,Bank005_State00,
d526,W,05,402c,Bank005_State00,d2
ffae,W,05,4030,Bank005_State00,00
ffad,W,05,4032,Bank005_State00,
ff9e,W,05,4034,Bank005_State00,
d581,R,05,403e,Bank005_State00,
d9d3,W,05,4046,Bank005_State00,02
ff9e,W,05,4049,Bank005_State00,
d9d2,R,05,4053,Bank005_State00,
d9d5,W,05,405b,Bank005_State00,02
d5cf,P,05,408d,Bank005_State00,
ffa2,R,05,4098,Bank005_State01,
d9d5,R,05,40a5,Bank005_State01,
d5cf,P,05,40ae,Bank005_State01,
d9d2,R,05,40b7,Bank005_State01,
d5cf,W,05,40c7,Bank005_State01,03
d5ce,W,05,40dd,Bank005_State01,00
d5cf,W,05,40e2,Bank005_State01,00
ffa3,R,05,40e6,05:40e6,
d9d5,R,05,40e9,05:40e6,
d9d5,W,05,40fc,05:40e6,
ffc8,R,05,4114,05:4114,
d9d5,P,05,411c,05:4114,
d9d5,R,05,412a,05:412a,
ffc8,R,05,4137,05:412a,
d9d5,R,05,4145,05:4145,
ffc8,R,05,4154,05:4145,
d9d3,R,05,4162,05:4162,
ffa2,R,05,4174,Bank005_State02,
d5cf,P,05,4181,Bank005_State02,
d5cf,P,05,4190,Bank005_State02,
ffa3,R,05,4195,05:4195,
d9d6,R,05,4198,05:4195,
d9d6,W,05,41ab,05:4195,
d9d6,R,05,41da,05:41da,
ffc8,R,05,41e3,05:41da,
d9d6,R,05,41f1,05:41f1,
ffc8,R,05,41fa,05:41f1,
d9d5,R,05,4208,05:4208,
d9d3,R,05,4216,05:4216,
d9d6,R,05,4222,05:4222,
ffa2,R,05,4256,Bank005_State03,
d9d5,R,05,4269,Bank005_State03,
d9d6,R,05,426f,Bank005_State03,
ff9e,W,05,4282,Bank005_State03,
d66d,W,05,428d,Bank005_State03,00
ff24,W,05,4294,Bank005_State03,00
ff25,W,05,4296,Bank005_State03,
ff24,W,05,42a0,Bank005_State03,ff
ff25,W,05,42a2,Bank005_State03,
ff26,W,05,42a6,Bank005_State03,80
d5cf,P,05,42a8,Bank005_State03,
d9d5,R,05,42b7,Bank005_State03,
d5cf,P,05,42c0,Bank005_State03,
d5cf,W,05,42c7,Bank005_State03,01
ffa3,R,05,42cb,05:42cb,
d9d3,R,05,42ce,05:42cb,
d9d3,W,05,42e1,05:42cb,
d9d5,R,05,42fc,05:42fc,
ffc8,R,05,430a,05:430a,
d9d3,P,05,4314,05:430a,
d9d3,R,05,4321,05:4321,
ffc8,R,05,432a,05:4321,
d9d3,R,05,4338,05:4338,
ffc8,R,05,4341,05:4338,
d9d5,R,05,434f,05:434f,
ffab,W,05,4367,Bank005_State04,63
d524,W,05,436b,Bank005_State04,e4
d525,W,05,436e,Bank005_State04,
d526,W,05,4373,Bank005_State04,d2
ffae,W,05,4377,Bank005_State04,00
ffb8,W,05,4379,Bank005_State04,
ffbc,W,05,437b,Bank005_State04,
ffad,W,05,437d,Bank005_State04,
ffba,W,05,437f,Bank005_State04,
ffbe,W,05,4383,Bank005_State04,30
ffb4,W,05,4387,Bank005_State04,07
ffb3,W,05,438b,Bank005_State04,9c
ff9e,W,05,43b7,Bank005_State04,
ffaf,W,05,43c9,Bank005_State04,0f
ffb5,W,05,43cb,Bank005_State04,
ffac,P,05,43cd,Bank005_State04,
ffc5,W,05,43d9,Bank005_State04,06
ff24,W,05,4403,Bank005_State04,00
ff25,W,05,4405,Bank005_State04,
ff24,W,05,440c,Bank005_State04,ff
ff25,W,05,440e,Bank005_State04,
ff26,W,05,4412,Bank005_State04,80
d5cf,P,05,4414,Bank005_State04,
ffa2,R,05,4428,Bank005_State05,
ffac,P,05,4434,Bank005_State05,
d5cf,W,05,4440,Bank005_State05,08
d5cf,R,05,4444,Bank005_State05,
d66d,R,05,444a,Bank005_State05,
ffac,P,05,4456,Bank005_State05,
d5cf,W,05,4469,Bank005_State05,00
ffa2,R,05,44ab,Bank005_State06,
ff9e,W,05,44b4,Bank005_State06,
d5cf,P,05,44f3,Bank005_State06,
ffa2,R,05,44fb,Bank005_State07,
ffac,P,05,4514,Bank005_State07,
d5cf,W,05,4527,Bank005_State07,00
d5cf,W,05,454d,Bank005_State07,05
ffab,W,05,4553,Bank005_State08,63
d524,W,05,4557,Bank005_State08,e4
d525,W,05,455a,Bank005_State08,
d526,W,05,455f,Bank005_State08,d2
ffae,W,05,4563,Bank005_State08,00
ffb8,W,05,4565,Bank005_State08,
ffad,W,05,4569,Bank005_State08,fc
ffba,W,05,456b,Bank005_State08,
ffb4,W,05,456f,Bank005_State08,77
ffb3,W,05,4573,Bank005_State08,64
d8c9,W,05,457d,Bank005_State08,ff
d8f4,W,05,4580,Bank005_State08,
d8fb,W,05,4583,Bank005_State08,
d8c8,W,05,4588,Bank005_State08,09
d8f3,W,05,458d,Bank005_State08,07
d8fa,W,05,4592,Bank005_State08,05
d8ca,W,05,4596,Bank005_State08,00
d8f5,W,05,4599,Bank005_State08,
d8fc,W,05,459c,Bank005_State08,
d66d,P,05,459f,Bank005_State08,
c000,P,05,4616,Bank005_State08,
c080,P,05,4624,Bank005_State08,
c100,P,05,4632,Bank005_State08,
c180,P,05,4640,Bank005_State08,
d8f1,W,05,464b,Bank005_State08,04
ffaf,W,05,4650,Bank005_State08,63
ffb5,W,05,4652,Bank005_State08,
ffac,P,05,4654,Bank005_State08,
ffc5,W,05,4660,Bank005_State08,02
d93d,R,05,466e,Bank005_State08,
d93f,R,05,4681,Bank005_State08,
d944,R,05,468c,Bank005_State08,
d945,P,05,469f,Bank005_State08,
d5cf,P,05,46a8,Bank005_State08,
ffa2,R,05,46d0,Bank005_State09,
d985,R,05,470d,Bank005_State09,
d989,R,05,4720,Bank005_State09,
d8f4,W,05,4735,Bank005_State09,ff
d98a,P,05,4738,Bank005_State09,
d5cf,W,05,4740,Bank005_State09,0a
d5cf,W,05,474a,Bank005_State09,0c
ffa1,R,05,474e,Bank005_State09,
ffa2,R,05,4753,Bank005_State09,
d8c8,R,05,475b,05:475b,
ffa2,R,05,478f,Bank005_State10,
d9ac,R,05,47dd,Bank005_State10,
d8fb,W,05,47ea,Bank005_State10,ff
d9b1,P,05,47ed,Bank005_State10,
d5cf,W,05,47f5,Bank005_State10,0b
d5cf,W,05,47fe,Bank005_State10,0c
d8f3,R,05,4802,05:4802,
ffa2,R,05,482f,Bank005_State11,
d93d,R,05,486c,Bank005_State11,
d93f,R,05,487f,Bank005_State11,
d944,R,05,488a,Bank005_State11,
d8c9,W,05,489f,Bank005_State11,ff
d945,P,05,48a2,Bank005_State11,
d5cf,W,05,48aa,Bank005_State11,09
d5cf,W,05,48b3,Bank005_State11,0c
d8fa,R,05,48c0,05:48c0,
d5cf,W,05,48d6,Bank005_State12,04
ffac,P,05,48df,Bank005_State12,
ffa1,P,05,48ea,05:48ea,
ffa3,P,05,48f0,05:48ea,
d92e,W,05,48fd,05:48ea,03
d92e,W,05,490e,05:48ea,02
ffa1,P,05,4913,05:48ea,
ffa1,P,05,4925,05:4925,
ffa3,P,05,492b,05:4925,
d92e,W,05,4938,05:4925,06
d92e,W,05,4949,05:4925,07
ffa1,P,05,494e,05:4925,
ffa1,P,05,4960,05:4960,
ffa3,P,05,4966,05:4960,
d92e,W,05,4973,05:4960,06
d92e,W,05,4984,05:4960,07
ffa1,P,05,4989,05:4960,
ffa3,P,05,499b,05:499b,
d92e,W,05,49a7,05:499b,08
d92e,W,05,49b5,05:499b,08
ffa3,P,05,49bb,05:49bb,
d92e,W,05,49c7,05:49bb,08
d92e,W,05,49d5,05:49bb,08
ffa3,P,05,49db,05:49db,
d92e,W,05,49e7,05:49db,08
d92e,W,05,49f5,05:49db,08
d904,W,05,49fc,05:49fb,00
d8c0,R,05,49ff,05:49fb,
d9d1,R,05,4a04,05:49fb,
d902,P,05,4a07,05:49fb,
d8c4,P,05,4a20,05:49fb,
d8cc,R,05,4a23,05:49fb,
d8cc,W,05,4a27,05:49fb,
d8f6,R,05,4a2a,05:49fb,
d8f6,W,05,4a2e,05:49fb,
d8fd,R,05,4a31,05:49fb,
d8fd,W,05,4a35,05:49fb,
d904,P,05,4a38,05:49fb,
d8cc,R,05,4a3c,05:49fb,
d9aa,R,05,4a43,05:49fb,
d8cc,W,05,4a47,05:49fb,
d8f6,R,05,4a4a,05:49fb,
d9ab,R,05,4a51,05:49fb,
d8f6,W,05,4a55,05:49fb,
d8fd,R,05,4a58,05:49fb,
d9b0,R,05,4a5f,05:49fb,
d8fd,W,05,4a63,05:49fb,
d8cc,R,05,4a66,05:49fb,
d9aa,P,05,4a69,05:49fb,
d8cc,W,05,4a70,05:49fb,00
d8f6,R,05,4a73,05:49fb,
d9ab,P,05,4a76,05:49fb,
d8f6,W,05,4a7d,05:49fb,00
d8fd,R,05,4a80,05:49fb,
d9b0,P,05,4a83,05:49fb,
d8fd,W,05,4a8a,05:49fb,00
d8c9,W,05,4a90,05:4a8e,ff
d8f4,W,05,4a93,05:4a8e,
d8fb,W,05,4a96,05:4a8e,
d8c8,W,05,4a9b,05:4a8e,09
d8f3,W,05,4aa0,05:4a8e,07
d8fa,W,05,4aa5,05:4a8e,05
d8ca,W,05,4aa9,05:4a8e,00
d8f5,W,05,4aac,05:4a8e,
d8fc,W,05,4aaf,05:4a8e,
d8cc,W,05,4ab3,05:4a8e,00
d8f6,W,05,4ab6,05:4a8e,
d8fd,W,05,4ab9,05:4a8e,
ffb8,P,05,4af6,05:4af4,
d893,R,05,4b50,05:4b36,
d892,R,05,4b74,05:4b36,
d893,P,05,4b7a,05:4b36,
d892,W,05,4b80,05:4b36,
d891,R,05,4d20,05:4d1f,
d891,W,05,4d2a,05:4d1f,06
d89d,W,05,4d44,05:4d42,01
d8b4,W,05,4d47,05:4d42,
d8b5,W,05,4d4a,05:4d42,
d8b6,W,05,4d4d,05:4d42,
d8c4,W,05,4d50,05:4d42,
d8b9,W,05,4d55,05:4d42,ff
d894,W,05,4d59,05:4d42,00
d895,W,05,4d5c,05:4d42,
d896,W,05,4d5f,05:4d42,
d8b3,W,05,4d62,05:4d42,
d8b7,W,05,4d65,05:4d42,
d897,W,05,4d68,05:4d42,
d8c0,W,05,4d6b,05:4d42,
d8c1,W,05,4d6e,05:4d42,
d8c2,W,05,4d71,05:4d42,
d8cf,W,05,4d74,05:4d42,
d8f9,W,05,4d77,05:4d42,
d901,W,05,4d7a,05:4d42,
d898,W,05,4d7f,05:4d42,dd
d899,W,05,4d82,05:4d42,
d89a,W,05,4d85,05:4d42,
d89b,W,05,4d88,05:4d42,
d9d1,R,05,4d8b,05:4d42,
d8bd,W,05,4d8e,05:4d42,
d8b7,R,05,4d91,05:4d42,
d8be,W,05,4d94,05:4d42,
d8b3,R,05,4dd6,05:4dd6,
d8b3,R,05,4de5,05:4dd6,
d8b4,R,05,4df6,05:4dd6,
d8b5,R,05,4e01,05:4dd6,
d8b6,R,05,4e0c,05:4dd6,
d8a5,P,05,4e17,05:4dd6,
d89a,R,05,4e4d,05:4e4d,
d89d,W,05,4e5e,05:4e4d,02
d89d,W,05,4e64,05:4e4d,01
d904,R,05,4e68,05:4e4d,
d89e,P,05,4e6b,05:4e4d,
d89d,W,05,4e7c,05:4e4d,
d89d,R,05,4e84,05:4e84,
ffb8,W,05,4e91,05:4e84,
ffbe,W,05,4e94,05:4e84,
d89d,R,05,4e9d,05:4e9d,
d896,W,05,4ea8,05:4e9d,
d897,R,05,4eab,05:4e9d,
d894,W,05,4eb4,05:4e9d,02
d8b6,R,05,4eb8,05:4e9d,
d8fd,R,05,4ebd,05:4e9d,
d9b1,P,05,4ec3,05:4e9d,
d895,W,05,4ed3,05:4e9d,
d895,R,05,4ed6,05:4e9d,
d89d,R,05,4edc,05:4e9d,
d894,W,05,4eea,05:4e9d,
d896,R,05,4eed,05:4e9d,
d896,W,05,4ef1,05:4e9d,
d894,R,05,4f04,05:4f04,
d896,R,05,4f0e,05:4f04,
ffba,W,05,4f12,05:4f04,
d8b8,W,05,4f19,05:4f18,00
d897,R,05,4f1c,05:4f18,
d8b5,R,05,4f4b,05:4f18,
d8f6,R,05,4f51,05:4f18,
d98a,P,05,4f57,05:4f18,
d8b4,R,05,4f5f,05:4f18,
d8cc,R,05,4f65,05:4f18,
d945,P,05,4f6b,05:4f18,
d89d,P,05,4f84,05:4f18,
d898,W,05,4f94,05:4f18,
d899,W,05,4f9a,05:4f18,
d8b2,R,05,4fec,05:4f18,
d897,W,05,4ff3,05:4f18,00
d8b2,W,05,4ff6,05:4f18,
d8a6,P,05,4ffd,05:4f18,
d8b2,R,05,500b,05:4f18,
d897,W,05,5012,05:4f18,00
d8b2,W,05,5015,05:4f18,
d8a6,P,05,501c,05:4f18,
d8b2,R,05,502a,05:4f18,
d897,W,05,5031,05:4f18,00
d8b2,W,05,5034,05:4f18,
d8a6,P,05,503b,05:4f18,
d8b2,R,05,5049,05:4f18,
d897,W,05,5050,05:4f18,00
d8b2,W,05,5053,05:4f18,
d8a6,P,05,505a,05:4f18,
d8b2,R,05,5068,05:4f18,
d897,W,05,506f,05:4f18,00
d8b2,W,05,5072,05:4f18,
d8a6,P,05,5079,05:4f18,
d8b8,W,05,5089,05:4f18,01
d8a6,R,05,508c,05:4f18,
d8b2,R,05,5093,05:4f18,
ffa1,R,05,5099,05:4f18,
d8a6,W,05,50a1,05:4f18,20
d8a2,W,05,50a5,05:4f18,00
d8b2,W,05,50a8,05:4f18,
d8a6,P,05,50b0,05:4f18,
d8b2,R,05,50b9,05:4f18,
d897,W,05,50c0,05:4f18,00
d8b2,W,05,50c3,05:4f18,
d8a6,P,05,50ca,05:4f18,
d8b2,R,05,50dd,05:4f18,
d897,W,05,50e4,05:4f18,00
d8b2,W,05,50e7,05:4f18,
d8c0,R,05,50ea,05:4f18,
d8c1,W,05,50ed,05:4f18,
d8a6,P,05,50f4,05:4f18,
d8b2,R,05,5102,05:4f18,
d897,W,05,5109,05:4f18,00
d8b2,W,05,510c,05:4f18,
d5cf,P,05,510f,05:4f18,
d8a6,P,05,5117,05:4f18,
d89c,R,05,5125,05:5125,
d89c,W,05,5129,05:5125,
d89a,P,05,512c,05:5125,
d898,R,05,512f,05:5125,
d89c,R,05,5135,05:5125,
d898,R,05,513c,05:5125,
d899,R,05,5140,05:5125,
d89b,W,05,5143,05:5125,
d89c,W,05,5147,05:5125,00
d89a,R,05,514a,05:5125,
ffb8,P,05,5153,05:5125,
d89a,R,05,515a,05:5125,
ffb8,P,05,5163,05:5125,
d89a,R,05,516a,05:5125,
d89b,R,05,5170,05:5125,
ff26,R,05,5177,05:5177,
ff12,R,05,517d,05:5177,
d8a3,R,05,5183,05:5177,
d8a3,W,05,518d,05:5177,
d8a3,P,05,5193,05:5177,
d8a3,R,05,519c,05:5177,
d8a3,W,05,51a6,05:5177,
d8a3,P,05,51ac,05:5177,
d000,P,05,51ce,05:51c9,
d904,R,05,51d7,05:51c9,
d8bf,P,05,51da,05:51c9,
d000,P,05,51e6,05:51c9,
d8b4,R,05,51ec,05:51c9,
d8cc,R,05,51f2,05:51c9,
d945,P,05,51f8,05:51c9,
d004,P,05,5203,05:51c9,
d8b5,R,05,5209,05:51c9,
d8f6,R,05,520f,05:51c9,
d98a,P,05,5215,05:51c9,
d008,P,05,5220,05:51c9,
d8b6,R,05,5226,05:51c9,
d8fd,R,05,522c,05:51c9,
d9b1,P,05,5232,05:51c9,
d00c,P,05,523d,05:51c9,
ff26,R,05,5243,05:51c9,
ff12,R,05,5249,05:51c9,
d010,P,05,5252,05:51c9,
d000,P,05,525a,05:51c9,
d8c1,R,05,5288,05:5288,
d8bd,R,05,52a0,05:52a0,
d8bd,R,05,52b6,05:52a0,
d8b8,R,05,52d5,05:52d5,
d8be,R,05,52ed,05:52ed,
d8af,P,05,532c,05:532a,
d8a3,P,05,5332,05:532a,
d8a7,P,05,5342,05:532a,
d8ab,P,05,5347,05:532a,
d898,W,05,5355,05:532a,
d89f,P,05,5358,05:532a,
d8a3,P,05,5366,05:532a,
d8af,P,05,5373,05:532a,
d89f,P,05,537b,05:532a,
d8c4,W,05,53f1,05:53ef,01
ffa1,R,05,53f4,05:53ef,
d8c5,R,05,53fa,05:53ef,
d8c5,W,05,5408,05:53ef,
ffa1,R,05,540b,05:53ef,
d8b3,R,05,5411,05:53ef,
ffa1,R,05,5417,05:53ef,
d8c4,W,05,541f,05:53ef,ff
d8b3,R,05,5423,05:53ef,
ffa1,R,05,542a,05:53ef,
ffa2,R,05,5434,05:53ef,
d8cc,W,05,543b,05:53ef,00
d8f6,W,05,543e,05:53ef,
d8fd,W,05,5441,05:53ef,
ffa1,R,05,5445,05:53ef,
d8c5,R,05,544b,05:53ef,
d8c5,W,05,5452,05:53ef,
ffa1,R,05,5456,05:53ef,
d8c5,R,05,545c,05:53ef,
d8c5,W,05,5463,05:53ef,
d8b3,R,05,5467,05:53ef,
d8b3,P,05,5470,05:53ef,
ffa2,R,05,5477,05:53ef,
d8b7,R,05,547d,05:53ef,
d8b8,W,05,5488,05:53ef,01
d897,R,05,548b,05:53ef,
d897,W,05,5492,05:53ef,06
d8a6,W,05,5497,05:53ef,1c
d8a2,W,05,549b,05:53ef,00
ffa2,R,05,549f,05:53ef,
d92e,W,05,54a8,05:53ef,04
d8c3,W,05,54ad,05:53ef,00
d8c0,R,05,54b0,05:53ef,
d8c2,W,05,54b3,05:53ef,
d8c0,W,05,54b8,05:53ef,01
d897,R,05,54c7,05:53ef,
d897,W,05,54ce,05:53ef,07
d8a6,W,05,54d3,05:53ef,28
d8a2,W,05,54d7,05:53ef,00
ffa1,R,05,54db,05:53ef,
d8c3,P,05,54e1,05:53ef,
ffa4,R,05,54e7,05:53ef,
d8c2,R,05,54ed,05:53ef,
d8c3,R,05,54f3,05:53ef,
d8cc,W,05,54fb,05:53ef,00
d8f6,W,05,54fe,05:53ef,
d8fd,W,05,5501,05:53ef,
d8c0,W,05,5506,05:53ef,00
d897,R,05,550c,05:53ef,
d897,W,05,5513,05:53ef,07
d8a6,W,05,5518,05:53ef,28
d8a2,W,05,551c,05:53ef,00
ffa2,R,05,5520,05:53ef,
d897,W,05,5528,05:53ef,08
d8a6,W,05,552d,05:53ef,2b
d8a2,W,05,5531,05:53ef,00
d8b3,R,05,5535,05:53ef,
ffa3,R,05,555f,05:53ef,
d9d1,R,05,5565,05:53ef,
d9d1,P,05,556e,05:53ef,
d66d,P,05,5577,05:53ef,
ffa4,R,05,557c,05:53ef,
d9d1,R,05,5581,05:53ef,
d8bd,P,05,5584,05:53ef,
d897,R,05,558a,05:53ef,
d897,W,05,5591,05:53ef,01
d8a6,W,05,5596,05:53ef,19
d8a2,W,05,559a,05:53ef,00
ffa3,R,05,559e,05:53ef,
d8b4,R,05,55a3,05:53ef,
d8b4,P,05,55a9,05:53ef,
d897,R,05,55b2,05:53ef,
d897,W,05,55b9,05:53ef,02
d8a6,W,05,55be,05:53ef,22
d8a2,W,05,55c2,05:53ef,00
ffa3,R,05,55c6,05:53ef,
d8b5,R,05,55cb,05:53ef,
d8b5,P,05,55d1,05:53ef,
d897,R,05,55da,05:53ef,
d897,W,05,55e1,05:53ef,03
d8a6,W,05,55e6,05:53ef,22
d8a2,W,05,55ea,05:53ef,00
ffa3,R,05,55ee,05:53ef,
d8b6,R,05,55f3,05:53ef,
d8b6,P,05,55f9,05:53ef,
d897,R,05,5602,05:53ef,
d897,W,05,5609,05:53ef,04
d8a6,W,05,560e,05:53ef,22
d8a2,W,05,5612,05:53ef,00
ffa3,R,05,5616,05:53ef,
d8b7,R,05,561c,05:53ef,
d8b7,P,05,5625,05:53ef,
ffa4,R,05,562f,05:53ef,
d8b7,R,05,5634,05:53ef,
d8be,P,05,5637,05:53ef,
d897,R,05,563d,05:53ef,
d897,W,05,5644,05:53ef,05
d8a6,W,05,5649,05:53ef,25
d8a2,W,05,564d,05:53ef,00
d8c0,P,05,5651,05:5651,
ffa2,P,05,5656,05:5651,
d904,R,05,567b,05:567b,
d8cf,P,05,5682,05:567b,
d8b4,P,05,5685,05:567b,
d8f9,P,05,568d,05:567b,
d8b5,P,05,5690,05:567b,
d901,P,05,5698,05:567b,
d8b6,P,05,569b,05:567b,
d8b9,R,05,56b5,05:56ae,
d8b9,W,05,56b9,05:56ae,
d8b9,R,05,56c1,05:56ae,
d8b9,W,05,56c5,05:56ae,
d8b9,R,05,56df,05:56ae,
d8b9,W,05,56e3,05:56ae,
d9d1,R,05,56f4,05:56f4,
ff8a,W,05,574c,05:574c,
ff8a,R,05,5759,05:574c,
d8b4,R,05,578b,05:578b,
d8c0,R,05,579d,05:578b,
d8ba,W,05,57a4,05:578b,00
d8b4,R,05,57a7,05:578b,
d8ba,P,05,57aa,05:578b,
d8b5,R,05,57b7,05:57b7,
d8c0,R,05,57c9,05:57b7,
d8bb,W,05,57d0,05:57b7,00
d8b5,R,05,57d3,05:57b7,
d8bb,P,05,57d6,05:57b7,
d8b6,R,05,57e3,05:57e3,
d8c0,R,05,57f5,05:57e3,
d8bc,W,05,57fc,05:57e3,00
d8b6,R,05,57ff,05:57e3,
d8bc,P,05,5802,05:57e3,
d8b7,R,05,580f,05:580f,
d8b9,W,05,582a,05:5828,11
d8b4,R,05,5830,05:582e,
d8b5,R,05,583a,05:582e,
d8b6,R,05,5844,05:582e,
d8b9,W,05,584f,05:582e,
ffb3,R,05,5861,05:5853,
ffb3,W,05,5864,05:5853,
ffb3,R,05,587f,05:5871,
ffb3,W,05,5882,05:5871,
ff4a,R,05,588f,05:588f,
ff44,R,05,5896,05:588f,
ff41,P,05,589d,05:588f,
ff40,R,05,58a5,05:588f,
ff40,W,05,58a9,05:588f,
ff25,W,05,595a,05:592d,00
d8c6,W,05,5960,05:592d,00
d8c7,P,05,5963,05:592d,
d8c6,R,05,596f,05:592d,
d8c6,R,05,5993,05:592d,
d8c7,P,05,599a,05:592d,
d8c6,R,05,59ae,05:592d,
ffa8,R,05,59b5,05:592d,
ffa8,W,05,59b9,05:592d,00
ffc6,W,05,59ca,05:59c3,00
dc41,W,05,59ce,05:59c3,01
ff8a,W,05,59e4,05:59e4,
ff8a,R,05,59e7,05:59e4,
dc3d,W,05,59e9,05:59e4,
c200,P,05,59ec,05:59e4,
dc08,W,05,5a02,05:5a00,01
d8c7,P,05,5a06,05:5a00,
dc09,W,05,5a19,05:5a00,
dc0a,W,05,5a1e,05:5a00,e4
dc27,R,05,5a3a,05:5a33,
dc41,W,05,5a4f,05:5a49,00
d8c6,R,05,5a53,05:5a53,
d8c6,W,05,5a58,05:5a53,
d945,P,05,5b85,05:5b85,
d955,P,05,5b88,05:5b85,
d949,P,05,5b90,05:5b90,
d959,P,05,5b93,05:5b90,
d94d,P,05,5b9b,05:5b9b,
d95d,P,05,5b9e,05:5b9b,
d951,P,05,5ba6,05:5ba6,
d961,P,05,5ba9,05:5ba6,
d98a,P,05,5bb1,05:5bb1,
d99a,P,05,5bb4,05:5bb1,
d98e,P,05,5bbc,05:5bbc,
d99e,P,05,5bbf,05:5bbc,
d992,P,05,5bc7,05:5bc7,
d9a2,P,05,5bca,05:5bc7,
d996,P,05,5bd2,05:5bd2,
d9a6,P,05,5bd5,05:5bd2,
d9b1,P,05,5bdd,05:5bdd,
d9c1,P,05,5be0,05:5bdd,
d9b5,P,05,5be8,05:5be8,
d9c5,P,05,5beb,05:5be8,
d9b9,P,05,5bf3,05:5bf3,
d9c9,P,05,5bf6,05:5bf3,
d9bd,P,05,5bfe,05:5bfe,
d9cd,P,05,5c01,05:5bfe,
c480,P,05,5c0f,05:5bfe,
c481,P,05,5c1b,05:5bfe,
ff8a,W,05,5c57,05:5bfe,
c484,P,05,5c59,05:5bfe,
ff8a,R,05,5c62,05:5bfe,
c480,P,05,5c78,05:5bfe,
c480,P,05,5cad,05:5caa,
c485,P,05,5cb8,05:5caa,
d93d,R,05,5cbb,05:5caa,
c480,P,05,5cca,05:5caa,
d93f,R,05,5ce7,05:5ce7,
ff8a,W,05,5cea,05:5ce7,
d941,R,05,5cec,05:5ce7,
ff8b,W,05,5cef,05:5ce7,
d940,R,05,5cf1,05:5ce7,
ff8c,W,05,5cf4,05:5ce7,
d93e,R,05,5cf6,05:5ce7,
ff8d,W,05,5cf9,05:5ce7,
d9ac,R,05,5cfe,05:5cfe,
ff8a,W,05,5d01,05:5cfe,
d9ae,R,05,5d03,05:5cfe,
ff8b,W,05,5d06,05:5cfe,
d9ad,R,05,5d08,05:5cfe,
ff8c,W,05,5d0b,05:5cfe,
d9af,R,05,5d0d,05:5cfe,
ff8d,W,05,5d10,05:5cfe,
c480,P,05,5d18,05:5cfe,
c485,P,05,5d23,05:5cfe,
ff8a,R,05,5d26,05:5cfe,
ff8b,R,05,5d2f,05:5cfe,
ff8c,R,05,5d37,05:5cfe,
ff8d,R,05,5d3f,05:5cfe,
c480,P,05,5d44,05:5cfe,
c480,P,05,5d61,05:5d5e,
c485,P,05,5d6c,05:5d5e,
d986,R,05,5d6f,05:5d5e,
c480,P,05,5d75,05:5d5e,
d942,R,05,5d8f,05:5d8f,
ff8a,W,05,5d92,05:5d8f,
d943,R,05,5d94,05:5d8f,
ff8b,W,05,5d97,05:5d8f,
d944,R,05,5d99,05:5d8f,
ff8c,W,05,5d9c,05:5d8f,
d987,R,05,5da1,05:5da1,
ff8a,W,05,5da4,05:5da1,
d988,R,05,5da6,05:5da1,
ff8b,W,05,5da9,05:5da1,
d989,R,05,5dab,05:5da1,
ff8c,W,05,5dae,05:5da1,
c480,P,05,5db6,05:5da1,
c485,P,05,5dc1,05:5da1,
ff8a,R,05,5dc4,05:5da1,
ff8b,R,05,5dcc,05:5da1,
ff8c,R,05,5dd4,05:5da1,
c480,P,05,5de2,05:5da1,
d9aa,R,05,5dff,05:5dff,
ff8a,W,05,5e02,05:5dff,
d9ab,R,05,5e07,05:5e07,
ff8a,W,05,5e0a,05:5e07,
d9b0,R,05,5e0f,05:5e0f,
ff8a,W,05,5e12,05:5e0f,
c480,P,05,5e1a,05:5e0f,
c485,P,05,5e25,05:5e0f,
ff8a,R,05,5e28,05:5e0f,
c480,P,05,5e2d,05:5e0f,
c480,P,05,5e4a,05:5e47,
c486,P,05,5e55,05:5e47,
d9d1,R,05,5e58,05:5e47,
c480,P,05,5e5e,05:5e47,
c480,P,05,5e7b,05:5e78,
c485,P,05,5e86,05:5e78,
d985,R,05,5e89,05:5e78,
d8c6,R,05,5e9c,05:5e78,
d8c6,W,05,5ea1,05:5e78,
c480,P,05,5ea4,05:5e78,
c220,P,05,5ec6,05:5ec0,
c36e,P,05,5ecc,05:5ec0,
d965,P,05,5ed2,05:5ec0,
c220,P,05,5ed5,05:5ec0,
c36f,P,05,5f05,05:5eff,
d965,P,05,5f0b,05:5eff,
c220,P,05,5f0e,05:5eff,
c36e,P,05,5f3e,05:5f38,
d965,P,05,5f44,05:5f38,
c220,P,05,5f47,05:5f38,
c36e,P,05,5f79,05:5f73,
d965,P,05,5f7f,05:5f73,
c220,P,05,5f82,05:5f73,
c200,P,05,5faf,05:5fae,
c210,P,05,5fbe,05:5fbc,
c250,P,05,5fc4,05:5fbc,
c291,P,05,5fca,05:5fbc,
c2d0,P,05,5fd0,05:5fbc,
c310,P,05,5fd6,05:5fbc,
c200,P,05,60ee,05:60bf,
d9d4,R,05,61c6,05:61c6,
d9d4,W,05,61cc,05:61c6,
ff9e,W,05,61d5,05:61c6,
ff9e,W,05,61ec,05:61c6,
ff9e,W,05,6202,05:61c6,
ff9e,W,05,6219,05:6216,
ff9e,W,05,6230,05:622d,
ff9e,W,05,6247,05:6244,
d9d3,R,05,625c,05:625b,
d581,P,05,6263,05:625b,
d9d4,R,05,626a,05:625b,
c000,P,05,628c,05:627a,
c000,P,05,6295,05:627a,
ff9e,W,05,6298,05:627a,
d941,R,05,62b2,05:62b2,
d940,R,05,62b8,05:62b2,
d93e,R,05,62be,05:62b2,
d942,R,05,62c4,05:62b2,
d943,R,05,62ca,05:62b2,
d9aa,R,05,62d0,05:62b2,
d942,R,05,62d7,05:62d7,
d943,R,05,62dd,05:62d7,
d9aa,R,05,62e3,05:62d7,
ffa2,R,05,62f3,05:62ea,
d92e,W,05,62fc,05:62ea,01
d8c8,W,05,6305,05:62ea,01
d891,W,05,6309,05:62ea,00
d92e,W,05,6313,05:62ea,01
d8c8,R,05,631a,05:62ea,
d8ca,W,05,631d,05:62ea,
d8c8,W,05,6322,05:62ea,08
d891,W,05,6326,05:62ea,00
d8c8,R,05,632a,05:632a,
d8c9,P,05,632d,05:632a,
d93d,R,05,634c,05:634c,
d93d,P,05,6355,05:634c,
ffc8,R,05,6364,05:635c,
d93d,R,05,6369,05:635c,
d93d,R,05,637b,05:637b,
ffa2,R,05,6398,05:638f,
d92e,W,05,63a1,05:638f,01
d8c8,W,05,63a7,05:638f,00
d891,W,05,63ab,05:638f,00
d92e,W,05,63b6,05:638f,01
d8c8,W,05,63bc,05:638f,02
d92e,W,05,63c6,05:638f,01
d8c8,R,05,63ca,05:638f,
d8ca,W,05,63cd,05:638f,
d8c8,W,05,63d2,05:638f,08
d891,W,05,63d6,05:638f,00
d8c8,R,05,63da,05:63da,
d8c9,P,05,63dd,05:63da,
d93f,R,05,63e4,05:63e4,
d93f,P,05,63ed,05:63e4,
ffc8,R,05,6404,05:63fc,
d93f,R,05,6409,05:63fc,
ffa2,R,05,6424,05:641b,
d92e,W,05,642d,05:641b,01
d8c8,W,05,6433,05:641b,01
d92e,W,05,643e,05:641b,01
d8c8,W,05,6444,05:641b,03
d92e,W,05,644e,05:641b,01
d8c8,R,05,6452,05:641b,
d8ca,W,05,6455,05:641b,
d8c8,W,05,645a,05:641b,08
d891,W,05,645e,05:641b,00
d8c8,R,05,6462,05:6462,
d8c9,P,05,6465,05:6462,
d941,R,05,646c,05:646c,
d941,P,05,6475,05:646c,
ffc8,R,05,6484,05:647c,
ffa2,R,05,649b,05:6492,
d92e,W,05,64a4,05:6492,01
d8c8,W,05,64aa,05:6492,02
d92e,W,05,64b5,05:6492,01
d8c8,W,05,64bb,05:6492,04
d92e,W,05,64c5,05:6492,01
d8c8,R,05,64c9,05:6492,
d8ca,W,05,64cc,05:6492,
d8c8,W,05,64d1,05:6492,08
d891,W,05,64d5,05:6492,00
d8c8,R,05,64d9,05:64d9,
d8c9,P,05,64dc,05:64d9,
d940,R,05,64e3,05:64e3,
d940,P,05,64ec,05:64e3,
ffc8,R,05,64fb,05:64f3,
ffa2,R,05,6512,05:6509,
d92e,W,05,651b,05:6509,01
d8c8,W,05,6521,05:6509,03
d92e,W,05,652c,05:6509,01
d8c8,W,05,6532,05:6509,05
d891,W,05,6536,05:6509,00
d92e,W,05,6540,05:6509,01
d8c8,R,05,6544,05:6509,
d8ca,W,05,6547,05:6509,
d8c8,W,05,654c,05:6509,08
d891,W,05,6550,05:6509,00
d8c8,R,05,6554,05:6554,
d8c9,P,05,6557,05:6554,
d93e,R,05,655e,05:655e,
d93e,P,05,6567,05:655e,
ffc8,R,05,6576,05:656e,
ffa2,R,05,658d,05:6584,
d92e,W,05,6596,05:6584,01
d8c8,W,05,659c,05:6584,04
d891,W,05,65a0,05:6584,00
d92e,W,05,65ab,05:6584,01
d8c8,W,05,65b1,05:6584,06
d92e,W,05,65bb,05:6584,01
d8c8,R,05,65bf,05:6584,
d8ca,W,05,65c2,05:6584,
d8c8,W,05,65c7,05:6584,08
d891,W,05,65cb,05:6584,00
d8c8,R,05,65cf,05:65cf,
d8c9,P,05,65d2,05:65cf,
d942,R,05,65d9,05:65d9,
d942,W,05,65e2,05:65d9,
ffc8,R,05,65ee,05:65e6,
ffa2,R,05,6605,05:65fc,
d92e,W,05,660e,05:65fc,01
d8c8,W,05,6614,05:65fc,05
d92e,W,05,661f,05:65fc,01
d8c8,W,05,6625,05:65fc,07
d92e,W,05,662f,05:65fc,01
d8c8,R,05,6633,05:65fc,
d8ca,W,05,6636,05:65fc,
d8c8,W,05,663b,05:65fc,08
d891,W,05,663f,05:65fc,00
d8c8,R,05,6643,05:6643,
d8c9,P,05,6646,05:6643,
d943,R,05,664d,05:664d,
d943,W,05,6656,05:664d,
ffc8,R,05,6662,05:665a,
ffa2,R,05,6679,05:6670,
d92e,W,05,6682,05:6670,01
d8c8,W,05,668b,05:6670,06
d92e,W,05,6695,05:6670,01
d8c8,R,05,669c,05:6670,
d8ca,W,05,669f,05:6670,
d8c8,W,05,66a4,05:6670,08
d891,W,05,66a8,05:6670,00
d8c8,R,05,66ac,05:66ac,
d8c9,P,05,66af,05:66ac,
d944,R,05,66ce,05:66ce,
d944,W,05,66d7,05:66ce,
ffc8,R,05,66e3,05:66db,
d944,R,05,66e8,05:66db,
d944,R,05,66fa,05:66fa,
ffa2,R,05,6717,05:670e,
d92e,W,05,6720,05:670e,01
d8ca,R,05,6724,05:670e,
d8c8,W,05,6727,05:670e,
d891,W,05,672b,05:670e,00
d92e,W,05,6735,05:670e,01
d8c8,W,05,673e,05:670e,09
d891,W,05,6742,05:670e,00
d8c8,R,05,6746,05:6746,
d8c9,P,05,6749,05:6746,
d9aa,R,05,6750,05:6750,
d9aa,W,05,6759,05:6750,
d9aa,R,05,675c,05:6750,
d9aa,W,05,6765,05:6750,
ffc8,R,05,6771,05:6769,
ffa2,R,05,6788,05:677f,
d92e,W,05,6791,05:677f,01
d8c8,W,05,6797,05:677f,08
d891,W,05,679b,05:677f,00
d92e,W,05,67a6,05:677f,04
d8c8,W,05,67ac,05:677f,0b
d92e,W,05,67b6,05:677f,04
d8c8,W,05,67bc,05:677f,0a
d8c8,R,05,67c0,05:67c0,
d8c9,P,05,67c3,05:67c0,
d8cd,R,05,67ca,05:67ca,
d8cd,W,05,67d3,05:67ca,
d8cd,R,05,67d6,05:67ca,
d945,P,05,67dc,05:67ca,
ffa2,R,05,67e0,05:67ca,
d8cd,R,05,67e7,05:67ca,
d945,P,05,67ea,05:67ca,
ffc8,R,05,67f9,05:67f1,
d8cd,R,05,67ff,05:67f1,
d8cd,R,05,6812,05:67f1,
d945,P,05,6818,05:67f1,
d8cd,R,05,681b,05:67f1,
d955,P,05,6823,05:67f1,
d8cd,R,05,6826,05:67f1,
ffa1,R,05,6836,05:682d,
d92e,W,05,683e,05:682d,05
d8c8,W,05,6847,05:682d,09
d8c8,R,05,684b,05:684b,
d8c9,P,05,684e,05:684b,
d8cd,R,05,6855,05:6855,
d945,P,05,685b,05:6855,
d945,P,05,6877,05:686f,
d8cd,R,05,687a,05:686f,
ffa1,R,05,6880,05:686f,
d945,P,05,6884,05:686f,
d8cd,R,05,6887,05:686f,
d8cd,R,05,688d,05:686f,
d955,P,05,68a2,05:686f,
d8cd,R,05,68a5,05:686f,
d8cd,R,05,68ac,05:68ac,
d945,P,05,68af,05:68ac,
ffa1,R,05,68bf,05:68b6,
d92e,W,05,68c7,05:68b6,05
d8c8,W,05,68cd,05:68b6,09
d8c8,R,05,68d1,05:68d1,
d8c9,P,05,68d4,05:68d1,
d8cd,R,05,68da,05:68d1,
d955,P,05,68e0,05:68d1,
d8ce,W,05,68e7,05:68d1,
d8ce,R,05,68eb,05:68eb,
d8ce,W,05,68f4,05:68eb,
d8cd,R,05,68f7,05:68eb,
d955,P,05,68fd,05:68eb,
d8ce,R,05,6901,05:68eb,
d8cd,R,05,690e,05:6906,
d945,P,05,6921,05:6906,
d8cd,R,05,6924,05:6906,
ffc8,R,05,692a,05:6906,
d955,P,05,6935,05:6906,
d8cd,R,05,6938,05:6906,
d8cc,R,05,693f,05:693f,
d8c8,R,05,6945,05:693f,
d986,R,05,6955,05:6955,
d987,R,05,6965,05:6955,
d988,R,05,696b,05:6955,
d9ab,R,05,6971,05:6955,
d8f3,R,05,6977,05:6955,
d9ab,R,05,6986,05:6986,
ffa2,R,05,6996,05:698d,
d985,R,05,699c,05:698d,
ffa1,R,05,69a3,05:698d,
d92e,W,05,69ac,05:698d,01
d8f3,W,05,69b5,05:698d,01
d92e,W,05,69bc,05:698d,01
d8f3,W,05,69c5,05:698d,02
d891,W,05,69c9,05:698d,00
d92e,W,05,69d3,05:698d,01
d8f3,R,05,69da,05:698d,
d8f5,W,05,69dd,05:698d,
d8f3,W,05,69e2,05:698d,06
d891,W,05,69e6,05:698d,00
d8f3,R,05,69ea,05:69ea,
d8f4,P,05,69ed,05:69ea,
d985,R,05,6a1a,05:6a1a,
d985,P,05,6a23,05:6a1a,
d985,R,05,6a38,05:6a30,
ffc8,R,05,6a3f,05:6a30,
ffc8,R,05,6a57,05:6a30,
d985,R,05,6a5c,05:6a30,
d985,R,05,6a6e,05:6a6e,
d8d0,R,05,6a8b,05:6a82,
ffa1,R,05,6a92,05:6a82,
d891,W,05,6a98,05:6a82,00
d8f3,W,05,6aa0,05:6a82,00
d8f3,R,05,6aa4,05:6aa4,
d8f4,P,05,6aa7,05:6aa4,
d8d0,W,05,6ab9,05:6aa4,00
d8d0,R,05,6abd,05:6abd,
ff1f,P,05,6ac0,05:6abd,
d8d0,P,05,6ac6,05:6abd,
d8d1,P,05,6ad1,05:6abd,
d965,P,05,6ae2,05:6abd,
ffc8,R,05,6af3,05:6aeb,
d8d0,R,05,6af8,05:6aeb,
ffa2,R,05,6b1a,05:6b11,
d92e,W,05,6b23,05:6b11,01
d8f3,W,05,6b29,05:6b11,00
d891,W,05,6b2d,05:6b11,00
d92e,W,05,6b38,05:6b11,01
d8f3,W,05,6b3e,05:6b11,03
d891,W,05,6b42,05:6b11,00
d92e,W,05,6b4c,05:6b11,01
d8f3,R,05,6b50,05:6b11,
d8f5,W,05,6b53,05:6b11,
d8f3,W,05,6b58,05:6b11,06
d891,W,05,6b5c,05:6b11,00
d8f3,R,05,6b60,05:6b60,
d8f4,P,05,6b63,05:6b60,
d986,R,05,6b69,05:6b69,
d986,P,05,6b72,05:6b69,
ffc8,R,05,6b81,05:6b79,
ffa2,R,05,6b98,05:6b8f,
d92e,W,05,6ba1,05:6b8f,01
d8f3,W,05,6ba7,05:6b8f,02
d891,W,05,6bab,05:6b8f,00
d92e,W,05,6bb6,05:6b8f,01
d8f3,W,05,6bbc,05:6b8f,04
d92e,W,05,6bc6,05:6b8f,01
d8f3,R,05,6bca,05:6b8f,
d8f5,W,05,6bcd,05:6b8f,
d8f3,W,05,6bd2,05:6b8f,06
d891,W,05,6bd6,05:6b8f,00
d8f3,R,05,6bda,05:6bda,
d8f4,P,05,6bdd,05:6bda,
d8f5,W,05,6be3,05:6bda,
d987,R,05,6be7,05:6be7,
d987,W,05,6bf0,05:6be7,
ffc8,R,05,6bfc,05:6bf4,
ffa2,R,05,6c13,05:6c0a,
d92e,W,05,6c1c,05:6c0a,01
d8f3,W,05,6c22,05:6c0a,03
d92e,W,05,6c2d,05:6c0a,01
d8f3,W,05,6c33,05:6c0a,05
d92e,W,05,6c3d,05:6c0a,01
d8f3,R,05,6c41,05:6c0a,
d8f5,W,05,6c44,05:6c0a,
d8f3,W,05,6c49,05:6c0a,06
d891,W,05,6c4d,05:6c0a,00
d8f3,R,05,6c51,05:6c51,
d8f4,P,05,6c54,05:6c51,
d8f5,W,05,6c5a,05:6c51,
d988,R,05,6c5e,05:6c5e,
d988,W,05,6c67,05:6c5e,
ffc8,R,05,6c73,05:6c6b,
ffa2,R,05,6c8a,05:6c81,
d92e,W,05,6c93,05:6c81,01
d8f3,W,05,6c9c,05:6c81,04
d92e,W,05,6ca6,05:6c81,01
d8f3,R,05,6cad,05:6c81,
d8f5,W,05,6cb0,05:6c81,
d8f3,W,05,6cb5,05:6c81,06
d891,W,05,6cb9,05:6c81,00
d8f3,R,05,6cbd,05:6cbd,
d8f4,P,05,6cc0,05:6cbd,
d8f5,W,05,6cc6,05:6cbd,
d989,R,05,6ce2,05:6ce2,
d989,W,05,6ceb,05:6ce2,
ffc8,R,05,6cf7,05:6cef,
d989,R,05,6cfc,05:6cef,
d989,R,05,6d0e,05:6d0e,
ffa2,R,05,6d2b,05:6d22,
d92e,W,05,6d34,05:6d22,01
d8f5,R,05,6d38,05:6d22,
d8f3,W,05,6d3b,05:6d22,
d891,W,05,6d3f,05:6d22,00
d92e,W,05,6d49,05:6d22,01
d8f3,W,05,6d52,05:6d22,07
d891,W,05,6d56,05:6d22,00
d8f3,R,05,6d5a,05:6d5a,
d8f4,P,05,6d5d,05:6d5a,
d9ab,R,05,6d64,05:6d64,
d9ab,W,05,6d6d,05:6d64,
d9ab,R,05,6d70,05:6d64,
d9ab,W,05,6d79,05:6d64,
ffc8,R,05,6d85,05:6d7d,
ffa2,R,05,6d9c,05:6d93,
d92e,W,05,6da5,05:6d93,01
d8f3,W,05,6dab,05:6d93,06
d891,W,05,6daf,05:6d93,00
d92e,W,05,6dba,05:6d93,04
d8f3,W,05,6dc0,05:6d93,09
d92e,W,05,6dca,05:6d93,04
d8f3,W,05,6dd0,05:6d93,08
d8f3,R,05,6dd4,05:6dd4,
d8f4,P,05,6dd7,05:6dd4,
d8f7,R,05,6dde,05:6dde,
d8f7,W,05,6de7,05:6dde,
d8f7,R,05,6dea,05:6dde,
d98a,P,05,6df0,05:6dde,
ffa2,R,05,6df4,05:6dde,
d8f7,R,05,6dfb,05:6dde,
d98a,P,05,6dfe,05:6dde,
ffc8,R,05,6e0d,05:6e05,
d8f7,R,05,6e13,05:6e05,
d8f7,R,05,6e26,05:6e05,
d98a,P,05,6e2c,05:6e05,
d8f7,R,05,6e2f,05:6e05,
d99a,P,05,6e37,05:6e05,
d8f7,R,05,6e3a,05:6e05,
ffa1,R,05,6e4a,05:6e41,
d92e,W,05,6e52,05:6e41,05
d8f3,W,05,6e5b,05:6e41,07
d8f3,R,05,6e5f,05:6e5f,
d8f4,P,05,6e62,05:6e5f,
d8f7,R,05,6e69,05:6e69,
d98a,P,05,6e6f,05:6e69,
d98a,P,05,6e8b,05:6e83,
d8f7,R,05,6e8e,05:6e83,
ffa1,R,05,6e94,05:6e83,
d98a,P,05,6e98,05:6e83,
d8f7,R,05,6e9b,05:6e83,
d8f7,R,05,6ea1,05:6e83,
d99a,P,05,6eb6,05:6e83,
d8f7,R,05,6eb9,05:6e83,
d8f7,R,05,6ec0,05:6ec0,
d98a,P,05,6ec3,05:6ec0,
ffa1,R,05,6ed3,05:6eca,
d92e,W,05,6edb,05:6eca,05
d8f3,W,05,6ee1,05:6eca,07
d8f3,R,05,6ee5,05:6ee5,
d8f4,P,05,6ee8,05:6ee5,
d8f7,R,05,6eee,05:6ee5,
d99a,P,05,6ef4,05:6ee5,
d8f8,W,05,6efb,05:6ee5,
d8f8,R,05,6eff,05:6eff,
d8f8,W,05,6f08,05:6eff,
d8f7,R,05,6f0b,05:6eff,
d99a,P,05,6f11,05:6eff,
d8f8,R,05,6f15,05:6eff,
d8f7,R,05,6f22,05:6f1a,
d98a,P,05,6f35,05:6f1a,
d8f7,R,05,6f38,05:6f1a,
ffc8,R,05,6f3e,05:6f1a,
d99a,P,05,6f49,05:6f1a,
d8f7,R,05,6f4c,05:6f1a,
d8f6,R,05,6f53,05:6f53,
d8f3,R,05,6f59,05:6f53,
d8f1,W,05,6f6b,05:6f69,04
d8f1,R,05,6f6f,05:6f6f,
d8f1,W,05,6f75,05:6f6f,
d8d1,P,05,6f81,05:6f6f,
c001,P,05,6fa0,05:6f92,
d8f2,W,05,6fee,05:6f92,03
d8f2,R,05,6ffa,05:6ffa,
d8f2,W,05,7000,05:6ffa,
c100,P,05,7007,05:6ffa,
c180,P,05,7015,05:6ffa,
c000,P,05,7027,05:6ffa,
c080,P,05,7035,05:6ffa,
d9ae,R,05,7042,05:7042,
d9ad,R,05,7048,05:7042,
d9af,R,05,704e,05:7042,
d9b0,R,05,7054,05:7042,
ffa2,R,05,7064,05:705b,
d92e,W,05,706d,05:705b,01
d8fa,W,05,7073,05:705b,01
d92e,W,05,707d,05:705b,01
d8fa,R,05,7081,05:705b,
d8fc,W,05,7084,05:705b,
d8fa,W,05,7089,05:705b,04
d891,W,05,708d,05:705b,00
d8fa,R,05,7091,05:7091,
d8fb,P,05,7094,05:7091,
d9ac,R,05,709b,05:709b,
d9ac,P,05,70a4,05:709b,
ffc8,R,05,70bb,05:70b3,
d9ac,R,05,70c0,05:70b3,
ffa2,R,05,70db,05:70d2,
d92e,W,05,70e4,05:70d2,01
d8fa,W,05,70ea,05:70d2,00
d92e,W,05,70f5,05:70d2,01
d8fa,W,05,70fb,05:70d2,02
d92e,W,05,7105,05:70d2,01
d8fa,R,05,7109,05:70d2,
d8fc,W,05,710c,05:70d2,
d8fa,W,05,7111,05:70d2,04
d891,W,05,7115,05:70d2,00
d8fa,R,05,7119,05:7119,
d8fb,P,05,711c,05:7119,
d9ae,R,05,7123,05:7123,
d9ae,P,05,712c,05:7123,
ffc8,R,05,713b,05:7133,
ffa2,R,05,7152,05:7149,
d92e,W,05,715b,05:7149,01
d8fa,W,05,7161,05:7149,01
d92e,W,05,716c,05:7149,01
d8fa,W,05,7172,05:7149,03
d92e,W,05,717c,05:7149,01
d8fa,R,05,7180,05:7149,
d8fc,W,05,7183,05:7149,
d8fa,W,05,7188,05:7149,04
d891,W,05,718c,05:7149,00
d8fa,R,05,7190,05:7190,
d8fb,P,05,7193,05:7190,
d8fc,W,05,7199,05:7190,
d9ad,R,05,719d,05:719d,
d9ad,P,05,71a6,05:719d,
ffc8,R,05,71b5,05:71ad,
ffa2,R,05,71cc,05:71c3,
d92e,W,05,71d5,05:71c3,01
d8fa,W,05,71db,05:71c3,02
d92e,W,05,71e5,05:71c3,01
d8fa,R,05,71e9,05:71c3,
d8fc,W,05,71ec,05:71c3,
d8fa,W,05,71f1,05:71c3,04
d891,W,05,71f5,05:71c3,00
d8fa,R,05,71f9,05:71f9,
d8fb,P,05,71fc,05:71f9,
d8fc,W,05,7202,05:71f9,
d9af,R,05,7206,05:7206,
d9af,P,05,720f,05:7206,
ffc8,R,05,721e,05:7216,
ffa2,R,05,7235,05:722c,
d92e,W,05,723e,05:722c,01
d8fc,R,05,7242,05:722c,
d8fa,W,05,7245,05:722c,
d891,W,05,7249,05:722c,00
d92e,W,05,7253,05:722c,01
d8fa,W,05,725f,05:722c,05
d891,W,05,7263,05:722c,00
d8fa,R,05,7267,05:7267,
d8fb,P,05,726a,05:7267,
d9b0,R,05,7271,05:7271,
d9b0,W,05,727a,05:7271,
d9b0,R,05,727d,05:7271,
d9b0,W,05,7286,05:7271,
ffc8,R,05,7292,05:728a,
ffa2,R,05,72a9,05:72a0,
d92e,W,05,72b2,05:72a0,01
d8fa,W,05,72b8,05:72a0,04
d891,W,05,72bc,05:72a0,00
d92e,W,05,72c7,05:72a0,04
d8fa,W,05,72cd,05:72a0,07
d92e,W,05,72d7,05:72a0,04
d8fa,W,05,72dd,05:72a0,06
d8fa,R,05,72e1,05:72e1,
d8fb,P,05,72e4,05:72e1,
d8fe,R,05,72eb,05:72eb,
d8fe,W,05,72f4,05:72eb,
d8fe,R,05,72f7,05:72eb,
d9b1,P,05,72fd,05:72eb,
ffa2,R,05,7301,05:72eb,
d8fe,R,05,7308,05:72eb,
d9b1,P,05,730b,05:72eb,
ffc8,R,05,731a,05:7312,
d8fe,R,05,7320,05:7312,
d8fe,R,05,7333,05:7312,
d9b1,P,05,7339,05:7312,
d8fe,R,05,733c,05:7312,
d9c1,P,05,7344,05:7312,
d8fe,R,05,7347,05:7312,
d9c1,P,05,734f,05:7312,
d8fe,R,05,7352,05:7312,
ffa1,R,05,7362,05:7359,
d92e,W,05,736a,05:7359,05
d8fa,W,05,7373,05:7359,07
d8fa,R,05,7377,05:7377,
d8fb,P,05,737a,05:7377,
d8fe,R,05,7381,05:7381,
d9b1,P,05,7387,05:7381,
d8fe,R,05,739b,05:7381,
d9c1,P,05,73a1,05:7381,
d9b1,P,05,73c6,05:73be,
d8fe,R,05,73c9,05:73be,
ffa1,R,05,73cf,05:73be,
d9b1,P,05,73d3,05:73be,
d8fe,R,05,73d6,05:73be,
d8fe,R,05,73dc,05:73be,
d9c1,P,05,73f1,05:73be,
d8fe,R,05,73f4,05:73be,
d9c1,P,05,73fc,05:73be,
d8fe,R,05,73ff,05:73be,
d8fe,R,05,7406,05:7406,
d9b1,P,05,7409,05:7406,
ffa1,R,05,7419,05:7410,
d92e,W,05,7421,05:7410,05
d8fa,W,05,7427,05:7410,05
d8fa,R,05,742b,05:742b,
d8fb,P,05,742e,05:742b,
d8fe,R,05,7434,05:742b,
d9c1,P,05,743a,05:742b,
d8ff,W,05,7441,05:742b,
d8ff,R,05,7445,05:7445,
d8ff,W,05,744e,05:7445,
d8fe,R,05,7451,05:7445,
d9c1,P,05,7457,05:7445,
d8ff,P,05,745f,05:7445,
d8fe,R,05,746e,05:7466,
d9b1,P,05,7481,05:7466,
d8fe,R,05,7484,05:7466,
ffc8,R,05,748a,05:7466,
d9c1,P,05,7495,05:7466,
d8fe,R,05,7498,05:7466,
ffc8,R,05,749e,05:7466,
d9c1,P,05,74a9,05:7466,
d8fe,R,05,74ac,05:7466,
d8fd,R,05,74b3,05:74b3,
d8fa,R,05,74b9,05:74b3,
d5cf,R,05,74cc,05:74cc,
ffab,W,05,74ea,05:74e8,43
d524,W,05,74ee,05:74e8,e4
d525,W,05,74f1,05:74e8,
d526,W,05,74f6,05:74e8,d2
ffae,W,05,74fa,05:74e8,00
ffad,W,05,74fc,05:74e8,
d9ef,W,05,74fe,05:74e8,
ff9e,W,05,7501,05:74e8,
d581,R,05,750b,05:74e8,
d9f3,W,05,7513,05:74e8,02
d5cf,P,05,7565,05:74e8,
ffa2,R,05,757a,05:756a,
d5ce,R,05,7592,05:756a,
d890,W,05,7595,05:756a,
d5cf,P,05,7598,05:756a,
d5ce,W,05,75b4,05:756a,00
d5cf,W,05,75b9,05:756a,00
ffa2,R,05,75bd,05:75bd,
d9ef,P,05,75cc,05:75bd,
d9ef,R,05,75dd,05:75bd,
d9f2,P,05,75e3,05:75bd,
ffa2,R,05,75e8,05:75bd,
d9ef,R,05,7604,05:7604,
d9f2,P,05,760a,05:7604,
d9ef,R,05,760e,05:7604,
ffc8,R,05,7620,05:7604,
d9ef,R,05,763e,05:763e,
d9f5,W,05,7645,05:763e,00
d9f4,R,05,764a,05:763e,
d9f5,R,05,7652,05:763e,
d9f5,W,05,765b,05:763e,00
d9f4,W,05,7660,05:763e,
d9f2,R,05,7663,05:763e,
d9f5,R,05,7672,05:763e,
d9ef,R,05,768b,05:768b,
d9f7,W,05,7692,05:768b,00
d9f6,R,05,7697,05:768b,
d9f7,R,05,769f,05:768b,
d9f7,W,05,76a8,05:768b,00
d9f6,W,05,76ad,05:768b,
d9f3,R,05,76b0,05:768b,
d9f7,R,05,76bf,05:768b,
d9f0,R,05,76d8,05:76d8,
d9f1,R,05,76e0,05:76d8,
d9f1,W,05,76e9,05:76d8,00
d9f0,W,05,76ee,05:76d8,
d9ef,R,05,76f1,05:76d8,
d9f1,R,05,7700,05:76d8,
ff8a,W,05,7728,05:7728,
ff8a,R,05,7746,05:7728,
d9ef,R,05,7750,05:7750,
ffab,W,05,7776,05:7774,43
d524,W,05,777a,05:7774,e4
d525,W,05,777d,05:7774,
d526,W,05,7782,05:7774,d2
ffae,W,05,7787,05:7774,00
ffb8,W,05,7789,05:7774,
ffad,W,05,778c,05:7774,00
ffba,W,05,778e,05:7774,
ffbc,W,05,7790,05:7774,
ffbe,W,05,7794,05:7774,98
ff9e,W,05,7796,05:7774,
ff9e,W,05,77ca,05:7774,
ffaf,W,05,77d9,05:7774,27
ffb5,W,05,77db,05:7774,
ffac,P,05,77dd,05:7774,
ffc5,W,05,77e9,05:7774,05
d5cf,P,05,77f7,05:7774,
d9f2,R,05,77fc,05:77fc,
d5cf,P,05,7816,05:77fc,
ffa2,R,05,783a,05:781f,
d5cf,W,05,7855,05:781f,07
ffa2,R,05,7859,05:7859,
d5cf,W,05,787f,05:7859,03
d9e8,R,05,788f,05:7886,
d9e8,W,05,78ab,05:7886,
d9ed,R,05,78ae,05:7886,
ffa2,R,05,78b4,05:7886,
ffac,P,05,78bf,05:7886,
d5cf,W,05,78cb,05:7886,09
d9ed,W,05,78cf,05:7886,
ffc8,R,05,78d2,05:7886,
d9e9,P,05,78d6,05:7886,
d5cf,W,05,78e2,05:7886,05
ffa2,R,05,78fb,05:78f2,
d9f2,R,05,7912,05:78f2,
d5cf,W,05,791d,05:78f2,04
d5cf,W,05,792d,05:78f2,08
ffac,P,05,7943,05:793a,
d890,R,05,794d,05:793a,
d5ce,W,05,7954,05:793a,
d5cf,W,05,7959,05:793a,01
d5cf,W,05,795f,05:793a,00
ffab,W,05,7965,05:7963,53
d524,W,05,7969,05:7963,e4
d525,W,05,796c,05:7963,
d526,W,05,7971,05:7963,d2
ffae,W,05,7975,05:7963,00
ffad,W,05,7977,05:7963,
d5cf,P,05,79a1,05:7963,
ffa2,R,05,79a6,05:79a6,
d5df,W,05,79ab,05:79a6,
d5cf,P,05,79b9,05:79a6,
d5cf,P,05,79c5,05:79a6,
d5df,R,05,79d0,05:79ca,
d5cf,W,05,79d9,05:79ca,02
d890,R,05,79dd,05:79ca,
d5ce,W,05,79e4,05:79ca,
d5cf,W,05,79e9,05:79ca,01
d5cf,W,05,79f0,05:79ca,00
d9df,W,05,79f6,05:79f4,ff
d9d8,W,05,79fa,05:79f4,
d9db,W,05,79fd,05:79f4,
d9dd,W,05,7a00,05:79f4,
d9e3,W,05,7a03,05:79f4,
d9e4,W,05,7a06,05:79f4,
d9e5,W,05,7a09,05:79f4,
d9e6,W,05,7a0c,05:79f4,
d9e7,W,05,7a0f,05:79f4,
d9e2,W,05,7a12,05:79f4,
d9de,W,05,7a16,05:79f4,
d9e0,W,05,7a19,05:79f4,
d9e1,W,05,7a1c,05:79f4,
d9d7,W,05,7a1f,05:79f4,
d9dc,W,05,7a24,05:79f4,09
d9d7,R,05,7a28,05:7a28,
ffa2,P,05,7a2b,05:7a28,
d9d7,W,05,7a54,05:7a28,
d9d7,R,05,7a58,05:7a58,
d9d7,R,05,7a85,05:7a85,
ffbe,W,05,7a92,05:7a85,
ffbc,W,05,7a95,05:7a85,
d9d7,R,05,7a9e,05:7a9e,
ffb8,W,05,7aa9,05:7a9e,
d9d8,R,05,7aab,05:7a9e,
ffba,W,05,7ab6,05:7a9e,
d9ec,W,05,7ac0,05:7abf,00
d9e7,R,05,7ac5,05:7abf,
d9e6,R,05,7ad5,05:7abf,
d9e6,R,05,7ae1,05:7abf,
d9e3,R,05,7af7,05:7abf,
d9e3,W,05,7afb,05:7abf,
d9e4,R,05,7aff,05:7abf,
d9e4,W,05,7b03,05:7abf,
d9ec,W,05,7b09,05:7abf,01
d9e5,R,05,7b0c,05:7abf,
d9e5,R,05,7b14,05:7abf,
d9db,P,05,7b1a,05:7abf,
d9de,P,05,7b28,05:7abf,
d9db,P,05,7b2d,05:7abf,
d9e5,R,05,7b3d,05:7abf,
d9e5,W,05,7b46,05:7abf,00
d5cf,W,05,7b4c,05:7abf,06
d9e8,W,05,7b54,05:7abf,06
d9e9,W,05,7b59,05:7abf,08
d9ed,W,05,7b5e,05:7abf,78
d9d8,W,05,7b62,05:7abf,00
d9ec,W,05,7b66,05:7abf,00
d9d9,W,05,7b69,05:7abf,
d9db,R,05,7bd6,05:7bd6,
d9dc,R,05,7bdf,05:7bd6,
d9dd,R,05,7be8,05:7bd6,
d9e1,R,05,7c06,05:7bf2,
d9e2,R,05,7c0e,05:7bf2,
d9e1,R,05,7c15,05:7bf2,
d9e1,W,05,7c1a,05:7bf2,
d9e2,W,05,7c1f,05:7bf2,
d9eb,W,05,7c6c,05:7c6b,00
d9d7,R,05,7c6f,05:7c6b,
d9db,R,05,7c75,05:7c6b,
d9de,P,05,7c7c,05:7c6b,
d9eb,W,05,7c8a,05:7c6b,01
d9dd,R,05,7c8d,05:7c6b,
d9e0,P,05,7c92,05:7c6b,
d9eb,W,05,7c9f,05:7c6b,01
d9dc,R,05,7ca6,05:7c6b,
d9df,P,05,7cad,05:7c6b,
d9eb,W,05,7cbb,05:7c6b,01
d9dc,R,05,7cbe,05:7c6b,
d9df,P,05,7cc3,05:7c6b,
d9eb,W,05,7cd0,05:7c6b,01
d9dd,R,05,7cd6,05:7c6b,
d9e0,P,05,7cdd,05:7c6b,
d9eb,W,05,7ceb,05:7c6b,01
d9db,R,05,7cee,05:7c6b,
d9de,P,05,7cf3,05:7c6b,
d9eb,W,05,7d00,05:7c6b,01
d9d9,R,05,7d04,05:7d04,
d9ec,P,05,7d07,05:7d04,
d9d9,W,05,7d0b,05:7d04,
d9da,R,05,7d0e,05:7d04,
d9da,W,05,7d16,05:7d04,
d9d9,R,05,7d1d,05:7d04,
d9d8,W,05,7d24,05:7d04,
ffa2,R,05,7d27,05:7d04,
d9da,R,05,7d2b,05:7d04,
d9da,W,05,7d30,05:7d04,00
d9d8,W,05,7d3a,05:7d04,02
d9d9,R,05,7d41,05:7d04,
d9d8,W,05,7d49,05:7d04,
d9e6,P,05,7d56,05:7d4d,
d9e7,P,05,7d5e,05:7d5e,
ffb0,R,05,7dbb,05:7dba,
ffb0,W,05,7dbe,05:7dba,
ffb1,R,05,7dc0,05:7dba,
ffb1,W,05,7dc3,05:7dba,
ffb2,R,05,7dc5,05:7dba,
ffb2,W,05,7dc8,05:7dba,
ffa2,W,05,7dcd,05:7dcc,00
d9ea,R,05,7dcf,05:7dcc,
d9ea,W,05,7dd6,05:7dcc,
ffc8,R,05,7dda,05:7dcc,
d9e5,R,05,7ddf,05:7dcc,
d9db,R,05,7dea,05:7dcc,
d9de,R,05,7df1,05:7dcc,
d9d7,R,05,7df7,05:7dcc,
ffa2,W,05,7e01,05:7dcc,10
d9de,R,05,7e07,05:7dcc,
d9d7,R,05,7e0d,05:7dcc,
ffa2,W,05,7e15,05:7dcc,20
d9dc,R,05,7e18,05:7dcc,
d9df,R,05,7e1f,05:7dcc,
d9d7,R,05,7e25,05:7dcc,
ffa2,W,05,7e2d,05:7dcc,10
ffa2,W,05,7e36,05:7dcc,20
d9df,R,05,7e3c,05:7dcc,
d9d7,R,05,7e42,05:7dcc,
ffa2,W,05,7e4a,05:7dcc,10
ffa2,W,05,7e53,05:7dcc,20
d9dd,R,05,7e56,05:7dcc,
d9e0,R,05,7e5d,05:7dcc,
d9d7,R,05,7e63,05:7dcc,
ffa2,W,05,7e6b,05:7dcc,20
d9e0,R,05,7e71,05:7dcc,
d9d7,R,05,7e77,05:7dcc,
ffa2,W,05,7e80,05:7dcc,10
d9ea,W,05,7e85,05:7dcc,01
d9e7,P,05,7e89,05:7e89,
daa5,P,05,7e8c,05:7e89,
d9e6,P,05,7e9c,05:7e89,
daa4,P,05,7e9f,05:7e89,
ff9e,W,05,7eaa,05:7e89,
d9ee,R,05,7eb5,05:7eb5,
d9ee,W,05,7ebb,05:7eb5,
ff9e,W,05,7ec4,05:7eb5,
ff9e,W,05,7edb,05:7eb5,
ff9e,W,05,7ef1,05:7eb5,
ff9e,W,05,7f08,05:7f05,
ff9e,W,05,7f1f,05:7f1c,
ff9e,W,05,7f36,05:7f33,
d9f3,R,05,7f4b,05:7f4a,
d581,P,05,7f52,05:7f4a,
d9ee,R,05,7f59,05:7f4a,
d5cf,R,06,4000,Bank006_StateDispatch,
d7e3,W,06,4019,Bank006_State00,00
d5ce,W,06,401e,Bank006_State00,14
d5cf,W,06,4023,Bank006_State00,00
ffab,W,06,4029,Bank006_State01,43
d524,W,06,402d,Bank006_State01,e4
d525,W,06,4030,Bank006_State01,
d526,W,06,4035,Bank006_State01,d2
ffae,W,06,4039,Bank006_State01,00
ffad,W,06,403b,Bank006_State01,
d7e6,W,06,40b1,Bank006_State01,05
d5cf,P,06,40bd,Bank006_State01,
d7e6,R,06,40c2,Bank006_State02,
ffa3,P,06,40c8,Bank006_State02,
d7e6,P,06,40ce,Bank006_State02,
d7e6,R,06,40e1,Bank006_State02,
d7e6,R,06,40eb,Bank006_State02,
ffa2,R,06,40f3,Bank006_State02,
d5df,W,06,40f8,Bank006_State02,
d5cf,W,06,4101,Bank006_State02,04
d5cf,P,06,4105,Bank006_State02,
d7e6,R,06,410d,Bank006_State03,
ffa2,R,06,411a,Bank006_State03,
d5df,W,06,411f,Bank006_State03,
d5cf,P,06,4126,Bank006_State03,
d5cf,P,06,413d,Bank006_State03,
d5df,R,06,4148,Bank006_State04,
d5ce,W,06,4151,Bank006_State04,01
d5cf,W,06,4156,Bank006_State04,06
d7e3,W,06,415c,Bank006_State04,01
d5ce,W,06,4161,Bank006_State04,14
d5cf,W,06,4166,Bank006_State04,00
ffab,W,06,416c,Bank006_State05,43
d524,W,06,4170,Bank006_State05,e4
d525,W,06,4173,Bank006_State05,
d526,W,06,4178,Bank006_State05,d2
ffae,W,06,417c,Bank006_State05,00
ffad,W,06,417e,Bank006_State05,
d7e7,W,06,41f4,Bank006_State05,00
d7e7,R,06,41fd,Bank006_State05,
d561,P,06,4205,Bank006_State05,
d7e8,W,06,4209,Bank006_State05,
d5cf,P,06,421d,Bank006_State05,
d7e7,R,06,4222,Bank006_State06,
ffa3,P,06,4228,Bank006_State06,
ffa2,P,06,422f,Bank006_State06,
d7e7,P,06,4235,Bank006_State06,
d7e7,R,06,424a,Bank006_State06,
d7e7,R,06,4256,Bank006_State06,
d7e7,R,06,425e,Bank006_State06,
ffa2,R,06,4272,Bank006_State06,
d5df,W,06,4277,Bank006_State06,
d5cf,W,06,4280,Bank006_State06,09
d5cf,P,06,4284,Bank006_State06,
d561,P,06,42a9,Bank006_State07,
d7e8,R,06,42b0,Bank006_State07,
ffa3,P,06,42b3,Bank006_State07,
d7e8,P,06,42b9,Bank006_State07,
d7e7,R,06,42cc,Bank006_State07,
d7e7,R,06,42d4,Bank006_State07,
ffa2,R,06,42e8,Bank006_State07,
d5df,W,06,42ed,Bank006_State07,
d5cf,W,06,42f6,Bank006_State07,09
d5cf,P,06,42fe,Bank006_State07,
d5cf,P,06,4303,Bank006_State07,
d7e7,R,06,430b,Bank006_State08,
d7e7,R,06,4313,Bank006_State08,
ffa2,R,06,4327,Bank006_State08,
d5df,W,06,432c,Bank006_State08,
d5cf,P,06,4333,Bank006_State08,
d5cf,P,06,434a,Bank006_State08,
d5df,R,06,4355,Bank006_State09,
d5ce,W,06,435e,Bank006_State09,01
d5cf,W,06,4363,Bank006_State09,06
d7e3,W,06,4369,Bank006_State09,02
d5ce,W,06,436e,Bank006_State09,14
d5cf,W,06,4373,Bank006_State09,00
ffa1,R,06,4377,06:4377,
ffc8,P,06,438b,06:4377,
ffc8,R,06,43ac,06:43ac,
d5cf,R,06,44d9,06:44d9,
ffab,W,06,44f3,06:44f1,43
d524,W,06,44f7,06:44f1,e4
d525,W,06,44fa,06:44f1,
d526,W,06,44ff,06:44f1,d2
ffae,W,06,4503,06:44f1,00
ffad,W,06,4505,06:44f1,
d5e5,R,06,4553,06:44f1,
d5e7,R,06,455f,06:44f1,
d5cf,W,06,4570,06:44f1,02
ffab,W,06,4576,06:4574,43
d524,W,06,457a,06:4574,e4
d525,W,06,457d,06:4574,
d526,W,06,4582,06:4574,d2
ffae,W,06,4586,06:4574,00
ffad,W,06,4588,06:4574,
d5e5,R,06,45d6,06:4574,
d5e7,R,06,45e2,06:4574,
d5e3,R,06,45f1,06:4574,
d5cf,W,06,45fc,06:4574,
d5e3,P,06,4607,06:4607,
d5e3,R,06,4612,06:4607,
ffa2,R,06,461b,06:4607,
d5e3,R,06,462b,06:4607,
d5cf,W,06,4642,06:4607,
d5cf,W,06,4655,06:4607,07
d5e4,P,06,4668,06:4665,
d5e4,R,06,4670,06:4665,
d5e5,P,06,4676,06:4665,
d5e5,R,06,467e,06:4665,
d5e4,R,06,468a,06:4665,
d5e5,R,06,4693,06:4665,
ffa2,R,06,469c,06:4665,
d5e4,R,06,46a9,06:4665,
d5cf,W,06,46b1,06:4665,08
d5cf,W,06,46d3,06:4665,02
d5e6,P,06,470d,06:470a,
d5e6,R,06,4715,06:470a,
d5e7,P,06,471b,06:470a,
d5e7,R,06,4723,06:470a,
d5e6,R,06,472f,06:470a,
d5e7,R,06,4738,06:470a,
ffa2,R,06,4741,06:470a,
d5e6,R,06,474e,06:470a,
d5cf,W,06,4755,06:470a,08
d5cf,W,06,4777,06:470a,02
d5e8,P,06,47a7,06:47a4,
d5e8,R,06,47af,06:47a4,
d5e9,P,06,47b5,06:47a4,
d5e8,R,06,47be,06:47a4,
ffa2,R,06,47ca,06:47a4,
d5e8,R,06,47d7,06:47a4,
d5cf,W,06,47df,06:47a4,08
d5cf,W,06,47e5,06:47a4,09
d5cf,W,06,4807,06:47a4,02
ffc8,R,06,480b,06:480b,
d5e9,R,06,4833,06:4833,
d5ea,R,06,4840,06:4833,
ffc8,R,06,484d,06:4833,
d5e8,R,06,4852,06:4833,
d5e9,P,06,4858,06:4833,
d5eb,P,06,487a,06:487a,
ffa1,R,06,487f,06:487a,
d5eb,R,06,488a,06:487a,
ffa2,R,06,4893,06:487a,
d5eb,R,06,48a0,06:487a,
d5cf,W,06,48a8,06:487a,08
d9f3,W,06,48b8,06:487a,02
d890,W,06,48bd,06:487a,16
d5ce,W,06,48c2,06:487a,20
d5cf,W,06,48c7,06:487a,02
ff9e,W,06,48ce,06:487a,
d581,R,06,48d8,06:487a,
d800,W,06,48ee,06:487a,01
d5ce,W,06,48f3,06:487a,04
d5cf,W,06,48f8,06:487a,00
d5cf,W,06,491a,06:487a,02
d5ce,W,06,4926,06:4924,01
d5cf,W,06,492b,06:4924,00
d5ce,W,06,4937,06:4935,14
d5cf,W,06,493c,06:4935,00
d5e3,R,06,4945,06:4935,
d5e5,R,06,494b,06:4935,
d5e7,R,06,4956,06:4935,
d5e9,R,06,4961,06:4935,
d7e3,W,06,496c,06:4935,15
ff9e,W,06,4972,06:4935,
d581,R,06,497c,06:4935,
d526,W,06,4983,06:4935,c6
c000,P,06,49b2,06:4935,
c800,P,06,49c0,06:4935,
c900,P,06,49ce,06:4935,
ffaf,W,06,49dc,06:4935,54
ffb5,W,06,49de,06:4935,
ffac,P,06,49e0,06:4935,
ffc5,W,06,49ec,06:4935,01
ffc8,R,06,49fa,06:4935,
d5d1,W,06,4a03,06:4935,
d5d2,W,06,4a09,06:4935,
d5d1,R,06,4a0c,06:4935,
d5d2,R,06,4a14,06:4935,
ffa2,R,06,4a25,06:4935,
ffac,P,06,4a46,06:4935,
d5ce,W,06,4a56,06:4935,16
d5cf,W,06,4a5b,06:4935,01
d5ce,W,06,4a61,06:4a5f,18
d5cf,W,06,4a66,06:4a5f,00
d7f3,R,06,4a79,06:4a70,
d7f4,R,06,4a8b,06:4a70,
d7f3,P,06,4a91,06:4a70,
d7f4,W,06,4a97,06:4a70,
ffa3,R,06,4abc,06:4abc,
ffa3,R,06,4ada,06:4ada,
d5e3,R,06,4af8,06:4af8,
d5e3,R,06,4b39,06:4b39,
d5e3,R,06,4b57,06:4b39,
ffc8,R,06,4c87,06:4c87,
d5cf,R,06,4c9f,06:4c9f,
ffab,W,06,4ccd,06:4ccb,43
d524,W,06,4cd1,06:4ccb,e4
d525,W,06,4cd4,06:4ccb,
d526,W,06,4cd9,06:4ccb,c6
ffae,W,06,4cdd,06:4ccb,00
ffad,W,06,4cdf,06:4ccb,
d5cf,P,06,4d7a,06:4ccb,
d600,R,06,4d7f,06:4d7f,
d7f9,R,06,4d85,06:4d7f,
d7fa,R,06,4d8e,06:4d7f,
d7fb,R,06,4d97,06:4d7f,
d7fc,R,06,4da0,06:4d7f,
d7f7,R,06,4dc4,06:4d7f,
d7f8,R,06,4dcd,06:4d7f,
ffa2,R,06,4df1,06:4deb,
d600,R,06,4e02,06:4deb,
d5cf,W,06,4e0a,06:4deb,02
d5cf,W,06,4e10,06:4deb,0a
d5cf,W,06,4e20,06:4deb,10
ffa2,R,06,4e24,06:4e24,
d600,P,06,4e32,06:4e24,
ffc8,R,06,4e40,06:4e40,
d600,R,06,4e45,06:4e45,
ffa2,R,06,4e65,06:4e62,
d7f5,R,06,4e72,06:4e62,
d5cf,W,06,4e7b,06:4e62,07
ffa2,R,06,4e7f,06:4e62,
d7f5,R,06,4e8c,06:4e62,
d5cf,W,06,4e95,06:4e62,01
ffa2,R,06,4e9f,06:4e62,
d7f5,R,06,4eac,06:4e62,
d7f9,P,06,4eb2,06:4e62,
d7f5,R,06,4eba,06:4e62,
d5cf,W,06,4ec5,06:4e62,
d5cf,W,06,4ed5,06:4e62,10
ffa2,R,06,4edd,06:4edd,
d7f5,R,06,4ee0,06:4edd,
d7f5,W,06,4f28,06:4edd,
d7f5,R,06,4f2c,06:4f2c,
ffc8,R,06,4f3b,06:4f2c,
d7f9,R,06,4f56,06:4f53,
d7f9,P,06,4f5c,06:4f53,
ffa1,R,06,4f75,06:4f53,
d5cf,W,06,4f86,06:4f53,02
d7fa,R,06,4f91,06:4f8e,
d7fa,P,06,4f97,06:4f8e,
ffa1,R,06,4fb0,06:4f8e,
d5cf,W,06,4fc1,06:4f8e,02
d7fb,R,06,4fcc,06:4fc9,
d7fb,P,06,4fd2,06:4fc9,
ffa1,R,06,4feb,06:4fc9,
d5cf,W,06,4ffc,06:4fc9,02
d7fc,R,06,5007,06:5004,
d7fc,P,06,500d,06:5004,
ffa1,R,06,5026,06:5004,
d5cf,W,06,5037,06:5004,02
ffa2,R,06,5045,06:503f,
d5cf,W,06,5054,06:503f,02
d561,R,06,505c,06:503f,
d5cf,W,06,506c,06:503f,08
d5cf,W,06,5072,06:503f,11
d5cf,W,06,5082,06:503f,10
ffc8,R,06,5086,06:5086,
d526,W,06,509c,06:5094,d2
ffaf,W,06,50e6,06:5094,54
ffb5,W,06,50e8,06:5094,
ffac,P,06,50ea,06:5094,
ffc5,W,06,50f6,06:5094,01
d5cf,P,06,5107,06:5094,
ffa2,R,06,510f,06:510c,
c000,P,06,511d,06:510c,
c800,P,06,512b,06:510c,
c900,P,06,5139,06:510c,
ff9e,W,06,5142,06:510c,
ffac,P,06,5162,06:510c,
d5cf,W,06,516e,06:510c,00
ffa2,R,06,5175,06:5172,
d5cf,W,06,5184,06:5172,0d
ffa2,R,06,5188,06:5172,
d5cf,W,06,5197,06:5172,01
ffa2,R,06,51a1,06:5172,
d7f6,R,06,51ae,06:5172,
d7f7,P,06,51b4,06:5172,
d7f6,R,06,51bc,06:5172,
d5cf,W,06,51c7,06:5172,
d5cf,W,06,51d7,06:5172,10
ffa2,R,06,51dd,06:51dd,
d7f6,R,06,51e0,06:51dd,
d7f6,W,06,5204,06:51dd,
d7f6,R,06,5208,06:5208,
ffc8,R,06,5217,06:5208,
d7f7,R,06,522e,06:522b,
d7f7,P,06,5234,06:522b,
ffa1,R,06,524d,06:522b,
d5cf,W,06,525e,06:522b,0a
d7f8,R,06,5269,06:5266,
d7f8,P,06,526f,06:5266,
ffa1,R,06,5288,06:5266,
d5cf,W,06,5299,06:5266,0a
ffa2,R,06,52a7,06:52a1,
d5cf,W,06,52b6,06:52a1,0a
d561,R,06,52be,06:52a1,
d5cf,W,06,52ce,06:52a1,0e
d5cf,W,06,52d4,06:52a1,11
d5cf,W,06,52e4,06:52a1,10
ffc8,R,06,52e8,06:52e8,
d526,W,06,52fe,06:52f6,d2
ffaf,W,06,5348,06:52f6,54
ffb5,W,06,534a,06:52f6,
ffac,P,06,534c,06:52f6,
ffc5,W,06,5358,06:52f6,01
d5cf,P,06,5369,06:52f6,
ffa2,R,06,5371,06:536e,
c000,P,06,537f,06:536e,
c800,P,06,538d,06:536e,
c900,P,06,539b,06:536e,
ff9e,W,06,53a4,06:536e,
ffac,P,06,53c4,06:536e,
d5cf,W,06,53d0,06:536e,00
d5ce,W,06,53d6,06:53d4,03
d5cf,W,06,53db,06:53d4,00
ffac,P,06,53eb,06:53e5,
d5d0,W,06,53f6,06:53e5,00
dbcf,W,06,53fb,06:53e5,09
d5cf,P,06,53fe,06:53e5,
ff9e,W,06,5403,06:5403,
d5cf,W,06,5410,06:540e,00
d7f9,R,06,5414,06:5414,
ff9e,W,06,5417,06:5414,
c000,P,06,5426,06:5414,
c000,P,06,5430,06:5414,
c040,P,06,543e,06:5414,
c080,P,06,544c,06:5414,
c0c0,P,06,545a,06:5414,
c0d0,P,06,5468,06:5414,
c0e0,P,06,5476,06:5414,
c0f0,P,06,5484,06:5414,
d7fa,R,06,5491,06:5491,
ff9e,W,06,5494,06:5491,
c000,P,06,54a7,06:5491,
c008,P,06,54b1,06:5491,
c018,P,06,54bf,06:5491,
c028,P,06,54cd,06:5491,
c038,P,06,54db,06:5491,
c040,P,06,54e9,06:5491,
c080,P,06,54f7,06:5491,
c0c0,P,06,5505,06:5491,
d7fb,R,06,5512,06:5512,
ff9e,W,06,5515,06:5512,
c000,P,06,5528,06:5512,
c000,P,06,5532,06:5512,
c040,P,06,5540,06:5512,
c080,P,06,554e,06:5512,
c0c0,P,06,555c,06:5512,
c0d0,P,06,556a,06:5512,
c0e0,P,06,5578,06:5512,
c0f0,P,06,5586,06:5512,
d7fc,R,06,5593,06:5593,
ff9e,W,06,5596,06:5593,
c000,P,06,55a9,06:5593,
c008,P,06,55b3,06:5593,
c018,P,06,55c1,06:5593,
c028,P,06,55cf,06:5593,
c038,P,06,55dd,06:5593,
c040,P,06,55eb,06:5593,
c080,P,06,55f9,06:5593,
c0c0,P,06,5607,06:5593,
d7f7,R,06,5614,06:5614,
ff9e,W,06,5617,06:5614,
c000,P,06,5626,06:5614,
c000,P,06,562e,06:5614,
d7f8,R,06,5657,06:5657,
ff9e,W,06,565a,06:5657,
c000,P,06,566d,06:5657,
c000,P,06,5675,06:5657,
ff9e,W,06,56f5,06:56f4,
d562,R,06,5751,06:5750,
ffa9,P,06,5758,06:5750,
ffc8,R,06,577c,06:577c,
c000,P,06,57a5,06:578d,
d7f7,R,06,57c4,06:57c3,
ff9e,W,06,57c7,06:57c3,
c000,P,06,57d4,06:57c3,
d7f8,R,06,57dd,06:57c3,
ff9e,W,06,57e0,06:57c3,
c100,P,06,57ec,06:57c3,
c000,P,06,57f6,06:57f6,
c100,P,06,57f9,06:57f6,
ff8b,W,06,57fe,06:57f6,55
ff8a,W,06,5802,06:57f6,80
ff8b,R,06,580f,06:57f6,
ff8b,R,06,583f,06:57f6,
ff8b,R,06,5866,06:57f6,
ff8b,W,06,5869,06:57f6,
ff8a,R,06,586b,06:57f6,
d7f9,R,06,5871,06:5871,
d7fb,R,06,587a,06:5871,
d7fa,R,06,5883,06:5871,
d7fc,R,06,588c,06:5871,
c000,P,06,5897,06:5871,
c800,P,06,58a5,06:5871,
c900,P,06,58b3,06:5871,
c000,P,06,58c1,06:58c0,
ff9e,W,06,58c6,06:58c0,
d561,R,06,58f3,06:58f1,
ffc8,R,06,5932,06:5932,
d5d1,W,06,593b,06:5932,
d5d2,W,06,5941,06:5932,
d5d1,R,06,5944,06:5932,
d5d2,R,06,594c,06:5932,
d5d1,R,06,5959,06:5932,
d5d2,R,06,5961,06:5932,
d7e3,R,06,596e,06:5932,
d5d1,R,06,5974,06:5932,
d5d2,R,06,597e,06:5932,
d5cf,R,06,598e,06:598e,
ffab,W,06,599c,06:599a,43
d524,W,06,59a0,06:599a,e4
d525,W,06,59a3,06:599a,
d526,W,06,59a8,06:599a,d2
ffae,W,06,59ac,06:599a,00
ffad,W,06,59ae,06:599a,
d7fd,W,06,59b0,06:599a,
d7fe,W,06,59b3,06:599a,
d7ff,W,06,59b6,06:599a,
d5ea,R,06,59e3,06:599a,
d7ee,R,06,5a0a,06:599a,
d5ea,R,06,5a16,06:599a,
d5cf,P,06,5a1c,06:599a,
d5cf,W,06,5a23,06:599a,02
ffa2,R,06,5a30,06:5a27,
d5df,W,06,5a35,06:5a27,
d5cf,W,06,5a4c,06:5a27,03
ffa2,R,06,5a59,06:5a50,
d5df,W,06,5a5e,06:5a50,
d5cf,P,06,5a73,06:5a50,
d5df,R,06,5a78,06:5a78,
ffc8,R,06,5a85,06:5a78,
d5ce,W,06,5a9f,06:5a78,1d
d5cf,W,06,5aa4,06:5a78,00
ffc8,R,06,5aae,06:5a78,
d5ce,W,06,5ac5,06:5a78,16
d5cf,W,06,5aca,06:5a78,01
d7f1,P,06,5ae0,06:5ae0,
db5b,P,06,5ae3,06:5ae0,
ff9e,W,06,5af4,06:5ae0,
db6f,W,06,5b18,06:5ae0,
d5ea,R,06,5b1b,06:5ae0,
db6d,W,06,5b22,06:5ae0,
db6e,W,06,5b25,06:5ae0,
d801,W,06,5b29,06:5ae0,00
d562,R,06,5b2d,06:5b2d,
ffa3,R,06,5b33,06:5b2d,
d7ff,P,06,5b36,06:5b2d,
d7ee,P,06,5b42,06:5b2d,
d562,R,06,5b96,06:5b96,
ffa3,R,06,5b9c,06:5b96,
d7ff,P,06,5b9f,06:5b96,
d7ee,P,06,5bab,06:5b96,
d7ff,R,06,5bff,06:5bff,
d7fe,R,06,5c0e,06:5bff,
d7fd,R,06,5c1e,06:5bff,
d7fe,R,06,5c29,06:5bff,
d7fe,W,06,5c2d,06:5bff,
d7fd,W,06,5c32,06:5bff,
d7ff,R,06,5c45,06:5c45,
d7fe,R,06,5c54,06:5c45,
d7fd,R,06,5c64,06:5c45,
d7fe,R,06,5c6f,06:5c45,
d7fe,W,06,5c73,06:5c45,
d7fd,W,06,5c78,06:5c45,
d7ee,P,06,5c9c,06:5c9c,
d5ea,R,06,5cb4,06:5cb2,
ff9e,W,06,5cd1,06:5cb2,
d5ea,R,06,5ce1,06:5cb2,
d5cf,R,06,5de6,06:5de6,
ffab,W,06,5e06,06:5e04,43
d524,W,06,5e0a,06:5e04,e4
d525,W,06,5e0d,06:5e04,
d526,W,06,5e12,06:5e04,d2
ffae,W,06,5e17,06:5e04,10
ffad,W,06,5e19,06:5e04,
ff9e,W,06,5e1b,06:5e04,
d7eb,W,06,5e26,06:5e04,00
d7e9,W,06,5e29,06:5e04,
d7ed,W,06,5e2c,06:5e04,
d7e3,R,06,5e2f,06:5e04,
d7ea,W,06,5e44,06:5e04,02
d59c,W,06,5e47,06:5e04,
d7dc,W,06,5e4b,06:5e04,00
d7e4,W,06,5e4e,06:5e04,
d7e8,R,06,5e51,06:5e04,
d7e2,W,06,5e54,06:5e04,
c000,P,06,5e5a,06:5e04,
ffaf,W,06,5f3a,06:5e04,54
ffb5,W,06,5f3c,06:5e04,
ffac,P,06,5f3e,06:5e04,
ffc5,W,06,5f4a,06:5e04,01
d7d7,W,06,5f62,06:5e04,01
d59a,W,06,5f67,06:5e04,54
d59b,W,06,5f6c,06:5e04,08
d594,R,06,5f77,06:5e04,
d5cf,P,06,5f86,06:5e04,
d59b,R,06,5f8b,06:5f8b,
d587,R,06,5f8f,06:5f8b,
ff9e,W,06,5f93,06:5f8b,
d594,R,06,5fa6,06:5f9e,
d7e3,R,06,5fb1,06:5f9e,
c000,P,06,5fbb,06:5f9e,
c800,P,06,5fc9,06:5f9e,
c900,P,06,5fd7,06:5f9e,
d7e3,R,06,5ffe,06:5f9e,
d7ed,R,06,6009,06:5f9e,
d59a,R,06,600f,06:5f9e,
ff9e,W,06,6012,06:5f9e,
ffa8,R,06,601f,06:5f9e,
d5cf,W,06,602e,06:5f9e,09
d7dc,R,06,6035,06:5f9e,
d7de,P,06,603e,06:5f9e,
d7e3,R,06,604d,06:5f9e,
d5cf,W,06,6056,06:5f9e,03
d5cf,P,06,605a,06:5f9e,
ffa8,R,06,605f,06:5f9e,
d7e3,R,06,6066,06:5f9e,
d561,R,06,606d,06:5f9e,
d5cf,W,06,6076,06:5f9e,0a
d7e3,R,06,607a,06:5f9e,
d5cf,P,06,6086,06:5f9e,
d7dc,R,06,608f,06:5f9e,
d7dc,W,06,6094,06:5f9e,
ffc9,R,06,6098,06:5f9e,
d7dd,W,06,609a,06:5f9e,
d7e2,R,06,60a2,06:5f9e,
d7dc,W,06,60a9,06:5f9e,01
ffc9,R,06,60ac,06:5f9e,
d7dd,W,06,60ae,06:5f9e,
d5cf,W,06,60b9,06:5f9e,03
d5cf,P,06,60c3,06:5f9e,
d5cf,W,06,60d7,06:5f9e,04
ffa7,R,06,6133,06:6133,
d59a,R,06,6136,06:6133,
d59a,W,06,615a,06:6133,
ffa9,R,06,615e,06:615e,
d59b,R,06,6161,06:615e,
d59b,W,06,6183,06:615e,
d587,R,06,6187,06:615e,
ff9e,W,06,618b,06:615e,
d561,R,06,6198,06:6196,
d59b,R,06,6254,06:6254,
d59a,R,06,6278,06:6254,
d7e3,R,06,6296,06:6296,
ffc8,R,06,62ae,06:6296,
d7e3,R,06,6317,06:6317,
ffa2,R,06,6338,06:6335,
d7e4,W,06,6346,06:6335,00
d7e3,R,06,634d,06:6335,
d7e3,R,06,636c,06:6335,
ffc9,R,06,6376,06:6335,
d7dd,W,06,6378,06:6335,
d7dc,W,06,637c,06:6335,00
d5cf,W,06,6384,06:6335,01
ff9e,W,06,6390,06:6390,
d7e3,R,06,63a0,06:6390,
ffc9,R,06,63aa,06:6390,
d7dd,W,06,63ac,06:6390,
d7dc,W,06,63b0,06:6390,00
d5cf,W,06,63b8,06:6390,01
ff9e,W,06,63bc,06:63bc,
d7ed,R,06,63cc,06:63bc,
d7ee,P,06,63d2,06:63bc,
d561,R,06,63d6,06:63bc,
d7ed,W,06,63df,06:63bc,
d7ed,R,06,63e8,06:63bc,
d5cf,W,06,63f0,06:63bc,01
d5cf,W,06,63f6,06:63bc,09
ff9e,W,06,63fa,06:63fa,
d7ed,R,06,640a,06:63fa,
d7ee,P,06,6410,06:63fa,
d561,R,06,6414,06:63fa,
d7ed,W,06,641d,06:63fa,
d7ed,R,06,6426,06:63fa,
d5cf,W,06,642e,06:63fa,01
d5cf,W,06,6434,06:63fa,09
ff9e,W,06,6438,06:6438,
d5cf,W,06,6444,06:6438,09
ffc8,R,06,6448,06:6448,
d5d1,W,06,6451,06:6448,
d5d2,W,06,6457,06:6448,
d5d1,R,06,645a,06:6448,
d7e3,R,06,6462,06:6448,
d5d1,R,06,6471,06:6448,
d5d2,R,06,6479,06:6448,
d5d2,R,06,6486,06:6448,
d7e3,R,06,6493,06:6448,
d5d1,R,06,6499,06:6448,
d5d2,R,06,64a3,06:6448,
ff9e,W,06,64c3,06:64b3,
d7e3,R,06,64d0,06:64b3,
d7e2,P,06,64d7,06:64b3,
d7dc,W,06,64de,06:64b3,00
d561,R,06,64e1,06:64b3,
d7e8,P,06,64e7,06:64b3,
d7e2,W,06,64ee,06:64b3,
ffc9,R,06,64f4,06:64b3,
d7dd,W,06,64f6,06:64b3,
ffc9,R,06,64fe,06:64b3,
d7dd,W,06,6500,06:64b3,
d7dc,W,06,6504,06:64b3,00
d5cf,W,06,650c,06:64b3,01
ffc8,R,06,6510,06:6510,
d5d1,W,06,6519,06:6510,
d5d2,W,06,651f,06:6510,
d7e3,R,06,6522,06:6510,
d5d1,R,06,6528,06:6510,
d5d2,R,06,6532,06:6510,
d5d3,R,06,6542,06:6542,
d5d3,W,06,6546,06:6542,
ffa2,R,06,656d,06:6542,
d5cf,W,06,657f,06:6542,01
ffa3,R,06,6583,06:6542,
d51f,W,06,6589,06:6542,00
d50f,W,06,658c,06:6542,
ffa3,R,06,658f,06:6542,
d7ea,R,06,65c9,06:6542,
d674,W,06,65cc,06:6542,
ffae,R,06,65d6,06:6542,
ffae,W,06,65d9,06:6542,
d5cf,W,06,65e4,06:6542,05
d7ec,R,06,6620,06:6542,
d674,W,06,6623,06:6542,
ffae,R,06,662d,06:6542,
ffae,W,06,6630,06:6542,
d5cf,W,06,663b,06:6542,06
d7eb,R,06,6677,06:6542,
d674,W,06,667a,06:6542,
ffad,R,06,6684,06:6542,
ffad,W,06,6687,06:6542,
ffaf,W,06,668c,06:6542,
d5cf,W,06,6697,06:6542,07
d7e9,R,06,66d2,06:6542,
d674,W,06,66d5,06:6542,
ffad,R,06,66df,06:6542,
ffad,W,06,66e2,06:6542,
ffaf,W,06,66e7,06:6542,
d5cf,W,06,66f2,06:6542,08
ffa2,R,06,66fc,06:66f6,
ffae,R,06,6714,06:66f6,
ffae,W,06,6717,06:66f6,
d5cf,W,06,6727,06:66f6,04
d5cf,W,06,6730,06:66f6,01
d50f,P,06,6734,06:6734,
d50f,R,06,6743,06:6734,
d674,R,06,674a,06:6734,
d7ea,P,06,674d,06:6734,
d59c,W,06,6753,06:6734,
d59b,R,06,6756,06:6734,
d587,R,06,675a,06:6734,
ff9e,W,06,675e,06:6734,
ffa3,R,06,6769,06:6769,
d674,R,06,676c,06:6769,
d7e3,R,06,6779,06:6769,
d674,P,06,678e,06:6769,
d674,R,06,6798,06:6798,
d50f,R,06,67a7,06:6798,
d51f,R,06,67be,06:6798,
d50f,P,06,67c4,06:6798,
d51f,W,06,67c9,06:6798,00
d50f,R,06,67cc,06:6798,
d51f,P,06,67d1,06:6798,
ffa2,R,06,67e8,06:67e2,
ffae,R,06,6807,06:67e2,
ffae,W,06,680a,06:67e2,
d5cf,W,06,681a,06:67e2,04
d5cf,W,06,6823,06:67e2,01
d50f,P,06,6827,06:6827,
d50f,R,06,6836,06:6827,
d674,R,06,683d,06:6827,
d7ec,P,06,6840,06:6827,
ffa3,R,06,6847,06:6847,
d674,R,06,684a,06:6847,
d674,W,06,685d,06:6847,
d674,R,06,6864,06:6864,
d50f,R,06,6873,06:6864,
d51f,R,06,688a,06:6864,
d50f,P,06,6890,06:6864,
d51f,W,06,6895,06:6864,00
d50f,R,06,6898,06:6864,
d51f,P,06,689d,06:6864,
ffa2,R,06,68b8,06:68b2,
ffad,R,06,68d0,06:68b2,
ffad,W,06,68d3,06:68b2,
ffaf,W,06,68d8,06:68b2,
d5cf,W,06,68e8,06:68b2,04
d5cf,W,06,68f1,06:68b2,01
d50f,P,06,68f5,06:68f5,
d50f,R,06,6904,06:68f5,
d674,R,06,690b,06:68f5,
d7eb,P,06,690e,06:68f5,
ffa3,R,06,6915,06:6915,
d674,R,06,6918,06:6915,
d674,W,06,692b,06:6915,
d7e3,R,06,6937,06:6915,
c000,P,06,6941,06:6915,
c800,P,06,694f,06:6915,
c900,P,06,695d,06:6915,
d674,R,06,696a,06:696a,
d50f,R,06,6979,06:696a,
d51f,R,06,6990,06:696a,
d50f,P,06,6996,06:696a,
d51f,W,06,699b,06:696a,00
d50f,R,06,699e,06:696a,
d51f,P,06,69a3,06:696a,
ffa2,R,06,69ba,06:69b4,
ffad,R,06,69d2,06:69b4,
ffad,W,06,69d5,06:69b4,
ffaf,W,06,69da,06:69b4,
d5cf,W,06,69ea,06:69b4,04
d7e9,R,06,69ed,06:69b4,
d7e3,R,06,69f9,06:69b4,
c000,P,06,6a03,06:69b4,
c800,P,06,6a11,06:69b4,
c900,P,06,6a1f,06:69b4,
d5cf,W,06,6a31,06:69b4,01
d50f,P,06,6a35,06:6a35,
d50f,R,06,6a44,06:6a35,
d674,R,06,6a4b,06:6a35,
d7e9,P,06,6a4e,06:6a35,
ffa3,R,06,6a55,06:6a55,
d674,R,06,6a58,06:6a55,
d674,W,06,6a6b,06:6a55,
d7e3,R,06,6a7a,06:6a55,
c000,P,06,6a84,06:6a55,
c800,P,06,6a92,06:6a55,
c900,P,06,6aa0,06:6a55,
d674,R,06,6aad,06:6aad,
d50f,R,06,6abc,06:6aad,
d51f,R,06,6ad3,06:6aad,
d50f,P,06,6ad9,06:6aad,
d51f,W,06,6ade,06:6aad,00
d50f,R,06,6ae1,06:6aad,
d51f,P,06,6ae6,06:6aad,
d7e3,R,06,6b25,06:6b25,
d5ce,W,06,6b32,06:6b25,
d5cf,W,06,6b36,06:6b25,
ffac,P,06,6b3f,06:6b25,
d7ed,R,06,6b76,06:6b76,
d7e9,R,06,6c51,06:6c51,
da44,P,06,6c61,06:6c54,
d7e3,R,06,6cef,06:6cef,
d7ed,R,06,6cf6,06:6cef,
d7ed,R,06,6d07,06:6cef,
d7e3,R,06,6d18,06:6cef,
d7e3,R,06,6d20,06:6cef,
d7e3,R,06,6d2b,06:6cef,
ff40,P,06,6d34,06:6d34,
ff40,P,06,6d56,06:6d56,
ff40,P,06,6d8b,06:6d8b,
d7ed,R,06,6dad,06:6dad,
d7ee,P,06,6db6,06:6dad,
ff9e,W,06,6dbb,06:6dad,
d7ed,R,06,6dd3,06:6dd3,
d7ee,P,06,6ddc,06:6dd3,
ff9e,W,06,6de1,06:6dd3,
d7e3,R,06,6e06,06:6e06,
d561,R,06,70b2,06:70b2,
d7e0,R,06,70ca,06:70ca,
d7df,R,06,70de,06:70ca,
d7e0,R,06,70f1,06:70ca,
d7e2,R,06,7106,06:7106,
ff40,P,06,7148,06:7147,
d7de,W,06,715a,06:7159,00
d7df,W,06,715d,06:7159,
d7e0,W,06,7160,06:7159,
d7e1,W,06,7163,06:7159,
d7e3,R,06,7166,06:7159,
d7e6,R,06,716d,06:7159,
d7df,W,06,7170,06:7159,
d7e7,R,06,7174,06:7159,
d7e0,W,06,7185,06:7159,
d7df,W,06,7195,06:7159,
d7e3,R,06,719e,06:719e,
ffc9,R,06,71cc,06:71cc,
d7dd,P,06,71ce,06:71cc,
ffc9,R,06,71d6,06:71cc,
d7e4,R,06,71da,06:71cc,
d7e4,W,06,71e0,06:71cc,
ffa8,R,06,71e4,06:71cc,
d7e4,R,06,71e7,06:71cc,
d7e4,W,06,7205,06:71cc,
ffa8,W,06,7209,06:71cc,00
ffa2,W,06,720b,06:71cc,
d7dc,R,06,720e,06:720e,
ffc9,R,06,7213,06:720e,
d7dd,P,06,7216,06:720e,
d7de,P,06,721d,06:720e,
d7e1,R,06,7225,06:720e,
d7e1,W,06,7235,06:720e,00
d7de,P,06,7238,06:720e,
d7de,W,06,724f,06:720e,00
d7df,W,06,7252,06:720e,
d7e0,W,06,7255,06:720e,
ffac,P,06,725f,06:7259,
d5d0,W,06,726a,06:7259,00
dbcf,W,06,726f,06:7259,0d
d5cf,P,06,7272,06:7259,
ff9e,W,06,7277,06:7277,
d7dc,W,06,7283,06:7282,00
ffab,W,06,7288,06:7282,43
d524,W,06,728c,06:7282,e4
d525,W,06,728f,06:7282,
d526,W,06,7294,06:7282,d2
ffae,W,06,7299,06:7282,10
ffad,W,06,729b,06:7282,
c000,P,06,729d,06:7282,
ffaf,W,06,7363,06:7282,54
ffb5,W,06,7365,06:7282,
ffac,P,06,7367,06:7282,
ffc5,W,06,7373,06:7282,01
d5cf,W,06,738b,06:7282,01
d7e3,R,06,738f,06:738f,
d7e4,P,06,7396,06:738f,
c000,P,06,73ef,06:73ef,
c000,P,06,73f7,06:73f7,
c080,P,06,73ff,06:73ff,
c700,P,06,7407,06:7407,
c780,P,06,740f,06:740f,
c000,P,06,7417,06:7417,
c080,P,06,741f,06:741f,
c000,P,06,7427,06:7427,
c700,P,06,742f,06:742f,
c080,P,06,7437,06:7437,
c700,P,06,743f,06:7437,
c080,P,06,7447,06:7447,
c700,P,06,744f,06:7447,
c000,P,06,7457,06:7457,
ca00,P,06,745f,06:745f,
c000,P,06,7467,06:7467,
c400,P,06,746f,06:746f,
c330,P,06,7477,06:7477,
ff8a,W,06,7482,06:747f,
da44,R,06,7484,06:747f,
da45,R,06,7488,06:747f,
ff8a,R,06,7490,06:747f,
da46,R,06,74c7,06:747f,
da47,R,06,74cb,06:747f,
ff8a,R,06,74d4,06:747f,
da48,R,06,752e,06:747f,
ff8a,R,06,7535,06:747f,
ff8a,W,06,758f,06:747f,
da44,R,06,7591,06:747f,
da45,R,06,7595,06:747f,
ff8a,R,06,759d,06:747f,
ff8b,W,06,759f,06:747f,
ff8b,R,06,75da,06:747f,
da46,R,06,75e0,06:747f,
da47,R,06,75e4,06:747f,
ff8a,R,06,75ed,06:747f,
ff8b,W,06,75ef,06:747f,
ff8b,R,06,764d,06:747f,
da48,R,06,7653,06:747f,
ff8a,R,06,765a,06:747f,
ff8b,W,06,765c,06:747f,
ff8b,R,06,76ba,06:747f,
ff8a,W,06,76c0,06:747f,
da44,R,06,76c2,06:747f,
da45,R,06,76c6,06:747f,
ff8a,R,06,76ce,06:747f,
ff8b,W,06,76d0,06:747f,
ff8b,R,06,770b,06:747f,
da46,R,06,7711,06:747f,
da47,R,06,7715,06:747f,
ff8a,R,06,771e,06:747f,
ff8b,W,06,7720,06:747f,
ff8b,R,06,777e,06:747f,
da48,R,06,7784,06:747f,
ff8a,R,06,778b,06:747f,
ff8b,W,06,778d,06:747f,
ff8b,R,06,77eb,06:747f,
d7eb,R,06,77f3,06:77f1,
d7e3,R,06,7804,06:77f1,
d7e4,P,06,780b,06:77f1,
ff9e,W,06,7818,06:77f1,
da96,P,06,7825,06:7823,
ff9e,W,06,782d,06:7823,
d7ec,R,06,7838,06:7838,
d5cf,R,07,4000,Bank007_StateDispatch,
ffab,W,07,4030,Bank007_State00,43
d524,W,07,4034,Bank007_State00,e4
d525,W,07,4037,Bank007_State00,
d526,W,07,403c,Bank007_State00,d2
ffae,W,07,4040,Bank007_State00,00
ffad,W,07,4042,Bank007_State00,
d9fa,W,07,4044,Bank007_State00,
d9fb,W,07,4047,Bank007_State00,
d9fe,W,07,404a,Bank007_State00,
d9ff,W,07,404d,Bank007_State00,
d9fc,W,07,4050,Bank007_State00,
d9fd,W,07,4055,Bank007_State00,03
da00,W,07,405a,Bank007_State00,0a
da01,W,07,405f,Bank007_State00,0c
ffc6,W,07,40a2,Bank007_State00,01
dbce,W,07,40a5,Bank007_State00,00
d5f5,R,07,40ab,Bank007_State00,
da00,W,07,40b3,Bank007_State00,0a
da01,W,07,40b8,Bank007_State00,10
da00,W,07,40cd,Bank007_State00,0e
da01,W,07,40d2,Bank007_State00,0c
d5cf,P,07,40e9,Bank007_State00,
dc44,W,07,40fa,Bank007_State00,00
d5ce,W,07,40ff,Bank007_State00,06
d5cf,W,07,4104,Bank007_State00,00
dbce,R,07,410e,Bank007_State01,
dbce,W,07,4115,Bank007_State01,
d561,R,07,411c,Bank007_State01,
dc53,W,07,4126,Bank007_State01,
d561,R,07,4129,Bank007_State01,
dc55,W,07,412c,Bank007_State01,
ffa2,R,07,4138,Bank007_State01,
d5f5,R,07,413e,Bank007_State01,
dc55,P,07,4146,Bank007_State01,
dc44,W,07,4161,Bank007_State01,00
d5ce,W,07,4166,Bank007_State01,06
d5cf,W,07,416b,Bank007_State01,00
dc50,R,07,416f,Bank007_State01,
dbcf,W,07,417d,Bank007_State01,
d5cf,W,07,4182,Bank007_State01,12
dc52,R,07,418a,Bank007_State01,
d5f5,W,07,418d,Bank007_State01,
dc45,R,07,41b5,Bank007_State01,
d5cf,W,07,41be,Bank007_State01,02
d5cf,W,07,41c4,Bank007_State01,0a
d5cf,W,07,41ca,07:41c8,12
d5f5,R,07,41ce,07:41ce,
d9fd,W,07,41d6,07:41ce,08
da01,W,07,41db,07:41ce,15
d9fb,W,07,41df,07:41ce,00
d9ff,W,07,41e2,07:41ce,
d9fc,W,07,41e8,07:41ce,06
da00,W,07,41ed,07:41ce,12
d9fa,W,07,41f1,07:41ce,00
d9fe,W,07,41f4,07:41ce,
ffc8,R,07,41f8,07:41f8,
d5f5,R,07,420d,07:41f8,
d5f5,R,07,4231,07:4231,
da01,R,07,4237,07:4231,
da00,R,07,424d,07:4231,
ffa2,R,07,4272,07:4272,
d5f5,P,07,4280,07:4272,
da00,W,07,4292,07:4272,0a
da01,W,07,4297,07:4272,10
d9fe,W,07,429b,07:4272,00
d9ff,W,07,429e,07:4272,
da00,W,07,42b2,07:4272,0e
da01,W,07,42b7,07:4272,0c
d9fe,W,07,42bb,07:4272,00
d9ff,W,07,42be,07:4272,
d9fc,R,07,42d0,07:42d0,
d9fa,R,07,42d4,07:42d0,
d9fc,W,07,42df,07:42d0,
d9fa,W,07,42e3,07:42d0,
d9fd,R,07,42e6,07:42d0,
d9fb,R,07,42ea,07:42d0,
d9fd,W,07,42f5,07:42d0,
d9fb,W,07,42f9,07:42d0,
da00,R,07,42fc,07:42d0,
d9fe,R,07,4300,07:42d0,
da00,W,07,430b,07:42d0,
d9fe,W,07,430f,07:42d0,
da01,R,07,4312,07:42d0,
d9ff,R,07,4316,07:42d0,
da01,W,07,4321,07:42d0,
d9ff,W,07,4325,07:42d0,
d5f5,R,07,439c,Bank007_State02,
d5d6,W,07,43a4,Bank007_State02,0a
d5d7,W,07,43a9,Bank007_State02,04
d5d0,W,07,43ad,Bank007_State02,00
d5cf,P,07,43b0,Bank007_State02,
d5d6,W,07,43b7,Bank007_State02,0e
d5d7,W,07,43bc,Bank007_State02,04
d5d0,W,07,43c0,Bank007_State02,00
d5df,W,07,43c3,Bank007_State02,
d5cf,P,07,43c6,Bank007_State02,
ff9e,W,07,43cb,Bank007_State03,
d5df,R,07,43d6,Bank007_State04,
d5f5,R,07,43de,Bank007_State04,
ffab,W,07,43e7,Bank007_State04,43
c000,P,07,43e9,Bank007_State04,
d5d8,R,07,43f2,Bank007_State04,
ff9e,W,07,43f5,Bank007_State04,
ff9e,W,07,43ff,Bank007_State04,
da56,R,07,4409,Bank007_State04,
cfff,W,07,440c,Bank007_State04,
c000,P,07,4411,Bank007_State04,
c800,P,07,441f,Bank007_State04,
c900,P,07,442d,Bank007_State04,
ffaf,W,07,449d,Bank007_State04,54
ffb5,W,07,449f,Bank007_State04,
ffac,P,07,44a1,Bank007_State04,
ffc5,W,07,44ad,Bank007_State04,01
d5cf,P,07,44b8,Bank007_State04,
ffa2,R,07,44c0,Bank007_State05,
ffac,P,07,44cc,Bank007_State05,
d5cf,P,07,44d6,Bank007_State05,
ffac,P,07,44e4,Bank007_State05,
d5cf,W,07,44f0,Bank007_State05,02
ffab,W,07,44f6,Bank007_State06,67
da02,W,07,44f9,Bank007_State06,00
da03,W,07,44fc,Bank007_State06,
da05,W,07,44ff,Bank007_State06,
da06,W,07,4502,Bank007_State06,
ffb4,W,07,4507,Bank007_State06,07
ffb3,W,07,450b,Bank007_State06,90
da0b,W,07,4568,Bank007_State06,00
da0c,W,07,456d,Bank007_State06,02
d5f5,R,07,4570,Bank007_State06,
d5d8,R,07,4576,Bank007_State06,
dc5a,W,07,4579,Bank007_State06,
dc5b,W,07,457e,Bank007_State06,01
d5cf,W,07,4586,Bank007_State06,08
d5d8,R,07,458a,Bank007_State06,
dc5a,W,07,458d,Bank007_State06,
d5cf,W,07,4595,Bank007_State06,07
da04,W,07,459b,Bank007_State07,01
dc4f,R,07,45a4,Bank007_State07,
d5cf,W,07,45c0,Bank007_State07,02
dc4d,R,07,45c4,Bank007_State07,
d5cf,P,07,45cd,Bank007_State07,
da04,W,07,45d3,Bank007_State08,00
ff9e,W,07,45dc,Bank007_State08,
dbcf,W,07,45ea,Bank007_State08,0c
d5cf,W,07,45ef,Bank007_State08,12
dc4e,R,07,45f3,Bank007_State08,
d5cf,P,07,45f8,Bank007_State08,
d5f5,R,07,4606,Bank007_State09,
ff9e,W,07,460f,Bank007_State09,
d5cf,W,07,461b,Bank007_State09,00
d5d8,R,07,4622,Bank007_State09,
ff9e,W,07,4625,Bank007_State09,
d5d8,R,07,462f,Bank007_State09,
ff9e,W,07,4632,Bank007_State09,
d5cf,W,07,463e,Bank007_State09,00
ffab,W,07,4647,Bank007_State10,67
da02,W,07,464a,Bank007_State10,00
da03,W,07,464d,Bank007_State10,
da05,W,07,4650,Bank007_State10,
da06,W,07,4653,Bank007_State10,
ffb4,W,07,4658,Bank007_State10,07
ffb3,W,07,465c,Bank007_State10,90
d5cf,P,07,46b7,Bank007_State10,
da04,W,07,46be,Bank007_State11,01
dc59,R,07,46c7,Bank007_State11,
ff9e,W,07,46da,Bank007_State11,
dc5b,W,07,46e6,Bank007_State11,01
dc4f,W,07,46ea,Bank007_State11,00
da0b,W,07,46ef,Bank007_State11,b4
da0c,W,07,46f3,Bank007_State11,00
d5cf,P,07,46f6,Bank007_State11,
d5d8,W,07,4700,Bank007_State11,
da0b,W,07,4705,Bank007_State11,00
da0c,W,07,470a,Bank007_State11,02
d5f5,R,07,470d,Bank007_State11,
d5cf,W,07,471b,Bank007_State11,0d
d5cf,W,07,4721,Bank007_State11,10
da04,W,07,472f,Bank007_State12,00
ff9e,W,07,4738,Bank007_State12,
dbcf,W,07,4746,Bank007_State12,0c
d5cf,W,07,474b,Bank007_State12,12
dc4f,R,07,474f,Bank007_State12,
d5cf,P,07,4754,Bank007_State12,
ffab,W,07,475b,Bank007_State13,43
c000,P,07,475d,Bank007_State13,
d5d8,R,07,4766,Bank007_State13,
ff9e,W,07,4769,Bank007_State13,
ff9e,W,07,4773,Bank007_State13,
da56,R,07,477d,Bank007_State13,
cfff,W,07,4780,Bank007_State13,
c000,P,07,4785,Bank007_State13,
c800,P,07,4793,Bank007_State13,
c900,P,07,47a1,Bank007_State13,
ffaf,W,07,4811,Bank007_State13,54
ffb5,W,07,4813,Bank007_State13,
ffac,P,07,4815,Bank007_State13,
ffc5,W,07,4821,Bank007_State13,01
d5cf,P,07,482c,Bank007_State13,
ffa2,R,07,4834,Bank007_State14,
ffac,P,07,4840,Bank007_State14,
d5cf,P,07,484a,Bank007_State14,
ffac,P,07,4858,Bank007_State14,
dc5b,W,07,4864,Bank007_State14,ef
d5cf,W,07,4869,Bank007_State14,0a
dc5b,W,07,4872,Bank007_State15,01
da04,W,07,4877,Bank007_State16,00
ff9e,W,07,4880,Bank007_State16,
dbcf,W,07,488e,Bank007_State16,0c
d5cf,W,07,4893,Bank007_State16,12
dc4e,R,07,4897,Bank007_State16,
d5cf,P,07,489c,Bank007_State16,
d5f5,R,07,48aa,Bank007_State17,
ff9e,W,07,48b3,Bank007_State17,
d5cf,W,07,48bf,Bank007_State17,00
d5d8,R,07,48c6,Bank007_State17,
ff9e,W,07,48c9,Bank007_State17,
d5d8,R,07,48d3,Bank007_State17,
ff9e,W,07,48d6,Bank007_State17,
d5cf,W,07,48e2,Bank007_State17,00
d5d0,W,07,48f0,Bank007_State18,00
d5cf,P,07,48f3,Bank007_State18,
ff9e,W,07,48f8,Bank007_State19,
da05,R,07,4906,07:4906,
da06,R,07,4930,07:4906,
da05,R,07,493b,07:4906,
da05,W,07,493f,07:4906,
da06,W,07,4944,07:4906,
da08,W,07,4950,07:4948,00
da08,R,07,4955,07:4948,
da08,W,07,495e,07:4948,ff
da08,R,07,4961,07:4948,
da07,P,07,4964,07:4948,
da08,R,07,496a,07:4948,
da08,W,07,4972,07:4948,00
da07,R,07,497d,07:4948,
da07,W,07,4984,07:4948,00
da07,R,07,498e,07:4948,
da07,W,07,4997,07:4948,80
da02,P,07,49c3,07:49c3,
da04,R,07,49c6,07:49c3,
da03,R,07,49d0,07:49c3,
da03,W,07,49d9,07:49c3,00
da04,R,07,49e0,07:49c3,
ffb0,W,07,49e8,07:49c3,e4
ffb3,W,07,49ec,07:49c3,90
ffb0,W,07,49f1,07:49c3,1b
ffb3,W,07,49f5,07:49c3,50
da02,R,07,49f7,07:49c3,
da04,R,07,49fd,07:49c3,
da02,R,07,4a05,07:49c3,
da04,R,07,4a0e,07:49c3,
ff9e,W,07,4a17,07:4a17,
da9e,P,07,4a21,07:4a17,
cfff,R,07,4a24,07:4a17,
ff9e,W,07,4a42,07:4a17,
d5d8,R,07,4a4f,07:4a4d,
ffc8,R,07,4a8e,07:4a8e,
d5d1,W,07,4a97,07:4a8e,
d5d2,W,07,4a9d,07:4a8e,
d5d1,R,07,4aa0,07:4a8e,
d5d2,R,07,4aa8,07:4a8e,
d5d1,R,07,4ab5,07:4a8e,
d5d2,R,07,4abd,07:4a8e,
da0b,P,07,4acb,07:4acb,
ff9e,W,07,4ada,07:4ada,
da9a,P,07,4ae6,07:4ada,
ff9e,W,07,4aee,07:4ada,
ffab,W,07,4afb,07:4af9,41
d524,W,07,4aff,07:4af9,e4
d525,W,07,4b02,07:4af9,
d526,W,07,4b05,07:4af9,
ffae,W,07,4b09,07:4af9,00
ffad,W,07,4b0b,07:4af9,
ffa2,R,07,4b52,07:4af9,
ffab,W,07,4b60,07:4b5e,41
d524,W,07,4b64,07:4b5e,e4
d525,W,07,4b67,07:4b5e,
d526,W,07,4b6a,07:4b5e,
ffae,W,07,4b6e,07:4b5e,00
ffad,W,07,4b70,07:4b5e,
ffa2,R,07,4bb7,07:4b5e,
da0e,R,07,4bd4,07:4bc3,
da0d,R,07,4bda,07:4bc3,
c000,P,07,4bea,07:4bea,
da0d,W,07,4c00,07:4bea,
da0e,W,07,4c04,07:4bea,
d5d0,R,07,4c08,07:4c08,
ffab,W,07,4c14,07:4c12,43
d524,W,07,4c18,07:4c12,e4
d525,W,07,4c1b,07:4c12,
d526,W,07,4c20,07:4c12,d2
ffae,W,07,4c24,07:4c12,00
ffad,W,07,4c26,07:4c12,
ffb8,W,07,4c28,07:4c12,
ffba,W,07,4c2a,07:4c12,
da0a,W,07,4c2c,07:4c12,
d5d8,R,07,4c86,07:4c12,
d5d8,W,07,4c8e,07:4c12,00
d5d8,R,07,4c91,07:4c12,
d5d8,R,07,4c97,07:4c12,
d5da,W,07,4ca4,07:4c12,11
d5da,W,07,4cb2,07:4c12,00
d5da,W,07,4cc6,07:4c12,01
d5da,W,07,4ccd,07:4c12,11
d5d0,P,07,4cdf,07:4c12,
dc52,R,07,4ce6,07:4ce6,
dc55,R,07,4cec,07:4ce6,
da09,W,07,4cf1,07:4ce6,
dc58,R,07,4cf5,07:4ce6,
da09,W,07,4cf8,07:4ce6,
da0a,R,07,4cfc,07:4cfc,
dc59,R,07,4d02,07:4cfc,
d5df,W,07,4d0b,07:4cfc,02
d5d0,P,07,4d11,07:4cfc,
ffa2,R,07,4d18,07:4cfc,
dc56,W,07,4d27,07:4cfc,ef
da0a,W,07,4d2a,07:4cfc,
ffa2,R,07,4d36,07:4cfc,
d5df,W,07,4d3c,07:4cfc,
d5d0,P,07,4d4e,07:4cfc,
d5df,R,07,4d5e,07:4d5e,
d5cf,P,07,4d6b,07:4d5e,
d5da,P,07,4d82,07:4d5e,
d5cf,P,07,4d8f,07:4d5e,
d5d8,R,07,4d96,07:4d96,
d5da,R,07,4da7,07:4d96,
d5d8,R,07,4dc6,07:4dc0,
d5d9,W,07,4ddb,07:4dc0,
d5da,W,07,4de8,07:4dc0,00
d5da,W,07,4df7,07:4dc0,11
d5d9,P,07,4e01,07:4dc0,
d5d9,R,07,4e1a,07:4dc0,
d5d8,W,07,4e1f,07:4dc0,
d5da,W,07,4e2c,07:4dc0,00
d5da,W,07,4e40,07:4dc0,01
d5da,W,07,4e53,07:4dc0,11
ffa3,R,07,4ed5,07:4ed5,
d5d8,R,07,4f12,07:4f12,
d5d8,R,07,4f19,07:4f12,
d5d8,R,07,4f2b,07:4f2b,
d5d8,R,07,4f3b,07:4f3b,
da09,P,07,4f58,07:4f4d,
d5d6,R,07,4f8b,07:4f8b,
d5d7,R,07,4fd7,07:4fd7,
d5d8,R,07,500b,07:500b,
d5d8,R,07,503d,07:503d,
d5d9,R,07,506f,07:506f,
d5d9,R,07,5084,07:506f,
d5d9,R,07,508a,07:506f,
d5d9,R,07,50cd,07:506f,
d5d9,R,07,50e3,07:50e3,
d5d9,R,07,50f8,07:50e3,
d5d9,R,07,513a,07:50e3,
d5d9,R,07,5140,07:50e3,
d5d8,R,07,5157,07:5157,
da09,P,07,515a,07:5157,
d5f5,R,07,516a,07:5169,
ff9e,W,07,5171,07:5169,
dc5a,W,07,5183,07:5169,
da0b,W,07,518b,07:5169,b4
da0c,W,07,518f,07:5169,00
ff9e,W,07,5192,07:5169,
d5cf,W,07,51a0,07:5169,12
dc4f,R,07,51a5,07:5169,
d5cf,R,07,51ac,07:51ac,
ffab,W,07,51b8,07:51b6,43
d524,W,07,51bc,07:51b6,e4
d525,W,07,51bf,07:51b6,
d526,W,07,51c4,07:51b6,d2
ffae,W,07,51c8,07:51b6,00
ffad,W,07,51ca,07:51b6,
d678,W,07,51cc,07:51b6,
d679,W,07,51d1,07:51b6,07
ffaf,W,07,520e,07:51b6,50
ffb6,W,07,5210,07:51b6,
ffac,P,07,5212,07:51b6,
ffc5,W,07,521e,07:51b6,01
d5cf,P,07,5233,07:51b6,
ffa2,R,07,5241,07:5238,
d5df,W,07,5246,07:5238,
d5cf,P,07,525b,07:5238,
d5df,R,07,5260,07:5260,
ffac,P,07,526d,07:5260,
d5ce,W,07,5279,07:5260,00
d5cf,W,07,527e,07:5260,00
d5ec,R,07,5282,07:5260,
d5cf,P,07,5291,07:5260,
d5ce,W,07,5296,07:5260,
d5cf,W,07,529b,07:5260,00
d5ec,R,07,52a4,07:5260,
ffac,P,07,52da,07:5260,
ffa2,R,07,52e7,07:52e7,
d5ec,P,07,52f6,07:52e7,
ffa1,R,07,5304,07:52e7,
d679,W,07,5317,07:52e7,0f
d5ec,R,07,531b,07:531b,
ffc8,R,07,532a,07:531b,
d5ec,R,07,5348,07:5348,
ffc8,R,07,5369,07:5369,
d679,P,07,536b,07:5369,
d5ec,R,07,5370,07:5369,
d678,R,07,5376,07:5369,
d678,W,07,537c,07:5369,
d678,R,07,5381,07:5369,
d678,W,07,5387,07:5369,
d5cf,R,07,53be,07:53be,
ffab,W,07,53ca,07:53c8,43
d524,W,07,53ce,07:53c8,e4
d525,W,07,53d3,07:53c8,d2
d526,W,07,53d6,07:53c8,
ffae,W,07,53da,07:53c8,00
ffad,W,07,53dc,07:53c8,
d5cf,P,07,541e,07:53c8,
ffc8,R,07,5426,07:5423,
ffa2,R,07,542d,07:5423,
d5df,W,07,5432,07:5423,
d5cf,P,07,5447,07:5423,
d5df,R,07,544c,07:544c,
d5ce,W,07,5455,07:544c,00
d5cf,W,07,545a,07:544c,00
d5fe,R,07,5464,07:544c,
d5cf,P,07,5473,07:544c,
d5ce,W,07,5478,07:544c,
d5cf,W,07,547c,07:544c,00
ffc8,R,07,5482,07:544c,
ffa3,R,07,5497,07:5497,
d5fe,R,07,549a,07:5497,
d5fe,W,07,54ad,07:5497,
d5fe,R,07,54c9,07:54b8,
d5cf,R,07,54ed,07:54ed,
ffab,W,07,5505,07:5503,47
d524,W,07,5509,07:5503,e4
d525,W,07,550c,07:5503,
d526,W,07,550f,07:5503,
ffae,W,07,5513,07:5503,00
ffad,W,07,5515,07:5503,
d868,W,07,5517,07:5503,
d869,W,07,551a,07:5503,
d86a,W,07,551d,07:5503,
d86b,W,07,5520,07:5503,
d863,W,07,5523,07:5503,
ff9e,W,07,5526,07:5503,
ff9e,W,07,555a,07:5503,
d5cf,P,07,5574,07:5503,
d863,R,07,5587,07:5579,
d863,W,07,558c,07:5579,00
ffa2,R,07,5597,07:5579,
d5cf,P,07,55af,07:5579,
d5cf,W,07,55b6,07:5579,08
d500,R,07,55c0,07:55ba,
d863,R,07,55d1,07:55ba,
ffa2,R,07,55e3,07:55ba,
d502,R,07,55e9,07:55ba,
d88b,W,07,5601,07:55ba,00
d88c,W,07,5604,07:55ba,
d5cf,W,07,5609,07:55ba,04
d500,R,07,5611,07:55ba,
d500,W,07,5619,07:55ba,02
d510,W,07,561d,07:55ba,00
d88d,W,07,5629,07:55ba,01
d500,R,07,562d,07:55ba,
d863,R,07,5633,07:55ba,
d502,R,07,563a,07:55ba,
d88b,W,07,5644,07:55ba,00
d88c,W,07,5647,07:55ba,
d5cf,W,07,564c,07:55ba,03
d863,R,07,565c,07:5650,
ffa2,R,07,5664,07:5650,
d88b,R,07,5671,07:5650,
d5cf,W,07,567f,07:5650,01
d5cf,W,07,5685,07:5650,08
ffa2,R,07,5692,07:5689,
d88b,R,07,569b,07:5689,
d5cf,W,07,56b5,07:5689,02
d5cf,W,07,56c2,07:5689,08
d5ce,W,07,56cb,07:56c6,1f
d5cf,W,07,56d0,07:56c6,00
ff9e,W,07,56d3,07:56c6,
d5ce,W,07,56e9,07:56e4,20
d5cf,W,07,56ee,07:56e4,00
ff9e,W,07,56f1,07:56e4,
d5ce,W,07,5707,07:5702,21
d5cf,W,07,570c,07:5702,00
ff9e,W,07,570f,07:5702,
d88b,R,07,5720,07:5720,
d88c,R,07,572b,07:5720,
d88c,W,07,5735,07:5720,00
ffa2,R,07,5755,07:5755,
d88b,P,07,5763,07:5755,
d500,R,07,5771,07:5771,
d819,R,07,5777,07:5771,
ffa1,P,07,577a,07:5771,
d819,W,07,5790,07:5771,
d500,R,07,5794,07:5794,
d819,R,07,57a2,07:5794,
d510,R,07,57b1,07:5794,
d500,R,07,57bd,07:5794,
d500,W,07,57c1,07:5794,
d510,W,07,57c6,07:5794,
d818,R,07,57e4,07:57e4,
d827,P,07,57ea,07:57e4,
ffa2,R,07,57f9,07:57e4,
d81a,P,07,57fe,07:57e4,
d819,R,07,5806,07:57e4,
d81f,W,07,5809,07:57e4,
d827,W,07,580e,07:57e4,88
d819,R,07,5819,07:57e4,
d820,W,07,581e,07:57e4,
d821,W,07,5823,07:57e4,
d828,W,07,5828,07:57e4,88
d829,W,07,582b,07:57e4,
d81b,W,07,582f,07:57e4,00
d81a,P,07,583a,07:57e4,
d827,P,07,5843,07:57e4,
ffa1,R,07,584b,07:57e4,
ffc8,R,07,5850,07:57e4,
d819,R,07,5855,07:57e4,
d81f,P,07,5858,07:57e4,
d827,P,07,585d,07:57e4,
d81a,P,07,5863,07:57e4,
d827,P,07,586b,07:5868,
d81f,P,07,587a,07:5868,
d81c,R,07,588f,07:588f,
d81c,W,07,5895,07:588f,
d81d,R,07,58a3,07:588f,
d81e,R,07,58a9,07:588f,
d881,P,07,58b6,07:58b3,
ffc8,R,07,58c0,07:58b3,
d877,P,07,58ce,07:58b3,
d86d,P,07,58d6,07:58b3,
d877,P,07,58ef,07:58b3,
d881,P,07,58fb,07:58b3,
d86d,P,07,5905,07:58b3,
d5ce,W,07,5912,07:5910,00
d5cf,W,07,5917,07:5910,00
ff9e,W,07,591a,07:5910,
d819,W,07,592d,07:592b,28
d827,W,07,5932,07:592b,fc
d828,W,07,5935,07:592b,
d829,W,07,5938,07:592b,
d81e,W,07,593b,07:592b,
d838,P,07,5940,07:592b,
d856,P,07,5949,07:592b,
d81a,W,07,5954,07:592b,01
d81f,W,07,5958,07:592b,00
d820,W,07,595b,07:592b,
d821,W,07,595e,07:592b,
d868,W,07,5961,07:592b,
d869,W,07,5964,07:592b,
d86a,W,07,5967,07:592b,
d86b,W,07,596a,07:592b,
d86c,W,07,596d,07:592b,
d88d,W,07,5970,07:592b,
d88e,W,07,5973,07:592b,
d88f,W,07,5976,07:592b,
d818,W,07,5979,07:592b,
d877,P,07,5986,07:592b,
d881,P,07,5990,07:592b,
d86d,P,07,599a,07:592b,
d863,R,07,59a5,07:59a5,
d82f,W,07,59c3,07:59c1,ec
d830,W,07,59c8,07:59c1,14
d831,W,07,59cc,07:59c1,00
d832,W,07,59cf,07:59c1,
d833,W,07,59d2,07:59c1,
d834,W,07,59d5,07:59c1,
d841,W,07,59db,07:59c1,
d842,W,07,59de,07:59c1,
d843,W,07,59e1,07:59c1,
d844,W,07,59e6,07:59c1,80
d845,W,07,59e9,07:59c1,
d846,W,07,59ec,07:59c1,
d847,W,07,59f0,07:59c1,00
d848,W,07,59f3,07:59c1,
d849,W,07,59f6,07:59c1,
daa3,R,07,59f9,07:59c1,
daa2,R,07,59ff,07:59c1,
daa1,R,07,5a05,07:59c1,
d831,W,07,5a0e,07:59c1,40
ce00,P,07,5a17,07:59c1,
d861,W,07,5a22,07:59c1,03
d862,W,07,5a26,07:59c1,00
d85e,W,07,5a29,07:59c1,
d863,P,07,5a33,07:59c1,
d835,P,07,5a4b,07:5a4b,
d838,P,07,5a53,07:5a4b,
d83b,P,07,5a5b,07:5a4b,
d84a,P,07,5a65,07:5a4b,
d512,P,07,5a6b,07:5a4b,
d85f,W,07,5a71,07:5a4b,
d860,W,07,5a76,07:5a4b,0a
d502,W,07,5a7b,07:5a4b,00
d503,W,07,5a80,07:5a4b,02
d504,W,07,5a85,07:5a4b,04
d85e,P,07,5a88,07:5a4b,
d862,P,07,5a8f,07:5a4b,
ce00,P,07,5a97,07:5a94,
d85f,R,07,5aac,07:5a94,
d862,P,07,5ab6,07:5a94,
d863,W,07,5ac5,07:5a94,02
d84a,P,07,5acc,07:5ac9,
d502,P,07,5ad7,07:5ac9,
d512,P,07,5add,07:5ac9,
d502,R,07,5afa,07:5afa,
d5cf,W,07,5b03,07:5afa,06
d503,R,07,5b07,07:5afa,
d5cf,W,07,5b10,07:5afa,05
d504,R,07,5b14,07:5afa,
d5cf,W,07,5b1c,07:5afa,07
d832,W,07,5b39,07:5b38,00
d833,W,07,5b3c,07:5b38,
d841,W,07,5b42,07:5b38,
d842,W,07,5b45,07:5b38,
d88e,R,07,5b48,07:5b38,
d844,W,07,5b53,07:5b38,
d845,W,07,5b56,07:5b38,
d847,W,07,5b5a,07:5b38,00
d848,W,07,5b5f,07:5b38,
ce00,P,07,5b68,07:5b38,
d861,W,07,5b73,07:5b38,02
d862,W,07,5b77,07:5b38,00
d85e,W,07,5b7a,07:5b38,
d863,P,07,5b7d,07:5b38,
d82f,P,07,5c68,07:5c68,
d835,P,07,5c7b,07:5c68,
d838,P,07,5c82,07:5c68,
d83b,P,07,5c89,07:5c68,
d84a,P,07,5c93,07:5c68,
d512,P,07,5c98,07:5c68,
d85f,W,07,5c9d,07:5c68,
d860,W,07,5ca2,07:5c68,0a
d502,P,07,5ca5,07:5c68,
d85e,P,07,5cac,07:5c68,
d862,P,07,5cb4,07:5c68,
ce00,P,07,5cbc,07:5cb9,
d85f,R,07,5cce,07:5cb9,
d862,P,07,5cd8,07:5cb9,
d863,W,07,5ce0,07:5cb9,04
d84a,P,07,5ce7,07:5ce4,
d502,P,07,5cf2,07:5ce4,
d512,P,07,5cf8,07:5ce4,
d832,W,07,5d22,07:5d21,00
d833,W,07,5d25,07:5d21,
d841,W,07,5d2b,07:5d21,
d842,W,07,5d2e,07:5d21,
d88e,R,07,5d31,07:5d21,
d844,W,07,5d3c,07:5d21,
d845,W,07,5d3f,07:5d21,
d847,W,07,5d43,07:5d21,00
d848,W,07,5d48,07:5d21,
ce00,P,07,5d51,07:5d21,
d861,W,07,5d5c,07:5d21,02
d862,W,07,5d60,07:5d21,00
d85e,W,07,5d63,07:5d21,
d863,P,07,5d66,07:5d21,
d82f,P,07,5e0c,07:5e0c,
d835,P,07,5e1f,07:5e0c,
d838,P,07,5e26,07:5e0c,
d83b,P,07,5e2d,07:5e0c,
d84a,P,07,5e37,07:5e0c,
d512,P,07,5e3c,07:5e0c,
d85f,W,07,5e41,07:5e0c,
d860,W,07,5e46,07:5e0c,0a
d502,P,07,5e49,07:5e0c,
d85e,P,07,5e50,07:5e0c,
d862,P,07,5e58,07:5e0c,
ce00,P,07,5e63,07:5e5d,
d85f,R,07,5e7d,07:5e5d,
d862,P,07,5e87,07:5e5d,
d863,W,07,5e8f,07:5e5d,06
d84a,P,07,5e96,07:5e93,
d502,P,07,5ea1,07:5e93,
d512,P,07,5ea7,07:5e93,
d84a,P,07,5ec7,07:5ec4,
d838,P,07,5ecf,07:5ec4,
ffc8,R,07,5edf,07:5ec4,
d832,W,07,5f00,07:5eff,00
d833,W,07,5f05,07:5eff,08
d834,W,07,5f08,07:5eff,
d841,W,07,5f0e,07:5eff,
d842,W,07,5f11,07:5eff,
d843,W,07,5f14,07:5eff,
d88e,R,07,5f17,07:5eff,
d844,W,07,5f22,07:5eff,
d845,W,07,5f25,07:5eff,
d846,W,07,5f28,07:5eff,
d847,W,07,5f2c,07:5eff,00
d848,W,07,5f2f,07:5eff,
d849,W,07,5f32,07:5eff,
ce00,P,07,5f3b,07:5eff,
d861,W,07,5f46,07:5eff,03
d862,W,07,5f4a,07:5eff,00
d85e,W,07,5f4d,07:5eff,
d863,P,07,5f50,07:5eff,
d82f,P,07,5ff5,07:5ff5,
d835,P,07,6006,07:5ff5,
d838,P,07,600e,07:5ff5,
d83b,P,07,6016,07:5ff5,
d84a,P,07,6020,07:5ff5,
d512,P,07,6026,07:5ff5,
d85f,W,07,602c,07:5ff5,
d860,W,07,6031,07:5ff5,0a
d502,P,07,6034,07:5ff5,
d85e,P,07,603e,07:5ff5,
d862,P,07,6046,07:5ff5,
ce00,P,07,604e,07:604b,
d85f,R,07,6063,07:604b,
d862,P,07,606d,07:604b,
d863,W,07,6075,07:604b,08
d84a,P,07,607c,07:6079,
d502,P,07,6087,07:6079,
d512,P,07,608d,07:6079,
d82f,W,07,60d2,07:60d1,00
d841,W,07,60d8,07:60d1,
d88e,R,07,60db,07:60d1,
d844,W,07,60e6,07:60d1,
d847,W,07,60ea,07:60d1,00
d88d,R,07,60f7,07:60d1,
ce00,P,07,6109,07:60d1,
d861,W,07,6114,07:60d1,01
d862,W,07,6118,07:60d1,00
d85e,W,07,611b,07:60d1,
d88d,R,07,611e,07:60d1,
d863,P,07,612b,07:60d1,
d832,W,07,61da,07:61d3,
d835,W,07,61df,07:61d3,60
d838,W,07,61e4,07:61d3,e0
d83b,P,07,61e7,07:61d3,
d84a,W,07,61ed,07:61d3,
d512,W,07,61f0,07:61d3,
d85f,W,07,61f3,07:61d3,
d865,W,07,61f6,07:61d3,
d860,W,07,61fb,07:61d3,14
d502,W,07,6200,07:61d3,00
d85e,P,07,6203,07:61d3,
d862,P,07,620a,07:61d3,
d502,R,07,620f,07:620f,
ce00,P,07,6219,07:620f,
d502,R,07,622b,07:620f,
d867,R,07,6232,07:620f,
d502,W,07,623c,07:620f,0c
d867,W,07,6248,07:620f,
d85f,R,07,624e,07:620f,
d502,R,07,6258,07:620f,
d863,W,07,6260,07:620f,0a
d88e,R,07,6263,07:620f,
d88e,W,07,626b,07:620f,
d88f,R,07,626e,07:620f,
d88f,W,07,6277,07:620f,00
d83b,P,07,627b,07:627b,
d85f,P,07,6283,07:627b,
d84a,P,07,628c,07:6289,
ffc8,R,07,629a,07:6289,
d500,R,07,62d5,07:62d5,
d863,W,07,62de,07:62d5,02
d88f,R,07,62e2,07:62d5,
d863,W,07,62f1,07:62d5,02
d502,W,07,62fd,07:62d5,00
d512,W,07,6300,07:62d5,
d863,P,07,6311,07:62d5,
d500,R,07,6316,07:6316,
d863,W,07,631f,07:6316,02
d502,R,07,6323,07:6316,
d512,R,07,632d,07:6316,
d502,W,07,633a,07:6316,
d512,W,07,6361,07:6316,
d863,W,07,6375,07:6316,02
d860,P,07,6387,07:6387,
d844,P,07,6391,07:6387,
d83b,P,07,639c,07:6387,
d83c,P,07,63b2,07:63b2,
d841,P,07,63b8,07:63b2,
d85f,P,07,63c4,07:63b2,
d84a,P,07,63ca,07:63b2,
d847,P,07,63d1,07:63b2,
d83c,P,07,63d6,07:63b2,
d82f,P,07,63e9,07:63b2,
d835,P,07,63ee,07:63b2,
d832,P,07,63f5,07:63b2,
d838,P,07,63fa,07:63b2,
d82f,P,07,6402,07:63b2,
d835,P,07,6407,07:63b2,
d832,P,07,6411,07:63b2,
d838,P,07,6416,07:63b2,
d502,P,07,6425,07:6424,
d835,P,07,6432,07:6424,
d838,P,07,6440,07:6424,
d512,P,07,644c,07:6424,
d502,P,07,6459,07:6424,
d512,P,07,6464,07:6424,
d866,W,07,6478,07:6470,
d84d,P,07,648a,07:648a,
d856,P,07,6494,07:648a,
d838,P,07,649c,07:648a,
d835,P,07,64a4,07:648a,
d835,P,07,64ac,07:648a,
d84e,P,07,64b1,07:648a,
d838,P,07,64b6,07:648a,
d856,P,07,64bb,07:648a,
d856,P,07,64c3,07:64c1,
d856,P,07,64cd,07:64cd,
ff8a,W,07,64df,07:64de,00
d864,R,07,64e1,07:64de,
d864,W,07,64e7,07:64de,
ff8a,W,07,64ee,07:64de,f0
ff8a,W,07,64f5,07:64de,10
d84d,P,07,64f7,07:64de,
d856,P,07,6501,07:64de,
d838,P,07,6509,07:64de,
d835,P,07,6511,07:64de,
d835,P,07,6519,07:64de,
ff8a,P,07,651e,07:64de,
d84e,P,07,6522,07:64de,
d838,P,07,6527,07:64de,
d856,P,07,652c,07:64de,
d856,P,07,6535,07:6532,
d84e,P,07,6542,07:6532,
d827,P,07,65a3,07:65a0,
d838,P,07,65b0,07:65a0,
d81f,P,07,65bb,07:65a0,
d835,P,07,65c0,07:65a0,
d84a,P,07,65d8,07:65d8,
d827,P,07,65e1,07:65d8,
d81a,R,07,65e7,07:65d8,
d81b,R,07,65ee,07:65d8,
d81b,W,07,65f2,07:65d8,
d84a,P,07,65f9,07:65d8,
d81c,W,07,6601,07:65d8,2d
d835,P,07,6604,07:65d8,
d81d,W,07,6609,07:65d8,
d838,P,07,660c,07:65d8,
d81e,W,07,6611,07:65d8,
d500,R,07,6617,07:6617,
d838,P,07,6623,07:6617,
d819,R,07,662e,07:6617,
d835,P,07,6631,07:6617,
d500,W,07,6646,07:6644,02
d510,W,07,664a,07:6644,00
d88d,W,07,664f,07:6644,01
d500,R,07,665a,07:665a,
d856,P,07,6666,07:665a,
d819,R,07,6671,07:665a,
d84e,P,07,6674,07:665a,
d500,W,07,6689,07:6687,02
d510,W,07,668d,07:6687,00
d88d,W,07,6692,07:6687,01
d827,P,07,66a0,07:669d,
d856,P,07,66ad,07:669d,
d81f,P,07,66b8,07:669d,
d84e,P,07,66bd,07:669d,
d856,P,07,66dc,07:66d5,
d827,P,07,66e2,07:66d5,
d502,R,07,66e9,07:66e9,
d827,P,07,66f2,07:66e9,
d838,P,07,66fb,07:66e9,
d81f,P,07,6708,07:66e9,
d835,P,07,670d,07:66e9,
d866,R,07,671f,07:66e9,
d000,P,07,672c,07:66e9,
d865,P,07,673b,07:673b,
d865,R,07,673f,07:673b,
d502,P,07,674d,07:673b,
d512,P,07,6752,07:673b,
d502,P,07,6769,07:673b,
d512,P,07,676e,07:673b,
d867,W,07,6774,07:673b,00
d88f,R,07,6778,07:673b,
d827,P,07,678b,07:673b,
d86b,P,07,6797,07:6797,
daa3,P,07,679a,07:6797,
d868,P,07,67aa,07:6797,
daa0,P,07,67ad,07:6797,
d86c,W,07,67ba,07:6797,01
d868,P,07,67c0,07:67be,
d868,P,07,67cd,07:67cc,
d86b,P,07,67d8,07:67cc,
d86b,P,07,681a,07:680d,
daa3,P,07,685a,07:6831,
ff9e,W,07,68f9,07:68f6,
ff9e,W,07,690d,07:690a,
ff9e,W,07,6921,07:691e,
d88f,R,07,6933,07:6932,
d581,P,07,693a,07:6932,
ff8a,W,07,6950,07:6950,
ff8a,R,07,695b,07:6950,
ff8a,R,07,6967,07:6950,
ff80,P,07,696c,07:6950,
ff8a,R,07,6982,07:6950,
d5d0,R,07,699c,07:699c,
d671,R,07,69ac,07:69ac,
d5d0,W,07,69b5,07:69ac,03
d66f,W,07,69d8,07:69ac,00
d5d0,P,07,69e1,07:69ac,
ffa2,R,07,69e8,07:69e8,
d5df,W,07,69ec,07:69e8,
d5d0,P,07,69f2,07:69e8,
d5df,R,07,69fc,07:69f9,
d671,R,07,6a03,07:69f9,
d5d0,P,07,6a0b,07:69f9,
d66e,R,07,6a12,07:6a12,
c000,P,07,6a1e,07:6a12,
c800,P,07,6a2c,07:6a12,
c900,P,07,6a3a,07:6a12,
d800,R,07,6a43,07:6a12,
d671,R,07,6a49,07:6a12,
ff9e,W,07,6a4c,07:6a12,
ff9e,W,07,6a58,07:6a12,
d66e,R,07,6a62,07:6a12,
d671,R,07,6a68,07:6a12,
ff9e,W,07,6a6b,07:6a12,
d66f,W,07,6a93,07:6a76,00
d5d0,P,07,6a9c,07:6a76,
ffa2,R,07,6aa3,07:6aa3,
d5df,W,07,6aa7,07:6aa3,
d5d0,P,07,6aad,07:6aa3,
d5df,R,07,6ab7,07:6ab4,
d670,W,07,6ac3,07:6ab4,ff
d5cf,P,07,6ac6,07:6ab4,
ffb3,R,07,6adb,07:6acd,
ffb3,W,07,6ade,07:6acd,
ffb3,R,07,6af6,07:6ae8,
ffb3,W,07,6af9,07:6ae8,
d5cf,R,07,6b03,07:6b03,
ffab,W,07,6b21,07:6b1f,43
d524,W,07,6b25,07:6b1f,e4
d525,W,07,6b2a,07:6b1f,d2
d526,W,07,6b2d,07:6b1f,
ffad,W,07,6b32,07:6b1f,10
ffae,W,07,6b35,07:6b1f,00
d7c2,P,07,6b37,07:6b1f,
d5cf,W,07,6baf,07:6b1f,01
ffa8,R,07,6bc4,07:6bbb,
d5cf,P,07,6bed,07:6bbb,
d5df,W,07,6bf5,07:6bbb,
d5cf,W,07,6c0c,07:6bbb,05
d7c8,P,07,6c14,07:6c10,
d7c2,P,07,6c1a,07:6c10,
d7c4,P,07,6c1f,07:6c10,
d7ca,P,07,6c2f,07:6c10,
d7c8,P,07,6c4a,07:6c10,
d7ce,P,07,6c5c,07:6c10,
d7c6,P,07,6c61,07:6c10,
d7c2,P,07,6c6a,07:6c10,
d7c4,P,07,6c6f,07:6c10,
d7c8,P,07,6cce,07:6ccb,
d7d0,P,07,6cd6,07:6ccb,
d7ce,P,07,6cee,07:6ccb,
d7ca,P,07,6d06,07:6cf9,
d7ca,P,07,6d19,07:6cf9,
d7cc,P,07,6d28,07:6cf9,
d7cc,P,07,6d35,07:6cf9,
d5d3,R,07,6d44,07:6d44,
d5d3,W,07,6d48,07:6d44,
ffa8,R,07,6d5f,07:6d44,
d5cf,P,07,6d88,07:6d44,
ffa9,R,07,6d8d,07:6d44,
d51f,W,07,6d9a,07:6d44,00
d50f,W,07,6d9d,07:6d44,
d7d2,R,07,6da0,07:6d44,
d674,W,07,6da3,07:6d44,
d7d3,R,07,6da6,07:6d44,
d675,W,07,6da9,07:6d44,
ffa9,R,07,6dac,07:6d44,
ffad,R,07,6dbc,07:6d44,
ffad,W,07,6dbf,07:6d44,
d5cf,W,07,6dca,07:6d44,03
ffad,R,07,6ddb,07:6d44,
ffad,W,07,6dde,07:6d44,
d5cf,W,07,6de9,07:6d44,04
ffa2,R,07,6df6,07:6ded,
d50f,P,07,6e1b,07:6ded,
d674,R,07,6e1f,07:6ded,
d7d2,W,07,6e22,07:6ded,
d50f,R,07,6e33,07:6ded,
ffad,R,07,6e44,07:6ded,
ffad,W,07,6e47,07:6ded,
d5cf,W,07,6e57,07:6ded,02
d5cf,W,07,6e79,07:6ded,01
ffa2,R,07,6e7d,07:6e7d,
d674,P,07,6e8b,07:6e7d,
d674,R,07,6e99,07:6e99,
d50f,R,07,6ea8,07:6e99,
d50f,R,07,6eae,07:6e99,
d51f,R,07,6ebe,07:6e99,
d50f,P,07,6ec4,07:6e99,
d51f,W,07,6ec9,07:6e99,00
d50f,R,07,6ecc,07:6e99,
d51f,P,07,6ed1,07:6e99,
d7d2,R,07,6ee0,07:6ee0,
ffc8,R,07,6eef,07:6ee0,
ffa2,R,07,6f08,07:6eff,
d50f,P,07,6f2d,07:6eff,
d675,R,07,6f31,07:6eff,
d7d3,W,07,6f34,07:6eff,
d50f,R,07,6f45,07:6eff,
ffad,R,07,6f56,07:6eff,
ffad,W,07,6f59,07:6eff,
ffaf,W,07,6f5e,07:6eff,
d5cf,W,07,6f6e,07:6eff,02
d5cf,W,07,6f90,07:6eff,01
ffa2,R,07,6f94,07:6f94,
d675,P,07,6fa2,07:6f94,
d675,R,07,6fb0,07:6fb0,
d50f,R,07,6fbf,07:6fb0,
d50f,R,07,6fc5,07:6fb0,
d51f,R,07,6fd5,07:6fb0,
d50f,P,07,6fdb,07:6fb0,
d51f,W,07,6fe0,07:6fb0,00
d50f,R,07,6fe3,07:6fb0,
d51f,P,07,6fe8,07:6fb0,
d7d3,R,07,6ff7,07:6ff7,
ffc8,R,07,7006,07:6ff7,
d5df,R,07,7020,07:701a,
d5ce,W,07,7029,07:701a,0b
d5cf,W,07,702e,07:701a,00
d5cf,P,07,7032,07:701a,
d561,R,07,7037,07:7037,
d5cf,W,07,703f,07:7037,09
ffab,W,07,7045,07:7037,43
d524,W,07,7049,07:7037,e4
d525,W,07,704c,07:7037,
d526,W,07,704f,07:7037,
ffae,W,07,7054,07:7037,10
ffad,W,07,7056,07:7037,
d5fc,W,07,7075,07:7037,00
d7d3,R,07,7078,07:7037,
d561,R,07,707e,07:7037,
d5fc,W,07,7084,07:7037,
d7d4,W,07,7089,07:7037,3c
d7d5,W,07,708c,07:7037,
d7d6,W,07,7091,07:7037,01
d5fc,R,07,7094,07:7037,
ff9e,W,07,7097,07:7037,
ffaf,W,07,70a3,07:7037,54
ffb5,W,07,70a5,07:7037,
ffac,P,07,70a7,07:7037,
ffc5,W,07,70b3,07:7037,01
d7d2,R,07,70be,07:7037,
d5cf,P,07,70d7,07:7037,
d7d5,P,07,70dc,07:70dc,
d7d4,R,07,70e2,07:70dc,
ffa8,R,07,70ec,07:70dc,
d5df,W,07,70f1,07:70dc,
d5cf,P,07,70f4,07:70dc,
ffac,P,07,70ff,07:70f9,
d5df,R,07,7109,07:70f9,
d5cf,W,07,7112,07:70f9,00
d5cf,W,07,7118,07:70f9,00
d5d0,W,07,711d,07:711c,00
dbcf,W,07,7122,07:711c,05
d5cf,P,07,7125,07:711c,
ff9e,W,07,712a,07:712a,
d7d3,R,07,7138,07:7138,
d5fc,R,07,713e,07:7138,
d7d6,P,07,7141,07:7138,
d561,P,07,7145,07:7138,
d561,R,07,7156,07:7138,
d5fc,W,07,715c,07:7138,
ff9e,W,07,715f,07:7138,
d7d2,R,07,7169,07:7138,
d5fc,R,07,716e,07:7138,
ff9e,W,07,7171,07:7138,
ffa8,R,07,717f,07:717f,
d7d6,W,07,7190,07:717f,01
ffa7,R,07,7193,07:717f,
d7d4,R,07,7196,07:717f,
d7d4,W,07,71ab,07:717f,
d5cf,R,07,71af,07:71af,
ffab,W,07,71c7,07:71c5,47
d524,W,07,71cb,07:71c5,e4
d525,W,07,71ce,07:71c5,
d526,W,07,71d3,07:71c5,d2
ffae,W,07,71d7,07:71c5,00
ffad,W,07,71d9,07:71c5,
da17,W,07,71db,07:71c5,
ff9e,W,07,71de,07:71c5,
da16,R,07,724a,07:71c5,
d5cf,W,07,7255,07:71c5,
ffa2,R,07,7263,07:7260,
d5df,W,07,7269,07:7260,
d5cf,R,07,726c,07:7260,
da30,W,07,726f,07:7260,
d5cf,W,07,7286,07:7260,08
ffa2,R,07,728a,07:7260,
da16,W,07,72a2,07:7260,01
d5cf,W,07,72a7,07:7260,02
da17,W,07,72c0,07:7260,00
da16,W,07,72c5,07:7260,02
d5cf,W,07,72ca,07:7260,03
da18,W,07,72e6,07:7260,00
ffa2,R,07,72ed,07:72ea,
d5df,W,07,72f3,07:72ea,
d5cf,R,07,72f6,07:72ea,
da30,W,07,72f9,07:72ea,
d5cf,W,07,7310,07:72ea,08
ffa2,R,07,7314,07:72ea,
da16,W,07,732b,07:72ea,00
d5cf,W,07,7330,07:72ea,01
da17,W,07,733a,07:72ea,01
da16,W,07,733f,07:72ea,02
d5cf,W,07,734b,07:72ea,03
da18,W,07,7357,07:72ea,01
ffa2,R,07,735e,07:735b,
d5df,W,07,7364,07:735b,
d5cf,R,07,7367,07:735b,
da30,W,07,736a,07:735b,
d5cf,W,07,7381,07:735b,08
ffa2,R,07,7385,07:735b,
da18,W,07,7390,07:735b,02
da16,W,07,73b7,07:735b,00
d5cf,W,07,73bc,07:735b,01
da16,W,07,73d4,07:735b,01
d5cf,W,07,73e0,07:735b,02
da17,R,07,73e7,07:735b,
ffae,W,07,7409,07:73ef,
ffad,W,07,7412,07:73ef,
ffae,W,07,741a,07:73ef,00
ffad,W,07,741c,07:73ef,
da19,R,07,7437,07:73ef,
da16,W,07,744d,07:73ef,03
d5cf,W,07,7452,07:73ef,04
da16,W,07,746a,07:73ef,04
d5cf,W,07,746f,07:73ef,05
da16,W,07,7487,07:73ef,05
d5cf,W,07,748c,07:73ef,06
da16,W,07,74a0,07:73ef,06
d5cf,W,07,74a5,07:73ef,07
ffa2,R,07,74ac,07:74a9,
d5df,W,07,74b2,07:74a9,
d5cf,R,07,74b5,07:74a9,
da30,W,07,74b8,07:74a9,
d5cf,W,07,74c4,07:74a9,08
ffa2,R,07,74c8,07:74a9,
da16,W,07,74e9,07:74a9,04
d5cf,W,07,74ee,07:74a9,05
da16,W,07,7511,07:74a9,05
d5cf,W,07,7516,07:74a9,06
da16,W,07,7539,07:74a9,06
d5cf,W,07,753e,07:74a9,07
da19,W,07,754a,07:74a9,00
ffa2,R,07,7554,07:7551,
d5df,W,07,755a,07:7551,
d5cf,R,07,755d,07:7551,
da30,W,07,7560,07:7551,
d5cf,W,07,756c,07:7551,08
ffa2,R,07,7570,07:7551,
da16,W,07,7591,07:7551,03
d5cf,W,07,7596,07:7551,04
da16,W,07,75b9,07:7551,05
d5cf,W,07,75be,07:7551,06
da16,W,07,75e1,07:7551,06
d5cf,W,07,75e6,07:7551,07
da19,W,07,75f3,07:7551,01
ffa2,R,07,75fd,07:75fa,
d5df,W,07,7603,07:75fa,
d5cf,R,07,7606,07:75fa,
da30,W,07,7609,07:75fa,
d5cf,W,07,7615,07:75fa,08
ffa2,R,07,7619,07:75fa,
da16,W,07,763a,07:75fa,04
d5cf,W,07,763f,07:75fa,05
da16,W,07,7662,07:75fa,03
d5cf,W,07,7667,07:75fa,04
da16,W,07,768a,07:75fa,06
d5cf,W,07,768f,07:75fa,07
da19,W,07,769c,07:75fa,02
ffa2,R,07,76a6,07:76a3,
d5df,W,07,76ac,07:76a3,
d5cf,R,07,76af,07:76a3,
da30,W,07,76b2,07:76a3,
d5cf,W,07,76be,07:76a3,08
ffa2,R,07,76c2,07:76a3,
da16,W,07,76e3,07:76a3,04
d5cf,W,07,76e8,07:76a3,05
da16,W,07,770b,07:76a3,05
d5cf,W,07,7710,07:76a3,06
da16,W,07,7733,07:76a3,03
d5cf,W,07,7738,07:76a3,04
da19,W,07,7745,07:76a3,03
da18,R,07,7775,07:774c,
da16,W,07,778c,07:774c,00
d5cf,W,07,7791,07:774c,01
da16,W,07,779b,07:7794,01
d5cf,W,07,77a0,07:7794,02
da16,W,07,77a6,07:7794,02
d5cf,W,07,77ab,07:7794,03
d5df,R,07,77af,07:77af,
da16,R,07,77b6,07:77af,
da30,R,07,77cc,07:77af,
d5cf,W,07,77cf,07:77af,
d5ce,W,07,77d3,07:77af,
d5cf,W,07,77d7,07:77af,00
d800,W,07,77da,07:77af,
d5ce,W,07,77ea,07:77af,19
d5cf,W,07,77ef,07:77af,02
d5ce,W,07,77fb,07:77af,08
d5cf,W,07,7800,07:77af,00
da16,R,07,780c,07:780c,
da16,R,07,7843,07:7843,
da16,R,07,78a1,07:7885,
da16,R,07,78b5,07:7885,
da1f,P,07,7900,07:7900,
da1a,R,07,7947,07:7937,
da1f,R,07,794d,07:7937,
da1a,R,07,79a7,07:7997,
da1f,R,07,79ad,07:7997,
da2f,R,07,79f7,07:79f7,
da2f,W,07,7a00,07:79f7,00
da1f,P,07,7b08,07:7b05,
da29,P,07,7b18,07:7b05,
da24,P,07,7b1d,07:7b05,
da1a,P,07,7b25,07:7b05,
da1f,P,07,7b33,07:7b05,
da1a,P,07,7b3e,07:7b05,
ffc8,R,07,7be7,07:7bdc,
da2e,W,07,7be9,07:7bdc,
ffc8,R,07,7c56,07:7c4b,
da2e,W,07,7c58,07:7c4b,
ffc8,R,07,7cc5,07:7cba,
da2e,W,07,7cc7,07:7cba,
da2e,R,07,7d14,07:7d11,
ffc8,P,07,7d17,07:7d11,
d5cf,R,08,4000,Bank008_StateDispatch,
ffab,W,08,400c,Bank008_State00,43
d524,W,08,4010,Bank008_State00,e4
d525,W,08,4013,Bank008_State00,
d526,W,08,4018,Bank008_State00,c6
ffae,W,08,401c,Bank008_State00,00
ffad,W,08,401e,Bank008_State00,
d5cf,P,08,4056,Bank008_State00,
ffa2,R,08,4061,Bank008_State01,
d5df,W,08,4066,Bank008_State01,
d5cf,P,08,4069,Bank008_State01,
d5df,R,08,406e,Bank008_State02,
d5ce,W,08,4077,Bank008_State02,06
d5cf,W,08,407c,Bank008_State02,00
d5fa,R,08,4086,Bank008_State02,
d5cf,P,08,4095,Bank008_State02,
d5ce,W,08,409a,Bank008_State02,
d5cf,W,08,409e,Bank008_State02,00
d808,P,08,40a1,Bank008_State02,
d5fa,R,08,40b3,08:40b3,
ffa2,R,08,40c2,08:40b3,
ffa2,R,08,40dc,08:40dc,
d5fa,P,08,40ea,08:40dc,
d5cf,R,08,40f8,08:40f8,
d5d6,W,08,411c,08:411a,09
d5d7,W,08,4121,08:411a,03
d5d0,W,08,4125,08:411a,00
d67a,W,08,4128,08:411a,
dbcb,W,08,412b,08:411a,
dbcc,W,08,412e,08:411a,
d806,W,08,4131,08:411a,
d5db,W,08,4136,08:411a,01
d5cf,P,08,4139,08:411a,
ff9e,W,08,413e,08:413e,
d5df,R,08,4149,08:4149,
d5ce,W,08,4152,08:4149,1b
d5cf,W,08,4157,08:4149,00
ffab,W,08,415d,08:4149,43
d524,W,08,4161,08:4149,e4
d525,W,08,4164,08:4149,
d526,W,08,4169,08:4149,d2
ffae,W,08,416d,08:4149,00
ffad,W,08,4171,08:4149,10
ff9e,W,08,4173,08:4149,
d5d8,R,08,4212,08:4149,
d5f3,W,08,4215,08:4149,
dbcb,R,08,4218,08:4149,
dbcc,R,08,421e,08:4149,
d5f3,R,08,4224,08:4149,
ff9e,W,08,4227,08:4149,
d7c1,R,08,4231,08:4149,
d7c1,W,08,4239,08:4149,00
dbcc,W,08,423e,08:4149,01
ff9e,W,08,4241,08:4149,
ff9e,W,08,424d,08:4149,
d5f3,R,08,4257,08:4149,
ff9e,W,08,425a,08:4149,
ffaf,W,08,4266,08:4149,54
ffb5,W,08,4268,08:4149,
ffac,P,08,426a,08:4149,
ffc5,W,08,4276,08:4149,01
d5cf,W,08,428d,08:4149,03
ffa1,R,08,4294,08:4291,
ffa2,R,08,429a,08:4291,
d5cf,P,08,42aa,08:4291,
ffa2,R,08,42af,08:4291,
d806,R,08,42bc,08:4291,
d806,W,08,42c1,08:4291,
d5df,W,08,42da,08:4291,
d5cf,W,08,42df,08:4291,07
ffc8,R,08,42e3,08:42e3,
d5d1,W,08,42ec,08:42e3,
d5d2,W,08,42f2,08:42e3,
d5d1,R,08,42f5,08:42e3,
d5d2,R,08,42fd,08:42e3,
d806,R,08,430a,08:42e3,
d5d1,R,08,4313,08:42e3,
d5d2,R,08,431b,08:42e3,
d5d3,R,08,4329,08:4329,
d5d3,W,08,432d,08:4329,
ffa2,R,08,4344,08:4329,
d5cf,P,08,4354,08:4329,
ffa3,R,08,4359,08:4329,
d51f,W,08,4366,08:4329,00
d50f,W,08,4369,08:4329,
ffa3,R,08,436c,08:4329,
ffad,R,08,438a,08:4329,
ffad,W,08,438d,08:4329,
ffaf,W,08,4392,08:4329,
d5cf,W,08,439d,08:4329,05
ffad,R,08,43ca,08:4329,
ffad,W,08,43cd,08:4329,
ffaf,W,08,43d2,08:4329,
d5cf,W,08,43dd,08:4329,06
ffa2,R,08,43e7,08:43e1,
ffad,R,08,4412,08:43e1,
ffad,W,08,4415,08:43e1,
ffaf,W,08,441a,08:43e1,
ff9e,W,08,4423,08:43e1,
d5cf,W,08,4434,08:43e1,04
d5cf,W,08,443d,08:43e1,03
daab,R,08,4441,08:4441,
ffa1,P,08,4444,08:4441,
daab,W,08,4457,08:4441,
ffa3,R,08,445a,08:4441,
daab,R,08,4467,08:4467,
ffa1,R,08,4479,08:4467,
ffa2,R,08,448f,08:4489,
d50f,P,08,44b4,08:4489,
d50f,R,08,44c6,08:4489,
ffad,R,08,44d7,08:4489,
ffad,W,08,44da,08:4489,
ffaf,W,08,44df,08:4489,
d5cf,W,08,44f2,08:4489,04
d674,R,08,44f6,08:4489,
d5cf,W,08,44fe,08:4489,09
d5cf,W,08,4504,08:4489,0c
d674,R,08,4508,08:4508,
ffa2,R,08,452c,08:452c,
d674,W,08,453a,08:452c,01
d674,R,08,4545,08:4545,
d50f,R,08,4554,08:4545,
d51f,R,08,456b,08:4545,
d50f,P,08,4571,08:4545,
d51f,W,08,4576,08:4545,00
d50f,R,08,4579,08:4545,
d51f,P,08,457e,08:4545,
ffac,P,08,4593,08:458d,
d5df,R,08,459d,08:458d,
d803,W,08,45a5,08:458d,00
d814,W,08,45a8,08:458d,
d804,W,08,45ad,08:458d,01
d5cf,P,08,45b0,08:458d,
d67a,R,08,45b5,08:458d,
d5cf,W,08,45bd,08:458d,00
d5ce,W,08,45c7,08:458d,09
d5cf,W,08,45cc,08:458d,00
d5df,W,08,45d2,08:458d,01
d5ce,W,08,45d7,08:458d,0a
d5cf,W,08,45dc,08:458d,02
d814,R,08,45e0,08:45e0,
d803,R,08,45e6,08:45e0,
d806,R,08,45f0,08:45e0,
d5cf,W,08,45fa,08:45e0,02
d803,P,08,45fe,08:45e0,
dbcb,R,08,4602,08:45e0,
d5f3,R,08,460a,08:45e0,
ff9e,W,08,460d,08:45e0,
db4f,W,08,4617,08:45e0,
db4e,W,08,461b,08:45e0,
db4d,W,08,461f,08:45e0,
ff9e,W,08,4622,08:45e0,
db6d,W,08,462d,08:45e0,00
db6e,W,08,4630,08:45e0,
d801,W,08,4634,08:45e0,00
db6f,W,08,4637,08:45e0,
d806,R,08,463a,08:45e0,
d801,W,08,4643,08:45e0,01
d802,W,08,4648,08:45e0,10
d5ce,W,08,464d,08:45e0,1d
d5cf,W,08,4652,08:45e0,00
d5f3,R,08,4656,08:45e0,
ff9e,W,08,4659,08:45e0,
db4f,W,08,4663,08:45e0,
db4e,W,08,4667,08:45e0,
db4d,W,08,466b,08:45e0,
ff9e,W,08,466e,08:45e0,
db6d,W,08,467a,08:45e0,01
db6e,W,08,467d,08:45e0,
d801,W,08,4681,08:45e0,00
db6f,W,08,4684,08:45e0,
d806,R,08,4687,08:45e0,
d801,W,08,4690,08:45e0,01
d802,W,08,4695,08:45e0,10
d5ce,W,08,469a,08:45e0,1d
d5cf,W,08,469f,08:45e0,00
d803,P,08,46a3,08:45e0,
d5f3,R,08,46a7,08:45e0,
da95,W,08,46aa,08:45e0,
ff9e,W,08,46ad,08:45e0,
ff9e,W,08,46d3,08:45e0,
ff9e,W,08,46dd,08:45e0,
ff9e,W,08,46e7,08:45e0,
ff9e,W,08,46f1,08:45e0,
ff9e,W,08,46fb,08:45e0,
ff9e,W,08,4705,08:45e0,
ff9e,W,08,470f,08:45e0,
ff9e,W,08,4719,08:45e0,
ff9e,W,08,4723,08:45e0,
ff9e,W,08,472d,08:45e0,
c000,P,08,473a,08:45e0,
c800,P,08,4746,08:45e0,
db4f,W,08,4750,08:45e0,00
db4e,W,08,4755,08:45e0,c0
db4d,W,08,475a,08:45e0,00
db6d,W,08,475f,08:45e0,04
db6e,W,08,4763,08:45e0,00
d801,W,08,4768,08:45e0,01
d802,W,08,476d,08:45e0,13
db6f,W,08,4771,08:45e0,00
d5ce,W,08,4776,08:45e0,1d
d5cf,W,08,477b,08:45e0,00
ffac,P,08,4785,08:477f,
d5d0,W,08,4790,08:477f,00
d5cf,P,08,4793,08:477f,
ff9e,W,08,4798,08:4798,
d5f3,R,08,47a3,08:47a3,
ff9e,W,08,47a6,08:47a3,
d5df,W,08,47b2,08:47a3,01
dbcb,W,08,47b6,08:47a3,00
ffac,P,08,47c2,08:47bc,
d5d0,W,08,47cd,08:47bc,00
d5cf,P,08,47d0,08:47bc,
ff9e,W,08,47d5,08:47d5,
d5df,W,08,47e2,08:47e0,01
dbcb,W,08,47e7,08:47e0,01
dbcb,R,08,480c,08:47ed,
dbcc,R,08,4812,08:47ed,
d5f3,R,08,4818,08:47ed,
ff9e,W,08,481b,08:47ed,
d7c1,R,08,4825,08:47ed,
d7c1,W,08,482d,08:47ed,00
dbcc,W,08,4832,08:47ed,01
ff9e,W,08,4835,08:47ed,
ff9e,W,08,4840,08:47ed,
d5cf,R,08,4887,08:4887,
ffab,W,08,4899,08:4897,43
d524,W,08,489d,08:4897,e4
d525,W,08,48a0,08:4897,
d526,W,08,48a5,08:4897,d2
ffae,W,08,48a9,08:4897,00
ffad,W,08,48ab,08:4897,
d810,W,08,48ad,08:4897,
ff9e,W,08,48b0,08:4897,
d5cf,P,08,490e,08:4897,
ffa2,R,08,4927,08:4913,
d5df,W,08,492a,08:4913,
d5cf,P,08,4943,08:4913,
d5cf,W,08,4954,08:4913,04
ffa3,R,08,4958,08:4958,
d807,R,08,495b,08:4958,
d807,P,08,496e,08:4958,
d810,R,08,4996,08:497f,
ffa2,R,08,49a3,08:497f,
d5df,W,08,49a6,08:497f,
d5cf,P,08,49b4,08:497f,
d5cf,P,08,49c4,08:497f,
d5cf,W,08,49d5,08:497f,04
ffa8,R,08,49d9,08:49d9,
d810,R,08,49de,08:49d9,
d561,P,08,49e1,08:49d9,
d810,R,08,4a04,08:49d9,
ffa9,R,08,4a0e,08:4a0e,
d810,R,08,4a11,08:4a0e,
d810,P,08,4a24,08:4a0e,
ffa2,R,08,4a49,08:4a38,
d5df,W,08,4a4c,08:4a38,
d5cf,P,08,4a5a,08:4a38,
d5cf,P,08,4a6a,08:4a38,
d5cf,P,08,4a79,08:4a38,
d5df,R,08,4a84,08:4a7e,
d803,W,08,4a8c,08:4a7e,00
d814,W,08,4a8f,08:4a7e,
d804,W,08,4a94,08:4a7e,01
d5cf,P,08,4a97,08:4a7e,
d5ce,W,08,4a9e,08:4a7e,1b
d5cf,W,08,4aa3,08:4a7e,00
d814,R,08,4aa7,08:4aa7,
d803,R,08,4aad,08:4aa7,
d5cf,W,08,4ab6,08:4aa7,00
d808,P,08,4ac3,08:4aa7,
d803,R,08,4ac8,08:4aa7,
d803,R,08,4ad9,08:4aa7,
ff9e,W,08,4adc,08:4aa7,
db4f,W,08,4ae6,08:4aa7,
db4e,W,08,4aea,08:4aa7,
db4d,W,08,4aee,08:4aa7,
d803,R,08,4af1,08:4aa7,
ff9e,W,08,4af4,08:4aa7,
ff9e,W,08,4afe,08:4aa7,
db6d,W,08,4b09,08:4aa7,00
db6e,W,08,4b0e,08:4aa7,04
d801,W,08,4b13,08:4aa7,01
db6f,W,08,4b16,08:4aa7,
d807,R,08,4b1b,08:4aa7,
d804,R,08,4b1f,08:4aa7,
d802,W,08,4b32,08:4aa7,
d5ce,W,08,4b37,08:4aa7,1d
d5cf,W,08,4b3c,08:4aa7,00
d804,W,08,4b40,08:4aa7,00
d803,P,08,4b43,08:4aa7,
d811,R,08,4b63,08:4b63,
d811,W,08,4b6c,08:4b63,00
d807,R,08,4ba6,08:4ba3,
d808,P,08,4bc6,08:4bc6,
d810,R,08,4bfc,08:4bfa,
ff8a,W,08,4c12,08:4c12,
ff8a,R,08,4c24,08:4c12,
d808,P,08,4c2f,08:4c12,
ff8a,R,08,4c34,08:4c12,
ff8a,W,08,4c44,08:4c12,
ff8a,R,08,4c4b,08:4c12,
d810,R,08,4c73,08:4c73,
d808,P,08,4c7f,08:4c73,
d810,R,08,4c84,08:4c73,
d803,R,08,4c98,08:4c98,
d808,P,08,4ca4,08:4c98,
d803,R,08,4caa,08:4c98,
d805,W,08,4cce,08:4ccd,00
d810,R,08,4cd1,08:4ccd,
ff9e,W,08,4cd4,08:4ccd,
ffa1,R,08,4d16,08:4d16,
d805,R,08,4d1b,08:4d16,
d805,W,08,4d26,08:4d16,
d805,W,08,4d2b,08:4d16,
d810,R,08,4d2e,08:4d16,
ff9e,W,08,4d31,08:4d16,
c000,P,08,4d40,08:4d16,
d805,W,08,4d4b,08:4d16,00
ffa7,R,08,4d4e,08:4d16,
ffa1,W,08,4d50,08:4d16,
ffa8,R,08,4d52,08:4d16,
ffa2,W,08,4d54,08:4d16,
ffa9,R,08,4d56,08:4d16,
ffa3,W,08,4d58,08:4d16,
c000,P,08,4d5d,08:4d16,
d812,W,08,4d6b,08:4d6a,00
d813,W,08,4d6e,08:4d6a,
d810,R,08,4d71,08:4d6a,
d812,R,08,4da1,08:4da1,
d812,W,08,4daa,08:4da1,00
d810,R,08,4db9,08:4db9,
d808,P,08,4dc5,08:4db9,
d810,R,08,4dca,08:4db9,
d813,R,08,4dda,08:4db9,
d813,W,08,4de3,08:4db9,00
d5d0,R,08,4df2,08:4df2,
ffab,W,08,4dfe,08:4dfc,43
d524,W,08,4e02,08:4dfc,e4
d525,W,08,4e07,08:4dfc,d2
d526,W,08,4e0a,08:4dfc,
ffae,W,08,4e0e,08:4dfc,00
ffad,W,08,4e10,08:4dfc,
d500,W,08,4e12,08:4dfc,
d510,W,08,4e15,08:4dfc,
d500,W,08,4e18,08:4dfc,
ff9e,W,08,4e54,08:4dfc,
d5d0,P,08,4e6d,08:4dfc,
ffa2,R,08,4e9d,08:4e94,
d5df,W,08,4ea4,08:4e94,
d5d0,P,08,4ea7,08:4e94,
d5cf,P,08,4eb4,08:4eae,
d500,R,08,4ebb,08:4ebb,
d203,P,08,4ec9,08:4ebb,
d200,W,08,4ed4,08:4ebb,8f
d201,W,08,4ed9,08:4ebb,e0
d202,W,08,4ede,08:4ebb,10
d213,W,08,4ee2,08:4ebb,00
d200,P,08,4ee6,08:4ebb,
d500,R,08,4eec,08:4ebb,
d500,W,08,4ef5,08:4ebb,00
d5ce,R,08,4ef9,08:4ef9,
d7c1,R,08,4f12,08:4ef9,
ffc8,R,08,4f34,08:4ef9,
ffa3,R,08,4f45,08:4f45,
d7c1,R,08,4f48,08:4f45,
d7c1,R,08,4f76,08:4f75,
ffb3,W,08,4f7d,08:4f75,00
ffab,R,08,4f7f,08:4f75,
ffab,W,08,4f83,08:4f75,
ffb4,W,08,4f87,08:4f75,07
d7c1,W,08,4f94,08:4f75,
ff9e,W,08,4f97,08:4f75,
ffae,W,08,4fa8,08:4f75,
ffab,R,08,4faa,08:4f75,
ffab,W,08,4fad,08:4f75,
ffb4,W,08,4fb1,08:4f75,
ffb3,W,08,4fde,08:4fd9,00
ffae,W,08,4fe7,08:4fd9,
ffab,R,08,4fe9,08:4fd9,
ffab,W,08,4fec,08:4fd9,
ffb4,W,08,4ff0,08:4fd9,
ffae,W,08,5003,08:4fd9,
d7c1,W,08,5007,08:4fd9,
ff9e,W,08,500a,08:4fd9,
ffab,R,08,5015,08:4fd9,
ffab,W,08,5018,08:4fd9,
ffb4,W,08,501c,08:4fd9,
d7c1,R,08,5037,08:5037,
ffad,R,08,5061,08:5037,
ffae,R,08,506a,08:5037,
d7c1,R,08,507f,08:507f,
ffad,R,08,50a9,08:507f,
ffae,R,08,50b2,08:507f,
d7c1,R,08,50f6,08:50f6,
db61,P,08,5106,08:50f6,
db51,P,08,5111,08:50f6,
d5d0,R,08,5191,08:5191,
ffab,W,08,519d,08:519b,43
d524,W,08,51a1,08:519b,e4
d525,W,08,51a6,08:519b,d2
d526,W,08,51a9,08:519b,
ffae,W,08,51ad,08:519b,00
ffad,W,08,51af,08:519b,
d500,W,08,51b1,08:519b,
d510,W,08,51b4,08:519b,
d500,W,08,51b7,08:519b,
ffaf,W,08,51fe,08:519b,38
ffb5,W,08,5200,08:519b,
ffac,P,08,5202,08:519b,
ffc5,W,08,520e,08:519b,01
d5d0,P,08,5222,08:519b,
ffa2,R,08,523a,08:5231,
d5df,W,08,5241,08:5231,
d5d0,P,08,5244,08:5231,
ffac,P,08,5251,08:524b,
d5cf,P,08,525b,08:524b,
d500,R,08,5262,08:5262,
d203,P,08,5270,08:5262,
d200,W,08,527b,08:5262,8f
d201,W,08,5280,08:5262,e0
d202,W,08,5285,08:5262,10
d213,W,08,5289,08:5262,00
d200,P,08,528d,08:5262,
d500,R,08,5293,08:5262,
d500,W,08,529c,08:5262,00
d5ff,R,08,52a8,08:52a0,
ffc8,R,08,52ca,08:52a0,
ffa3,R,08,52db,08:52db,
d582,R,08,52e0,08:52db,
d5ff,R,08,52e9,08:52db,
d5ff,W,08,5315,08:5315,
ffb3,W,08,5319,08:5315,00
ffae,W,08,5325,08:5315,
ffab,R,08,5327,08:5315,
ffab,W,08,532a,08:5315,
ffb4,W,08,532e,08:5315,
d5ff,W,08,5365,08:5365,
ffb3,W,08,5369,08:5365,00
ffae,W,08,5375,08:5365,
ffab,R,08,5377,08:5365,
ffab,W,08,537a,08:5365,
ffb4,W,08,537e,08:5365,
ff44,R,08,53b5,08:53b5,
d5ff,R,08,53bc,08:53bc,
d5ff,R,08,540d,08:540d,
db51,P,08,5420,08:540d,
d5ff,R,08,543c,08:543c,
d5ff,R,08,5481,08:5481,
d5cf,R,08,7241,08:723e,
ffab,W,08,7251,08:724f,41
d524,W,08,7255,08:724f,e4
ffae,W,08,7259,08:724f,00
ffad,W,08,725b,08:724f,
d582,W,08,725e,08:724f,00
d562,W,08,7263,08:724f,18
d582,W,08,72b9,08:724f,01
d562,W,08,72be,08:724f,1e
d5cf,P,08,72db,08:724f,
ffb0,W,08,731e,08:731c,f9
ffb0,W,08,7328,08:731c,fe
ffb0,W,08,7332,08:731c,ff
ffb0,W,08,733d,08:733b,fe
ffb0,W,08,7347,08:733b,f9
ffb0,W,08,7351,08:733b,e4
ffab,W,08,735c,08:735a,d3
ffae,W,08,735f,08:735a,00
ffad,W,08,7361,08:735a,
d500,W,08,7363,08:735a,
d510,W,08,7366,08:735a,
d815,W,08,736b,08:735a,ff
ffaf,W,08,739d,08:735a,5c
ffb5,W,08,739f,08:735a,
ffac,P,08,73a1,08:735a,
ffc5,W,08,73ad,08:735a,01
d5cf,W,08,73c9,08:735a,03
ffab,W,08,73cf,08:73cd,53
d524,W,08,73d3,08:73cd,e4
ffae,W,08,73d7,08:73cd,00
ffad,W,08,73d9,08:73cd,
d500,W,08,73db,08:73cd,
d510,W,08,73de,08:73cd,
d815,W,08,73e3,08:73cd,ff
ffaf,W,08,7418,08:73cd,5c
ffb5,W,08,741a,08:73cd,
ffac,P,08,741c,08:73cd,
ffc5,W,08,7428,08:73cd,01
d5cf,P,08,7440,08:73cd,
ffa1,R,08,7448,08:7445,
d510,W,08,7450,08:7445,ff
ffa8,R,08,745b,08:7445,
d5df,W,08,7460,08:7445,
d5cf,P,08,7463,08:7445,
ffac,P,08,746e,08:7468,
d5ce,W,08,747a,08:7468,00
d5cf,W,08,747f,08:7468,00
d500,R,08,7483,08:7483,
c000,P,08,748b,08:7483,
d815,R,08,748f,08:7483,
d510,R,08,7497,08:7483,
d500,R,08,74a3,08:7483,
d500,W,08,74a7,08:7483,
d510,W,08,74ac,08:7483,
d815,W,08,74b0,08:74b0,
c000,P,08,74f4,08:74f1,
c001,P,08,7510,08:74f1,
c030,W,08,7518,08:74f1,ff
c031,W,08,751c,08:74f1,00
c00e,R,09,4000,09:4000,
c00f,W,09,401b,09:401a,00
c010,W,09,401e,09:401a,
c00e,P,09,4021,09:401a,
c010,R,09,4026,09:4026,
c018,P,09,402c,09:4026,
c00f,R,09,4031,09:4026,
c00f,R,09,4041,09:4026,
c00f,W,09,4045,09:4026,
c010,R,09,4048,09:4026,
c011,W,09,404b,09:4026,
c00e,P,09,404e,09:4026,
c011,R,09,4053,09:4053,
c018,P,09,4059,09:4053,
c013,W,09,405e,09:4053,
c014,W,09,4063,09:4053,
c015,W,09,4067,09:4053,
c016,W,09,406b,09:4053,
c012,W,09,4070,09:4053,18
c013,R,09,4073,09:4053,
c00e,P,09,4079,09:4053,
c00e,W,09,4080,09:4053,04
c016,R,09,4088,09:4084,
c011,R,09,408e,09:4084,
c011,W,09,4092,09:4084,
c00e,P,09,4095,09:4084,
c011,W,09,409b,09:4084,00
c00e,W,09,40a0,09:4084,05
c016,R,09,40a8,09:40a4,
c011,R,09,40ae,09:40a4,
c011,W,09,40b3,09:40a4,
c00e,W,09,40b8,09:40a4,02
c011,W,09,40bd,09:40a4,00
c00e,P,09,40c0,09:40a4,
ffa1,R,09,40c5,09:40c5,
c015,R,09,40ca,09:40c5,
c015,P,09,40d0,09:40c5,
c011,R,09,40d3,09:40c5,
c011,W,09,40dd,09:40c5,00
c011,W,09,40e2,09:40c5,00
c016,R,09,40e5,09:40c5,
c00e,P,09,40ec,09:40c5,
c00e,W,09,40f7,09:40c5,09
c004,W,09,40fd,09:40c5,01
c00e,W,09,4102,09:40c5,0a
c011,R,09,4106,09:4106,
c018,P,09,410c,09:4106,
c013,W,09,4111,09:4106,
c012,W,09,4116,09:4106,
c015,W,09,411a,09:4106,
c016,W,09,411e,09:4106,
c014,W,09,4123,09:4106,fc
c013,R,09,4126,09:4106,
c00e,P,09,412c,09:4106,
c00e,W,09,4133,09:4106,08
c016,R,09,413b,09:4137,
c011,R,09,4141,09:4137,
c011,W,09,4145,09:4137,
c00e,P,09,4148,09:4137,
c010,W,09,414e,09:4137,00
c00e,W,09,4153,09:4137,01
c016,R,09,415b,09:4157,
c011,R,09,4161,09:4157,
c011,W,09,4166,09:4157,
c00e,W,09,416b,09:4157,06
c010,W,09,4170,09:4157,00
c00e,W,09,4175,09:4157,01
c018,P,09,4179,09:4179,
c011,R,09,41ab,09:4179,
c011,W,09,41af,09:4179,
c010,W,09,41b6,09:4179,
c00e,W,09,41bb,09:4179,01
c011,R,09,41d1,09:41bf,
c011,R,09,41ea,09:41bf,
c012,R,09,41ff,09:41ff,
c012,W,09,4203,09:41ff,
c011,R,09,4210,09:41ff,
c018,P,09,4216,09:41ff,
c012,R,09,422c,09:41ff,
c014,P,09,422f,09:41ff,
c012,R,09,4234,09:4234,
c012,W,09,4238,09:4234,
c011,R,09,4245,09:4234,
c018,P,09,424b,09:4234,
c012,R,09,426a,09:4234,
c014,P,09,426d,09:4234,
d5d0,R,09,4281,09:4281,
ffab,W,09,428f,09:428d,63
d524,W,09,4293,09:428d,e4
d525,W,09,4298,09:428d,d2
d526,W,09,429b,09:428d,
ffae,W,09,429f,09:428d,00
ffad,W,09,42a1,09:428d,
da94,W,09,42a3,09:428d,
da91,W,09,42a6,09:428d,
da92,W,09,42a9,09:428d,
da93,W,09,42ac,09:428d,
ffb4,W,09,42b1,09:428d,07
ffb3,W,09,42b5,09:428d,94
ff9e,W,09,42b7,09:428d,
ff9e,W,09,4310,09:428d,
ff9e,W,09,431a,09:428d,
ff9e,W,09,4324,09:428d,
ff9e,W,09,432e,09:428d,
ff9e,W,09,4338,09:428d,
ff9e,W,09,4342,09:428d,
ff9e,W,09,434c,09:428d,
ff9e,W,09,4356,09:428d,
ff9e,W,09,4360,09:428d,
ff9e,W,09,436a,09:428d,
d5d0,P,09,437e,09:428d,
ffa2,R,09,4385,09:4385,
d5d0,P,09,4391,09:4385,
ffa2,R,09,4398,09:4385,
d5df,W,09,439f,09:4385,
d5d0,W,09,43a4,09:4385,03
ffa2,R,09,43b9,09:43aa,
d5d0,P,09,43c7,09:43aa,
d5cf,P,09,43d4,09:43ce,
da93,R,09,43db,09:43db,
ffa2,R,09,43f3,09:43f3,
da91,R,09,43ff,09:43f3,
da70,P,09,4405,09:43f3,
da92,R,09,4409,09:43f3,
ffa3,R,09,4414,09:4414,
da91,R,09,4420,09:4414,
da70,P,09,4426,09:4414,
da91,R,09,442f,09:4414,
da91,W,09,4435,09:4414,
ffa3,R,09,4439,09:4439,
da91,R,09,443e,09:4439,
da91,W,09,444c,09:4439,
ffa3,R,09,4450,09:4450,
da91,R,09,4455,09:4450,
da91,W,09,4462,09:4450,
ffc8,R,09,4466,09:4466,
da91,R,09,4474,09:4474,
ffc8,R,09,448d,09:4474,
da93,R,09,449a,09:449a,
da92,R,09,44a3,09:449a,
da94,R,09,44b2,09:449a,
ffc8,R,09,44cb,09:449a,
ffa3,R,09,44f5,09:44f5,
da93,R,09,44f8,09:44f5,
da93,W,09,452b,09:44f5,
da92,R,09,4531,09:44f5,
da93,W,09,454e,09:44f5,01
da92,R,09,4558,09:44f5,
da92,P,09,4582,09:44f5,
da94,R,09,4591,09:4590,
da94,W,09,4598,09:4590,
da94,R,09,45a1,09:45a0,
da94,W,09,45a8,09:45a0,
ce00,P,09,45b2,09:45b0,
ced0,P,09,45c0,09:45b0,
cee0,P,09,45ce,09:45b0,
cef0,P,09,45dc,09:45b0,
da91,R,09,45eb,09:45eb,
da70,P,09,45f1,09:45eb,
da91,R,09,45f7,09:45eb,
da70,P,09,461e,09:461e,
da68,R,09,463f,09:463f,
da68,R,09,465f,09:465f,
da69,P,09,468a,09:4687,
da6b,P,09,4692,09:4687,
da6c,P,09,469a,09:4687,
da6d,R,09,46c9,09:46c6,
da6e,R,09,46d8,09:46c6,
da6f,R,09,470c,09:4706,
da8e,R,09,471b,09:4706,
da8e,R,09,4728,09:4706,
da8e,R,09,474d,09:474d,
da95,R,09,4778,09:4775,
da5f,P,09,47b6,09:47b6,
ffb3,R,09,482a,09:481c,
ffb3,W,09,482d,09:481c,
ffad,R,09,4838,09:481c,
ffad,W,09,483b,09:481c,
ffb3,R,09,484f,09:4841,
ffb3,W,09,4852,09:4841,
ffad,R,09,485d,09:4841,
ffad,W,09,4860,09:4841,
da94,R,09,4866,09:4866,
d5cf,R,09,4883,Bank009_StateDispatch,
ff40,R,09,48b9,Bank009_State00,
d5df,R,09,48c2,Bank009_State00,
d5ce,W,09,48cb,Bank009_State00,00
d5cf,W,09,48d0,Bank009_State00,00
ffab,W,09,48d6,Bank009_State00,47
d524,W,09,48da,Bank009_State00,e4
d525,W,09,48df,Bank009_State00,d3
d526,W,09,48e4,Bank009_State00,93
ffae,W,09,48e8,Bank009_State00,00
ffad,W,09,48ea,Bank009_State00,
d5fd,R,09,4938,Bank009_State00,
d5cf,P,09,4948,Bank009_State00,
ffa2,R,09,4953,Bank009_State01,
d5df,W,09,4958,Bank009_State01,
d5cf,P,09,496d,Bank009_State01,
d5df,R,09,4972,Bank009_State02,
d5df,R,09,497c,Bank009_State02,
d5cf,W,09,4985,Bank009_State02,00
d5ce,W,09,498b,Bank009_State02,00
d5cf,W,09,4990,Bank009_State02,00
d5fd,R,09,499a,Bank009_State02,
d5cf,W,09,49a5,Bank009_State02,
d5cf,R,09,49a8,Bank009_State02,
ff9e,W,09,49ae,Bank009_State02,
da4d,P,09,49b9,Bank009_State02,
d5cf,W,09,49c7,Bank009_State02,06
ffab,W,09,49d1,Bank009_State03,47
d524,W,09,49d5,Bank009_State03,e4
d525,W,09,49d8,Bank009_State03,
d526,W,09,49dd,Bank009_State03,d2
ffae,W,09,49e1,Bank009_State03,00
ffad,W,09,49e3,Bank009_State03,
ff9e,W,09,49e5,Bank009_State03,
ffaf,W,09,4a34,Bank009_State03,50
ffb5,W,09,4a36,Bank009_State03,
ffac,P,09,4a38,Bank009_State03,
ffc5,W,09,4a44,Bank009_State03,01
d5cf,P,09,4a68,Bank009_State03,
ffa2,R,09,4a70,Bank009_State04,
d5df,W,09,4a75,Bank009_State04,
d5cf,P,09,4a78,Bank009_State04,
ffc8,R,09,4a7d,09:4a7d,
ff44,R,09,4a82,09:4a7d,
ffc8,R,09,4a88,09:4a7d,
d5df,R,09,4ac8,Bank009_State05,
ffac,P,09,4ad5,Bank009_State05,
d5cf,P,09,4adf,Bank009_State05,
ffac,P,09,4aea,Bank009_State05,
d5cf,W,09,4af6,Bank009_State05,00
ffab,W,09,4afc,Bank009_State06,43
d524,W,09,4b00,Bank009_State06,e4
d525,W,09,4b03,Bank009_State06,
d526,W,09,4b08,Bank009_State06,d2
ffad,W,09,4b0d,Bank009_State06,fc
ffae,W,09,4b10,Bank009_State06,00
da3b,W,09,4b12,Bank009_State06,
da3c,W,09,4b15,Bank009_State06,
da3d,W,09,4b18,Bank009_State06,
da41,W,09,4b1b,Bank009_State06,
da42,W,09,4b1e,Bank009_State06,
da43,W,09,4b21,Bank009_State06,
d5cf,P,09,4b89,Bank009_State06,
ff9e,W,09,4bce,Bank009_State11,
d5cf,W,09,4bda,Bank009_State11,03
ffab,W,09,4be0,Bank009_State12,47
d524,W,09,4be4,Bank009_State12,e4
d525,W,09,4be7,Bank009_State12,
d526,W,09,4bec,Bank009_State12,d2
ffae,W,09,4bf0,Bank009_State12,00
ffad,W,09,4bf2,Bank009_State12,
ff9e,W,09,4bf4,Bank009_State12,
d5cf,P,09,4c49,Bank009_State12,
ffa2,R,09,4c4e,Bank009_State13,
d5cf,P,09,4c53,Bank009_State13,
d5cf,W,09,4c60,Bank009_State14,00
ffab,W,09,4c66,Bank009_State15,47
d524,W,09,4c6a,Bank009_State15,e4
d525,W,09,4c6d,Bank009_State15,
d526,W,09,4c72,Bank009_State15,d2
ffae,W,09,4c76,Bank009_State15,00
ffad,W,09,4c78,Bank009_State15,
ff9e,W,09,4c7a,Bank009_State15,
d5cf,P,09,4ccf,Bank009_State15,
ffa2,R,09,4cd4,Bank009_State16,
d5cf,P,09,4cd9,Bank009_State16,
d5cf,W,09,4ce6,Bank009_State17,00
ff9e,W,09,4cf2,Bank009_State18,
daa7,R,09,4cfc,Bank009_State18,
daa6,R,09,4d06,Bank009_State18,
ffab,W,09,4d10,Bank009_State18,41
d524,W,09,4d14,Bank009_State18,e4
d525,W,09,4d17,Bank009_State18,
d526,W,09,4d1a,Bank009_State18,
ffae,W,09,4d1e,Bank009_State18,00
ffad,W,09,4d20,Bank009_State18,
c000,W,09,4d22,Bank009_State18,
c001,W,09,4d25,Bank009_State18,
c002,W,09,4d28,Bank009_State18,
c003,W,09,4d2b,Bank009_State18,
d5cf,W,09,4d82,Bank009_State18,17
ffab,W,09,4d88,Bank009_State18,41
d524,W,09,4d8c,Bank009_State18,e4
d525,W,09,4d8f,Bank009_State18,
d526,W,09,4d92,Bank009_State18,
ffae,W,09,4d96,Bank009_State18,00
ffad,W,09,4d98,Bank009_State18,
c000,W,09,4d9a,Bank009_State18,
c001,W,09,4d9d,Bank009_State18,
c005,W,09,4da0,Bank009_State18,
d5cf,P,09,4ddd,Bank009_State18,
ffa2,R,09,4de2,Bank009_State19,
c001,R,09,4de9,Bank009_State19,
c001,W,09,4df2,Bank009_State19,00
c000,R,09,4df6,Bank009_State19,
c000,W,09,4dfc,Bank009_State19,
c005,R,09,4e1f,Bank009_State19,
c005,W,09,4e23,Bank009_State19,
ffab,W,09,4e31,Bank009_State19,43
d524,W,09,4e35,Bank009_State19,e4
d525,W,09,4e38,Bank009_State19,
d526,W,09,4e3d,Bank009_State19,d2
ffae,W,09,4e41,Bank009_State19,00
ffad,W,09,4e43,Bank009_State19,
c000,W,09,4e45,Bank009_State19,
c001,W,09,4e48,Bank009_State19,
c002,W,09,4e4b,Bank009_State19,
c003,W,09,4e4e,Bank009_State19,
c005,W,09,4e51,Bank009_State19,
c006,P,09,4e54,Bank009_State19,
d5cf,P,09,4e9f,Bank009_State19,
ffa2,R,09,4ea4,Bank009_State20,
c001,R,09,4eb1,Bank009_State20,
c001,W,09,4eba,Bank009_State20,00
c000,R,09,4ebe,Bank009_State20,
c000,W,09,4ec4,Bank009_State20,
c006,P,09,4ecc,Bank009_State20,
c005,R,09,4ede,Bank009_State20,
c005,W,09,4ee2,Bank009_State20,
ffab,W,09,4ef0,Bank009_State20,47
d524,W,09,4ef4,Bank009_State20,e1
d525,W,09,4ef9,Bank009_State20,f3
d526,W,09,4efc,Bank009_State20,
ffae,W,09,4f01,Bank009_State20,28
ffad,W,09,4f04,Bank009_State20,00
c000,W,09,4f06,Bank009_State20,
c001,W,09,4f09,Bank009_State20,
c005,W,09,4f0c,Bank009_State20,
c004,W,09,4f0f,Bank009_State20,
c00e,W,09,4f12,Bank009_State20,
d5cf,P,09,4f65,Bank009_State20,
c006,P,09,4f6a,09:4f6a,
c003,R,09,4f9d,09:4f9d,
c003,W,09,4fa3,09:4f9d,
c002,R,09,4fa8,09:4f9d,
c002,W,09,4fb1,09:4f9d,00
c002,R,09,4fb4,09:4f9d,
ffa2,R,09,4fd5,Bank009_State21,
c000,R,09,4fdf,Bank009_State21,
c001,R,09,4fed,Bank009_State21,
c001,W,09,4ff5,Bank009_State21,00
c000,R,09,4ffb,Bank009_State21,
c000,W,09,5004,Bank009_State21,00
c005,R,09,5007,Bank009_State21,
c005,W,09,500c,Bank009_State21,
c000,R,09,5018,Bank009_State21,
c005,R,09,5033,Bank009_State21,
c000,R,09,5041,Bank009_State21,
c004,R,09,5049,Bank009_State21,
ffab,W,09,5053,Bank009_State21,c1
d524,W,09,5057,Bank009_State21,e4
d525,W,09,505a,Bank009_State21,
d526,W,09,505d,Bank009_State21,
ffae,W,09,5061,Bank009_State21,00
ffad,W,09,5063,Bank009_State21,
d5cf,P,09,5095,Bank009_State21,
ffa2,R,09,50d0,Bank009_State22,
d5cf,W,09,50dc,Bank009_State22,18
c000,R,09,50e0,Bank009_State23,
c001,R,09,50ee,Bank009_State23,
c001,W,09,50f6,Bank009_State23,00
c000,R,09,50fc,Bank009_State23,
c003,R,09,5104,Bank009_State23,
c003,W,09,5108,Bank009_State23,
c000,W,09,510c,Bank009_State23,00
c000,R,09,5112,Bank009_State23,
c003,R,09,512d,Bank009_State23,
c003,W,09,5138,Bank009_State23,00
ffa2,R,09,513b,Bank009_State23,
d5cf,P,09,5140,Bank009_State23,
c002,R,09,5155,09:5155,
c002,W,09,515e,09:5155,00
d5cf,W,09,5194,Bank009_State24,00
ffa3,R,09,5198,09:5198,
d5fd,R,09,519b,09:5198,
d5fd,P,09,51ae,09:5198,
da33,P,09,5219,09:5219,
da37,P,09,521c,09:5219,
ff8a,W,09,5224,09:5219,04
ff8a,R,09,5235,09:5219,
da37,R,09,523d,09:5219,
da38,R,09,5248,09:5219,
da39,R,09,5255,09:5219,
da3a,R,09,5260,09:5219,
d5fd,R,09,526d,09:526d,
d5fd,R,09,527c,09:526d,
ffc8,R,09,5286,09:526d,
ffa2,R,09,52be,09:529f,
d5df,W,09,52c2,09:529f,
ffad,W,09,52cd,09:529f,00
ffb0,W,09,52cf,09:529f,
ff42,P,09,52d1,09:529f,
ff41,R,09,52d4,09:529f,
ff42,W,09,52db,09:529f,00
ff47,W,09,52dd,09:529f,
ffad,W,09,52ef,09:52e9,
ff44,R,09,52f1,09:52e9,
ff41,R,09,52f7,09:52e9,
ff42,W,09,52fe,09:52e9,
da97,R,09,5311,09:530e,
da96,R,09,5317,09:530e,
da99,R,09,5320,09:530e,
da98,R,09,5326,09:530e,
da9b,R,09,532f,09:530e,
da9a,R,09,5335,09:530e,
da9e,R,09,533e,09:530e,
da9f,R,09,5345,09:530e,
da9d,R,09,534e,09:530e,
da9c,R,09,5354,09:530e,
daa3,R,09,5375,09:5372,
daa2,R,09,537b,09:5372,
daa1,R,09,5381,09:5372,
daa0,R,09,5387,09:5372,
daa5,R,09,5390,09:5372,
daa4,R,09,5396,09:5372,
daa7,R,09,539f,09:5372,
daa6,R,09,53a9,09:5372,
da49,P,09,548c,09:5489,
da4d,P,09,54bc,09:54bc,
da4d,P,09,54d5,09:54d5,
da56,R,09,54ee,09:54ee,
da56,R,09,550c,09:550c,
da57,P,09,552b,09:5528,
da59,P,09,5536,09:5528,
da5a,P,09,5541,09:5528,
da57,P,09,5574,09:5571,
da59,P,09,557c,09:5571,
da5a,P,09,5584,09:5571,
da56,R,09,55ae,09:55ae,
da56,R,09,55d7,09:55d7,
da3d,R,09,57b4,09:57b4,
ffc8,R,09,57bf,09:57b4,
da3d,R,09,57e1,09:57e1,
da3b,R,09,57f3,09:57e1,
ffc8,R,09,57fe,09:57e1,
da3b,R,09,580b,09:57e1,
ffc8,R,09,581a,09:57e1,
da3d,R,09,586a,09:5843,
da41,P,09,5883,09:5881,
da3e,P,09,5893,09:5881,
da41,P,09,589c,09:5881,
da3e,P,09,58ad,09:5881,
da3c,R,09,58c2,09:58c2,
ffc8,R,09,58d0,09:58c2,
da3c,R,09,5b3b,09:5b39,
da3c,P,09,5b61,09:5b39,
ffa3,P,09,5b6f,09:5b6f,
ffa3,P,09,5b81,09:5b81,
ffa2,R,09,5b9d,09:5b9d,
da3c,R,09,5ba2,09:5b9d,
da3d,R,09,5bc3,09:5b9d,
da3c,R,09,5bca,09:5b9d,
da3d,R,09,5bd7,09:5b9d,
da3c,R,09,5be6,09:5b9d,
da3b,R,09,5bed,09:5b9d,
da4d,P,09,5bf3,09:5b9d,
da3b,R,09,5c03,09:5b9d,
da3b,W,09,5c0a,09:5b9d,
da3b,R,09,5c14,09:5b9d,
da3b,W,09,5c1d,09:5b9d,
da3b,R,09,5c28,09:5b9d,
da3b,W,09,5c2e,09:5b9d,
da41,W,09,5c3b,09:5b9d,01
da3d,W,09,5c3f,09:5b9d,00
da42,W,09,5c4f,09:5b9d,01
da3d,W,09,5c54,09:5b9d,01
da43,W,09,5c64,09:5b9d,01
da3d,W,09,5c69,09:5b9d,02
da3b,R,09,5c9b,09:5b9d,
da4d,P,09,5ca1,09:5b9d,
da3b,W,09,5cc0,09:5b9d,
da3b,R,09,5ccd,09:5b9d,
da3b,W,09,5cd4,09:5b9d,
da3b,W,09,5cfd,09:5b9d,00
da3c,R,09,5d00,09:5b9d,
da3c,W,09,5d10,09:5b9d,00
da3d,W,09,5d15,09:5b9d,03
d5cf,P,09,5d1f,09:5b9d,
ffa2,R,09,5d24,09:5d24,
da3c,R,09,5d29,09:5d24,
da56,R,09,5d3b,09:5d24,
da3c,P,09,5d40,09:5d24,
da56,W,09,5d44,09:5d24,
da3b,W,09,5d64,09:5d24,00
da3d,W,09,5d67,09:5d24,
da3c,W,09,5d6c,09:5d24,41
d5cf,P,09,5d76,09:5d24,
da3b,W,09,5d8a,09:5d24,00
da3c,R,09,5d8d,09:5d24,
da3c,W,09,5d99,09:5d24,00
da3d,W,09,5d9e,09:5d24,04
d5cf,P,09,5da8,09:5d24,
ffa2,R,09,5dad,09:5dad,
da3c,R,09,5db2,09:5dad,
da3b,R,09,5dc4,09:5dad,
da57,P,09,5dce,09:5dad,
da3c,R,09,5dd6,09:5dad,
da57,P,09,5de7,09:5dad,
da3c,R,09,5def,09:5dad,
da3b,R,09,5e07,09:5dad,
da3b,W,09,5e0e,09:5dad,
da3b,R,09,5e12,09:5dad,
da3b,W,09,5e1a,09:5dad,
da3b,R,09,5e25,09:5dad,
da3b,W,09,5e2c,09:5dad,
da3b,W,09,5e46,09:5dad,00
da3c,W,09,5e4b,09:5dad,04
da3d,W,09,5e50,09:5dad,03
d5cf,P,09,5e5a,09:5dad,
da3b,W,09,5e6e,09:5dad,00
da3c,R,09,5e71,09:5dad,
da3c,W,09,5e81,09:5dad,00
da3d,W,09,5e86,09:5dad,05
d5cf,P,09,5e90,09:5dad,
ffa2,R,09,5e95,09:5e95,
da3c,R,09,5e9a,09:5e95,
da56,R,09,5eac,09:5e95,
da3c,R,09,5eb2,09:5e95,
da56,W,09,5eba,09:5e95,
da3b,W,09,5ed8,09:5e95,00
da3c,W,09,5edd,09:5e95,0f
da3d,W,09,5ee2,09:5e95,04
d5cf,P,09,5eec,09:5e95,
d5cf,P,09,5efe,09:5e95,
ffa2,R,09,5f03,09:5f03,
da3b,R,09,5f08,09:5f03,
da3b,W,09,5f0e,09:5f03,
ffc8,R,09,5f12,09:5f12,
ffb0,R,09,5f17,09:5f12,
ffb0,W,09,5f1b,09:5f12,
da3b,R,09,5f1e,09:5f1e,
da4d,P,09,5f24,09:5f1e,
da3b,R,09,5f2a,09:5f1e,
ffa1,R,09,5f60,09:5f4b,
ffab,W,09,5f69,09:5f4b,41
d524,W,09,5f6d,09:5f4b,e4
ffae,W,09,5f71,09:5f4b,00
ffad,W,09,5f73,09:5f4b,
ffa2,R,09,5f9e,09:5f4b,
ff9e,W,09,5fa8,09:5f4b,
ff9e,W,09,5fb2,09:5f4b,
ff9e,W,09,5fbc,09:5f4b,
ff9e,W,09,5fcc,09:5f4b,
ff9e,W,09,5fd6,09:5f4b,
d5cf,R,09,5fe3,09:5fe3,
ffab,W,09,6007,09:6005,43
d524,W,09,600b,09:6005,e4
d525,W,09,600e,09:6005,
d526,W,09,6013,09:6005,d2
ffae,W,09,6017,09:6005,00
ffad,W,09,6019,09:6005,
d092,W,09,601b,09:6005,
ff9e,W,09,601e,09:6005,
d581,R,09,6028,09:6005,
d9f8,W,09,6030,09:6005,02
d9f8,R,09,6033,09:6005,
d091,W,09,603e,09:6005,
ffaf,W,09,607b,09:6005,48
ffb5,W,09,607d,09:6005,
ffac,P,09,607f,09:6005,
ffc5,W,09,608b,09:6005,01
d5cf,P,09,60a0,09:6005,
d091,R,09,60b0,09:60a8,
d5df,R,09,60b8,09:60a8,
ffac,P,09,60c5,09:60a8,
d5cf,P,09,60cf,09:60a8,
ffac,P,09,60dd,09:60a8,
d5ce,W,09,60e9,09:60a8,00
d5cf,W,09,60ee,09:60a8,00
ffa2,R,09,60f2,09:60f2,
d5df,W,09,60f8,09:60f2,
d091,W,09,610f,09:60f2,15
d092,W,09,6113,09:60f2,00
ffa3,R,09,6117,09:60f2,
d9f8,R,09,611a,09:60f2,
d9f8,W,09,612d,09:60f2,
d091,W,09,613f,09:60f2,
d092,W,09,6143,09:60f2,00
ffab,W,09,614c,09:614a,47
d524,W,09,6150,09:614a,e4
d525,W,09,6153,09:614a,
d526,W,09,6158,09:614a,d2
ffb8,W,09,615d,09:614a,b8
ffad,W,09,6161,09:614a,f0
ffba,W,09,6165,09:614a,e0
ffae,W,09,6168,09:614a,00
ffbc,W,09,616a,09:614a,
ffbe,W,09,616c,09:614a,
ff9e,W,09,616e,09:614a,
ff9e,W,09,61b0,09:614a,
ffaf,W,09,61bf,09:614a,08
ffb5,W,09,61c1,09:614a,
ffb6,W,09,61c5,09:614a,5b
ffb7,W,09,61c7,09:614a,
ffac,P,09,61c9,09:614a,
ffc5,W,09,61d5,09:614a,07
d5cf,P,09,61ea,09:614a,
d04e,W,09,61fc,09:61ef,00
d5cf,P,09,61ff,09:61ef,
d00b,R,09,622d,09:6204,
d04d,W,09,623b,09:6204,00
d050,W,09,623e,09:6204,
d04f,R,09,6241,09:6204,
d04f,W,09,6245,09:6204,
d5cf,P,09,6248,09:6204,
d000,R,09,624d,09:624d,
d001,P,09,6250,09:624d,
d002,R,09,6256,09:624d,
d002,W,09,625c,09:624d,00
d00a,W,09,625f,09:624d,
d00c,W,09,6262,09:624d,
d009,W,09,6267,09:624d,05
d00b,W,09,626c,09:624d,0d
d00e,R,09,6270,09:6270,
d00f,P,09,6273,09:6270,
d010,R,09,6279,09:6270,
d010,W,09,627f,09:6270,00
d015,W,09,6282,09:6270,
d00c,W,09,6285,09:6270,
d014,W,09,628a,09:6270,04
d00b,W,09,628f,09:6270,0f
d017,R,09,6293,09:6293,
d018,P,09,6296,09:6293,
d019,R,09,629c,09:6293,
d019,W,09,62a2,09:6293,00
d01e,W,09,62a5,09:6293,
d01d,W,09,62aa,09:6293,05
d024,R,09,62ae,09:62ae,
d025,P,09,62b1,09:62ae,
d026,R,09,62b7,09:62ae,
d026,W,09,62bd,09:62ae,00
d02a,R,09,62d9,09:62c1,
ffa2,R,09,62e2,09:62c1,
d04d,W,09,62e8,09:62c1,ff
ffa2,R,09,62f0,09:62c1,
d04d,R,09,62f4,09:62c1,
d04d,W,09,62fc,09:62c1,01
d04d,R,09,6303,09:62c1,
d003,W,09,630c,09:62c1,33
d008,W,09,6311,09:62c1,03
d00a,W,09,6315,09:62c1,00
d00c,W,09,6318,09:62c1,
d015,W,09,631b,09:62c1,
d01e,W,09,631e,09:62c1,
d009,W,09,6323,09:62c1,07
d00b,W,09,6328,09:62c1,03
d014,W,09,632d,09:62c1,06
d01d,W,09,6332,09:62c1,07
d5cf,P,09,634a,09:62c1,
d00d,R,09,634f,09:634f,
ffa2,R,09,6383,09:634f,
d5cf,W,09,638b,09:634f,0e
d00d,R,09,638f,09:634f,
d5cf,P,09,639e,09:634f,
ffa2,P,09,63a3,09:63a3,
ffc8,R,09,63ac,09:63a3,
d001,R,09,63e1,09:63a3,
d000,R,09,63ec,09:63a3,
d047,R,09,63f2,09:63a3,
d00d,R,09,63f8,09:63a3,
d00d,W,09,6400,09:63a3,03
d016,R,09,6403,09:63a3,
d016,W,09,640b,09:63a3,03
d01f,R,09,640e,09:63a3,
d01f,W,09,6416,09:63a3,03
ffac,P,09,641f,09:63a3,
d5cf,W,09,642b,09:63a3,0b
d5cf,W,09,6431,09:642f,03
d5cf,W,09,6437,09:6435,03
d5cf,W,09,643d,09:643b,06
ffab,W,09,6443,09:6441,23
d524,W,09,6447,09:6441,e4
d525,W,09,644a,09:6441,
d526,W,09,644f,09:6441,d2
ffae,W,09,6454,09:6441,10
ffbc,W,09,6456,09:6441,
ffb4,W,09,645a,09:6441,97
ffad,W,09,645d,09:6441,00
ffbe,W,09,645f,09:6441,
ffb3,W,09,6461,09:6441,
ffaf,W,09,64ae,09:6441,07
ffb5,W,09,64b0,09:6441,
ffb6,W,09,64b4,09:6441,5a
ffb7,W,09,64b6,09:6441,
ffac,P,09,64b8,09:6441,
ffc5,W,09,64c4,09:6441,03
d090,W,09,64d7,09:6441,00
d00d,R,09,64e6,09:6441,
d5cf,P,09,64ff,09:6441,
d020,W,09,6505,09:6504,00
d021,W,09,6508,09:6504,
d04c,W,09,650b,09:6504,
d049,W,09,650e,09:6504,
d04a,W,09,6511,09:6504,
d08f,W,09,6514,09:6504,
d04b,W,09,6519,09:6504,00
d048,W,09,651e,09:6504,74
d08e,W,09,6523,09:6504,fc
d016,R,09,6526,09:6504,
d048,W,09,653d,09:6504,02
d01f,R,09,6540,09:6504,
d048,W,09,6557,09:6504,02
d00d,R,09,6567,09:6567,
d000,W,09,6577,09:6567,
d005,W,09,657b,09:6567,
d009,W,09,657f,09:6567,
d00b,W,09,6583,09:6567,
d001,W,09,6587,09:6567,00
d00a,W,09,658a,09:6567,
d00c,W,09,658d,09:6567,
d004,W,09,6592,09:6567,01
d016,R,09,65a2,09:65a2,
d00e,W,09,65b2,09:65a2,
d013,W,09,65b6,09:65a2,
d014,W,09,65ba,09:65a2,
d00f,W,09,65be,09:65a2,00
d015,W,09,65c1,09:65a2,
d012,W,09,65c6,09:65a2,01
d01f,R,09,65d3,09:65d3,
d017,W,09,65e3,09:65d3,
d01c,W,09,65e7,09:65d3,
d01d,W,09,65eb,09:65d3,
d018,W,09,65ef,09:65d3,00
d01e,W,09,65f2,09:65d3,
d01b,W,09,65f7,09:65d3,01
d051,W,09,6605,09:6604,00
d052,P,09,6608,09:6604,
d00d,R,09,6657,09:6642,
d048,R,09,666e,09:6642,
d090,R,09,6675,09:6642,
d090,W,09,6683,09:6642,00
d090,R,09,6688,09:6642,
d090,W,09,6697,09:6642,01
ffa2,R,09,669a,09:6642,
d5cf,W,09,66a1,09:6642,0e
d048,R,09,66a5,09:66a5,
d054,P,09,66af,09:66a5,
ffac,P,09,66c2,09:66bc,
d5cf,W,09,66ce,09:66bc,00
d000,P,09,66d5,09:66d2,
d044,R,09,673f,09:673f,
d044,W,09,6745,09:673f,
d003,W,09,6748,09:673f,
ffa2,P,09,674b,09:673f,
d009,R,09,6751,09:6751,
ffa2,R,09,6759,09:6751,
d003,R,09,6762,09:6751,
d003,W,09,6768,09:6751,
d003,R,09,676c,09:6751,
d003,W,09,6778,09:6751,
d002,R,09,677b,09:6751,
d008,W,09,6786,09:6751,
d009,R,09,67c5,09:67c5,
ffa2,R,09,67cd,09:67c5,
d003,R,09,67d9,09:67c5,
d005,W,09,67e4,09:67c5,
d003,R,09,67e7,09:67c5,
d007,W,09,67ec,09:67c5,
d00a,W,09,67f0,09:67c5,00
d04e,W,09,67f3,09:67c5,
d009,W,09,67f8,09:67c5,0c
d009,R,09,6830,09:6830,
ffa2,R,09,6838,09:6830,
d007,R,09,683e,09:6830,
d007,W,09,6846,09:6830,00
d007,R,09,684a,09:6830,
d007,W,09,6856,09:6830,
d009,R,09,687a,09:687a,
d003,R,09,6882,09:687a,
d002,W,09,688d,09:687a,
d004,W,09,6896,09:687a,
d002,R,09,6899,09:687a,
d009,R,09,689e,09:687a,
d008,R,09,68a5,09:687a,
d008,W,09,68ac,09:687a,
d008,R,09,68af,09:687a,
d004,W,09,68b5,09:687a,
d002,W,09,68bb,09:687a,01
d003,R,09,68fa,09:68fa,
d00b,R,09,68ff,09:68fa,
d00b,W,09,6909,09:68fa,06
d00b,W,09,6912,09:68fa,0b
d009,R,09,6916,09:6916,
d004,W,09,6920,09:6916,01
d004,W,09,6927,09:6916,01
d00a,R,09,692a,09:6916,
d007,R,09,6930,09:6916,
d005,R,09,693a,09:6916,
d005,W,09,6941,09:6916,00
d00a,W,09,6948,09:6916,00
d009,W,09,694d,09:6916,10
d009,R,09,6951,09:6916,
d005,W,09,695a,09:6916,00
d003,R,09,695d,09:6916,
d003,W,09,6965,09:6916,00
d009,R,09,696a,09:6916,
d04f,R,09,6991,09:698e,
d014,R,09,699b,09:698e,
d010,W,09,69a7,09:698e,
d050,R,09,69c6,09:69c3,
d01d,R,09,69cf,09:69c3,
d019,W,09,69db,09:69c3,
d005,R,09,69ef,09:69ef,
d02c,P,09,69f5,09:69ef,
d000,P,09,6a00,09:69ef,
d044,W,09,6a32,09:69ef,05
d04a,R,09,6a40,09:6a40,
d049,W,09,6a4b,09:6a40,
ffa2,R,09,6a4e,09:6a40,
d04a,R,09,6a54,09:6a40,
d04a,W,09,6a5a,09:6a40,
d04a,R,09,6a5e,09:6a40,
d04a,W,09,6a6a,09:6a40,
d002,P,09,6ad6,09:6ad6,
d000,P,09,6ad9,09:6ad6,
d001,R,09,6adf,09:6ad6,
d000,R,09,6aea,09:6ad6,
d00d,R,09,6af0,09:6ad6,
d047,R,09,6af5,09:6ad6,
d047,W,09,6af9,09:6ad6,
d00d,W,09,6afc,09:6ad6,
d010,P,09,6b00,09:6b00,
d00e,P,09,6b03,09:6b00,
d00f,R,09,6b09,09:6b00,
d00e,R,09,6b14,09:6b00,
d016,R,09,6b1a,09:6b00,
d047,R,09,6b1f,09:6b00,
d047,W,09,6b23,09:6b00,
d016,W,09,6b26,09:6b00,
d019,P,09,6b2a,09:6b2a,
d017,P,09,6b2d,09:6b2a,
d000,P,09,6b33,09:6b2a,
d017,P,09,6b36,09:6b2a,
d050,W,09,6b4e,09:6b2a,01
d018,R,09,6b51,09:6b2a,
d017,R,09,6b5c,09:6b2a,
d01f,R,09,6b62,09:6b2a,
d047,R,09,6b67,09:6b2a,
d047,W,09,6b6b,09:6b2a,
d01f,W,09,6b6e,09:6b2a,
d026,P,09,6b72,09:6b72,
d024,P,09,6b75,09:6b72,
d020,R,09,6b7c,09:6b7c,
d021,R,09,6b83,09:6b7c,
d021,R,09,6b8c,09:6b7c,
d020,R,09,6b94,09:6b7c,
d020,W,09,6b9c,09:6b7c,00
d021,W,09,6ba1,09:6b7c,14
d020,P,09,6ba5,09:6ba5,
d000,P,09,6ba8,09:6ba5,
d048,R,09,6bbb,09:6bb1,
d049,P,09,6bc8,09:6bb1,
d048,W,09,6bdd,09:6bb1,02
d056,P,09,6bf2,09:6bef,
d053,P,09,6c29,09:6bef,
d052,P,09,6c30,09:6bef,
d053,P,09,6c40,09:6bef,
d052,P,09,6c45,09:6bef,
d053,P,09,6c66,09:6bef,
d055,P,09,6c6b,09:6bef,
d054,P,09,6c70,09:6bef,
d048,R,09,6c7b,09:6c7b,
d052,P,09,6c89,09:6c7b,
d054,P,09,6c93,09:6c7b,
d054,P,09,6c9a,09:6c7b,
d08f,R,09,6ca1,09:6ca1,
d08f,W,09,6ca9,09:6ca1,
d08e,W,09,6cca,09:6ca1,
d009,R,09,6cce,09:6ca1,
d08e,W,09,6cd7,09:6ca1,0c
d08e,W,09,6cdd,09:6ca1,0d
d020,P,09,6d12,09:6d12,
d000,R,09,6d15,09:6d12,
d001,R,09,6d1b,09:6d12,
ffb8,W,09,6d2a,09:6d12,a0
d005,R,09,6d33,09:6d12,
ffb8,W,09,6d3d,09:6d12,
d009,P,09,6d43,09:6d12,
d004,R,09,6d46,09:6d12,
d009,R,09,6d4e,09:6d12,
d002,R,09,6d55,09:6d12,
d04e,W,09,6d5e,09:6d12,05
d04e,R,09,6d61,09:6d12,
d04e,W,09,6d68,09:6d12,
d005,R,09,6d88,09:6d12,
d00b,P,09,6d92,09:6d12,
d004,R,09,6d95,09:6d12,
d020,P,09,6e06,09:6e06,
d00e,R,09,6e09,09:6e06,
d00f,R,09,6e0f,09:6e06,
d013,R,09,6e23,09:6e06,
d014,P,09,6e2a,09:6e06,
d012,R,09,6e2d,09:6e06,
d020,P,09,6e96,09:6e96,
d017,R,09,6e99,09:6e96,
d018,R,09,6e9f,09:6e96,
d01c,R,09,6eb3,09:6e96,
d01d,P,09,6eba,09:6e96,
d01b,R,09,6ebd,09:6e96,
d024,R,09,6f0a,09:6f0a,
d025,R,09,6f0e,09:6f0a,
d02a,P,09,6f2b,09:6f25,
d020,R,09,6f50,09:6f50,
d021,R,09,6f54,09:6f50,
ffbc,W,09,6f5e,09:6f50,
d02c,P,09,6f61,09:6f61,
d020,P,09,6f6c,09:6f61,
d020,P,09,6fbf,09:6fbf,
d045,P,09,6fdd,09:6fbf,
d048,R,09,6ff0,09:6fee,
d04b,P,09,6ff7,09:6fee,
d08e,R,09,700a,09:7008,
d052,P,09,7014,09:7014,
d051,R,09,7019,09:7014,
d051,P,09,7029,09:7014,
d091,P,09,7073,09:706d,
ff8a,W,09,70c3,09:70b4,
ff8a,R,09,70de,09:70b4,
ffb6,W,09,70e5,09:70e1,
ffaf,W,09,7103,09:70e1,08
ffba,W,09,7110,09:70e1,
d029,R,09,713e,09:713e,
d028,R,09,7145,09:713e,
d027,P,09,714b,09:713e,
d028,W,09,7161,09:713e,99
d029,W,09,7164,09:713e,
d029,R,09,716a,09:713e,
d028,R,09,7170,09:713e,
d9f9,R,09,7194,09:7194,
d9f9,W,09,719a,09:7194,
ff9e,W,09,71a3,09:7194,
ff9e,W,09,71ba,09:7194,
ff9e,W,09,71d0,09:7194,
ff9e,W,09,71f2,09:71ef,
ff9e,W,09,7209,09:7206,
ff9e,W,09,7220,09:721d,
d9f8,R,09,7240,09:723f,
d581,P,09,7247,09:723f,
d9f9,R,09,724e,09:723f,
d029,P,09,725e,09:725e,
daa7,P,09,7261,09:725e,
d028,P,09,7274,09:725e,
daa6,P,09,7277,09:725e,
ff9e,W,09,7285,09:725e,
d5d0,R,09,7290,09:7290,
ffab,W,09,729c,09:729a,43
d524,W,09,72a0,09:729a,e4
d525,W,09,72a3,09:729a,
d526,W,09,72a8,09:729a,d2
ffae,W,09,72ac,09:729a,00
ffad,W,09,72ae,09:729a,
ffaf,W,09,7306,09:729a,54
ffb5,W,09,7308,09:729a,
ffac,P,09,730a,09:729a,
ffc5,W,09,7316,09:729a,01
d5d0,P,09,732b,09:729a,
dbcf,R,09,7346,09:7346,
ffa2,R,09,735a,09:735a,
d5d0,P,09,7361,09:735a,
ffac,P,09,736e,09:7368,
d5cf,P,09,7378,09:7368,
dbcf,R,09,737f,09:737f,
d59a,W,0a,4000,Cam_MainDispatch,
d59a,R,0a,4011,Cam_MainDispatch,
ff8a,W,0a,4016,Cam_MainDispatch,00
ff8a,R,0a,4024,Cam_MainDispatch,
ff8a,W,0a,4027,Cam_MainDispatch,
ff8a,R,0a,402d,Cam_MainDispatch,
ff8b,W,0a,4038,Cam_MainDispatch,
d596,R,0a,403a,Cam_MainDispatch,
d597,R,0a,403f,Cam_MainDispatch,
ff8a,R,0a,4044,Cam_MainDispatch,
ff8b,R,0a,404a,Cam_MainDispatch,
ff8b,R,0a,4061,Cam_MainDispatch,
d596,W,0a,407c,Cam_MainDispatch,
d597,W,0a,4080,Cam_MainDispatch,
d589,R,0a,4083,Cam_MainDispatch,
d587,R,0a,4087,Cam_MainDispatch,
d595,R,0a,409a,Cam_MainDispatch,
ffd0,P,0a,40a2,Cam_MainDispatch,
fff0,P,0a,40ab,Cam_MainDispatch,
d597,W,0a,40b4,Cam_MainDispatch,10
d588,R,0a,40ba,Cam_MainDispatch,
d587,W,0a,40bd,Cam_MainDispatch,
d595,W,0a,40c2,Cam_MainDispatch,
d596,W,0a,40c9,Cam_MainDispatch,00
d597,W,0a,40d1,Cam_MainDispatch,48
d5c2,R,0a,40d7,Cam_MainDispatch,
d598,W,0a,40da,Cam_MainDispatch,
d5c7,R,0a,40e0,Cam_MainDispatch,
d599,W,0a,40e5,Cam_MainDispatch,
ffcf,P,0a,40ee,Cam_MainDispatch,
d589,R,0a,40fe,Cam_MainDispatch,
d587,W,0a,4101,Cam_MainDispatch,
d595,W,0a,4106,Cam_MainDispatch,
d596,W,0a,410e,Cam_MainDispatch,0d
d597,W,0a,4113,Cam_MainDispatch,80
d5c3,R,0a,4116,Cam_MainDispatch,
d598,W,0a,4119,Cam_MainDispatch,
d5c8,R,0a,411f,Cam_MainDispatch,
d599,W,0a,4124,Cam_MainDispatch,
d587,R,0a,412a,Cam_MainDispatch,
d59b,R,0a,412e,Cam_MainDispatch,
d588,R,0a,4138,Cam_MainDispatch,
d587,W,0a,413b,Cam_MainDispatch,
d595,W,0a,4140,Cam_MainDispatch,
d596,W,0a,4147,Cam_MainDispatch,00
d597,W,0a,414f,Cam_MainDispatch,1f
d5c1,R,0a,4155,Cam_MainDispatch,
d598,W,0a,4158,Cam_MainDispatch,
d5c6,R,0a,415e,Cam_MainDispatch,
d599,W,0a,4163,Cam_MainDispatch,
d587,W,0a,417f,Cam_MainDispatch,08
d595,W,0a,4184,Cam_MainDispatch,
d596,W,0a,418c,Cam_MainDispatch,35
d597,W,0a,4193,Cam_MainDispatch,00
d5c4,R,0a,4199,Cam_MainDispatch,
d598,W,0a,419c,Cam_MainDispatch,
d5c9,R,0a,41a2,Cam_MainDispatch,
d599,W,0a,41a7,Cam_MainDispatch,
d587,R,0a,41ad,Cam_MainDispatch,
d59b,R,0a,41b1,Cam_MainDispatch,
d588,R,0a,41b9,Cam_MainDispatch,
d587,W,0a,41bc,Cam_MainDispatch,
d595,W,0a,41c1,Cam_MainDispatch,
d596,W,0a,41c9,Cam_MainDispatch,0b
d597,W,0a,41d1,Cam_MainDispatch,00
d5c2,R,0a,41d7,Cam_MainDispatch,
d598,W,0a,41da,Cam_MainDispatch,
d5c7,R,0a,41e0,Cam_MainDispatch,
d599,W,0a,41e5,Cam_MainDispatch,
d587,R,0a,41eb,Cam_MainDispatch,
d59b,R,0a,41ef,Cam_MainDispatch,
d800,P,0a,41f9,Cam_MainDispatch,
d587,W,0a,420a,Cam_MainDispatch,0a
d595,W,0a,420d,Cam_MainDispatch,
d596,W,0a,4215,Cam_MainDispatch,85
d597,W,0a,421c,Cam_MainDispatch,00
d5c5,R,0a,4222,Cam_MainDispatch,
d598,W,0a,4225,Cam_MainDispatch,
d5ca,R,0a,422b,Cam_MainDispatch,
d599,W,0a,4230,Cam_MainDispatch,
d589,R,0a,4237,Cam_MainDispatch,
d587,W,0a,423a,Cam_MainDispatch,
d595,W,0a,423f,Cam_MainDispatch,
d596,W,0a,4247,Cam_MainDispatch,45
d597,W,0a,424e,Cam_MainDispatch,00
d5c3,R,0a,4254,Cam_MainDispatch,
d598,W,0a,4257,Cam_MainDispatch,
d5c8,R,0a,425d,Cam_MainDispatch,
d599,W,0a,4262,Cam_MainDispatch,
d587,R,0a,4268,Cam_MainDispatch,
d59b,R,0a,426c,Cam_MainDispatch,
d587,W,0a,427e,Cam_MainDispatch,08
d595,W,0a,4283,Cam_MainDispatch,
d596,W,0a,428b,Cam_MainDispatch,8c
d597,W,0a,4292,Cam_MainDispatch,00
d5c4,R,0a,4298,Cam_MainDispatch,
d598,W,0a,429b,Cam_MainDispatch,
d5c9,R,0a,42a1,Cam_MainDispatch,
d599,W,0a,42a6,Cam_MainDispatch,
d596,R,0a,42ad,Cam_MainDispatch,
d597,R,0a,42b3,Cam_MainDispatch,
d588,R,0a,42bf,Cam_BuildDitherMatrix,
d589,R,0a,42ca,Cam_BuildDitherMatrix,
d583,P,0a,42eb,Cam_BuildDitherMatrix,
d59c,R,0a,42f9,Cam_BuildDitherMatrix,
d583,R,0a,4306,Cam_BuildDitherMatrix,
d584,R,0a,430a,Cam_BuildDitherMatrix,
d583,R,0a,431a,Cam_BuildDitherMatrix,
d584,R,0a,435d,Cam_BuildDitherMatrix,
d585,R,0a,4361,Cam_BuildDitherMatrix,
d584,R,0a,4371,Cam_BuildDitherMatrix,
d585,R,0a,43b4,Cam_BuildDitherMatrix,
d586,R,0a,43b8,Cam_BuildDitherMatrix,
d585,R,0a,43c8,Cam_BuildDitherMatrix,
d583,R,0a,440f,Cam_BuildDitherMatrix,
d584,R,0a,4413,Cam_BuildDitherMatrix,
d585,R,0a,4417,Cam_BuildDitherMatrix,
d583,R,0a,4427,Cam_BuildDitherMatrix,
d584,R,0a,442b,Cam_BuildDitherMatrix,
d583,R,0a,443b,Cam_BuildDitherMatrix,
d584,R,0a,448d,Cam_BuildDitherMatrix,
d585,R,0a,4491,Cam_BuildDitherMatrix,
d584,R,0a,44a1,Cam_BuildDitherMatrix,
d585,R,0a,44f3,Cam_BuildDitherMatrix,
d586,R,0a,44f7,Cam_BuildDitherMatrix,
d585,R,0a,4507,Cam_BuildDitherMatrix,
ff8c,W,0a,455c,0a:455a,a0
ff8d,W,0a,4560,0a:455a,82
ff8c,W,0a,4567,0a:455a,a0
ff8d,W,0a,456b,0a:455a,02
d5bf,R,0a,4575,0a:455a,
ff8e,W,0a,4580,0a:455a,
ff8d,W,0a,4584,0a:455a,24
ff8e,W,0a,458b,0a:455a,
ff8d,W,0a,458f,0a:455a,25
d5c0,R,0a,4591,0a:455a,
ff90,W,0a,459c,0a:455a,
ff8f,W,0a,45a0,0a:455a,24
ff90,W,0a,45a7,0a:455a,
ff8f,W,0a,45ab,0a:455a,25
ff8e,R,0a,45ad,0a:455a,
ff90,R,0a,45b6,0a:455a,
ff91,W,0a,45c0,0a:455a,00
ff91,W,0a,45c6,0a:455a,ff
d5b5,W,0a,45d1,Cam_Calib_ValidityCheck,7e
d5b6,W,0a,45d6,Cam_Calib_ValidityCheck,7f
d5b7,W,0a,45db,Cam_Calib_ValidityCheck,7f
d5b8,W,0a,45e0,Cam_Calib_ValidityCheck,7f
d5b9,W,0a,45e5,Cam_Calib_ValidityCheck,7e
d5ba,W,0a,45ea,Cam_Calib_ValidityCheck,7d
d5bb,W,0a,45ef,Cam_Calib_ValidityCheck,7e
d5bc,W,0a,45f4,Cam_Calib_ValidityCheck,7e
d5bd,W,0a,45f9,Cam_Calib_ValidityCheck,7d
d5be,W,0a,45fe,Cam_Calib_ValidityCheck,7e
d5bf,W,0a,4603,Cam_Calib_ValidityCheck,7d
d5c0,W,0a,4608,Cam_Calib_ValidityCheck,6a
ff8b,W,0a,4633,0a:460f,
ff8c,W,0a,4639,0a:460f,
ff8a,W,0a,463d,0a:460f,01
ff8a,W,0a,4643,0a:460f,00
ff8d,W,0a,4669,Cam_Calib_EchoCompare,
ff8e,W,0a,466f,Cam_Calib_EchoCompare,
ff8a,R,0a,4671,Cam_Calib_EchoCompare,
ff8a,R,0a,4678,Cam_Calib_EchoCompare,
ff8b,R,0a,467f,Cam_Calib_EchoCompare,
ff8d,R,0a,4682,Cam_Calib_EchoCompare,
ff8c,R,0a,4687,Cam_Calib_EchoCompare,
ff8e,R,0a,468a,Cam_Calib_EchoCompare,
d5b5,P,0a,46cf,0a:46cf,
ff8b,W,0a,46db,0a:46cf,
ff8c,W,0a,46de,0a:46cf,
d5b5,P,0a,46e6,0a:46e1,
ff8b,R,0a,46f1,0a:46e1,
ff8c,R,0a,46f4,0a:46e1,
ff8c,W,0a,4726,Cam_Calib_BootMeasureSeq,a0
ff8d,W,0a,472a,Cam_Calib_BootMeasureSeq,02
d5cb,R,0a,4734,Cam_Calib_BootMeasureSeq,
d594,W,0a,4747,Cam_Calib_BootMeasureSeq,02
d588,R,0a,474a,Cam_Calib_BootMeasureSeq,
d595,W,0a,4752,Cam_Calib_BootMeasureSeq,
d596,W,0a,4759,Cam_Calib_BootMeasureSeq,
d597,W,0a,4761,Cam_Calib_BootMeasureSeq,
d598,W,0a,4769,Cam_Calib_BootMeasureSeq,
d598,R,0a,476f,Cam_Calib_BootMeasureSeq,
d5c1,W,0a,4774,Cam_Calib_BootMeasureSeq,
d599,R,0a,4777,Cam_Calib_BootMeasureSeq,
d5c6,W,0a,477c,Cam_Calib_BootMeasureSeq,
d5cc,R,0a,477f,Cam_Calib_BootMeasureSeq,
d588,R,0a,4790,Cam_Calib_BootMeasureSeq,
d595,W,0a,4798,Cam_Calib_BootMeasureSeq,
d598,W,0a,47a0,Cam_Calib_BootMeasureSeq,
d598,R,0a,47a6,Cam_Calib_BootMeasureSeq,
d5c2,W,0a,47ab,Cam_Calib_BootMeasureSeq,
d599,R,0a,47ae,Cam_Calib_BootMeasureSeq,
d5c7,W,0a,47b3,Cam_Calib_BootMeasureSeq,
d5cd,R,0a,47b6,Cam_Calib_BootMeasureSeq,
d589,R,0a,47c7,Cam_Calib_BootMeasureSeq,
d595,W,0a,47cf,Cam_Calib_BootMeasureSeq,
d598,W,0a,47d7,Cam_Calib_BootMeasureSeq,
d598,R,0a,47dd,Cam_Calib_BootMeasureSeq,
d5c3,W,0a,47e2,Cam_Calib_BootMeasureSeq,
d599,R,0a,47e5,Cam_Calib_BootMeasureSeq,
d5c8,W,0a,47ea,Cam_Calib_BootMeasureSeq,
d5bf,R,0a,47ed,Cam_Calib_BootMeasureSeq,
d595,W,0a,4805,Cam_Calib_BootMeasureSeq,
d598,W,0a,480d,Cam_Calib_BootMeasureSeq,
d598,R,0a,4813,Cam_Calib_BootMeasureSeq,
d5c4,W,0a,4818,Cam_Calib_BootMeasureSeq,
d599,R,0a,481b,Cam_Calib_BootMeasureSeq,
d5c9,W,0a,4820,Cam_Calib_BootMeasureSeq,
d5c0,R,0a,4823,Cam_Calib_BootMeasureSeq,
d595,W,0a,4839,Cam_Calib_BootMeasureSeq,
d598,W,0a,4841,Cam_Calib_BootMeasureSeq,
d598,R,0a,4847,Cam_Calib_BootMeasureSeq,
d5c5,W,0a,484c,Cam_Calib_BootMeasureSeq,
d599,R,0a,484f,Cam_Calib_BootMeasureSeq,
d5ca,W,0a,4854,Cam_Calib_BootMeasureSeq,
d587,W,0a,485f,Cam_ExposureBandSelect,00
d594,W,0a,4864,Cam_ExposureBandSelect,02
d587,R,0a,4867,Cam_ExposureBandSelect,
d599,W,0a,4880,Cam_ExposureBandSelect,
d599,R,0a,4895,Cam_ExposureBandSelect,
d599,W,0a,489d,Cam_ExposureBandSelect,
d594,R,0a,48b4,Cam_ExposureBandSelect,
d587,R,0a,48cb,Cam_ExposureBandSelect,
d587,W,0a,48cf,Cam_ExposureBandSelect,
d587,R,0a,48d6,Cam_ExposureBandSelect,
d588,W,0a,48d9,Cam_ExposureBandSelect,
d589,W,0a,48e1,Cam_ExposureBandSelect,04
d5b5,R,0a,48e4,Cam_ExposureBandSelect,
d5cb,W,0a,48e7,Cam_ExposureBandSelect,
d5b9,R,0a,48ea,Cam_ExposureBandSelect,
d5cc,W,0a,48ed,Cam_ExposureBandSelect,
d5bd,R,0a,48f0,Cam_ExposureBandSelect,
d5cd,W,0a,48f3,Cam_ExposureBandSelect,
d589,W,0a,48fd,Cam_ExposureBandSelect,04
d5b6,R,0a,4900,Cam_ExposureBandSelect,
d5cb,W,0a,4903,Cam_ExposureBandSelect,
d5ba,R,0a,4906,Cam_ExposureBandSelect,
d5cc,W,0a,4909,Cam_ExposureBandSelect,
d5bd,R,0a,490c,Cam_ExposureBandSelect,
d5cd,W,0a,490f,Cam_ExposureBandSelect,
d589,W,0a,4919,Cam_ExposureBandSelect,05
d5b7,R,0a,491c,Cam_ExposureBandSelect,
d5cb,W,0a,491f,Cam_ExposureBandSelect,
d5bb,R,0a,4922,Cam_ExposureBandSelect,
d5cc,W,0a,4925,Cam_ExposureBandSelect,
d5be,R,0a,4928,Cam_ExposureBandSelect,
d5cd,W,0a,492b,Cam_ExposureBandSelect,
d589,W,0a,4931,Cam_ExposureBandSelect,05
d5b8,R,0a,4934,Cam_ExposureBandSelect,
d5cb,W,0a,4937,Cam_ExposureBandSelect,
d5bc,R,0a,493a,Cam_ExposureBandSelect,
d5cc,W,0a,493d,Cam_ExposureBandSelect,
d5be,R,0a,4940,Cam_ExposureBandSelect,
d5cd,W,0a,4943,Cam_ExposureBandSelect,
ff8c,W,0a,4949,0a:4947,a0
ff8d,W,0a,494d,0a:4947,82
ff8c,W,0a,4954,0a:4947,a0
ff8d,W,0a,4958,0a:4947,02
d594,W,0a,4977,Cam_FactoryMeasure1,02
d595,W,0a,497f,Cam_FactoryMeasure1,
d596,W,0a,4986,Cam_FactoryMeasure1,
d597,W,0a,498e,Cam_FactoryMeasure1,
d598,W,0a,4996,Cam_FactoryMeasure1,
d598,R,0a,499c,Cam_FactoryMeasure1,
d59d,W,0a,49a1,Cam_FactoryMeasure1,
d599,R,0a,49a4,Cam_FactoryMeasure1,
d5a9,W,0a,49a9,Cam_FactoryMeasure1,
d595,W,0a,49b1,Cam_FactoryMeasure1,
d598,W,0a,49b9,Cam_FactoryMeasure1,
d598,R,0a,49bf,Cam_FactoryMeasure1,
d59e,W,0a,49c4,Cam_FactoryMeasure1,
d599,R,0a,49c7,Cam_FactoryMeasure1,
d5aa,W,0a,49cc,Cam_FactoryMeasure1,
d595,W,0a,49d4,Cam_FactoryMeasure1,
d598,W,0a,49dc,Cam_FactoryMeasure1,
d598,R,0a,49e2,Cam_FactoryMeasure1,
d59f,W,0a,49e7,Cam_FactoryMeasure1,
d599,R,0a,49ea,Cam_FactoryMeasure1,
d5ab,W,0a,49ef,Cam_FactoryMeasure1,
d595,W,0a,49f7,Cam_FactoryMeasure1,
d598,W,0a,49ff,Cam_FactoryMeasure1,
d598,R,0a,4a05,Cam_FactoryMeasure1,
d5a0,W,0a,4a0a,Cam_FactoryMeasure1,
d599,R,0a,4a0d,Cam_FactoryMeasure1,
d5ac,W,0a,4a12,Cam_FactoryMeasure1,
d595,W,0a,4a1a,Cam_FactoryMeasure1,
d596,W,0a,4a22,Cam_FactoryMeasure1,
d597,W,0a,4a29,Cam_FactoryMeasure1,
d598,W,0a,4a31,Cam_FactoryMeasure1,
d598,R,0a,4a37,Cam_FactoryMeasure1,
d5a1,W,0a,4a3c,Cam_FactoryMeasure1,
d599,R,0a,4a3f,Cam_FactoryMeasure1,
d5ad,W,0a,4a44,Cam_FactoryMeasure1,
d595,W,0a,4a4c,Cam_FactoryMeasure1,
d598,W,0a,4a54,Cam_FactoryMeasure1,
d598,R,0a,4a5a,Cam_FactoryMeasure1,
d5a2,W,0a,4a5f,Cam_FactoryMeasure1,
d599,R,0a,4a62,Cam_FactoryMeasure1,
d5ae,W,0a,4a67,Cam_FactoryMeasure1,
d595,W,0a,4a6f,Cam_FactoryMeasure1,
d598,W,0a,4a77,Cam_FactoryMeasure1,
d598,R,0a,4a7d,Cam_FactoryMeasure1,
d5a3,W,0a,4a82,Cam_FactoryMeasure1,
d599,R,0a,4a85,Cam_FactoryMeasure1,
d5af,W,0a,4a8a,Cam_FactoryMeasure1,
d595,W,0a,4a92,Cam_FactoryMeasure1,
d598,W,0a,4a9a,Cam_FactoryMeasure1,
d598,R,0a,4aa0,Cam_FactoryMeasure1,
d5a4,W,0a,4aa5,Cam_FactoryMeasure1,
d599,R,0a,4aa8,Cam_FactoryMeasure1,
d5b0,W,0a,4aad,Cam_FactoryMeasure1,
d595,W,0a,4ab5,Cam_FactoryMeasure1,
d596,W,0a,4abd,Cam_FactoryMeasure1,
d597,W,0a,4ac4,Cam_FactoryMeasure1,
d598,W,0a,4acc,Cam_FactoryMeasure1,
d598,R,0a,4ad2,Cam_FactoryMeasure1,
d5a5,W,0a,4ad7,Cam_FactoryMeasure1,
d599,R,0a,4ada,Cam_FactoryMeasure1,
d5b1,W,0a,4adf,Cam_FactoryMeasure1,
d595,W,0a,4ae7,Cam_FactoryMeasure1,
d598,W,0a,4aef,Cam_FactoryMeasure1,
d598,R,0a,4af5,Cam_FactoryMeasure1,
d5a6,W,0a,4afa,Cam_FactoryMeasure1,
d599,R,0a,4afd,Cam_FactoryMeasure1,
d5b2,W,0a,4b02,Cam_FactoryMeasure1,
d595,W,0a,4b0a,Cam_FactoryMeasure1,
d596,W,0a,4b12,Cam_FactoryMeasure1,
d597,W,0a,4b19,Cam_FactoryMeasure1,
d598,W,0a,4b21,Cam_FactoryMeasure1,
d598,R,0a,4b27,Cam_FactoryMeasure1,
d5a7,W,0a,4b2c,Cam_FactoryMeasure1,
d599,R,0a,4b2f,Cam_FactoryMeasure1,
d5b3,W,0a,4b34,Cam_FactoryMeasure1,
d595,W,0a,4b3c,Cam_FactoryMeasure1,
d596,W,0a,4b44,Cam_FactoryMeasure1,
d597,W,0a,4b4b,Cam_FactoryMeasure1,
d598,W,0a,4b53,Cam_FactoryMeasure1,
d598,R,0a,4b59,Cam_FactoryMeasure1,
d5a8,W,0a,4b5e,Cam_FactoryMeasure1,
d599,R,0a,4b61,Cam_FactoryMeasure1,
d5b4,W,0a,4b66,Cam_FactoryMeasure1,
ff92,W,0a,4b70,Cam_ORegister_SAR_Search,00
d599,W,0a,4b74,Cam_ORegister_SAR_Search,bf
d594,R,0a,4b7a,Cam_ORegister_SAR_Search,
ff92,W,0a,4b93,Cam_ORegister_SAR_Search,ff
d598,R,0a,4b95,Cam_ORegister_SAR_Search,
d598,W,0a,4ba4,Cam_ORegister_SAR_Search,
ff92,R,0a,4baf,Cam_ORegister_SAR_Search,
d599,W,0a,4bb7,Cam_ORegister_SAR_Search,9f
d594,R,0a,4bbd,Cam_ORegister_SAR_Search,
d598,R,0a,4bd4,Cam_ORegister_SAR_Search,
d598,W,0a,4be3,Cam_ORegister_SAR_Search,
d599,W,0a,4bee,Cam_ORegister_SAR_Tail,a0
ff8b,W,0a,4bf6,Cam_ORegister_SAR_Tail,06
d594,R,0a,4bf8,Cam_ORegister_SAR_Tail,
d599,R,0a,4c17,Cam_ORegister_SAR_Tail,
d599,W,0a,4c22,Cam_ORegister_SAR_Tail,
ff8b,R,0a,4c28,Cam_ORegister_SAR_Tail,
ff8b,W,0a,4c2b,Cam_ORegister_SAR_Tail,
ff8c,R,0a,4c35,Cam_PixelTestHelper,
ff8d,R,0a,4c38,Cam_PixelTestHelper,
d594,W,0a,4c73,Cam_FactoryMeasure2,02
d595,W,0a,4c7b,Cam_FactoryMeasure2,
d596,W,0a,4c82,Cam_FactoryMeasure2,
d597,W,0a,4c8a,Cam_FactoryMeasure2,
d59d,R,0a,4c8d,Cam_FactoryMeasure2,
d598,W,0a,4c93,Cam_FactoryMeasure2,
d5a9,R,0a,4c96,Cam_FactoryMeasure2,
d599,W,0a,4c9e,Cam_FactoryMeasure2,
ff8e,R,0a,4ca4,Cam_FactoryMeasure2,
d5b5,W,0a,4ca6,Cam_FactoryMeasure2,
d595,W,0a,4cae,Cam_FactoryMeasure2,
d59e,R,0a,4cb1,Cam_FactoryMeasure2,
d598,W,0a,4cb7,Cam_FactoryMeasure2,
d5aa,R,0a,4cba,Cam_FactoryMeasure2,
d599,W,0a,4cc2,Cam_FactoryMeasure2,
ff8e,R,0a,4cc8,Cam_FactoryMeasure2,
d5b6,W,0a,4cca,Cam_FactoryMeasure2,
d595,W,0a,4cd2,Cam_FactoryMeasure2,
d59f,R,0a,4cd5,Cam_FactoryMeasure2,
d598,W,0a,4cdb,Cam_FactoryMeasure2,
d5ab,R,0a,4cde,Cam_FactoryMeasure2,
d599,W,0a,4ce6,Cam_FactoryMeasure2,
ff8e,R,0a,4cec,Cam_FactoryMeasure2,
d5b7,W,0a,4cee,Cam_FactoryMeasure2,
d595,W,0a,4cf6,Cam_FactoryMeasure2,
d5a0,R,0a,4cf9,Cam_FactoryMeasure2,
d598,W,0a,4cff,Cam_FactoryMeasure2,
d5ac,R,0a,4d02,Cam_FactoryMeasure2,
d599,W,0a,4d0a,Cam_FactoryMeasure2,
ff8e,R,0a,4d10,Cam_FactoryMeasure2,
d5b8,W,0a,4d12,Cam_FactoryMeasure2,
d595,W,0a,4d1a,Cam_FactoryMeasure2,
d5a1,R,0a,4d1d,Cam_FactoryMeasure2,
d598,W,0a,4d25,Cam_FactoryMeasure2,
d5ad,R,0a,4d28,Cam_FactoryMeasure2,
d599,W,0a,4d30,Cam_FactoryMeasure2,
ff8e,R,0a,4d36,Cam_FactoryMeasure2,
d5b9,W,0a,4d38,Cam_FactoryMeasure2,
d595,W,0a,4d40,Cam_FactoryMeasure2,
d5a2,R,0a,4d43,Cam_FactoryMeasure2,
d598,W,0a,4d4b,Cam_FactoryMeasure2,
d5ae,R,0a,4d4e,Cam_FactoryMeasure2,
d599,W,0a,4d56,Cam_FactoryMeasure2,
ff8e,R,0a,4d5c,Cam_FactoryMeasure2,
d5ba,W,0a,4d5e,Cam_FactoryMeasure2,
d595,W,0a,4d66,Cam_FactoryMeasure2,
d5a3,R,0a,4d69,Cam_FactoryMeasure2,
d598,W,0a,4d71,Cam_FactoryMeasure2,
d5af,R,0a,4d74,Cam_FactoryMeasure2,
d599,W,0a,4d7c,Cam_FactoryMeasure2,
ff8e,R,0a,4d82,Cam_FactoryMeasure2,
d5bb,W,0a,4d84,Cam_FactoryMeasure2,
d595,W,0a,4d8c,Cam_FactoryMeasure2,
d5a4,R,0a,4d8f,Cam_FactoryMeasure2,
d598,W,0a,4d97,Cam_FactoryMeasure2,
d5b0,R,0a,4d9a,Cam_FactoryMeasure2,
d599,W,0a,4da2,Cam_FactoryMeasure2,
ff8e,R,0a,4da8,Cam_FactoryMeasure2,
d5bc,W,0a,4daa,Cam_FactoryMeasure2,
d595,W,0a,4db2,Cam_FactoryMeasure2,
d5a5,R,0a,4db5,Cam_FactoryMeasure2,
d598,W,0a,4dbd,Cam_FactoryMeasure2,
d5b1,R,0a,4dc0,Cam_FactoryMeasure2,
d599,W,0a,4dc8,Cam_FactoryMeasure2,
ff8e,R,0a,4dce,Cam_FactoryMeasure2,
d5bd,W,0a,4dd0,Cam_FactoryMeasure2,
d595,W,0a,4dd8,Cam_FactoryMeasure2,
d5a6,R,0a,4ddb,Cam_FactoryMeasure2,
d598,W,0a,4de3,Cam_FactoryMeasure2,
d5b2,R,0a,4de6,Cam_FactoryMeasure2,
d599,W,0a,4dee,Cam_FactoryMeasure2,
ff8e,R,0a,4df4,Cam_FactoryMeasure2,
d5be,W,0a,4df6,Cam_FactoryMeasure2,
d595,W,0a,4dfe,Cam_FactoryMeasure2,
d5a7,R,0a,4e01,Cam_FactoryMeasure2,
d598,W,0a,4e09,Cam_FactoryMeasure2,
d5b3,R,0a,4e0c,Cam_FactoryMeasure2,
d599,W,0a,4e14,Cam_FactoryMeasure2,
ff8e,R,0a,4e1a,Cam_FactoryMeasure2,
d5bf,W,0a,4e1c,Cam_FactoryMeasure2,
d595,W,0a,4e24,Cam_FactoryMeasure2,
d5a8,R,0a,4e27,Cam_FactoryMeasure2,
d598,W,0a,4e2d,Cam_FactoryMeasure2,
d5b4,R,0a,4e30,Cam_FactoryMeasure2,
d599,W,0a,4e38,Cam_FactoryMeasure2,
ff8e,R,0a,4e3e,Cam_FactoryMeasure2,
d5c0,W,0a,4e40,Cam_FactoryMeasure2,
ff8e,W,0a,4e4c,Cam_ThresholdConverge,80
d594,R,0a,4e56,Cam_ThresholdConverge,
ff8e,R,0a,4e6e,Cam_ThresholdConverge,
ff8e,W,0a,4e71,Cam_ThresholdConverge,
ff8e,R,0a,4e7d,Cam_ThresholdConverge,
d594,R,0a,4e87,Cam_ThresholdConverge,
ff8e,R,0a,4e9e,Cam_ThresholdConverge,
ff8f,W,0a,4ea0,Cam_ThresholdConverge,
ff8e,R,0a,4ea2,Cam_ThresholdConverge,
ff8e,W,0a,4ea5,Cam_ThresholdConverge,
ff8e,R,0a,4eaf,Cam_ThresholdConverge,
d594,R,0a,4eb9,Cam_ThresholdConverge,
ff8e,R,0a,4ed0,Cam_ThresholdConverge,
ff8f,R,0a,4ed5,Cam_ThresholdConverge,
ff8e,W,0a,4ee0,Cam_ThresholdConverge,
ff8e,R,0a,4ee3,Cam_ThresholdConverge_Up,
ff8e,W,0a,4ee6,Cam_ThresholdConverge_Up,
ff8e,R,0a,4ef2,Cam_ThresholdConverge_Up,
d594,R,0a,4efc,Cam_ThresholdConverge_Up,
ff8e,R,0a,4f13,Cam_ThresholdConverge_Up,
ff8f,W,0a,4f15,Cam_ThresholdConverge_Up,
ff8e,R,0a,4f17,Cam_ThresholdConverge_Up,
ff8e,W,0a,4f1a,Cam_ThresholdConverge_Up,
ff8e,R,0a,4f24,Cam_ThresholdConverge_Up,
d594,R,0a,4f2e,Cam_ThresholdConverge_Up,
ff8e,R,0a,4f45,Cam_ThresholdConverge_Up,
ff8f,R,0a,4f4a,Cam_ThresholdConverge_Up,
ff8e,W,0a,4f55,Cam_ThresholdConverge_Up,
d5b5,P,0a,4f65,Cam_CommitVectorToSRAM,
ff8a,W,0a,4f6e,Cam_CommitVectorToSRAM,0c
ff8b,W,0a,4f73,Cam_CommitVectorToSRAM,
ff8b,R,0a,4f77,Cam_CommitVectorToSRAM,
ff8a,R,0a,4f7b,Cam_CommitVectorToSRAM,
ff8a,W,0a,4f7e,Cam_CommitVectorToSRAM,
d5b5,P,0a,4f92,Cam_CommitVectorToSRAM,
ff8a,W,0a,4f9b,Cam_CommitVectorToSRAM,0c
ff8b,W,0a,4fa0,Cam_CommitVectorToSRAM,
ff8b,R,0a,4fa4,Cam_CommitVectorToSRAM,
ff8a,R,0a,4fa8,Cam_CommitVectorToSRAM,
ff8a,W,0a,4fab,Cam_CommitVectorToSRAM,
ff8a,W,0a,4fbf,Cam_PopcountSampleLoop,0a
ff8a,R,0a,502d,Cam_PopcountSampleLoop,
ff8a,W,0a,5032,Cam_PopcountSampleLoop,
ff8a,W,0a,503f,Cam_PopcountSampleLoop,06
ff8a,R,0a,5089,Cam_PopcountSampleLoop,
ff8a,W,0a,508d,Cam_PopcountSampleLoop,
d594,W,0a,50b4,0a:50aa,02
d589,R,0a,50b7,0a:50aa,
d587,W,0a,50ba,0a:50aa,
d595,W,0a,50c2,0a:50aa,
d596,W,0a,50ca,0a:50aa,
d597,W,0a,50d1,0a:50aa,
d5c3,R,0a,50d4,0a:50aa,
d598,W,0a,50da,0a:50aa,
d5c8,R,0a,50dd,0a:50aa,
d599,W,0a,50e5,0a:50aa,
d59a,W,0a,50ea,0a:50aa,54
d59c,W,0a,50ef,0a:50aa,01
d59b,W,0a,50f4,0a:50aa,08
d587,R,0a,50f8,0a:50aa,
c000,P,0a,54dd,0a:54da,
c080,P,0a,54e9,0a:54e6,
ff8a,W,0a,54f0,0a:54e6,0e
ff8b,W,0a,54f4,0a:54e6,08
ff8d,W,0a,54f8,0a:54e6,08
ff8d,R,0a,5511,0a:54e6,
ff8d,W,0a,5514,0a:54e6,
ff8b,R,0a,5518,0a:54e6,
ff8b,W,0a,551d,0a:54e6,
ff8a,R,0a,5521,0a:54e6,
ff8a,W,0a,5525,0a:54e6,
c000,P,0a,5531,0a:552e,
ff8a,W,0a,5538,0a:552e,0e
ff8b,W,0a,553c,0a:552e,08
ff8d,W,0a,5540,0a:552e,08
ff8d,R,0a,5559,0a:552e,
ff8d,W,0a,555c,0a:552e,
ff8b,R,0a,5560,0a:552e,
ff8b,W,0a,5565,0a:552e,
ff8a,R,0a,5569,0a:552e,
ff8a,W,0a,556d,0a:552e,
c60e,P,0a,557a,0a:5577,
c700,P,0a,557d,0a:5577,
ff8a,W,0a,5582,0a:5577,07
ff8b,W,0a,5586,0a:5577,10
ff8d,W,0a,558a,0a:5577,08
ff8d,R,0a,5598,0a:5577,
ff8d,W,0a,559b,0a:5577,
ff8b,R,0a,559f,0a:5577,
ff8b,W,0a,55a4,0a:5577,
ff8a,R,0a,55ac,0a:5577,
ff8a,W,0a,55b0,0a:5577,
c000,P,0a,55bd,0a:55ba,
cd0e,P,0a,55c0,0a:55ba,
ff8a,W,0a,55c5,0a:55ba,07
ff8b,W,0a,55c9,0a:55ba,10
ff8d,W,0a,55cd,0a:55ba,08
ff8d,R,0a,55db,0a:55ba,
ff8d,W,0a,55de,0a:55ba,
ff8b,R,0a,55e2,0a:55ba,
ff8b,W,0a,55e7,0a:55ba,
ff8a,R,0a,55ef,0a:55ba,
ff8a,W,0a,55f3,0a:55ba,
c000,P,0a,5600,0a:55fd,
ff8a,W,0a,5605,0a:55fd,07
ff8b,W,0a,5609,0a:55fd,10
ff8d,W,0a,560d,0a:55fd,04
ff8d,R,0a,561b,0a:55fd,
ff8d,W,0a,561e,0a:55fd,
ff8d,W,0a,5629,0a:55fd,04
ff8d,R,0a,5637,0a:55fd,
ff8d,W,0a,563a,0a:55fd,
ff8b,R,0a,563e,0a:55fd,
ff8b,W,0a,5643,0a:55fd,
ff8a,R,0a,5648,0a:55fd,
ff8a,W,0a,564c,0a:55fd,
c000,P,0a,5654,0a:5651,
ff8a,W,0a,5659,0a:5651,0e
ff8b,W,0a,565d,0a:5651,08
ff8d,W,0a,5661,0a:5651,10
ff8d,R,0a,5675,0a:5651,
ff8d,W,0a,5678,0a:5651,
ff8b,R,0a,5680,0a:5651,
ff8b,W,0a,5685,0a:5651,
ff8a,R,0a,5689,0a:5651,
ff8a,W,0a,568d,0a:5651,
c000,P,0a,5698,0a:5695,
ff8a,W,0a,569d,0a:5695,07
ff8b,W,0a,56a1,0a:5695,08
ff8d,W,0a,56a5,0a:5695,04
ff8d,R,0a,56d7,0a:5695,
ff8d,W,0a,56da,0a:5695,
ff8d,W,0a,56e5,0a:5695,04
ff8d,R,0a,5717,0a:5695,
ff8d,W,0a,571a,0a:5695,
ff8b,R,0a,571e,0a:5695,
ff8b,W,0a,5723,0a:5695,
ff8a,R,0a,572d,0a:5695,
ff8a,W,0a,5731,0a:5695,
c000,P,0a,573f,0a:573c,
ff8a,W,0a,5746,0a:573c,07
ff8b,W,0a,574a,0a:573c,08
ff8d,W,0a,574e,0a:573c,04
ff8c,W,0a,5754,0a:573c,
ff8c,R,0a,575d,0a:573c,
ff8c,W,0a,5781,0a:573c,
ff8c,R,0a,578a,0a:573c,
ff8d,R,0a,57aa,0a:573c,
ff8d,W,0a,57ad,0a:573c,
ff8d,W,0a,57b8,0a:573c,04
ff8c,W,0a,57be,0a:573c,
ff8c,R,0a,57c7,0a:573c,
ff8c,W,0a,57eb,0a:573c,
ff8c,R,0a,57f4,0a:573c,
ff8d,R,0a,5814,0a:573c,
ff8d,W,0a,5817,0a:573c,
ff8b,R,0a,581b,0a:573c,
ff8b,W,0a,5820,0a:573c,
ff8a,R,0a,582a,0a:573c,
ff8a,W,0a,582e,0a:573c,
c000,P,0a,583b,0a:583b,
c080,P,0a,5841,0a:5841,
c700,P,0a,5847,0a:5847,
c780,P,0a,584d,0a:584d,
c000,P,0a,5856,0a:5853,
ff8a,W,0a,585b,0a:5853,0e
ff8b,W,0a,585f,0a:5853,08
ff8b,R,0a,5891,0a:5853,
ff8b,W,0a,5896,0a:5853,
ff8a,R,0a,589a,0a:5853,
ff8a,W,0a,589e,0a:5853,
c080,P,0a,58ad,0a:58aa,
ff8a,W,0a,58b2,0a:58aa,0e
ff8b,W,0a,58b6,0a:58aa,08
ff8b,R,0a,58e8,0a:58aa,
ff8b,W,0a,58ed,0a:58aa,
ff8a,R,0a,58f1,0a:58aa,
ff8a,W,0a,58f5,0a:58aa,
c000,P,0a,5903,0a:5900,
c700,P,0a,590f,0a:590c,
c080,P,0a,591b,0a:5918,
c080,P,0a,59a4,0a:59a1,
c000,P,0a,59ec,0a:59e9,
ca00,P,0a,59f8,0a:59f5,
c000,P,0a,5a04,0a:5a01,
c400,P,0a,5a10,0a:5a0d,
c330,P,0a,5a1c,0a:5a19,
ff8a,W,0a,5a21,0a:5a19,08
ff8b,W,0a,5a25,0a:5a19,0a
ff8b,R,0a,5a57,0a:5a19,
ff8b,W,0a,5a5c,0a:5a19,
ff8a,R,0a,5a60,0a:5a19,
ff8a,W,0a,5a64,0a:5a19,
c780,P,0a,5a73,0a:5a70,
c0f0,P,0a,5ac0,0a:5abd,
ff8a,W,0a,5ac7,0a:5abd,0e
ff8b,W,0a,5acb,0a:5abd,10
ff8b,R,0a,5b1d,0a:5abd,
ff8b,W,0a,5b22,0a:5abd,
ff8a,R,0a,5b2b,0a:5abd,
ff8a,W,0a,5b2f,0a:5abd,
c7f0,P,0a,5b3a,0a:5b37,
c6fe,P,0a,5b3d,0a:5b37,
ff8a,W,0a,5b42,0a:5b37,07
ff8b,W,0a,5b46,0a:5b37,10
ff8d,W,0a,5b4a,0a:5b37,08
ff8d,R,0a,5b64,0a:5b37,
ff8d,W,0a,5b67,0a:5b37,
ff8b,R,0a,5b6b,0a:5b37,
ff8b,W,0a,5b70,0a:5b37,
ff8a,R,0a,5b78,0a:5b37,
ff8a,W,0a,5b7c,0a:5b37,
c0f0,P,0a,5b89,0a:5b86,
cdfe,P,0a,5b8c,0a:5b86,
ff8a,W,0a,5b91,0a:5b86,07
ff8b,W,0a,5b95,0a:5b86,10
ff8d,W,0a,5b99,0a:5b86,08
ff8d,R,0a,5bb3,0a:5b86,
ff8d,W,0a,5bb6,0a:5b86,
ff8b,R,0a,5bba,0a:5b86,
ff8b,W,0a,5bbf,0a:5b86,
ff8a,R,0a,5bc7,0a:5b86,
ff8a,W,0a,5bcb,0a:5b86,
c0f0,P,0a,5bd8,0a:5bd5,
ff8a,W,0a,5bdf,0a:5bd5,07
ff8b,W,0a,5be3,0a:5bd5,10
ff8d,W,0a,5be7,0a:5bd5,04
ff8d,R,0a,5bf9,0a:5bd5,
ff8d,W,0a,5bfc,0a:5bd5,
ff8d,W,0a,5c07,0a:5bd5,04
ff8d,R,0a,5c19,0a:5bd5,
ff8d,W,0a,5c1c,0a:5bd5,
ff8b,R,0a,5c21,0a:5bd5,
ff8b,W,0a,5c26,0a:5bd5,
ff8a,R,0a,5c2e,0a:5bd5,
ff8a,W,0a,5c32,0a:5bd5,
c0f0,P,0a,5c3d,0a:5c3a,
ff8a,W,0a,5c42,0a:5c3a,0e
ff8b,W,0a,5c46,0a:5c3a,08
ff8d,W,0a,5c4a,0a:5c3a,10
ff8d,R,0a,5c5e,0a:5c3a,
ff8d,W,0a,5c61,0a:5c3a,
ff8b,R,0a,5c69,0a:5c3a,
ff8b,W,0a,5c6e,0a:5c3a,
ff8a,R,0a,5c72,0a:5c3a,
ff8a,W,0a,5c76,0a:5c3a,
c0f0,P,0a,5c83,0a:5c80,
ff8a,W,0a,5c88,0a:5c80,07
ff8b,W,0a,5c8c,0a:5c80,08
ff8d,W,0a,5c90,0a:5c80,04
ff8d,R,0a,5cc2,0a:5c80,
ff8d,W,0a,5cc5,0a:5c80,
ff8d,W,0a,5cd0,0a:5c80,04
ff8d,R,0a,5d02,0a:5c80,
ff8d,W,0a,5d05,0a:5c80,
ff8b,R,0a,5d09,0a:5c80,
ff8b,W,0a,5d0e,0a:5c80,
ff8a,R,0a,5d18,0a:5c80,
ff8a,W,0a,5d1c,0a:5c80,
c070,P,0a,5d2a,0a:5d27,
ff8a,W,0a,5d31,0a:5d27,07
ff8b,W,0a,5d35,0a:5d27,08
ff8d,W,0a,5d39,0a:5d27,04
ff8c,W,0a,5d3d,0a:5d27,
ff8c,R,0a,5d48,0a:5d27,
ff8c,W,0a,5d6a,0a:5d27,
ff8c,R,0a,5d75,0a:5d27,
ff8d,R,0a,5d95,0a:5d27,
ff8d,W,0a,5d98,0a:5d27,
ff8d,W,0a,5da3,0a:5d27,04
ff8c,W,0a,5da7,0a:5d27,
ff8c,R,0a,5db2,0a:5d27,
ff8c,W,0a,5dd4,0a:5d27,
ff8c,R,0a,5ddf,0a:5d27,
ff8d,R,0a,5dff,0a:5d27,
ff8d,W,0a,5e02,0a:5d27,
ff8b,R,0a,5e0a,0a:5d27,
ff8b,W,0a,5e0f,0a:5d27,
ff8a,R,0a,5e19,0a:5d27,
ff8a,W,0a,5e1d,0a:5d27,
c070,P,0a,5e28,0a:5e28,
c0f0,P,0a,5e2e,0a:5e2e,
c770,P,0a,5e34,0a:5e34,
c7f0,P,0a,5e3a,0a:5e3a,
c070,P,0a,5e43,0a:5e40,
ff8a,W,0a,5e4a,0a:5e40,0e
ff8b,W,0a,5e4e,0a:5e40,08
ff8d,W,0a,5e52,0a:5e40,08
ff8d,R,0a,5e5e,0a:5e40,
ff8d,W,0a,5e61,0a:5e40,
ff8b,R,0a,5e65,0a:5e40,
ff8b,W,0a,5e6a,0a:5e40,
ff8a,R,0a,5e72,0a:5e40,
ff8a,W,0a,5e76,0a:5e40,
c0f0,P,0a,5e82,0a:5e7f,
ff8a,W,0a,5e89,0a:5e7f,0e
ff8b,W,0a,5e8d,0a:5e7f,08
ff8d,W,0a,5e91,0a:5e7f,08
ff8d,R,0a,5e9d,0a:5e7f,
ff8d,W,0a,5ea0,0a:5e7f,
ff8b,R,0a,5ea4,0a:5e7f,
ff8b,W,0a,5ea9,0a:5e7f,
ff8a,R,0a,5eb1,0a:5e7f,
ff8a,W,0a,5eb5,0a:5e7f,
c0f0,P,0a,5ec2,0a:5ebf,
ff8a,W,0a,5ec9,0a:5ebf,07
ff8b,W,0a,5ecd,0a:5ebf,10
ff8d,W,0a,5ed1,0a:5ebf,08
ff8d,R,0a,5edd,0a:5ebf,
ff8d,W,0a,5ee0,0a:5ebf,
ff8b,R,0a,5ee4,0a:5ebf,
ff8b,W,0a,5ee9,0a:5ebf,
ff8a,R,0a,5ef1,0a:5ebf,
ff8a,W,0a,5ef5,0a:5ebf,
c7f0,P,0a,5eff,0a:5efc,
ff8a,W,0a,5f06,0a:5efc,07
ff8b,W,0a,5f0a,0a:5efc,10
ff8d,W,0a,5f0e,0a:5efc,08
ff8d,R,0a,5f1a,0a:5efc,
ff8d,W,0a,5f1d,0a:5efc,
ff8b,R,0a,5f21,0a:5efc,
ff8b,W,0a,5f26,0a:5efc,
ff8a,R,0a,5f2e,0a:5efc,
ff8a,W,0a,5f32,0a:5efc,
c0f0,P,0a,5f3c,0a:5f39,
ff8a,W,0a,5f43,0a:5f39,07
ff8b,W,0a,5f47,0a:5f39,08
ff8d,W,0a,5f4b,0a:5f39,08
ff8d,R,0a,5f57,0a:5f39,
ff8d,W,0a,5f5a,0a:5f39,
ff8b,R,0a,5f5e,0a:5f39,
ff8b,W,0a,5f63,0a:5f39,
ff8a,R,0a,5f6b,0a:5f39,
ff8a,W,0a,5f70,0a:5f39,
c770,P,0a,5f7d,0a:5f39,
ff8a,W,0a,5f84,0a:5f39,07
ff8b,W,0a,5f88,0a:5f39,08
ff8d,W,0a,5f8c,0a:5f39,08
ff8d,R,0a,5f98,0a:5f39,
ff8d,W,0a,5f9b,0a:5f39,
ff8b,R,0a,5f9f,0a:5f39,
ff8b,W,0a,5fa4,0a:5f39,
ff8a,R,0a,5fac,0a:5f39,
ff8a,W,0a,5fb0,0a:5f39,
c0f0,P,0a,5fbc,0a:5fb9,
ff8a,W,0a,5fc3,0a:5fb9,07
ff8b,W,0a,5fc7,0a:5fb9,08
ff8d,W,0a,5fcb,0a:5fb9,08
ff8d,R,0a,5fd7,0a:5fb9,
ff8d,W,0a,5fda,0a:5fb9,
ff8b,R,0a,5fde,0a:5fb9,
ff8b,W,0a,5fe3,0a:5fb9,
ff8a,R,0a,5feb,0a:5fb9,
ff8a,W,0a,5ff0,0a:5fb9,
c7f0,P,0a,5ffd,0a:5fb9,
ff8a,W,0a,6004,0a:5fb9,07
ff8b,W,0a,6008,0a:5fb9,10
ff8d,W,0a,600c,0a:5fb9,08
ff8d,R,0a,6018,0a:5fb9,
ff8d,W,0a,601b,0a:5fb9,
ff8b,R,0a,601f,0a:5fb9,
ff8b,W,0a,6024,0a:5fb9,
ff8a,R,0a,602c,0a:5fb9,
ff8a,W,0a,6030,0a:5fb9,
c0f0,P,0a,603a,0a:6037,
ff8a,W,0a,6041,0a:6037,0a
ff8b,W,0a,6045,0a:6037,10
ff8d,W,0a,6049,0a:6037,08
ff8d,R,0a,6055,0a:6037,
ff8d,W,0a,6058,0a:6037,
ff8b,R,0a,605c,0a:6037,
ff8b,W,0a,6061,0a:6037,
ff8a,R,0a,6069,0a:6037,
ff8a,W,0a,606d,0a:6037,
caf0,P,0a,6077,0a:6074,
ff8a,W,0a,607e,0a:6074,04
ff8b,W,0a,6082,0a:6074,10
ff8d,W,0a,6086,0a:6074,08
ff8d,R,0a,6092,0a:6074,
ff8d,W,0a,6095,0a:6074,
ff8b,R,0a,6099,0a:6074,
ff8b,W,0a,609e,0a:6074,
ff8a,R,0a,60a6,0a:6074,
ff8a,W,0a,60aa,0a:6074,
c0f0,P,0a,60b4,0a:60b1,
ff8a,W,0a,60bb,0a:60b1,04
ff8b,W,0a,60bf,0a:60b1,10
ff8d,W,0a,60c3,0a:60b1,08
ff8d,R,0a,60cf,0a:60b1,
ff8d,W,0a,60d2,0a:60b1,
ff8b,R,0a,60d6,0a:60b1,
ff8b,W,0a,60db,0a:60b1,
ff8a,R,0a,60e3,0a:60b1,
ff8a,W,0a,60e7,0a:60b1,
c4f0,P,0a,60f1,0a:60ee,
ff8a,W,0a,60f8,0a:60ee,0a
ff8b,W,0a,60fc,0a:60ee,10
ff8d,W,0a,6100,0a:60ee,08
ff8d,R,0a,610c,0a:60ee,
ff8d,W,0a,610f,0a:60ee,
ff8b,R,0a,6113,0a:60ee,
ff8b,W,0a,6118,0a:60ee,
ff8a,R,0a,6120,0a:60ee,
ff8a,W,0a,6124,0a:60ee,
c3c0,P,0a,612e,0a:612b,
ff8a,W,0a,6135,0a:612b,08
ff8b,W,0a,6139,0a:612b,0a
ff8d,W,0a,613d,0a:612b,08
ff8d,R,0a,6149,0a:612b,
ff8d,W,0a,614c,0a:612b,
ff8b,R,0a,6150,0a:612b,
ff8b,W,0a,6155,0a:612b,
ff8a,R,0a,615d,0a:612b,
ff8a,W,0a,6161,0a:612b,
c7f0,P,0a,616e,0a:616b,
ff8a,W,0a,6175,0a:616b,07
ff8b,W,0a,6179,0a:616b,08
ff8d,W,0a,617d,0a:616b,08
ff8d,R,0a,6189,0a:616b,
ff8d,W,0a,618c,0a:616b,
ff8b,R,0a,6190,0a:616b,
ff8b,W,0a,6195,0a:616b,
ff8a,R,0a,619d,0a:616b,
ff8a,W,0a,61a1,0a:616b,
cd0e,P,0a,61b5,0a:61b2,
ff8a,W,0a,61ba,0a:61b2,0e
ff8b,W,0a,61be,0a:61b2,10
ff8b,R,0a,6200,0a:61b2,
ff8b,W,0a,6205,0a:61b2,
ff8a,R,0a,620d,0a:61b2,
ff8a,W,0a,6211,0a:61b2,
cd8e,P,0a,621e,0a:621b,
ff8a,W,0a,6225,0a:621b,0e
ff8b,W,0a,6229,0a:621b,08
ff8d,W,0a,622d,0a:621b,08
ff8d,R,0a,6248,0a:621b,
ff8d,W,0a,624b,0a:621b,
ff8b,R,0a,6253,0a:621b,
ff8b,W,0a,6258,0a:621b,
ff8a,R,0a,625c,0a:621b,
ff8a,W,0a,6260,0a:621b,
cd0e,P,0a,626c,0a:6269,
ff8a,W,0a,6273,0a:6269,0e
ff8b,W,0a,6277,0a:6269,08
ff8d,W,0a,627b,0a:6269,08
ff8d,R,0a,6296,0a:6269,
ff8d,W,0a,6299,0a:6269,
ff8b,R,0a,62a1,0a:6269,
ff8b,W,0a,62a6,0a:6269,
ff8a,R,0a,62aa,0a:6269,
ff8a,W,0a,62ae,0a:6269,
cd0c,P,0a,62bb,0a:62b8,
ff8a,W,0a,62c0,0a:62b8,07
ff8b,W,0a,62c4,0a:62b8,10
ff8d,W,0a,62c8,0a:62b8,04
ff8d,R,0a,62d9,0a:62b8,
ff8d,W,0a,62dc,0a:62b8,
ff8d,W,0a,62e7,0a:62b8,04
ff8d,R,0a,62f8,0a:62b8,
ff8d,W,0a,62fb,0a:62b8,
ff8b,R,0a,6303,0a:62b8,
ff8b,W,0a,6308,0a:62b8,
ff8a,R,0a,630d,0a:62b8,
ff8a,W,0a,6311,0a:62b8,
cd0e,P,0a,631b,0a:6318,
ff8a,W,0a,6320,0a:6318,0e
ff8b,W,0a,6324,0a:6318,08
ff8d,W,0a,6328,0a:6318,08
ff8d,R,0a,634a,0a:6318,
ff8d,W,0a,634d,0a:6318,
ff8b,R,0a,6355,0a:6318,
ff8b,W,0a,635a,0a:6318,
ff8a,R,0a,635e,0a:6318,
ff8a,W,0a,6362,0a:6318,
cd0c,P,0a,636d,0a:636a,
ff8a,W,0a,6372,0a:636a,07
ff8b,W,0a,6376,0a:636a,08
ff8d,W,0a,637a,0a:636a,04
ff8d,R,0a,63ac,0a:636a,
ff8d,W,0a,63af,0a:636a,
ff8d,W,0a,63ba,0a:636a,04
ff8d,R,0a,63ec,0a:636a,
ff8d,W,0a,63ef,0a:636a,
ff8b,R,0a,63f3,0a:636a,
ff8b,W,0a,63f8,0a:636a,
ff8a,R,0a,6402,0a:636a,
ff8a,W,0a,6406,0a:636a,
c60e,P,0a,6414,0a:6411,
ff8a,W,0a,641b,0a:6411,07
ff8b,W,0a,641f,0a:6411,08
ff8d,W,0a,6423,0a:6411,04
ff8c,W,0a,6429,0a:6411,
ff8c,R,0a,6432,0a:6411,
ff8c,W,0a,6456,0a:6411,
ff8c,R,0a,645f,0a:6411,
ff8d,R,0a,6481,0a:6411,
ff8d,W,0a,6484,0a:6411,
ff8d,W,0a,648f,0a:6411,04
ff8c,W,0a,6495,0a:6411,
ff8c,R,0a,649e,0a:6411,
ff8c,W,0a,64c2,0a:6411,
ff8c,R,0a,64cb,0a:6411,
ff8d,R,0a,64ed,0a:6411,
ff8d,W,0a,64f0,0a:6411,
ff8b,R,0a,64f4,0a:6411,
ff8b,W,0a,64f9,0a:6411,
ff8a,R,0a,6507,0a:6411,
ff8a,W,0a,650b,0a:6411,
c60e,P,0a,6516,0a:6516,
c68e,P,0a,651c,0a:651c,
cd0e,P,0a,6522,0a:6522,
cd8e,P,0a,6528,0a:6528,
cd0e,P,0a,6531,0a:652e,
ff8a,W,0a,6536,0a:652e,0e
ff8b,W,0a,653a,0a:652e,08
ff8d,W,0a,653e,0a:652e,08
ff8d,R,0a,6548,0a:652e,
ff8d,W,0a,654b,0a:652e,
ff8b,R,0a,654f,0a:652e,
ff8b,W,0a,6554,0a:652e,
ff8a,R,0a,655c,0a:652e,
ff8a,W,0a,6560,0a:652e,
cd8e,P,0a,656d,0a:656a,
ff8a,W,0a,6572,0a:656a,0e
ff8b,W,0a,6576,0a:656a,08
ff8d,W,0a,657a,0a:656a,08
ff8d,R,0a,6584,0a:656a,
ff8d,W,0a,6587,0a:656a,
ff8b,R,0a,658b,0a:656a,
ff8b,W,0a,6590,0a:656a,
ff8a,R,0a,6598,0a:656a,
ff8a,W,0a,659c,0a:656a,
c60e,P,0a,65a8,0a:65a5,
ff8a,W,0a,65ad,0a:65a5,07
ff8b,W,0a,65b1,0a:65a5,10
ff8d,W,0a,65b5,0a:65a5,08
ff8d,R,0a,65bf,0a:65a5,
ff8d,W,0a,65c2,0a:65a5,
ff8b,R,0a,65c6,0a:65a5,
ff8b,W,0a,65cb,0a:65a5,
ff8a,R,0a,65d3,0a:65a5,
ff8a,W,0a,65d7,0a:65a5,
cd0e,P,0a,65e1,0a:65de,
ff8a,W,0a,65e6,0a:65de,07
ff8b,W,0a,65ea,0a:65de,10
ff8d,W,0a,65ee,0a:65de,08
ff8d,R,0a,65f8,0a:65de,
ff8d,W,0a,65fb,0a:65de,
ff8b,R,0a,65ff,0a:65de,
ff8b,W,0a,6604,0a:65de,
ff8a,R,0a,660c,0a:65de,
ff8a,W,0a,6610,0a:65de,
cd0e,P,0a,661a,0a:6617,
ff8a,W,0a,661f,0a:6617,07
ff8b,W,0a,6623,0a:6617,08
ff8d,W,0a,6627,0a:6617,08
ff8d,R,0a,6631,0a:6617,
ff8d,W,0a,6634,0a:6617,
ff8b,R,0a,6638,0a:6617,
ff8b,W,0a,663d,0a:6617,
ff8a,R,0a,6645,0a:6617,
ff8a,W,0a,664a,0a:6617,
c68e,P,0a,6657,0a:6617,
ff8a,W,0a,665c,0a:6617,07
ff8b,W,0a,6660,0a:6617,08
ff8d,W,0a,6664,0a:6617,08
ff8d,R,0a,666e,0a:6617,
ff8d,W,0a,6671,0a:6617,
ff8b,R,0a,6675,0a:6617,
ff8b,W,0a,667a,0a:6617,
ff8a,R,0a,6682,0a:6617,
ff8a,W,0a,6686,0a:6617,
cd0e,P,0a,6692,0a:668f,
ff8a,W,0a,6697,0a:668f,07
ff8b,W,0a,669b,0a:668f,10
ff8d,W,0a,669f,0a:668f,08
ff8d,R,0a,66a9,0a:668f,
ff8d,W,0a,66ac,0a:668f,
ff8b,R,0a,66b0,0a:668f,
ff8b,W,0a,66b5,0a:668f,
ff8a,R,0a,66bd,0a:668f,
ff8a,W,0a,66c2,0a:668f,
c68e,P,0a,66cc,0a:668f,
ff8a,W,0a,66d1,0a:668f,07
ff8b,W,0a,66d5,0a:668f,08
ff8d,W,0a,66d9,0a:668f,08
ff8d,R,0a,66e3,0a:668f,
ff8d,W,0a,66e6,0a:668f,
ff8b,R,0a,66ea,0a:668f,
ff8b,W,0a,66ef,0a:668f,
ff8a,R,0a,66f7,0a:668f,
ff8a,W,0a,66fb,0a:668f,
c90e,P,0a,6707,0a:6704,
ff8a,W,0a,670c,0a:6704,0a
ff8b,W,0a,6710,0a:6704,10
ff8d,W,0a,6714,0a:6704,08
ff8d,R,0a,671e,0a:6704,
ff8d,W,0a,6721,0a:6704,
ff8b,R,0a,6725,0a:6704,
ff8b,W,0a,672a,0a:6704,
ff8a,R,0a,6732,0a:6704,
ff8a,W,0a,6736,0a:6704,
cd0e,P,0a,6740,0a:673d,
ff8a,W,0a,6745,0a:673d,04
ff8b,W,0a,6749,0a:673d,10
ff8d,W,0a,674d,0a:673d,08
ff8d,R,0a,6757,0a:673d,
ff8d,W,0a,675a,0a:673d,
ff8b,R,0a,675e,0a:673d,
ff8b,W,0a,6763,0a:673d,
ff8a,R,0a,676b,0a:673d,
ff8a,W,0a,676f,0a:673d,
c30e,P,0a,6779,0a:6776,
ff8a,W,0a,677e,0a:6776,04
ff8b,W,0a,6782,0a:6776,10
ff8d,W,0a,6786,0a:6776,08
ff8d,R,0a,6790,0a:6776,
ff8d,W,0a,6793,0a:6776,
ff8b,R,0a,6797,0a:6776,
ff8b,W,0a,679c,0a:6776,
ff8a,R,0a,67a4,0a:6776,
ff8a,W,0a,67a8,0a:6776,
cd0e,P,0a,67b2,0a:67af,
ff8a,W,0a,67b7,0a:67af,0a
ff8b,W,0a,67bb,0a:67af,10
ff8d,W,0a,67bf,0a:67af,08
ff8d,R,0a,67c9,0a:67af,
ff8d,W,0a,67cc,0a:67af,
ff8b,R,0a,67d0,0a:67af,
ff8b,W,0a,67d5,0a:67af,
ff8a,R,0a,67dd,0a:67af,
ff8a,W,0a,67e1,0a:67af,
ca3e,P,0a,67eb,0a:67e8,
ff8a,W,0a,67f0,0a:67e8,08
ff8b,W,0a,67f4,0a:67e8,0a
ff8d,W,0a,67f8,0a:67e8,08
ff8d,R,0a,6802,0a:67e8,
ff8d,W,0a,6805,0a:67e8,
ff8b,R,0a,6809,0a:67e8,
ff8b,W,0a,680e,0a:67e8,
ff8a,R,0a,6816,0a:67e8,
ff8a,W,0a,681a,0a:67e8,
cd8e,P,0a,6827,0a:6824,
ff8a,W,0a,682c,0a:6824,07
ff8b,W,0a,6830,0a:6824,08
ff8d,W,0a,6834,0a:6824,08
ff8d,R,0a,683e,0a:6824,
ff8d,W,0a,6841,0a:6824,
ff8b,R,0a,6845,0a:6824,
ff8b,W,0a,684a,0a:6824,
ff8a,R,0a,6852,0a:6824,
ff8a,W,0a,6856,0a:6824,
ff8a,W,0a,686d,0a:6865,07
ff8b,W,0a,6871,0a:6865,08
ff8d,W,0a,6875,0a:6865,04
ff8c,W,0a,687b,0a:6865,
ff8c,R,0a,6884,0a:6865,
ff8c,W,0a,6891,0a:6865,
ff8c,R,0a,689a,0a:6865,
ff8d,R,0a,68a3,0a:6865,
ff8d,W,0a,68a6,0a:6865,
ff8d,W,0a,68b1,0a:6865,04
ff8c,W,0a,68b7,0a:6865,
ff8c,R,0a,68c0,0a:6865,
ff8c,W,0a,68cd,0a:6865,
ff8c,R,0a,68d6,0a:6865,
ff8d,R,0a,68df,0a:6865,
ff8d,W,0a,68e2,0a:6865,
ff8b,R,0a,68e6,0a:6865,
ff8b,W,0a,68eb,0a:6865,
ff8a,R,0a,68f5,0a:6865,
ff8a,W,0a,68f9,0a:6865,
ff8a,W,0a,690d,0a:6865,07
ff8b,W,0a,6911,0a:6865,08
ff8d,W,0a,6915,0a:6865,04
ff8c,W,0a,6919,0a:6865,
ff8c,R,0a,6924,0a:6865,
ff8c,W,0a,692f,0a:6865,
ff8c,R,0a,693a,0a:6865,
ff8d,R,0a,6943,0a:6865,
ff8d,W,0a,6946,0a:6865,
ff8d,W,0a,6951,0a:6865,04
ff8c,W,0a,6955,0a:6865,
ff8c,R,0a,6960,0a:6865,
ff8c,W,0a,696b,0a:6865,
ff8c,R,0a,6976,0a:6865,
ff8d,R,0a,697f,0a:6865,
ff8d,W,0a,6982,0a:6865,
ff8b,R,0a,698a,0a:6865,
ff8b,W,0a,698f,0a:6865,
ff8a,R,0a,6999,0a:6865,
ff8a,W,0a,699d,0a:6865,
ff8a,W,0a,69b1,0a:6865,07
ff8b,W,0a,69b5,0a:6865,08
ff8d,W,0a,69b9,0a:6865,04
ff8c,W,0a,69bf,0a:6865,
ff8c,R,0a,69c8,0a:6865,
ff8c,W,0a,69d5,0a:6865,
ff8c,R,0a,69de,0a:6865,
ff8d,R,0a,69e9,0a:6865,
ff8d,W,0a,69ec,0a:6865,
ff8d,W,0a,69f7,0a:6865,04
ff8c,W,0a,69fd,0a:6865,
ff8c,R,0a,6a06,0a:6865,
ff8c,W,0a,6a13,0a:6865,
ff8c,R,0a,6a1c,0a:6865,
ff8d,R,0a,6a27,0a:6865,
ff8d,W,0a,6a2a,0a:6865,
ff8b,R,0a,6a2e,0a:6865,
ff8b,W,0a,6a33,0a:6865,
ff8a,R,0a,6a41,Cam_BootHiddenCombo_Check,
ff8a,W,0a,6a45,Cam_BootHiddenCombo_Check,
ffa1,R,0a,6a52,Cam_BootSelfTest_Entry,
ff9e,W,0a,6a5f,Cam_BootSelfTest_Entry,
ff9e,W,0a,6a6e,Cam_BootSelfTest_Entry,
ffab,W,0a,6a83,Cam_FactoryDiag_AllButtonsExceptB,41
d524,W,0a,6a87,Cam_FactoryDiag_AllButtonsExceptB,e4
d525,W,0a,6a8a,Cam_FactoryDiag_AllButtonsExceptB,
d526,W,0a,6a8d,Cam_FactoryDiag_AllButtonsExceptB,
ffae,W,0a,6a91,Cam_FactoryDiag_AllButtonsExceptB,00
ffad,W,0a,6a93,Cam_FactoryDiag_AllButtonsExceptB,
ff9e,W,0a,6aed,Cam_FactoryDiag_AllButtonsExceptB,
d5bf,R,0a,6afa,Cam_FactoryDiag_AllButtonsExceptB,
d5c0,R,0a,6b03,Cam_FactoryDiag_AllButtonsExceptB,
ff8d,R,0a,6b0c,Cam_FactoryDiag_AllButtonsExceptB,
ff8e,R,0a,6b11,Cam_FactoryDiag_AllButtonsExceptB,
ff8f,R,0a,6b19,Cam_FactoryDiag_AllButtonsExceptB,
ff90,R,0a,6b1e,Cam_FactoryDiag_AllButtonsExceptB,
ff91,R,0a,6b23,Cam_FactoryDiag_AllButtonsExceptB,
ffab,W,0a,6b7b,Cam_BootAllButtons_or_SensorFail,41
d524,W,0a,6b7f,Cam_BootAllButtons_or_SensorFail,e4
d525,W,0a,6b82,Cam_BootAllButtons_or_SensorFail,
d526,W,0a,6b85,Cam_BootAllButtons_or_SensorFail,
ffae,W,0a,6b89,Cam_BootAllButtons_or_SensorFail,00
ffad,W,0a,6b8b,Cam_BootAllButtons_or_SensorFail,
ff9e,W,0a,6bbc,Cam_BootAllButtons_or_SensorFail,
dd61,R,1f,4370,1f:4370,
dd78,W,1f,438b,1f:4384,06
dd64,P,1f,43a8,1f:43a3,
dd64,P,1f,43cf,1f:43ca,
dd78,W,1f,4410,1f:4409,03
dd64,P,1f,4413,1f:4409,
dd64,P,1f,443e,1f:4439,
dd66,W,1f,446a,1f:4464,01
dd64,P,1f,4475,1f:4475,
dd66,P,1f,447f,1f:4475,
ff13,W,1f,448c,1f:4475,
dd64,P,1f,44a6,1f:44a1,
dd64,P,1f,44d7,1f:44d2,
dd67,W,1f,4513,1f:4511,83
dd67,W,1f,4532,1f:4530,87
dd78,W,1f,4559,1f:4554,02
dd67,W,1f,455e,1f:4554,85
dd67,W,1f,4585,1f:4583,87
dd63,W,1f,459a,1f:4590,
dd64,P,1f,459d,1f:4590,
ff13,W,1f,45ab,1f:4590,
ff12,W,1f,45af,1f:4590,d2
dd67,R,1f,45b1,1f:4590,
ff14,W,1f,45b4,1f:4590,
dd64,P,1f,45ce,1f:45c9,
dd64,P,1f,4604,1f:45ff,
dd64,P,1f,464b,1f:4646,
ff13,W,1f,4663,1f:4646,
ff14,W,1f,4667,1f:4646,c7
dd64,P,1f,4687,1f:4682,
dd64,P,1f,4752,1f:474d,
dd03,P,1f,475f,1f:474d,
dd03,P,1f,4769,1f:4769,
ff04,R,1f,4788,1f:4780,
ff13,W,1f,478e,1f:4780,
dd61,W,1f,4797,1f:4791,00
ff10,W,1f,479a,1f:4791,
ff12,W,1f,479e,1f:4791,08
ff14,W,1f,47a2,1f:4791,80
dd1f,P,1f,47a4,1f:4791,
dd64,P,1f,47c5,1f:47c0,
dd64,P,1f,47f9,1f:47f4,
ff13,W,1f,4809,1f:47f4,
ff12,W,1f,480b,1f:47f4,
ff14,W,1f,480f,1f:47f4,87
dd78,W,1f,4814,1f:47f4,04
dd66,W,1f,4821,1f:481f,40
dd66,P,1f,4831,1f:482c,
ff13,W,1f,483c,1f:482c,
dd66,W,1f,4846,1f:4844,60
dd66,P,1f,4856,1f:4851,
ff13,W,1f,4861,1f:4851,
ff04,R,1f,489c,1f:4894,
ff13,W,1f,48a0,1f:4894,
ff04,R,1f,48a2,1f:4894,
ff14,W,1f,48a6,1f:4894,
ff04,R,1f,48ae,1f:48ae,
ff04,R,1f,48c0,1f:48ae,
ff13,W,1f,48d4,1f:48ae,
ff14,W,1f,48d8,1f:48ae,c7
dd08,W,1f,48db,1f:48ae,00
ff04,R,1f,48ec,1f:48ec,
ff04,R,1f,48f8,1f:48ec,
ff13,W,1f,48fc,1f:48ec,
ff14,W,1f,4900,1f:48ec,c7
dd67,W,1f,4910,1f:490e,f0
dd64,P,1f,4923,1f:491b,
ff13,W,1f,4930,1f:491b,
dd67,R,1f,4932,1f:491b,
ff12,W,1f,4935,1f:491b,
ff11,W,1f,4939,1f:491b,b8
ff14,W,1f,493d,1f:491b,c7
dd64,W,1f,4941,1f:491b,00
dd67,R,1f,4944,1f:491b,
dd67,W,1f,4949,1f:491b,
dd64,P,1f,497b,1f:4976,
ff13,W,1f,4987,1f:4976,
ff14,W,1f,498b,1f:4976,87
dd66,W,1f,49b8,1f:49b6,85
dd64,P,1f,49cb,1f:49c6,
ff13,W,1f,49db,1f:49c6,
dd66,R,1f,49dd,1f:49c6,
ff14,W,1f,49e0,1f:49c6,
dd66,P,1f,49e3,1f:49c6,
dd64,W,1f,49ee,1f:49c6,00
dd08,P,1f,4a44,1f:4a44,
dd66,W,1f,4a70,1f:4a6e,b0
dd66,P,1f,4a83,1f:4a7e,
ff13,W,1f,4a8d,1f:4a7e,
dd66,W,1f,4a97,1f:4a95,60
dd66,P,1f,4aaa,1f:4aa5,
ff13,W,1f,4ab5,1f:4aa5,
dd67,W,1f,4ac9,1f:4ac7,87
dd67,W,1f,4af0,1f:4aee,86
dd67,W,1f,4b19,1f:4b17,87
dd67,W,1f,4b3f,1f:4b3d,87
dd67,W,1f,4b66,1f:4b64,87
dd64,P,1f,4b7a,1f:4b71,
dd67,R,1f,4b8d,1f:4b71,
dd64,P,1f,4bb3,1f:4bae,
dd64,P,1f,4bdb,1f:4bd6,
dd64,P,1f,4c16,1f:4c11,
dd64,P,1f,4c48,1f:4c43,
dd66,W,1f,4c67,1f:4c61,
dd64,P,1f,4c74,1f:4c6f,
dd66,P,1f,4c8e,1f:4c6f,
dd66,R,1f,4c93,1f:4c6f,
ff13,W,1f,4c96,1f:4c6f,
dd7c,P,1f,4cec,1f:4ce7,
ff22,W,1f,4d00,1f:4ce7,
ff23,W,1f,4d04,1f:4ce7,80
ff04,R,1f,4d28,1f:4d28,
dd7c,P,1f,4d47,1f:4d47,
dd7d,P,1f,4d54,1f:4d47,
ff22,W,1f,4d63,1f:4d47,
dd7d,P,1f,4d68,1f:4d47,
dd7c,P,1f,4d93,1f:4d8e,
dd7c,P,1f,4dfe,1f:4df9,
dd7c,P,1f,4e2e,1f:4e29,
ff22,W,1f,4e3e,1f:4e29,
dd7c,P,1f,4e57,1f:4e57,
dd7c,P,1f,4e7b,1f:4e76,
dd7c,P,1f,4ea4,1f:4e9f,
dd7c,P,1f,4ec9,1f:4ec4,
ff04,R,1f,4f15,1f:4f0d,
ff22,W,1f,4f21,1f:4f0d,
ff23,W,1f,4f25,1f:4f0d,80
dd7c,P,1f,4f39,1f:4f34,
dd79,W,1f,4f5c,1f:4f56,00
ff21,W,1f,4f61,1f:4f56,08
ff23,W,1f,4f65,1f:4f56,80
dd4f,P,1f,4f67,1f:4f56,
dd75,W,1f,4f78,1f:4f72,
dd76,W,1f,4f80,1f:4f72,
dd74,P,1f,4f89,1f:4f89,
dd75,R,1f,4f8e,1f:4f89,
dd76,R,1f,4f92,1f:4f89,
fff3,P,1f,4fa4,1f:4f98,
ff1d,W,1f,4fa9,1f:4f98,
dd75,W,1f,4fab,1f:4f98,
dd76,W,1f,4faf,1f:4f98,
ff1e,W,1f,4fb4,1f:4f98,
dd0d,W,1f,4fbe,1f:4fbc,01
dd74,P,1f,4fcb,1f:4fcb,
ff1a,W,1f,4fd5,1f:4fcb,
dd74,P,1f,4ff5,1f:4ff5,
ff1a,W,1f,4fff,1f:4ff5,
ff1a,W,1f,500c,1f:4ff5,80
ff1d,W,1f,5013,1f:4ff5,
ff1b,W,1f,5017,1f:4ff5,f6
ff1e,W,1f,501b,1f:4ff5,c7
dd74,P,1f,502c,1f:502c,
ff04,R,1f,503e,1f:502c,
ff1d,W,1f,5040,1f:502c,
dd75,W,1f,504b,1f:5046,f0
dd74,P,1f,5059,1f:5059,
ff04,R,1f,5072,1f:5059,
ff1d,W,1f,5077,1f:5059,
dd75,W,1f,5082,1f:507d,e0
dd74,P,1f,5090,1f:5090,
ff1d,W,1f,50a4,1f:5090,
ff04,R,1f,50a7,1f:5090,
dd75,W,1f,50b0,1f:50ab,60
dd74,P,1f,50be,1f:50be,
dd75,W,1f,50dc,1f:50d7,10
dd74,P,1f,50ea,1f:50ea,
ff1d,W,1f,50ff,1f:50ea,
dd75,W,1f,5107,1f:5102,80
dd76,W,1f,511a,1f:5115,23
dd74,P,1f,5127,1f:5127,
ff1d,W,1f,513d,1f:5127,
dd71,W,1f,514c,1f:5127,00
ff1a,W,1f,514f,1f:5127,
dd3f,P,1f,5151,1f:5127,
dd36,R,1f,5156,1f:5127,
dd37,R,1f,515a,1f:5127,
dd71,P,1f,5191,1f:5191,
dd51,R,1f,5194,1f:5191,
dd3f,P,1f,5198,1f:5191,
dd74,W,1f,519e,1f:5191,00
dd75,W,1f,51a1,1f:5191,
dd76,W,1f,51a4,1f:5191,
ff1a,W,1f,51a7,1f:5191,
dd51,R,1f,520c,1f:5191,
dd1f,P,1f,522c,1f:5191,
dd3f,P,1f,5234,1f:5191,
dd4f,P,1f,523c,1f:5191,
dd51,W,1f,5267,1f:5266,
ff25,W,1f,5295,1f:5293,ff
dd55,W,1f,5299,1f:5293,01
dd69,W,1f,529d,1f:5293,00
dd0e,W,1f,52a0,1f:5293,
dd09,W,1f,52a3,1f:5293,
dd0a,W,1f,52a6,1f:5293,
dd08,W,1f,52a9,1f:5293,
dd61,W,1f,52ad,1f:52ac,00
dd71,W,1f,52b0,1f:52ac,
dd79,W,1f,52b3,1f:52ac,
dd1f,W,1f,52b6,1f:52ac,
dd2f,W,1f,52b9,1f:52ac,
dd3f,W,1f,52bc,1f:52ac,
dd4f,W,1f,52bf,1f:52ac,
ff12,W,1f,52c4,1f:52ac,08
ff17,W,1f,52c6,1f:52ac,
ff21,W,1f,52c8,1f:52ac,
ff14,W,1f,52cc,1f:52ac,80
ff19,W,1f,52ce,1f:52ac,
ff23,W,1f,52d0,1f:52ac,
ff10,W,1f,52d3,1f:52ac,00
ff1a,W,1f,52d5,1f:52ac,
dd70,P,1f,52d8,1f:52d8,
dd60,P,1f,52f8,1f:52f8,
dd78,P,1f,5318,1f:5318,
ff26,W,1f,533a,1f:5318,80
ff24,W,1f,533e,1f:5318,77
ff25,W,1f,5342,1f:5318,ff
dd00,P,1f,5344,1f:5318,
dd60,W,1f,5371,1f:5356,00
dd5e,W,1f,5375,1f:5356,00
dd68,P,1f,5381,1f:5356,
dd60,W,1f,5395,1f:5356,00
dd68,W,1f,5398,1f:5356,
dd70,W,1f,539b,1f:5356,
dd78,W,1f,539e,1f:5356,
ff25,W,1f,53b1,1f:5356,ff
dd55,W,1f,53b5,1f:5356,01
dd69,R,1f,53b9,1f:53b9,
dd55,P,1f,53ca,1f:53b9,
ff25,W,1f,53db,1f:53b9,
dd55,P,1f,53e7,1f:53e7,
ff25,W,1f,540c,1f:53e7,
dd01,P,1f,5423,1f:5420,
dd10,P,1f,542e,1f:5420,
dd20,P,1f,5434,1f:5420,
dd30,P,1f,543a,1f:5420,
dd40,P,1f,5440,1f:5420,
dd10,P,1f,5446,1f:5420,
dd14,P,1f,5449,1f:5420,
dd20,P,1f,544f,1f:5420,
dd24,P,1f,5452,1f:5420,
dd30,P,1f,5458,1f:5420,
dd34,P,1f,545b,1f:5420,
dd40,P,1f,5461,1f:5420,
dd44,P,1f,5464,1f:5420,
dd12,P,1f,546d,1f:5420,
dd1e,W,1f,5479,1f:5420,00
dd2e,W,1f,547c,1f:5420,
dd3e,W,1f,547f,1f:5420,
ff1a,W,1f,5485,1f:5420,00
dd0d,R,1f,54a4,1f:5420,
dd50,P,1f,54b6,1f:5420,
dd50,R,1f,54e4,1f:54da,
dd38,R,1f,54eb,1f:54da,
ff1c,W,1f,54f9,1f:54da,40
dd69,P,1f,5547,1f:54da,
dd02,W,1f,5556,1f:54da,
dd03,W,1f,555f,1f:54da,
dd01,W,1f,556a,1f:54da,
dd69,P,1f,55b2,1f:55b2,
dd50,W,1f,55ba,1f:55b2,01
dd10,P,1f,55bd,1f:55b2,
dd02,P,1f,55fa,1f:55b2,
dd50,R,1f,5613,1f:55b2,
dd01,R,1f,562b,1f:55b2,
dd46,P,1f,5650,1f:55b2,
dd44,P,1f,5661,1f:55b2,
dd50,R,1f,566b,1f:55b2,
dd3f,R,1f,5678,1f:55b2,
dd69,R,1f,5695,1f:55b2,
dd50,P,1f,56df,1f:55b2,
dd1e,P,1f,56f0,1f:55b2,
dd2e,P,1f,56f4,1f:55b2,
dd3e,P,1f,56f8,1f:55b2,
dd51,W,1f,5717,1f:570d,
dd50,R,1f,571a,1f:570d,
dd51,R,1f,573c,1f:570d,
fffe,P,1f,5747,1f:5743,
