new_bank,level,caller_bank,call_pc,count,count_organic
00,0,00,0108,8,0
00,0,00,011C,4,0
00,0,00,011D,68,0
00,0,00,012B,76,0
00,0,00,012D,74,0
00,0,00,0164,4,0
00,0,00,017B,68,0
00,0,00,017E,4,0
00,0,00,0187,22,0
00,0,00,01A6,4,0
00,0,00,01A9,36,0
00,0,00,01AC,4,0
00,0,00,01AF,105,0
00,0,00,01C6,10,0
00,0,00,01C9,24,0
00,0,00,01CE,10,0
00,0,00,01E1,9624,9312
00,0,00,01E4,4,0
00,0,00,01ED,89,0
00,0,00,01FA,24,0
00,0,00,0205,9533,9263
00,0,00,020D,81057,9263
00,0,00,021D,39990,0
00,0,00,0227,12,0
00,0,00,0243,215,0
00,0,00,0249,48,0
00,0,00,024C,4,0
00,0,00,024F,212,0
00,0,00,0266,4,0
00,0,00,0269,32,0
00,0,00,027F,181,0
00,0,00,028C,4,0
00,0,00,0298,4,0
00,0,00,02A0,557,318
00,0,00,02A7,33,0
00,0,00,02AB,2918776,1268391
00,0,00,02AE,4,0
00,0,00,02B1,122,0
00,0,00,02F0,4,0
00,0,00,032E,4,0
00,0,00,0330,4,0
00,0,00,0333,76778035,56787945
00,0,00,03F1,132,0
00,0,00,04C4,30,0
00,0,00,0522,26,0
00,0,00,0559,108,0
00,0,00,0570,4,0
00,0,00,059E,56,0
00,0,00,05A1,154,0
00,0,00,05E0,4,0
00,0,00,0614,30,0
00,0,00,0623,168,0
00,0,00,0661,142,0
00,0,00,0683,164,0
00,0,00,06C7,102,0
00,0,00,06D1,224,0
00,0,00,06F5,533939,210031
00,0,00,06FF,338,0
00,0,00,0702,26,0
00,0,00,0721,142,0
00,0,00,0724,30,0
00,0,00,0745,148,0
00,0,00,0752,26,0
00,0,00,0755,152,0
00,0,00,0763,194,0
00,0,00,0766,30,0
00,0,00,0773,160,0
00,0,00,0776,34,0
00,0,00,079E,30,0
00,0,00,07A1,336,0
00,0,00,07F4,578346,209927
00,0,00,07F7,118,0
00,0,00,083E,52,0
00,0,00,0843,314,0
00,0,00,0869,80,0
00,0,00,087D,150,0
00,0,00,0897,306,0
00,0,00,08AC,26,0
00,0,00,0907,94,0
00,0,00,0955,158,0
00,0,00,095B,212,0
00,0,00,096A,26,0
00,0,00,09DE,26,0
00,0,00,09E1,334,0
00,0,00,0AB2,12279,0
00,0,00,0AD7,23549,0
00,0,00,0D4B,152,0
00,0,00,0D69,160,0
00,0,00,0DAD,17384,8090
00,0,00,0E1D,118,0
00,0,00,0E5D,138,0
00,0,00,0E72,8034,6940
00,0,00,0E83,126,0
00,0,00,0EA1,170,0
00,0,00,0EC2,6,0
00,0,00,0F25,122,0
00,0,00,0F2F,148,0
00,0,00,0F35,132,0
00,0,00,0F3B,144,0
00,0,00,0F4B,148,0
00,0,00,0FF1,208,0
00,0,00,0FF3,118,0
00,0,00,1021,150,0
00,0,00,1437,16,0
00,0,00,1485,20,0
00,0,00,167C,6,0
00,0,00,1805,28,0
00,0,00,1810,9,0
00,0,00,185A,6,0
00,0,00,1875,12,0
00,0,00,18D4,6,0
00,0,00,18F4,6,0
00,0,00,1909,18,0
00,0,00,193D,1228,0
00,0,00,197C,12,0
00,0,00,1A10,10,0
00,0,00,1A20,1,0
00,0,00,1AD6,4,0
00,0,00,1AE2,6,0
00,0,00,1B14,6,0
00,0,00,1B3C,12,0
00,0,00,1BD7,2,0
00,0,00,1CEF,9551,9312
00,0,00,1D30,9541,9312
00,0,00,1D3D,1287,0
00,0,00,1DD9,4,0
00,0,00,1E1F,12,0
00,0,00,1E6E,6,0
00,0,00,1ECE,8814,8542
00,0,00,1ED3,1113,1089
00,0,00,1ED6,9977,9681
00,0,00,1EDA,2,0
00,0,00,25EE,16,0
00,0,00,286D,6,0
00,0,00,2B24,2,0
00,0,00,2B51,6,0
00,0,00,2CDA,6,0
00,0,00,2D32,18,0
00,0,00,2DF4,4,0
00,0,00,2E2A,6,0
00,0,00,2E7C,12,0
00,0,00,2EA1,9305,9156
00,0,00,2F16,9305,9156
00,0,00,2F2D,79458418,57871371
00,0,00,3078,15008,1597
00,0,00,3086,14989,1581
00,0,00,3094,14993,1581
00,0,00,30A3,66,0
00,0,00,313B,14103,2447
00,0,00,3172,6,0
00,0,00,319C,18956,576
00,0,00,31B4,43783,40552
00,0,00,31BB,69237,16265
00,0,00,33A7,2,0
00,0,00,33B5,2,0
00,0,00,33C3,2,0
00,0,00,33D1,6,0
00,0,00,33FC,6,0
00,0,00,3430,3,0
00,0,00,34AC,699707,624366
00,0,00,34C2,4,0
00,0,00,34EF,15569574,5879412
00,0,00,3A33,6,0
00,0,00,3C4D,24,0
00,0,00,3CDC,12,0
00,0,00,3DB9,6,0
00,0,00,3E31,6,0
00,0,00,3E37,6,0
00,0,00,4252,12,0
00,0,00,4330,6,0
00,0,00,43F1,6,0
00,0,00,44C4,12,0
00,0,00,4522,6,0
00,0,00,4623,4,0
00,0,00,4724,4,0
00,0,00,47F7,6,0
00,0,00,4843,6,0
00,0,00,4F24,18,0
00,0,00,5501,12,0
00,0,00,555D,12,0
00,0,00,5675,12,0
00,0,00,57EE,6,0
00,0,00,57F2,12,0
00,0,00,57F5,8,0
00,0,00,57FA,6,0
00,0,00,5805,4,0
00,0,00,5851,6,0
00,0,00,5854,6,0
00,0,00,58D4,6,0
00,0,00,5902,6,0
00,0,00,593D,1595,0
00,0,00,5952,6,0
00,0,00,59E5,12,0
00,0,00,5A53,4,0
00,0,00,5AD6,2,0
00,0,00,5AFF,12,0
00,0,00,5BD7,1,0
00,0,00,5BE7,6,0
00,0,00,5BF2,2,0
00,0,00,5BFE,12,0
00,0,00,5CD2,6,0
00,0,00,5D3D,491,0
00,0,00,5DD9,2,0
00,0,00,5DED,82,0
00,0,00,5DF5,24,0
00,0,00,5E03,6,0
00,0,00,5E3B,6,0
00,0,00,5EDA,1,0
00,0,00,6861,2,0
00,0,00,6B34,6,0
00,0,00,6C67,6,0
00,0,00,6CF8,12,0
00,0,00,6D32,6,0
00,0,00,6DDD,12,0
00,0,00,6DFD,18,0
00,0,00,6E48,6,0
00,0,00,6E51,1,0
00,0,00,6E6A,6,0
00,0,00,7094,4,0
00,0,00,71BB,1,0
00,0,00,7370,16,0
00,0,00,738B,2,0
00,0,00,73A7,1,0
00,0,00,73CD,1,0
00,0,00,73FC,12,0
00,0,00,7A73,10,0
00,0,00,7E31,6,0
00,0,00,7E33,8,0
00,0,02,4CFF,914,903
00,0,02,4DD1,6,0
00,0,03,553D,26,0
00,0,03,5BF4,357,264
00,0,03,5C0A,476,352
00,0,03,5C60,25,24
00,0,03,5DED,6,0
00,0,03,6F77,1,0
00,0,03,733D,43,0
00,0,03,7C4D,4,0
00,0,04,448F,12,0
00,0,04,44D8,12,0
00,0,04,633D,56,0
00,0,04,6E3D,26,0
00,0,05,41C5,9,0
00,0,05,453D,14,0
00,0,05,4A3D,2,0
00,0,05,6D4D,4,0
00,0,05,6E3D,12,0
00,0,05,773D,4,0
00,0,05,781F,35,0
00,0,05,7ED4,8,0
00,0,05,7EEB,8,0
00,0,05,7F01,8,0
00,0,05,7F18,16,0
00,0,06,433D,26,0
00,0,06,463D,4,0
00,0,06,483D,20,0
00,0,06,50D3,6,0
00,0,06,5A3D,4,0
00,0,06,5F5D,12,0
00,0,06,6E28,72,0
00,0,06,781F,173,0
00,0,07,7706,24,0
00,0,08,4F5D,33,0
00,0,08,533D,16,0
00,0,08,5474,4,0
00,0,08,74CD,722,0
00,0,08,74D7,709,0
00,0,09,423D,33,0
00,0,09,5445,48,0
00,0,09,5F5D,4,0
00,0,09,71B3,4,0
00,0,09,739A,64,0
00,0,0F,643D,8,0
00,0,12,7B3D,16,0
00,0,1A,781F,24,0
00,0,1B,423D,8,0
00,0,1F,453D,8,0
00,0,1F,5391,1,0
00,0,1F,543D,4,0
00,0,20,533D,37,0
00,0,21,6D8B,1,0
00,0,2A,484D,4,0
00,0,2B,434D,4,0
00,0,2E,673D,8,0
00,0,33,76BF,1,0
00,0,38,633D,33,0
00,0,3C,4B3D,55,0
00,0,3D,781F,56,0
00,1,00,0108,12833,8826
00,1,00,011C,2484,2132
00,1,00,011D,2720,2353
00,1,00,012B,33,31
00,1,00,012D,11,0
00,1,00,0164,26,24
00,1,00,017B,2,0
00,1,00,01AF,4716,538
00,1,00,01C6,1,0
00,1,00,01E4,19092,18624
00,1,00,01ED,18,0
00,1,00,01FA,2,0
00,1,00,020D,75890885,57868065
00,1,00,021D,336,41
00,1,00,0249,8,0
00,1,00,024C,2,2
00,1,00,0269,4,0
00,1,00,02A0,3495722,21626
00,1,00,02AB,23268,0
00,1,00,0522,4,0
00,1,00,0614,35,31
00,1,00,0661,8,8
00,1,00,0683,71,0
00,1,00,06FF,27,22
00,1,00,0702,17,17
00,1,00,079E,1,0
00,1,00,07A1,1,0
00,1,00,07F4,3,0
00,1,00,0843,2,2
00,1,00,0869,4,4
00,1,00,087D,28,26
00,1,00,0907,4,0
00,1,00,0AD7,19,0
00,1,00,0E1D,2,2
00,1,00,0E72,24,24
00,1,00,0F2F,20,20
00,1,00,0F4B,2,2
00,1,00,1501,39,37
00,1,00,1668,2,2
00,1,00,178C,2,0
00,1,00,1805,18,0
00,1,00,180D,3,0
00,1,00,1810,2,0
00,1,00,1845,2,0
00,1,00,18FF,29,8
00,1,00,1922,2,2
00,1,00,193D,22,0
00,1,00,1946,2,2
00,1,00,1960,3,0
00,1,00,199D,2,2
00,1,00,1A10,98,0
00,1,00,1A20,5,0
00,1,00,1AD6,2,0
00,1,00,1AFF,8,0
00,1,00,1B03,2,0
00,1,00,1B6C,6,6
00,1,00,1BAE,2,0
00,1,00,1BD7,4,0
00,1,00,1D3D,8,0
00,1,00,1DD9,2,0
00,1,00,1E2D,1,0
00,1,00,1E49,32,32
00,1,00,1EDA,4,0
00,1,00,268E,16,16
00,1,00,2AC2,2,0
00,1,00,2B0A,16,16
00,1,00,2B24,4,0
00,1,00,2B51,2,0
00,1,00,2B98,2,0
00,1,00,2C09,2,0
00,1,00,2CFB,1,0
00,1,00,2CFE,1,1
00,1,00,2DF4,2,0
00,1,00,2DFD,133,108
00,1,00,2E01,32,32
00,1,00,2F2D,62402,7245
00,1,00,2F30,122,116
00,1,00,2F33,101,84
00,1,00,2F3C,2,0
00,1,00,30A0,209818,22134
00,1,00,30AB,443458,44674
00,1,00,3118,197666,34258
00,1,00,314B,131978,57395
00,1,00,316F,90,82
00,1,00,3172,58,2
00,1,00,3173,11,6
00,1,00,317B,39,28
00,1,00,319C,14,2
00,1,00,31A0,1,0
00,1,00,31B4,10,0
00,1,00,31BB,4,0
00,1,00,32F2,9008368,1578556
00,1,00,3300,29,27
00,1,00,3339,5710272,4199790
00,1,00,337F,1,0
00,1,00,33D1,2,0
00,1,00,33DC,2,0
00,1,00,3430,3,0
00,1,00,3451,2,0
00,1,00,345D,2,0
00,1,00,34EF,1112107,419958
00,1,00,3549,1821,0
00,1,00,3C4D,76,72
00,1,00,3E73,2,0
00,1,00,4623,2,0
00,1,00,4724,2,0
00,1,00,57EE,6,0
00,1,00,57F5,4,0
00,1,00,5805,8,0
00,1,00,593D,44,0
00,1,00,5A53,2,0
00,1,00,5AD6,4,0
00,1,00,5BD7,2,0
00,1,00,5BF2,4,0
00,1,00,5DD9,1,0
00,1,00,5DED,16,0
00,1,00,5EDA,2,0
00,1,00,6861,4,0
00,1,00,7094,2,0
00,1,00,7370,12,0
00,1,00,7A73,2,0
00,1,00,7E33,4,0
00,1,02,4546,6,0
00,1,02,5117,914,903
00,1,03,46CB,336,168
00,1,03,49C8,126,112
00,1,03,530C,6,0
00,1,03,55D2,371,336
00,1,03,56FD,4,0
00,1,04,40BC,8,0
00,1,04,40BF,8,0
00,1,04,4107,2,2
00,1,04,4108,2,2
00,1,04,4148,2,2
00,1,04,4206,2,2
00,1,04,4453,16,16
00,1,04,4604,2,2
00,1,04,4703,16,16
00,1,04,4706,2,2
00,1,04,4721,2,0
00,1,04,4724,2,0
00,1,04,47DE,2,0
00,1,04,47E1,2,0
00,1,04,484F,4,4
00,1,04,495D,8,8
00,1,04,4A43,16,16
00,1,04,4B1B,2,2
00,1,04,4B29,2,2
00,1,04,4B45,6,6
00,1,04,4D00,2,2
00,1,04,4D21,16,16
00,1,04,4D2C,34,34
00,1,04,4D45,4,4
00,1,04,4DFF,20,20
00,1,04,4E2D,20,20
00,1,04,4E47,18,18
00,1,04,4F06,10,10
00,1,04,4F0C,4,4
00,1,04,4F15,2,2
00,1,04,4F1F,2,2
00,1,04,5040,4,4
00,1,04,5047,34,34
00,1,04,5109,2,2
00,1,04,5146,2,2
00,1,04,530B,6,6
00,1,04,530F,6,6
00,1,04,5808,2,2
00,1,04,584C,4,4
00,1,04,596D,10,10
00,1,04,5A01,10,10
00,1,04,5A07,4,4
00,1,04,6011,19156,18564
00,1,04,6100,8,8
00,1,04,620A,16,16
00,1,04,6216,2,2
00,1,04,6248,6,6
00,1,04,6301,10,10
00,1,04,633D,4,4
00,1,04,640E,48,48
00,1,04,6448,4,4
00,1,04,6712,2,2
00,1,04,6729,2,2
00,1,04,676F,32,32
00,1,04,6901,4,4
00,1,04,6920,12,12
00,1,04,6A43,4,4
00,1,04,6A5F,2,2
00,1,04,6D01,2,2
00,1,04,6D36,4,4
00,1,04,6E01,2,2
00,1,04,6FFD,6,6
00,1,04,7001,6,6
00,1,04,703B,4,4
00,1,04,703E,4598,4029
00,1,04,7048,4,4
00,1,04,704B,2,2
00,1,04,70E5,1924,1564
00,1,04,7186,1516,1351
00,1,04,722D,4,4
00,1,04,7236,4,4
00,1,04,723F,4,4
00,1,04,7484,17262,8090
00,1,04,75FD,18,18
00,1,04,764B,4,4
00,1,04,764F,2,2
00,1,04,765F,4,4
00,1,04,7768,8,8
00,1,04,7A67,14,14
00,1,04,7A6D,28,28
00,1,04,7C68,4,4
00,1,05,77D4,24,0
00,1,05,7810,16,0
00,1,06,5F9E,173,0
00,1,06,6D15,72,0
00,1,06,6E28,10,0
00,1,07,5F35,14,0
00,1,07,7C7F,24,0
00,1,08,4EE9,10432,0
00,1,08,5459,2,0
00,1,08,545F,2,0
00,1,08,7494,1431,0
00,1,09,61BA,4,0
00,1,09,7301,64,0
00,1,1F,40BD,27,27
00,1,1F,453D,1,0
00,1,1F,45FF,8,4
00,1,1F,4646,2,0
00,1,1F,474D,69,69
00,1,1F,4C11,3,0
00,1,1F,507D,6246,4810
00,1,1F,50BD,7853,6056
00,1,1F,704A,120,0
01,0,00,011C,4,0
01,0,00,011D,4,0
01,0,00,012B,4,0
01,0,00,012D,126,112
01,0,00,01AF,1222,940
01,0,00,01C6,70,0
01,0,00,01C9,8249,8249
01,0,00,01ED,4,0
01,0,00,0205,6,6
01,0,00,020D,1724,1
01,0,00,021D,606,0
01,0,00,0227,3,1
01,0,00,0243,27,0
01,0,00,0249,491274,284063
01,0,00,024C,432,432
01,0,00,024F,3,3
01,0,00,0252,5,3
01,0,00,0266,3,3
01,0,00,0269,3,3
01,0,00,027F,632,332
01,0,00,0298,553,318
01,0,00,02AB,14,0
01,0,00,032E,2,0
01,0,00,0330,2,0
01,0,00,0333,13996,1481
01,0,00,0559,334,330
01,0,00,0570,2,2
01,0,00,05A1,4,0
01,0,00,0683,8,0
01,0,00,06C7,80,80
01,0,00,06F5,533958,210031
01,0,00,06FF,2,0
01,0,00,0745,32,20
01,0,00,0752,1,1
01,0,00,0766,4,0
01,0,00,0773,13,1
01,0,00,0776,1,1
01,0,00,07A1,6,0
01,0,00,07F4,578398,209927
01,0,00,083E,10,10
01,0,00,0843,2,2
01,0,00,0869,4,0
01,0,00,087D,4549854,2336517
01,0,00,0897,36,0
01,0,00,0907,340,330
01,0,00,0955,4,0
01,0,00,09E1,18,0
01,0,00,0AD7,2029,0
01,0,00,0D4B,19,3
01,0,00,0DAD,4,0
01,0,00,0E58,22624,22624
01,0,00,0E72,90,90
01,0,00,0F02,16,8
01,0,00,0F24,92,92
01,0,00,0F25,18,12
01,0,00,0F2F,906,899
01,0,00,0F35,29,9
01,0,00,0F3B,821,821
01,0,00,0F40,12,8
01,0,00,0F4A,30,26
01,0,00,0F4B,190,190
01,0,00,0FF3,14,0
01,0,00,1021,6,0
01,0,00,1024,11,9
01,0,00,1437,81,65
01,0,00,143A,129,93
01,0,00,1478,4,4
01,0,00,14E1,4,0
01,0,00,1501,4,0
01,0,00,1528,4,0
01,0,00,1554,3,3
01,0,00,155D,25,1
01,0,00,1561,171,167
01,0,00,160E,3706,22
01,0,00,1668,176,172
01,0,00,1675,7,7
01,0,00,167B,46,6
01,0,00,167C,4,4
01,0,00,171B,8,8
01,0,00,1771,5,5
01,0,00,1778,177,177
01,0,00,1798,2256,0
01,0,00,1805,24,4
01,0,00,180D,20,0
01,0,00,1810,8,0
01,0,00,182A,16,16
01,0,00,1830,644,636
01,0,00,1837,127,107
01,0,00,183F,7,5
01,0,00,1845,556705,485824
01,0,00,1848,27,23
01,0,00,184B,5,1
01,0,00,184E,233,1
01,0,00,1854,16,0
01,0,00,1857,61,35
01,0,00,185C,970,848
01,0,00,1865,41305,981
01,0,00,186A,13,1
01,0,00,186F,2000,0
01,0,00,1870,34,2
01,0,00,1875,25011,941
01,0,00,1878,13,5
01,0,00,187B,742,166
01,0,00,187E,8348,356
01,0,00,1881,63,63
01,0,00,18DD,4,0
01,0,00,18FF,12,10
01,0,00,1902,5,1
01,0,00,1909,3,1
01,0,00,191B,2,0
01,0,00,1922,25,25
01,0,00,1923,1,1
01,0,00,192A,19,19
01,0,00,192D,1637,1573
01,0,00,1930,936,917
01,0,00,1934,242,239
01,0,00,1937,111,95
01,0,00,193A,267,261
01,0,00,193D,329,309
01,0,00,1940,18,18
01,0,00,1943,27,7
01,0,00,1946,277,259
01,0,00,1949,13,11
01,0,00,194C,10,2
01,0,00,194F,7,3
01,0,00,1952,4,4
01,0,00,1956,12,10
01,0,00,195A,63,59
01,0,00,1960,3,3
01,0,00,1965,607,607
01,0,00,1969,1,1
01,0,00,1971,3,3
01,0,00,1979,2,0
01,0,00,199A,2,0
01,0,00,1A04,1,0
01,0,00,1A14,36,0
01,0,00,1A17,2,0
01,0,00,1A1D,2,0
01,0,00,1A20,24,24
01,0,00,1A36,95,91
01,0,00,1A4B,9,7
01,0,00,1A53,4,0
01,0,00,1AFF,10,8
01,0,00,1B03,8,8
01,0,00,1B09,2,2
01,0,00,1B18,12,0
01,0,00,1B32,878,846
01,0,00,1B36,104,96
01,0,00,1B3C,1502,1298
01,0,00,1B48,1,1
01,0,00,1B50,21,5
01,0,00,1B53,3,3
01,0,00,1B57,6,2
01,0,00,1B5A,158,101
01,0,00,1B5E,22,10
01,0,00,1B61,43,43
01,0,00,1B65,8,8
01,0,00,1B68,3,3
01,0,00,1B6C,777,777
01,0,00,1B6D,28,28
01,0,00,1BE7,12,0
01,0,00,1BFE,8,8
01,0,00,1C02,4,0
01,0,00,1C12,8,0
01,0,00,1C16,2,2
01,0,00,1C1E,2,2
01,0,00,1C21,2,2
01,0,00,1C24,18,18
01,0,00,1C29,2,2
01,0,00,1C2D,1121,1023
01,0,00,1C6C,11,3
01,0,00,1D30,1021,916
01,0,00,1D33,779,714
01,0,00,1D3D,32,0
01,0,00,1D40,16,0
01,0,00,1DF5,2,0
01,0,00,1DFB,2,0
01,0,00,1E03,8,8
01,0,00,1E09,12,12
01,0,00,1E11,1,1
01,0,00,1E17,3684,14
01,0,00,1E1F,4,0
01,0,00,1E2D,1050,903
01,0,00,1E33,1092,966
01,0,00,1E3B,8,8
01,0,00,1E49,1530,1528
01,0,00,1E4F,33,17
01,0,00,1E57,169,116
01,0,00,1E5D,16,16
01,0,00,1E65,22,22
01,0,00,1E6E,10,10
01,0,00,1E76,40,8
01,0,00,1E7C,8,8
01,0,00,1F3A,342,332
01,0,00,276C,42,42
01,0,00,282C,17,17
01,0,00,2861,7858,7858
01,0,00,286D,795188,329928
01,0,00,2A2D,66,66
01,0,00,2A41,2,0
01,0,00,2B0A,362,362
01,0,00,2B11,21,17
01,0,00,2B14,9,9
01,0,00,2B24,32,16
01,0,00,2B2C,38,38
01,0,00,2B31,465,453
01,0,00,2B34,613,613
01,0,00,2B3E,73,57
01,0,00,2B48,1,1
01,0,00,2B4B,20,8
01,0,00,2B5E,24,24
01,0,00,2B65,2,2
01,0,00,2B6C,1,1
01,0,00,2B76,138510,232
01,0,00,2B7E,4,0
01,0,00,2BF2,2,0
01,0,00,2C03,33,33
01,0,00,2C06,8,8
01,0,00,2C09,10,10
01,0,00,2C25,4,0
01,0,00,2C2F,295,295
01,0,00,2C35,787,769
01,0,00,2C46,3,3
01,0,00,2C57,8,8
01,0,00,2C67,4,0
01,0,00,2CFE,8,8
01,0,00,2D01,27,27
01,0,00,2D04,2,2
01,0,00,2D0A,8,8
01,0,00,2D0D,9,9
01,0,00,2D13,1,1
01,0,00,2D19,4,0
01,0,00,2D24,2200,2200
01,0,00,2D32,982,952
01,0,00,2D63,2,2
01,0,00,2D6F,2,2
01,0,00,2D72,1,1
01,0,00,2D75,58,6
01,0,00,2D78,2,2
01,0,00,2D7B,1,1
01,0,00,2DFD,1828,1815
01,0,00,2E01,1435,1433
01,0,00,2E0C,9,9
01,0,00,2E10,8,8
01,0,00,2E15,9,9
01,0,00,2E1A,10,8
01,0,00,2E23,12,12
01,0,00,2E2A,8,8
01,0,00,2E31,1175,1145
01,0,00,2E38,281,281
01,0,00,2E48,1,1
01,0,00,2E51,62,34
01,0,00,2E55,16,16
01,0,00,2E5F,47,31
01,0,00,2E66,28,8
01,0,00,2E6A,24,24
01,0,00,2F2D,10232,542
01,0,00,2F30,1034,1000
01,0,00,2F33,831,831
01,0,00,2F3C,1208,1076
01,0,00,3078,1,1
01,0,00,30AB,2,0
01,0,00,3118,1,1
01,0,00,314B,1,1
01,0,00,317B,1,1
01,0,00,31B4,27,0
01,0,00,32F2,2,0
01,0,00,3300,830,814
01,0,00,3313,2,2
01,0,00,335A,3,3
01,0,00,336B,3,3
01,0,00,33FC,2,0
01,0,00,3404,34,34
01,0,00,3407,16,16
01,0,00,3430,252082,177419
01,0,00,3443,2,0
01,0,00,3451,50,34
01,0,00,345A,300,300
01,0,00,345D,1,1
01,0,00,34EF,15572974,5879412
01,0,00,3549,15,13
01,0,00,3554,972,602
01,0,00,3A13,168,168
01,0,00,3A37,8,8
01,0,00,3B66,4,4
01,0,00,3C4D,7,1
01,0,00,3E31,4,0
01,0,00,3E33,1,1
01,0,00,3E35,7,1
01,0,00,3E37,9,9
01,0,00,3E73,4,0
01,0,00,3F66,2,2
01,0,00,593D,68,0
01,0,00,5D3D,68,0
01,0,00,5DED,6,0
01,0,00,6A41,1,0
01,0,00,6ACD,1,0
01,0,00,6D43,1,0
01,0,00,737F,1,0
01,0,00,7C4D,4,0
01,0,02,4DD1,2,0
01,0,03,4075,25326,1237
01,0,03,408C,2,0
01,0,03,40C8,4934,4926
01,0,03,40CB,1656,1656
01,0,03,40F1,2,0
01,0,03,4100,1294,1022
01,0,03,4153,24,0
01,0,03,4165,4,0
01,0,03,419E,2,0
01,0,03,4237,2,2
01,0,03,427B,267318,146733
01,0,03,42A5,60,0
01,0,03,4323,3640,14
01,0,03,433C,1369,1195
01,0,03,4372,220693,108597
01,0,03,439C,60,0
01,0,03,4407,2,0
01,0,03,4432,22,8
01,0,03,443B,26,22
01,0,03,443E,20,4
01,0,03,4447,2,0
01,0,03,44D7,420970,301574
01,0,03,44E8,100,0
01,0,03,4500,784,770
01,0,03,465C,7,7
01,0,03,4668,10,10
01,0,03,466B,4,0
01,0,03,471A,1138019,334058
01,0,03,4834,22,20
01,0,03,4837,24,22
01,0,03,4856,14,0
01,0,03,4879,4,4
01,0,03,48D4,623646,266617
01,0,03,494C,4,0
01,0,03,4965,12,12
01,0,03,496E,4,0
01,0,03,4A19,299,59
01,0,03,4A21,8,8
01,0,03,4A27,3628,14
01,0,03,4A2A,6,0
01,0,03,4A57,12,10
01,0,03,4B2F,26565,24809
01,0,03,4B3A,119999,77634
01,0,03,4C23,4,0
01,0,03,4C2C,4,2
01,0,03,4C2F,20,20
01,0,03,4C32,24,22
01,0,03,4C35,14,14
01,0,03,4D02,2,0
01,0,03,4E6B,16,12
01,0,03,4F54,6,2
01,0,03,4F62,4,0
01,0,03,4F7D,6,0
01,0,03,5024,30,0
01,0,03,503A,24,22
01,0,03,5048,128,0
01,0,03,5056,22,0
01,0,03,5074,4,0
01,0,03,507C,1699,1599
01,0,03,507F,120,0
01,0,03,50B5,368,296
01,0,03,50E5,3682,1044
01,0,03,50FC,309773,190391
01,0,03,5126,10,10
01,0,03,515F,6,0
01,0,03,517E,24,0
01,0,03,5181,100,0
01,0,03,522E,14,14
01,0,03,5258,313306,190910
01,0,03,52FD,39,26
01,0,03,5312,349,59
01,0,03,5346,2,0
01,0,03,53C9,3434567,1927192
01,0,03,5436,18,14
01,0,03,5444,1679392,1139627
01,0,03,54FE,202,0
01,0,03,550E,2,0
01,0,03,5525,2,2
01,0,03,560F,367,59
01,0,03,566B,28,16
01,0,03,56D1,168,168
01,0,03,56FD,347,329
01,0,03,5716,852617,26452
01,0,03,5728,5,5
01,0,03,574C,1,1
01,0,03,57FD,57,23
01,0,03,5805,18,0
01,0,03,5811,2,0
01,0,03,5814,4,0
01,0,03,581F,154676,5098
01,0,03,5839,797723,24407
01,0,03,584A,13,13
01,0,03,584D,25260,23612
01,0,03,5861,33,1
01,0,03,5877,37,13
01,0,03,587E,1272,0
01,0,03,589D,2123,2063
01,0,03,58C6,154676,5098
01,0,03,58F2,797761,24407
01,0,03,5936,2312,279
01,0,03,593E,2305,272
01,0,03,5946,2305,272
01,0,03,5949,1,1
01,0,03,5962,2,2
01,0,03,5A40,313614,13579
01,0,03,5A44,7,7
01,0,03,5A4E,12,12
01,0,03,5AF2,360031,15213
01,0,03,5B21,2,0
01,0,03,5B30,2,2
01,0,03,5B51,1,1
01,0,03,5BAA,360037,15213
01,0,03,5BBD,108,70
01,0,03,5BC5,108,70
01,0,03,5CFC,2,0
01,0,03,5D0B,2,0
01,0,03,5D0F,2,0
01,0,03,5D24,34,22
01,0,03,5D32,13,13
01,0,03,5D41,23,7
01,0,03,5D4F,4,0
01,0,03,5DED,2,0
01,0,03,5F11,183354,22567
01,0,03,5F17,192150,23018
01,0,03,5F3D,80,0
01,0,03,5F51,80,0
01,0,03,5F69,64,0
01,0,03,5F7A,80,0
01,0,03,5F92,700,0
01,0,03,5FFF,18,0
01,0,03,6019,23,17
01,0,03,601C,23,23
01,0,03,602B,38,6
01,0,03,6048,1,1
01,0,03,6055,29191,6075
01,0,03,6108,396,62
01,0,03,61EC,2,0
01,0,03,6309,2,0
01,0,03,640D,2,0
01,0,03,6410,22,0
01,0,03,641A,53,33
01,0,03,6440,20,0
01,0,03,6441,4,0
01,0,03,6457,2,2
01,0,03,64C0,321126,206735
01,0,03,64EC,1133,0
01,0,03,6527,8,8
01,0,03,653E,404,0
01,0,03,664E,4,0
01,0,03,6654,2,2
01,0,03,671C,14,6
01,0,03,6776,2542,2246
01,0,03,679A,426,410
01,0,03,67A8,683,642
01,0,03,6815,8,8
01,0,03,6823,21,17
01,0,03,6844,1,1
01,0,03,685C,118,114
01,0,03,6865,36359,6065
01,0,03,6931,16,0
01,0,03,694B,5,1
01,0,03,6AA9,2,0
01,0,03,6B11,2,0
01,0,03,6B29,68,14
01,0,03,6B37,13,13
01,0,03,6B44,2,2
01,0,03,6B48,1,1
01,0,03,6C30,4,4
01,0,03,6C48,18,14
01,0,03,6D1A,18,14
01,0,03,6D1D,235,108
01,0,03,6D2C,2,0
01,0,03,6D2F,1,1
01,0,03,6D40,6,2
01,0,03,6D51,2,2
01,0,03,6D71,4,0
01,0,03,6DAD,2,0
01,0,03,6E14,87,33
01,0,03,6E22,2,2
01,0,03,6EE1,2,0
01,0,03,6EFD,19,13
01,0,03,6F1F,2,2
01,0,03,6F2B,1,1
01,0,03,6F32,2,2
01,0,03,6F56,4,0
01,0,03,6FFE,16,0
01,0,03,7002,1894425,1698098
01,0,03,713C,75513,72321
01,0,03,7181,315022,282231
01,0,03,71AD,60,0
01,0,03,7201,6,0
01,0,03,7210,20,8
01,0,03,7219,3,1
01,0,03,730C,8,8
01,0,03,730F,11,11
01,0,03,7312,22,14
01,0,03,7315,8,8
01,0,03,7318,51,15
01,0,03,734D,2,2
01,0,03,7369,4,4
01,0,03,73C7,1279065,1174814
01,0,03,73E5,1275752,1171447
01,0,03,7403,1279528,1175578
01,0,03,7416,1125730,1048197
01,0,03,7420,147732,124228
01,0,03,742E,9721,6449
01,0,03,7523,42,6
01,0,03,7540,2,2
01,0,03,75D5,1091297,1013979
01,0,03,76EB,4,0
01,0,03,771E,4,0
01,0,03,7721,1,1
01,0,03,7724,2,2
01,0,03,772A,18,14
01,0,03,7749,4,0
01,0,03,780F,4,4
01,0,03,7814,49,13
01,0,03,7817,2,2
01,0,03,781D,5034,5025
01,0,03,7825,1551,1551
01,0,03,7828,2,2
01,0,03,7840,1076295,886671
01,0,03,7857,11,11
01,0,03,786B,912,888
01,0,03,7876,6,0
01,0,03,7897,142058,82449
01,0,03,791A,1,1
01,0,03,7957,1,1
01,0,03,7975,2,2
01,0,03,79FC,474504,412467
01,0,03,7A4E,19,19
01,0,03,7B10,986,2
01,0,03,7B14,8,4
01,0,03,7B1C,18,14
01,0,03,7B39,19,19
01,0,03,7B3C,1368,1236
01,0,03,7BA7,658880,450338
01,0,03,7BF0,230182,155432
01,0,03,7BF9,111321,80494
01,0,03,7C31,3,3
01,0,03,7C5E,2,2
01,0,03,7C61,32,0
01,0,03,7C64,4,0
01,0,03,7C6A,4,0
01,0,03,7D02,2,0
01,0,03,7D08,22,18
01,0,03,7D13,8,0
01,0,03,7D44,1640766,1246747
01,0,03,7DAD,399019,303601
01,0,04,4025,9,9
01,0,04,403B,9,0
01,0,04,4104,5,5
01,0,04,4107,67,67
01,0,04,4108,904,904
01,0,04,4114,1,1
01,0,04,4117,1,1
01,0,04,4133,303,303
01,0,04,4145,775,438
01,0,04,4148,216,216
01,0,04,4162,40,40
01,0,04,41B9,4810185,3311475
01,0,04,4202,16,16
01,0,04,4206,121,121
01,0,04,420F,59,59
01,0,04,4212,10,10
01,0,04,4215,3,3
01,0,04,4221,1,1
01,0,04,4230,4,0
01,0,04,4233,45,41
01,0,04,4238,5,1
01,0,04,423B,5,0
01,0,04,4246,12,0
01,0,04,424B,1,1
01,0,04,4253,104,16
01,0,04,425C,2,2
01,0,04,427D,1,1
01,0,04,4407,7,7
01,0,04,4446,9,4
01,0,04,4453,981,969
01,0,04,445F,1,1
01,0,04,450E,7,7
01,0,04,4525,16,16
01,0,04,4546,5,1
01,0,04,455D,5,5
01,0,04,4604,352,352
01,0,04,4613,305,305
01,0,04,4622,1,1
01,0,04,4629,1,1
01,0,04,4703,215,215
01,0,04,4706,597,597
01,0,04,4709,29,29
01,0,04,470F,128,128
01,0,04,4716,2,2
01,0,04,4721,3,3
01,0,04,4724,3,3
01,0,04,4727,69,69
01,0,04,474B,6,6
01,0,04,4805,102,102
01,0,04,481E,63,63
01,0,04,4827,131,131
01,0,04,483C,317,313
01,0,04,484F,44,44
01,0,04,48AE,286448,196212
01,0,04,4926,47,47
01,0,04,4930,1,1
01,0,04,493B,3,2
01,0,04,4946,10,10
01,0,04,4952,1,1
01,0,04,495A,1,1
01,0,04,495D,955,955
01,0,04,4A05,14,14
01,0,04,4A08,6,6
01,0,04,4A15,5,5
01,0,04,4A1F,11,11
01,0,04,4A28,20,16
01,0,04,4A2B,8,0
01,0,04,4A31,29,21
01,0,04,4A40,25,5
01,0,04,4A43,1105,1081
01,0,04,4A50,5,5
01,0,04,4A5B,14,14
01,0,04,4A5E,2,2
01,0,04,4AFF,523,523
01,0,04,4B0D,98,98
01,0,04,4B1B,594,594
01,0,04,4B29,46,46
01,0,04,4B37,137,137
01,0,04,4B45,1310,1293
01,0,04,4B55,2,2
01,0,04,4C07,53,53
01,0,04,4C11,7,7
01,0,04,4C37,34,8
01,0,04,4C44,40,32
01,0,04,4C51,3,3
01,0,04,4C54,89,89
01,0,04,4C57,3,3
01,0,04,4D00,878,878
01,0,04,4D1B,292,292
01,0,04,4D21,328,328
01,0,04,4D2C,2109,2109
01,0,04,4D34,3,3
01,0,04,4D37,16,4
01,0,04,4D45,1634,1588
01,0,04,4D53,90,90
01,0,04,4D5C,4,4
01,0,04,4D5F,81,81
01,0,04,4D6C,1,1
01,0,04,4DFF,1643,1643
01,0,04,4E05,189,189
01,0,04,4E1D,106,106
01,0,04,4E22,5,5
01,0,04,4E2D,2299,2299
01,0,04,4E47,3047,3043
01,0,04,4E4B,8,8
01,0,04,4E4E,17,17
01,0,04,4E51,23,23
01,0,04,4F02,854,854
01,0,04,4F06,1457,1457
01,0,04,4F09,299,299
01,0,04,4F0C,1035,1035
01,0,04,4F14,19,19
01,0,04,4F15,601,601
01,0,04,4F1F,204,204
01,0,04,4F22,8,8
01,0,04,4F3F,86,86
01,0,04,4F46,924,604
01,0,04,4F53,12,11
01,0,04,4F60,2,1
01,0,04,4FAB,293324,196635
01,0,04,5040,4476,2158
01,0,04,5047,4086,2206
01,0,04,5057,11,11
01,0,04,5075,308723,257144
01,0,04,5100,1363,1363
01,0,04,5104,133,133
01,0,04,5109,1626,1626
01,0,04,510C,236,236
01,0,04,5114,7,7
01,0,04,5146,1717,1715
01,0,04,5154,6,6
01,0,04,515C,4,4
01,0,04,516D,354,354
01,0,04,5254,5,5
01,0,04,530B,262,262
01,0,04,530F,889,889
01,0,04,531E,9,9
01,0,04,5327,35,35
01,0,04,572F,52,52
01,0,04,5808,28,28
01,0,04,5816,2,2
01,0,04,5824,11,11
01,0,04,5849,3,3
01,0,04,584C,203,203
01,0,04,584F,607,607
01,0,04,5855,12,12
01,0,04,5859,2,2
01,0,04,585C,2,2
01,0,04,5902,702,702
01,0,04,5910,9,9
01,0,04,591E,10,10
01,0,04,593E,4,4
01,0,04,596D,961,961
01,0,04,5A01,1343,1343
01,0,04,5A04,2456,2456
01,0,04,5A07,241,241
01,0,04,5A20,33,33
01,0,04,5A29,5,5
01,0,04,5A32,2,2
01,0,04,5A3B,1,1
01,0,04,5A44,12,4
01,0,04,5A4D,9,5
01,0,04,5A50,164,164
01,0,04,5A53,10,10
01,0,04,5A61,81,81
01,0,04,5A6F,3598,3598
01,0,04,5B62,151286,134394
01,0,04,5B9D,1064811,1018889
01,0,04,5C27,15,15
01,0,04,5C47,8,8
01,0,04,5C4A,8,8
01,0,04,5C4D,10,6
01,0,04,5C50,6,6
01,0,04,5D3E,3,3
01,0,04,5D59,1,1
01,0,04,5D63,9,9
01,0,04,5D66,19,19
01,0,04,5D69,9,9
01,0,04,5D72,8,8
01,0,04,5D8E,3252669,2983132
01,0,04,5E39,19,19
01,0,04,5E4F,4,4
01,0,04,5E55,4090,2606
01,0,04,5E5B,4,4
01,0,04,5E61,1,1
01,0,04,5E64,2,2
01,0,04,6011,1,1
01,0,04,6018,1,1
01,0,04,6100,753,753
01,0,04,610E,87,87
01,0,04,6124,2,2
01,0,04,6130,1,1
01,0,04,613E,4,4
01,0,04,614C,17,17
01,0,04,6202,315,315
01,0,04,620A,1585,1585
01,0,04,6213,6,6
01,0,04,6216,35,35
01,0,04,6227,49,49
01,0,04,6231,7,7
01,0,04,6237,313,313
01,0,04,623F,51,51
01,0,04,6248,133,133
01,0,04,624B,67,67
01,0,04,625C,2,2
01,0,04,6266,7,7
01,0,04,6301,643,643
01,0,04,6305,30,30
01,0,04,633D,127432,108207
01,0,04,6350,41651,30475
01,0,04,6368,1,1
01,0,04,640E,4442,4442
01,0,04,641D,1,1
01,0,04,6448,407732,347419
01,0,04,660C,130,130
01,0,04,6644,7,7
01,0,04,6704,4,4
01,0,04,6712,11,11
01,0,04,6726,1,1
01,0,04,6729,112,112
01,0,04,6741,8,8
01,0,04,6744,9,9
01,0,04,6758,8,8
01,0,04,675B,10,10
01,0,04,676F,2720,2720
01,0,04,6802,11,11
01,0,04,681C,1,1
01,0,04,682A,3,3
01,0,04,6901,492,492
01,0,04,6905,228,228
01,0,04,6908,50,50
01,0,04,6911,5,5
01,0,04,6914,163,163
01,0,04,6917,5,5
01,0,04,6920,1606,1606
01,0,04,692D,2,2
01,0,04,6930,2,2
01,0,04,6939,15,15
01,0,04,693C,50,50
01,0,04,694C,8,8
01,0,04,6958,99,99
01,0,04,6968,1,1
01,0,04,698A,121671,95739
01,0,04,699A,121657,95739
01,0,04,6A07,1303,1303
01,0,04,6A15,50,50
01,0,04,6A23,9,9
01,0,04,6A43,325,325
01,0,04,6A51,7,7
01,0,04,6A5F,226,226
01,0,04,6B00,173,173
01,0,04,6B03,27,27
01,0,04,6B06,168,168
01,0,04,6B32,2,2
01,0,04,6B35,3,3
01,0,04,6B75,8,8
01,0,04,6C02,10,10
01,0,04,6C0B,46,46
01,0,04,6C14,1,1
01,0,04,6C21,3,3
01,0,04,6C28,2,2
01,0,04,6C2B,4,4
01,0,04,6C2E,4,4
01,0,04,6C39,480,480
01,0,04,6C5F,1,1
01,0,04,6C62,2,2
01,0,04,6CFE,162,162
01,0,04,6D01,281,281
01,0,04,6D33,52,52
01,0,04,6D36,776,776
01,0,04,6D4E,13,13
01,0,04,6D51,8,8
01,0,04,6D68,9,9
01,0,04,6D7B,32,32
01,0,04,6E01,132,132
01,0,04,6E0F,156,156
01,0,04,6E1D,2,2
01,0,04,6E2B,3,3
01,0,04,6E39,564,564
01,0,04,6E3D,17,17
01,0,04,6E53,47,47
01,0,04,6E61,6,6
01,0,04,6E6F,49748,49164
01,0,04,6E7D,32,32
01,0,04,6EC7,722417,340118
01,0,04,6EE7,45141,33533
01,0,04,6EF0,7247,6175
01,0,04,6EF9,776819,381084
01,0,04,6F18,2,2
01,0,04,6F2C,1,1
01,0,04,6FFD,2317,2317
01,0,04,6FFE,7,7
01,0,04,7001,547,547
01,0,04,7011,1,1
01,0,04,701A,10,10
01,0,04,702D,473,473
01,0,04,703B,497,497
01,0,04,703E,522,522
01,0,04,7048,1570,1570
01,0,04,704B,571,571
01,0,04,707D,2146,1330
01,0,04,70E5,1,0
01,0,04,7124,3,3
01,0,04,7127,91,91
01,0,04,7135,7,7
01,0,04,713B,7,7
01,0,04,7144,24,24
01,0,04,7147,18,18
01,0,04,7155,3,3
01,0,04,715D,4,4
01,0,04,7160,1,1
01,0,04,7179,516,16
01,0,04,7186,180,0
01,0,04,71C0,180,0
01,0,04,722D,598,598
01,0,04,7236,109,109
01,0,04,723F,634,630
01,0,04,7248,410,410
01,0,04,7281,3274316,2611627
01,0,04,72F9,1460176,1266896
01,0,04,7302,1460123,1266903
01,0,04,7366,18,18
01,0,04,7369,165,165
01,0,04,7387,575107,467254
01,0,04,73B0,10637,9197
01,0,04,73B8,10517,9197
01,0,04,740F,13,13
01,0,04,7512,2,2
01,0,04,7520,1,1
01,0,04,752E,4,4
01,0,04,7539,12,12
01,0,04,7549,15,15
01,0,04,7556,19,19
01,0,04,7560,7,7
01,0,04,757D,6744,6744
01,0,04,75FD,1818,1818
01,0,04,760D,9,9
01,0,04,7627,904,904
01,0,04,762F,188761,161732
01,0,04,7637,304,304
01,0,04,763F,188448,161421
01,0,04,764B,803,803
01,0,04,764F,96,96
01,0,04,765F,130,130
01,0,04,7736,3,3
01,0,04,7744,11,11
01,0,04,7765,59,59
01,0,04,7768,977,977
01,0,04,7775,8,8
01,0,04,782D,302,302
01,0,04,7854,200412,130564
01,0,04,7879,60,0
01,0,04,7912,2,2
01,0,04,7939,296879,204250
01,0,04,795E,505,387
01,0,04,796B,627,627
01,0,04,797D,32,32
01,0,04,7A13,170310,123446
01,0,04,7A34,60,0
01,0,04,7A41,7,7
01,0,04,7A4A,11,11
01,0,04,7A53,11,11
01,0,04,7A60,97,97
01,0,04,7A67,1284,1284
01,0,04,7A6A,60,60
01,0,04,7A6D,4992,4992
01,0,04,7AE9,275925,186736
01,0,04,7B0A,119,1
01,0,04,7B20,4,4
01,0,04,7B23,2,2
01,0,04,7B40,7,7
01,0,04,7B4E,8,8
01,0,04,7B59,49,49
01,0,04,7B5C,10,10
01,0,04,7BFF,8,8
01,0,04,7C0D,1,1
01,0,04,7C24,9,9
01,0,04,7C28,2,2
01,0,04,7C3E,16,16
01,0,04,7C4C,54,54
01,0,04,7C5A,188,188
01,0,04,7C68,268,268
01,0,04,7C99,759604,252486
01,0,04,7D14,3,3
01,0,04,7D1B,3,3
01,0,04,7D33,381,381
01,0,05,427D,296,0
01,0,05,46B2,187929,290
01,0,05,46BA,187959,290
01,0,05,48BC,30591,0
01,0,05,4AD4,175959,265
01,0,05,4AF0,89288,155
01,0,05,4B70,91424,155
01,0,05,4BA8,277797,465
01,0,05,4C28,20432,0
01,0,05,4C31,95517,134
01,0,05,4C39,95517,134
01,0,05,4C41,95517,134
01,0,05,4C4A,10164,0
01,0,05,4D37,187689,287
01,0,05,507E,158920,170
01,0,05,515D,47584,228
01,0,05,516D,83178,67
01,0,05,5173,83178,67
01,0,05,5293,158871,232
01,0,05,529C,26930,0
01,0,05,52D1,46463,0
01,0,05,52E0,177019,217
01,0,05,52E9,7954,15
01,0,05,52F7,179177,232
01,0,05,5350,548514,696
01,0,05,577B,5796,0
01,0,05,58C3,129976,192
01,0,05,58CC,130249,192
01,0,05,58DA,130249,192
01,0,05,58E9,130249,192
01,0,05,58F5,130249,192
01,0,05,5906,19276,0
01,0,05,590F,157249,288
01,0,05,5920,19344,0
01,0,05,5929,157249,288
01,0,05,593B,187545,288
01,0,05,5944,187876,288
01,0,05,5955,187876,288
01,0,05,5C02,54228,43958
01,0,05,5C1D,104726,83919
01,0,05,5D46,11917,23
01,0,05,6020,880,0
01,0,05,6377,5838,0
01,0,05,6417,2372,0
01,0,05,648E,824,0
01,0,05,6505,1932,0
01,0,05,6580,2220,0
01,0,05,666C,308,0
01,0,05,677B,14995,32
01,0,05,680F,19913,63
01,0,05,689D,493,0
01,0,05,691E,504,0
01,0,05,6962,57476,95
01,0,05,6982,51763,95
01,0,05,698D,8924,0
01,0,05,6A4A,1962,0
01,0,05,6A54,3746,0
01,0,05,6A6A,2884,0
01,0,05,6B8B,4354,0
01,0,05,6C7D,734,0
01,0,05,6D0A,32,0
01,0,05,6D8F,4255,32
01,0,05,6E23,14673,16
01,0,05,6E29,1782,0
01,0,05,6EB1,515,0
01,0,05,6F32,248,0
01,0,05,70CE,592,0
01,0,05,7145,256,0
01,0,05,729C,4229,0
01,0,05,7330,9933,0
01,0,05,73EC,413,0
01,0,05,747E,248,0
01,0,05,756D,1082,0
01,0,05,7822,4,0
01,0,05,7828,4,0
01,0,05,7936,146186,103580
01,0,05,7A6C,522053,426582
01,0,05,7A75,1305323,747564
01,0,05,7C02,3068113,1603801
01,0,05,7C0B,253589,200274
01,0,05,7DB6,1335616,748731
01,0,05,7F01,2,0
01,0,06,4398,377831,304961
01,0,06,43A2,1317453,1001988
01,0,06,43A8,785514,634350
01,0,06,43B8,385575,306447
01,0,06,4487,10265,9054
01,0,06,453F,2,0
01,0,06,4645,616,0
01,0,06,5956,546878,263656
01,0,06,596B,546847,263656
01,0,06,598A,426961,204727
01,0,06,6275,512748,287193
01,0,06,6292,522981,296269
01,0,06,62CE,103446,86600
01,0,06,6328,3254,3050
01,0,06,6331,13835,12934
01,0,06,6483,580214,452967
01,0,06,6490,580053,452790
01,0,06,64AF,435901,322332
01,0,06,653E,1293,1063
01,0,06,6552,245990,228384
01,0,06,655A,245983,228389
01,0,06,656A,246012,228291
01,0,06,67BA,179960,152660
01,0,06,67E2,60,0
01,0,06,67FA,60,0
01,0,06,682F,425723,316073
01,0,06,6886,188224,160553
01,0,06,68B2,120,0
01,0,06,68EC,20,0
01,0,06,698C,173179,149740
01,0,06,69B4,60,0
01,0,06,6A3D,30,0
01,0,06,6ACF,184217,155380
01,0,06,6E28,27,0
01,0,06,781F,8,0
01,0,07,4337,6919628,5132285
01,0,07,433C,3473319,2566143
01,0,07,43D2,436,0
01,0,07,4436,312,0
01,0,07,4452,496,0
01,0,07,4713,16,0
01,0,07,4716,6,0
01,0,07,4725,12,0
01,0,07,4728,10,0
01,0,07,4732,4,0
01,0,07,4735,2,0
01,0,07,473F,14,0
01,0,07,4751,14,0
01,0,07,4763,12,0
01,0,07,4770,14,0
01,0,07,477A,18,0
01,0,07,47C6,14,0
01,0,07,47D4,18,0
01,0,07,47E2,4,0
01,0,07,47F0,19,0
01,0,07,47FE,719,0
01,0,07,480C,83,0
01,0,07,4823,63,0
01,0,07,4826,52,0
01,0,07,4829,50,2
01,0,07,4831,59,35
01,0,07,483A,48,18
01,0,07,483D,31376,11478
01,0,07,4852,85,47
01,0,07,4855,175,109
01,0,07,4866,33,21
01,0,07,486D,93,47
01,0,07,4874,37,19
01,0,07,487A,37,19
01,0,07,487D,63,47
01,0,07,4887,52,44
01,0,07,4899,44,44
01,0,07,48C2,145,0
01,0,07,48D0,145,0
01,0,07,48DD,131,0
01,0,07,48E5,91,0
01,0,07,48E9,89,0
01,0,07,48EC,111,0
01,0,07,48FF,13,0
01,0,07,491A,12,0
01,0,07,4924,12,0
01,0,07,492C,8,0
01,0,07,4975,23,5
01,0,07,498A,50,38
01,0,07,4A02,10,0
01,0,07,4A13,16,0
01,0,07,4A1E,10,0
01,0,07,4A49,23,5
01,0,07,4A72,42,30
01,0,07,4A8A,42,30
01,0,07,4A94,30,30
01,0,07,4A9A,30,30
01,0,07,4AC7,14,0
01,0,07,4AE1,23,17
01,0,07,4AEB,14,0
01,0,07,4AF5,16,0
01,0,07,4B18,8,0
01,0,07,4B26,25,13
01,0,07,4B34,5,1
01,0,07,4B42,38,16
01,0,07,4B45,38,14
01,0,07,4B48,34,16
01,0,07,4B4B,30,16
01,0,07,4B4E,65,43
01,0,07,4B57,56,49
01,0,07,4B5A,54,44
01,0,07,4B7D,35,19
01,0,07,4B8B,67,55
01,0,07,4B99,18,18
01,0,07,4BBF,2,0
01,0,07,4BCE,14,0
01,0,07,4BD7,16,0
01,0,07,4BE0,11,3
01,0,07,4C35,8,6
01,0,07,4C43,58,36
01,0,07,4C51,99,81
01,0,07,4C70,44,30
01,0,07,4C73,47,37
01,0,07,4C76,45,29
01,0,07,4C79,77,59
01,0,07,4C7F,95,71
01,0,07,4C83,134,115
01,0,07,4C94,49,49
01,0,07,4C9A,29,29
01,0,07,4C9D,37,37
01,0,07,4CBE,2,0
01,0,07,4CC1,2,0
01,0,07,4CD0,18,0
01,0,07,4CD3,18,0
01,0,07,4CD6,16,0
01,0,07,4CD9,16,0
01,0,07,4CDC,10,0
01,0,07,4CE8,19,3
01,0,07,4CEE,37,17
01,0,07,4CF7,18,0
01,0,07,4D04,18,0
01,0,07,4D0E,44,25
01,0,07,4D21,20,8
01,0,07,4D29,24,16
01,0,07,4D2D,14,6
01,0,07,4D30,10,6
01,0,07,4D3F,26,12
01,0,07,4D47,25,11
01,0,07,4D4B,37,23
01,0,07,4D55,61,47
01,0,07,4D58,64,56
01,0,07,4D65,22,10
01,0,07,4D68,27,15
01,0,07,4D77,42,28
01,0,07,4D7A,101,82
01,0,07,4D89,45,37
01,0,07,4D8C,106,93
01,0,07,4DAC,379622,169616
01,0,07,4DC0,2,0
01,0,07,4DDE,46,38
01,0,07,4DE2,44,38
01,0,07,4DEB,27,13
01,0,07,4DEE,23,3
01,0,07,4DF1,25,3
01,0,07,4DFA,29,9
01,0,07,4DFD,9,9
01,0,07,4E0C,31,27
01,0,07,4E0F,31,27
01,0,07,4E14,31,27
01,0,07,4E17,31,27
01,0,07,4E22,37,34
01,0,07,4E27,45,43
01,0,07,4E2F,37,35
01,0,07,4E32,2,0
01,0,07,4E38,2,0
01,0,07,4E3B,35,35
01,0,07,4E43,35,35
01,0,07,4E4A,76,76
01,0,07,4E4D,43,43
01,0,07,4E56,35,35
01,0,07,4E59,63,63
01,0,07,4E7A,33,33
01,0,07,4EDE,8,8
01,0,07,4EED,13,13
01,0,07,4EFC,9,9
01,0,07,4F0A,45,44
01,0,07,4F15,45,44
01,0,07,4F27,12,12
01,0,07,4F2E,13,13
01,0,07,4F37,3,3
01,0,07,4F49,69,67
01,0,07,4F68,8,8
01,0,07,4F75,85,82
01,0,07,4F7A,53,53
01,0,07,4F80,47,47
01,0,07,4FF2,38,38
01,0,07,5022,61,48
01,0,07,5039,11,1
01,0,07,5054,46,32
01,0,07,506B,19,5
01,0,07,5072,47,37
01,0,07,5080,129,91
01,0,07,5087,66,55
01,0,07,508D,80,62
01,0,07,509C,82,81
01,0,07,50C9,14,0
01,0,07,50D0,18,0
01,0,07,50DE,28,20
01,0,07,50E6,19,3
01,0,07,50F4,54,38
01,0,07,50FB,58,38
01,0,07,5109,73,54
01,0,07,5118,33,29
01,0,07,5127,37,33
01,0,07,5136,4,4
01,0,07,513D,2,2
01,0,07,5143,2,2
01,0,07,5152,44,44
01,0,07,5176,83,71
01,0,07,5178,115,103
01,0,07,5185,123,99
01,0,07,5186,147,123
01,0,07,5199,30,30
01,0,07,51DF,15,15
01,0,07,51ED,3,3
01,0,07,51FB,36,35
01,0,07,5209,22,17
01,0,07,5220,39,35
01,0,07,5223,81,66
01,0,07,5226,45,44
01,0,07,522C,39,38
01,0,07,5230,12,12
01,0,07,5238,4,4
01,0,07,523B,13,13
01,0,07,523E,4,4
01,0,07,524E,54,54
01,0,07,5257,42,42
01,0,07,5267,47,47
01,0,07,526A,81,78
01,0,07,52A1,20,20
01,0,07,5300,19,8
01,0,07,533C,63,63
01,0,07,5359,8,6
01,0,07,5361,8,6
01,0,07,53A2,20,20
01,0,07,53E9,6,6
01,0,07,53F7,48,45
01,0,07,5405,24709,4727
01,0,07,5408,24667,4710
01,0,07,540B,24545,4633
01,0,07,540E,24504,4623
01,0,07,5414,24300,4526
01,0,07,5418,9643,4496
01,0,07,541B,9628,4437
01,0,07,5423,5313,4293
01,0,07,542A,5270,4268
01,0,07,543A,5025,4052
01,0,07,5443,6445,5301
01,0,07,545D,151729,99725
01,0,07,5460,10025,4909
01,0,07,5486,14219,5365
01,0,07,548E,70,62
01,0,07,5491,79,75
01,0,07,54C5,6634,2178
01,0,07,54DA,3170,2544
01,0,07,54E9,3775,3103
01,0,07,552D,64,49
01,0,07,553B,11,11
01,0,07,5549,26,24
01,0,07,5557,19,17
01,0,07,5561,44,42
01,0,07,5564,80,77
01,0,07,5567,58,58
01,0,07,556A,70,58
01,0,07,556E,46,43
01,0,07,556F,101,77
01,0,07,5571,117,93
01,0,07,557C,78,61
01,0,07,5580,82,65
01,0,07,5584,115,95
01,0,07,5585,124,104
01,0,07,558F,82,69
01,0,07,5592,69,56
01,0,07,559E,70,64
01,0,07,55A1,33,30
01,0,07,55A9,63,62
01,0,07,55AC,19,19
01,0,07,55C5,2,0
01,0,07,55C8,2,0
01,0,07,55CB,2,0
01,0,07,55CE,2,0
01,0,07,55E0,10,10
01,0,07,55EF,9,9
01,0,07,55F3,37,36
01,0,07,55F6,56,51
01,0,07,55FA,25,12
01,0,07,55FD,83,78
01,0,07,5623,59,55
01,0,07,5640,16,16
01,0,07,5650,31,31
01,0,07,5653,57,57
01,0,07,5656,37,37
01,0,07,5659,13,13
01,0,07,5661,86,83
01,0,07,5677,86,73
01,0,07,567A,108,92
01,0,07,5689,109,82
01,0,07,568C,115,99
01,0,07,568F,119,103
01,0,07,56A4,32,29
01,0,07,56A8,19,19
01,0,07,56AB,63,62
01,0,07,56E0,3,3
01,0,07,56E4,3,3
01,0,07,56F8,24,15
01,0,07,56FB,34,34
01,0,07,56FE,42,37
01,0,07,5702,60,57
01,0,07,5716,40,40
01,0,07,5719,74,74
01,0,07,571C,112,107
01,0,07,5743,632401,438015
01,0,07,576C,70,62
01,0,07,57AD,722841,466242
01,0,07,5814,4747,4323
01,0,07,5835,10745,4256
01,0,07,5885,62352,45770
01,0,07,589F,72,59
01,0,07,58AF,2041,1262
01,0,07,58DE,18544950,11148985
01,0,07,58E4,3801,3522
01,0,07,58F4,5008,4568
01,0,07,5900,23,23
01,0,07,5921,109,108
01,0,07,5924,66,66
01,0,07,5927,124,119
01,0,07,597F,71,67
01,0,07,598B,106,105
01,0,07,598F,72,69
01,0,07,5995,78,74
01,0,07,5A11,78,77
01,0,07,5A1A,33,33
01,0,07,5A1D,49,49
01,0,07,5A2F,183,179
01,0,07,5A3B,102,101
01,0,07,5A3F,63,63
01,0,07,5A44,39,39
01,0,07,5A48,81,81
01,0,07,5A94,101,101
01,0,07,5A9D,128,101
01,0,07,5AA6,14,14
01,0,07,5AA9,62,56
01,0,07,5AB3,19,19
01,0,07,5AEA,41,38
01,0,07,5AEB,47,43
01,0,07,5AF0,90,67
01,0,07,5B62,110,81
01,0,07,5B6B,181,160
01,0,07,5B6E,117,89
01,0,07,5C65,13975,5033
01,0,07,5C6B,13889,4980
01,0,07,5C73,6005,4913
01,0,07,5CC2,2946,2090
01,0,07,5CCB,2451,2003
01,0,07,5CD5,11559,2833
01,0,07,5D05,56,40
01,0,07,5D06,71,55
01,0,07,5D0B,76,72
01,0,07,5D4B,30,28
01,0,07,5D54,138,133
01,0,07,5D57,47,47
01,0,07,5E0F,65,60
01,0,07,5E17,49,48
01,0,07,5E5D,91,90
01,0,07,5E60,52,43
01,0,07,5E61,133,119
01,0,07,5E69,109,105
01,0,07,5E72,62,61
01,0,07,5E75,133,131
01,0,07,5E78,54,53
01,0,07,5E79,160,157
01,0,07,5E84,44,43
01,0,07,5EB4,50,46
01,0,07,5EB5,23,23
01,0,07,5EBA,19,19
01,0,07,5EE5,55,51
01,0,07,5EEA,34,25
01,0,07,5F35,143,115
01,0,07,5F3E,58,58
01,0,07,5F41,103,90
01,0,07,5FF8,54,53
01,0,07,604B,2668,2599
01,0,07,6054,2598,2515
01,0,07,605D,144232,97241
01,0,07,6060,2549,2471
01,0,07,606A,2466,2412
01,0,07,609E,60,59
01,0,07,609F,42,41
01,0,07,60A4,38,38
01,0,07,60B1,23,19
01,0,07,60B2,14,14
01,0,07,60B7,50,46
01,0,07,60EF,6686,3164
01,0,07,60F4,3206,3096
01,0,07,60FD,53,52
01,0,07,6100,88,63
01,0,07,6103,98,73
01,0,07,610C,112,109
01,0,07,610F,96,93
01,0,07,6127,86,81
01,0,07,6216,166,133
01,0,07,621F,80,78
01,0,07,6228,74,73
01,0,07,6242,90,86
01,0,07,624B,77,72
01,0,07,6255,63,58
01,0,07,6293,100,95
01,0,07,6294,116,112
01,0,07,62A0,59,59
01,0,07,62A5,40,39
01,0,07,62EB,84,80
01,0,07,62F8,87,87
01,0,07,630E,167,160
01,0,07,634C,174,170
01,0,07,635C,131,107
01,0,07,6370,154,127
01,0,07,63A9,38,38
01,0,07,6448,2911765,2012678
01,0,07,64F0,12128,5769
01,0,07,654D,335994,334540
01,0,07,6586,67,66
01,0,07,6589,95,94
01,0,07,658C,115,115
01,0,07,658F,127,127
01,0,07,6593,132,132
01,0,07,6596,80,80
01,0,07,6599,144,143
01,0,07,659C,112,108
01,0,07,663A,166,160
01,0,07,6655,153,131
01,0,07,667D,117,116
01,0,07,6698,109,109
01,0,07,6732,267,261
01,0,07,6749,183,153
01,0,07,675C,82,82
01,0,07,6764,90,89
01,0,07,6785,86,84
01,0,07,67DE,174,124
01,0,07,67EE,72,54
01,0,07,67FC,42,38
01,0,07,6809,2897,2600
01,0,07,6817,2658,2409
01,0,07,6820,2626,2386
01,0,07,682D,4413,4046
01,0,07,683C,2538,2304
01,0,07,684A,2473,2247
01,0,07,6857,2395,2164
01,0,07,6860,2376,2147
01,0,07,686D,2357,2154
01,0,07,6877,2240,2039
01,0,07,6882,2199,1988
01,0,07,68A0,33,33
01,0,07,68AB,17,16
01,0,07,68D2,1599,1351
01,0,07,68DD,1551,1309
01,0,07,68F6,2977,2618
01,0,07,6900,112,108
01,0,07,6906,76,72
01,0,07,690A,138,137
01,0,07,6914,132,131
01,0,07,691A,103,103
01,0,07,691E,93,91
01,0,07,6928,167,146
01,0,07,692E,1288,1205
01,0,07,695D,141,139
01,0,07,6969,119,119
01,0,07,6984,152,152
01,0,07,6987,98,98
01,0,07,6995,117,115
01,0,07,69DE,143,117
01,0,07,69F9,144,113
01,0,07,69FA,162,129
01,0,07,6A08,118,115
01,0,07,6A24,167,161
01,0,07,6A32,740,706
01,0,07,6A40,198,170
01,0,07,6A51,153,142
01,0,07,6A53,109,109
01,0,07,6A5F,136,116
01,0,07,6A72,120,118
01,0,07,6A81,102,98
01,0,07,6A8F,74,74
01,0,07,6A96,89,87
01,0,07,6A99,104,102
01,0,07,6AB4,81,71
01,0,07,6AB5,33,27
01,0,07,6AEB,82,70
01,0,07,6B15,199,180
01,0,07,6B56,141,138
01,0,07,6B64,148,147
01,0,07,6B72,124,122
01,0,07,6B80,143,143
01,0,07,6B8C,140,140
01,0,07,6B97,85,84
01,0,07,6B9A,119,117
01,0,07,6B9D,122,119
01,0,07,6BA0,66,66
01,0,07,6BA6,27,27
01,0,07,6BAA,73,72
01,0,07,6BBB,81,75
01,0,07,6BEA,140,104
01,0,07,6BFD,5083,4399
01,0,07,6C06,9138,4813
01,0,07,6C20,5335,4509
01,0,07,6C37,1320427,978407
01,0,07,6C4F,12156,5054
01,0,07,6C70,5345,4473
01,0,07,6CDD,3448,2803
01,0,07,6CE5,4178,3474
01,0,07,6CFC,4882,4265
01,0,07,6D1E,103,69
01,0,07,6D29,5254,160
01,0,07,6D36,330,321
01,0,07,6D54,134,129
01,0,07,6D5C,100,96
01,0,07,6D68,86,86
01,0,07,6D77,50,50
01,0,07,6D85,21,21
01,0,07,6D95,49,49
01,0,07,6DB2,84,68
01,0,07,6DD1,1,0
01,0,07,6DED,218,127
01,0,07,6DF0,178,165
01,0,07,6DF3,251,215
01,0,07,6E00,88,46
01,0,07,6E09,112,111
01,0,07,6E12,47,43
01,0,07,6E25,1036,1002
01,0,07,6E29,282,277
01,0,07,6E2C,6126,988
01,0,07,6E2F,1688,1545
01,0,07,6E3A,596,588
01,0,07,6E66,64,63
01,0,07,6E74,48,48
01,0,07,6E94,22,22
01,0,07,6EBB,30,30
01,0,07,6EF7,112,100
01,0,07,6EFF,1375,1297
01,0,07,6F02,1326,1277
01,0,07,6F05,1334,1285
01,0,07,6F12,1381,1341
01,0,07,6F1B,1273,1249
01,0,07,6F24,1227,1203
01,0,07,6F37,555,511
01,0,07,6F3B,1058,1028
01,0,07,6F3E,241,209
01,0,07,6F41,213,194
01,0,07,6F4C,75,67
01,0,07,6F7D,100,90
01,0,07,6F8B,89,89
01,0,07,6FAB,89,79
01,0,07,7012,3950,3535
01,0,07,701A,3754,3379
01,0,07,701D,4117,3656
01,0,07,7063,3015,2710
01,0,07,7071,3466,3109
01,0,07,7081,3365,3032
01,0,07,7082,2843,2578
01,0,07,708A,2816,2542
01,0,07,709E,93,93
01,0,07,70B5,24,24
01,0,07,70B8,11,10
01,0,07,70BB,32,27
01,0,07,70C7,1700,1507
01,0,07,70D0,2757,2318
01,0,07,70D4,2720,2296
01,0,07,70E3,3414,2955
01,0,07,70E6,3447,2994
01,0,07,70E9,3523,3000
01,0,07,70F9,4316,3784
01,0,07,70FC,3920,3472
01,0,07,7131,1532,1420
01,0,07,7159,131,127
01,0,07,715A,168,164
01,0,07,7166,145,135
01,0,07,7178,74,74
01,0,07,717B,32,32
01,0,07,7197,45,45
01,0,07,71AC,46,44
01,0,07,71E5,73,61
01,0,07,71E8,224,196
01,0,07,71EB,6046,169
01,0,07,71EE,98,76
01,0,07,71F1,147,137
01,0,07,71FF,157,140
01,0,07,720D,101,85
01,0,07,721B,55,55
01,0,07,7229,118,113
01,0,07,7234,6006,884
01,0,07,7237,771,740
01,0,07,723A,1981,1952
01,0,07,723D,311,274
01,0,07,7240,94,88
01,0,07,7246,141,139
01,0,07,7260,96,90
01,0,07,7277,90,90
01,0,07,7280,15,15
01,0,07,7293,90,90
01,0,07,729D,125,124
01,0,07,729E,74,73
01,0,07,72B2,77,77
01,0,07,72BC,54,52
01,0,07,72DE,77,55
01,0,07,72DF,76,54
01,0,07,72E1,5973,84
01,0,07,72EA,6046,159
01,0,07,7301,148,125
01,0,07,730A,23,19
01,0,07,731D,153,129
01,0,07,7327,942,942
01,0,07,7328,109,91
01,0,07,7345,253,242
01,0,07,7352,182,166
01,0,07,735B,134,132
01,0,07,7372,134,131
01,0,07,737B,87,87
01,0,07,738B,85,85
01,0,07,73A3,77,68
01,0,07,73A9,101,101
01,0,07,73B3,61,61
01,0,07,73B4,66,66
01,0,07,73F2,159,134
01,0,07,73FC,71,53
01,0,07,7402,9197,4503
01,0,07,740B,15142,4411
01,0,07,7421,10881,4306
01,0,07,742B,4575,4127
01,0,07,7434,4936,4475
01,0,07,7448,11981,4583
01,0,07,7465,4706,4297
01,0,07,7482,17285,4748
01,0,07,749B,138,134
01,0,07,74A9,87,83
01,0,07,74BE,1831,1401
01,0,07,74D1,2546,2357
01,0,07,74D5,2490,2321
01,0,07,74E4,25548,3012
01,0,07,74F9,8223,3664
01,0,07,74FD,193,143
01,0,07,750C,129,120
01,0,07,7521,202,199
01,0,07,7525,121,99
01,0,07,7534,1030,936
01,0,07,754D,194,186
01,0,07,7551,170,170
01,0,07,7566,99,92
01,0,07,7579,137,136
01,0,07,757D,136,119
01,0,07,758C,67,66
01,0,07,75A1,49,41
01,0,07,75A5,69,69
01,0,07,75B4,40,36
01,0,07,75F6,116,106
01,0,07,75FA,141,132
01,0,07,760F,65,65
01,0,07,7622,196,177
01,0,07,7626,170,165
01,0,07,7635,1208,829
01,0,07,764A,212,209
01,0,07,764E,193,190
01,0,07,765D,178,178
01,0,07,7672,126,116
01,0,07,7676,117,117
01,0,07,7685,6889,6043
01,0,07,769F,28,20
01,0,07,76A3,52,52
01,0,07,76B8,102,77
01,0,07,76DE,151,145
01,0,07,76F3,192,172
01,0,07,76F7,82,68
01,0,07,7706,133,101
01,0,07,771B,142,112
01,0,07,771F,91,61
01,0,07,772E,1450,1438
01,0,07,7748,262,261
01,0,07,774F,143,141
01,0,07,7759,116,102
01,0,07,7762,193,190
01,0,07,7768,222,216
01,0,07,7772,164,154
01,0,07,777E,175,169
01,0,07,7788,158,154
01,0,07,7789,56,52
01,0,07,77E0,78,62
01,0,07,77F2,120,100
01,0,07,77F5,137,121
01,0,07,7821,10363,4735
01,0,07,7830,11629,6016
01,0,07,783F,4853,4462
01,0,07,7855,4596,4233
01,0,07,7864,4361,4036
01,0,07,7873,4143,3843
01,0,07,7881,4074,3797
01,0,07,7890,97,87
01,0,07,789E,104,103
01,0,07,78B2,80,80
01,0,07,78C7,1154,972
01,0,07,78DA,2839,2423
01,0,07,78ED,4191,3656
01,0,07,78FC,5606,5055
01,0,07,7935,1268,1117
01,0,07,793C,108,106
01,0,07,7944,192,168
01,0,07,795F,155,147
01,0,07,7972,99,94
01,0,07,7981,122,108
01,0,07,799C,89,84
01,0,07,79A4,88,86
01,0,07,79E1,134,119
01,0,07,7A27,131,114
01,0,07,7A37,1279,1095
01,0,07,7A3F,237,187
01,0,07,7A5A,92,71
01,0,07,7A81,115,112
01,0,07,7AA8,49,48
01,0,07,7B22,67,57
01,0,07,7BDE,133,103
01,0,07,7C0D,6295,5612
01,0,07,7C10,6223,5550
01,0,07,7C19,6106,5479
01,0,07,7C4D,13123,5917
01,0,07,7C7C,8095,5090
01,0,07,7C7F,8729,5699
01,0,07,7C88,6696,6145
01,0,07,7CBC,79,75
01,0,07,7CEB,4736,4199
01,0,07,7CEE,5770,4984
01,0,07,7CF7,5676,4938
01,0,07,7D11,130,113
01,0,07,7D28,116,113
01,0,08,40D4,774227,601643
01,0,08,4339,163778,139816
01,0,08,4341,162769,139808
01,0,08,4567,143305,99703
01,0,08,5474,6,0
01,0,1A,781F,8,0
01,0,3D,781F,32,0
01,1,00,0108,4,0
01,1,00,011C,2,0
01,1,00,011D,41,0
01,1,00,012B,2,0
01,1,00,012D,22,22
01,1,00,0205,452,292
01,1,00,020D,40987,25692
01,1,00,021D,40,0
01,1,00,0249,1021,0
01,1,00,024C,16,0
01,1,00,024F,16,0
01,1,00,0252,8,0
01,1,00,02A0,18,0
01,1,00,02AB,1989,0
01,1,00,032E,2,0
01,1,00,0330,2,0
01,1,00,0333,2,0
01,1,00,06FF,4,0
01,1,00,0702,8,0
01,1,00,0752,8,0
01,1,00,087D,28,11
01,1,00,0907,33737,25835
01,1,00,0AD7,8,0
01,1,00,0D4B,8,0
01,1,00,0E1D,50,0
01,1,00,0F4A,16,0
01,1,00,0F4B,8,0
01,1,00,1021,6,0
01,1,00,1024,2,0
01,1,00,1437,18,2
01,1,00,143A,18,2
01,1,00,1501,41762,39476
01,1,00,155D,4,0
01,1,00,1805,238,142
01,1,00,180D,32874,25323
01,1,00,1837,4,0
01,1,00,1845,4,0
01,1,00,1848,36,0
01,1,00,184B,10,0
01,1,00,184E,16,0
01,1,00,1851,8,0
01,1,00,1857,16,0
01,1,00,1875,22,22
01,1,00,1909,19674,14312
01,1,00,1934,8,8
01,1,00,1937,16,0
01,1,00,193A,4,0
01,1,00,1943,20,0
01,1,00,1946,2,0
01,1,00,1949,8,0
01,1,00,194C,4,0
01,1,00,194F,4,0
01,1,00,1952,8,0
01,1,00,1A14,24,0
01,1,00,1A17,2,0
01,1,00,1A1D,2,0
01,1,00,1A4B,10,0
01,1,00,1A53,12,0
01,1,00,1B03,152,152
01,1,00,1B09,18525,14293
01,1,00,1B48,32,0
01,1,00,1B53,8,0
01,1,00,1B5A,152,99
01,1,00,1BE7,12,0
01,1,00,1BFE,57032,39274
01,1,00,1E03,152,152
01,1,00,1E09,18453,14248
01,1,00,1E17,3684,14
01,1,00,1E49,8,0
01,1,00,1E57,8,8
01,1,00,1E76,28,0
01,1,00,1F3A,24,24
01,1,00,286D,82,57
01,1,00,2A41,2,0
01,1,00,2B24,16,0
01,1,00,2B48,32,0
01,1,00,2B4B,8,0
01,1,00,2B51,8,0
01,1,00,2B5E,24,24
01,1,00,2B76,828,0
01,1,00,2C25,4,0
01,1,00,2C52,8,0
01,1,00,2C57,8,8
01,1,00,2E48,32,0
01,1,00,2E51,29,17
01,1,00,2E55,16,16
01,1,00,2E5F,47,31
01,1,00,2E66,28,8
01,1,00,2F2D,68,0
01,1,00,2F30,4,0
01,1,00,3053,8,0
01,1,00,30AB,4,0
01,1,00,314B,35,0
01,1,00,335A,3,3
01,1,00,33FC,2,0
01,1,00,3451,8,0
01,1,00,34EF,1112358,419958
01,1,00,3549,2,0
01,1,00,3A13,1,1
01,1,00,3A53,8,0
01,1,00,593D,4,0
01,1,02,4546,2,0
01,1,03,4100,2,0
01,1,03,4153,24,0
01,1,03,4165,4,0
01,1,03,419E,2,0
01,1,03,4237,2,2
01,1,03,427B,60,0
01,1,03,4372,60,0
01,1,03,439C,6849,780
01,1,03,440A,420623,301280
01,1,03,443B,349,294
01,1,03,443E,12,0
01,1,03,44D7,100,0
01,1,03,465C,7,7
01,1,03,4668,10,10
01,1,03,46B8,12238,574
01,1,03,46EB,11447,319
01,1,03,471A,13299,3083
01,1,03,4860,599961,265724
01,1,03,48D4,978,964
01,1,03,494C,4,0
01,1,03,4965,12,12
01,1,03,4A35,119978,77617
01,1,03,4A57,2,0
01,1,03,4B3A,8006,7938
01,1,03,4BF9,94,94
01,1,03,4C2C,2,2
01,1,03,4C35,14,14
01,1,03,4C52,122,46
01,1,03,4D5B,66,36
01,1,03,4F54,2,2
01,1,03,4F62,4,0
01,1,03,4F7D,6,0
01,1,03,5024,30,0
01,1,03,503A,22,22
01,1,03,5074,1901,107
01,1,03,507F,302150,183510
01,1,03,50E5,24,0
01,1,03,50FC,720,296
01,1,03,510A,174,162
01,1,03,5126,10,10
01,1,03,515F,4,0
01,1,03,5181,4,0
01,1,03,522E,14,14
01,1,03,530C,2,0
01,1,03,5346,2,0
01,1,03,5444,11052,8946
01,1,03,5716,99872,3053
01,1,03,574C,1,1
01,1,03,584A,13,13
01,1,03,5861,1,1
01,1,03,5949,1,1
01,1,03,5A40,46447,1640
01,1,03,5A4E,12,12
01,1,03,5B30,2,2
01,1,03,5D0B,2,0
01,1,03,5D0F,2,0
01,1,03,5D41,7,7
01,1,03,5D4F,4,0
01,1,03,5ECB,192148,23018
01,1,03,5F11,14607,1190
01,1,03,5F17,5813,739
01,1,03,6019,2,0
01,1,03,640D,2,0
01,1,03,6410,20,0
01,1,03,641A,15,15
01,1,03,6425,264015,202874
01,1,03,6440,20,0
01,1,03,6441,4,0
01,1,03,6484,56456,3351
01,1,03,6496,655,510
01,1,03,64C0,36462,32726
01,1,03,6823,21,17
01,1,03,685C,18,14
01,1,03,6931,16,0
01,1,03,6B11,2,0
01,1,03,6B29,68,14
01,1,03,6B34,74265,71245
01,1,03,6B37,13,13
01,1,03,6B48,315022,282232
01,1,03,6C30,4,4
01,1,03,6CAB,493813,467072
01,1,03,6CAE,491190,464351
01,1,03,6CB1,494076,467229
01,1,03,6CB4,494516,467731
01,1,03,6CB7,494576,467731
01,1,03,6D1D,185,94
01,1,03,6D23,364403,339419
01,1,03,6D26,365461,340345
01,1,03,6D29,361938,336822
01,1,03,6D2C,366353,341297
01,1,03,6D2F,366413,341297
01,1,03,6D51,2,2
01,1,03,6D71,233085,207488
01,1,03,6D74,232700,206974
01,1,03,6D77,230101,204375
01,1,03,6D7A,232485,206819
01,1,03,6D7D,232545,206819
01,1,03,6DAD,149217,124271
01,1,03,6DB0,149270,124222
01,1,03,6DB3,149210,124222
01,1,03,6DB6,149268,124222
01,1,03,6DD2,2094,1710
01,1,03,6DD5,2089,1705
01,1,03,6DD8,2089,1705
01,1,03,6DDB,2089,1705
01,1,03,6E14,2,0
01,1,03,6E22,2,2
01,1,03,6F1F,2,2
01,1,03,7002,7284,7107
01,1,03,713C,951,947
01,1,03,7181,60,0
01,1,03,7219,2,0
01,1,03,730C,23686,22886
01,1,03,730F,23602,22842
01,1,03,7312,22919,22200
01,1,03,7315,23602,22842
01,1,03,7318,44,8
01,1,03,734D,14357,13917
01,1,03,7350,14317,13893
01,1,03,7353,11589,11237
01,1,03,7356,14317,13893
01,1,03,7363,368,368
01,1,03,7366,367,367
01,1,03,7369,367,367
01,1,03,736C,367,367
01,1,03,73C7,5014,5006
01,1,03,73E5,8249,8249
01,1,03,7403,4479,4126
01,1,03,7416,828,828
01,1,03,7523,42,6
01,1,03,7540,2,2
01,1,03,75D5,2626,2626
01,1,03,7749,1039371,865290
01,1,03,7752,139808,81013
01,1,03,7817,36926,21383
01,1,03,781A,2250,1436
01,1,03,7897,2859,2561
01,1,03,7975,2,2
01,1,03,79FC,491280,284055
01,1,03,7A4E,19,19
01,1,03,7B10,20,0
01,1,03,7B1C,658898,450352
01,1,03,7B22,341483,235926
01,1,03,7BF9,20,0
01,1,03,7C31,3,3
01,1,03,7C64,4,0
01,1,03,7C6A,4,0
01,1,03,7C7F,383794,291281
01,1,03,7D05,15225,12320
01,1,03,7D13,4,0
01,1,03,7D44,66,19
01,1,03,7DAD,6845,5977
01,1,04,40C2,17543,4651
01,1,04,40FA,6004,4988
01,1,04,4104,3599904,2693987
01,1,04,4133,98650,82750
01,1,04,420F,5123,4401
01,1,04,421E,5130,4400
01,1,04,4253,5016,4360
01,1,04,4267,5078,4426
01,1,04,426E,5080,4424
01,1,04,427A,8805,7003
01,1,04,47EF,470956,328596
01,1,04,48B4,292515,196081
01,1,04,495A,297,243
01,1,04,496A,563,476
01,1,04,49EC,296,205
01,1,04,4A15,294,204
01,1,04,4A28,110,73
01,1,04,4A50,109,72
01,1,04,4A7E,327552,5541
01,1,04,4CE8,198,124
01,1,04,4CF8,184,124
01,1,04,4E4B,3002,748
01,1,04,4E51,253962,160945
01,1,04,4F78,70,18
01,1,04,4F82,70,18
01,1,04,4F92,70,18
01,1,04,4FAB,286448,196212
01,1,04,596D,1215523,1152709
01,1,04,5B9D,75970,75386
01,1,04,5C47,3252669,2983132
01,1,04,5D8E,112053,109882
01,1,04,6190,407492,347179
01,1,04,61E1,112167,89583
01,1,04,6216,31588,28015
01,1,04,624B,24893,20649
01,1,04,633D,4090,2606
01,1,04,6448,4434,3664
01,1,04,6914,773277,378770
01,1,04,6917,775252,379993
01,1,04,6939,1528,1056
01,1,04,693C,1567,1091
01,1,04,6982,120274,95735
01,1,04,6992,121657,95739
01,1,04,6AC3,66486,40082
01,1,04,6B03,1112,1052
01,1,04,6B75,133573,85679
01,1,04,6BB4,1482,1290
01,1,04,6BF5,33754,27603
01,1,04,6C2B,1189,1025
01,1,04,6C94,124345,80091
01,1,04,6CCA,1018,826
01,1,04,6EE7,2018,1258
01,1,04,6FD3,10520,9196
01,1,04,6FE8,10514,9198
01,1,04,6FFE,1460222,1266887
01,1,04,70B6,846208,572846
01,1,04,715D,967886,771894
01,1,04,7160,575107,467254
01,1,04,7281,861,0
01,1,04,7288,2920292,2533792
01,1,04,7302,60,0
01,1,04,7387,120,0
01,1,04,7593,759524,252486
01,1,04,75E1,80,0
01,1,04,7627,188449,161409
01,1,04,7637,188433,161404
01,1,04,7768,130873,87642
01,1,04,77A8,1912,1759
01,1,04,7854,60,0
01,1,04,787C,159574,115195
01,1,04,78BB,2243,2079
01,1,04,7939,118,0
01,1,04,795E,132470,92065
01,1,04,7994,1544,1400
01,1,04,7A13,60,0
01,1,04,7A34,149237,104638
01,1,04,7A6A,1325,1181
01,1,04,7AE9,118,0
01,1,05,44A1,69,1
01,1,05,44A8,14902,143
01,1,05,44ED,36,1
01,1,05,44F8,9408,3
01,1,05,4665,254,4
01,1,05,46BE,199306,384
01,1,05,46DA,198,2
01,1,05,4777,114906,190
01,1,05,4780,109239,190
01,1,05,4799,104,0
01,1,05,47DA,52,0
01,1,05,481A,61048,0
01,1,05,481D,30539,0
01,1,05,4839,72,0
01,1,05,4AD4,11917,23
01,1,05,4AF0,3156,0
01,1,05,4B70,20,0
01,1,05,4DAA,189429,212
01,1,05,4DB3,185705,230
01,1,05,4DB6,46463,0
01,1,05,4DB9,184877,230
01,1,05,4DBC,179081,230
01,1,05,4DC3,96,2
01,1,05,4DC9,96,2
01,1,05,4DCF,96,2
01,1,05,4DD2,96,2
01,1,05,516D,79460,85
01,1,05,5173,79460,85
01,1,05,52D1,138510,232
01,1,05,52E0,828,0
01,1,05,52F7,6624,0
01,1,05,5350,8924,0
01,1,05,5387,25734,30
01,1,05,5389,20399,24
01,1,05,5395,41297,48
01,1,05,5C02,6,6
01,1,05,5C1D,76,39
01,1,05,62B5,99674,192
01,1,05,62BB,99674,192
01,1,05,62C1,99674,192
01,1,05,62C7,99674,192
01,1,05,62CD,99674,192
01,1,05,62D3,99674,192
01,1,05,62DA,99,1
01,1,05,62E0,99,1
01,1,05,62E6,99,1
01,1,05,62F0,5838,0
01,1,05,6361,11612,0
01,1,05,6395,2372,0
01,1,05,6401,4664,0
01,1,05,6421,824,0
01,1,05,6481,1628,0
01,1,05,6498,1932,0
01,1,05,64F8,3868,0
01,1,05,650F,2220,0
01,1,05,6573,4440,0
01,1,05,65EB,900,0
01,1,05,65F8,440,0
01,1,05,6602,308,0
01,1,05,665F,596,0
01,1,05,6714,14995,32
01,1,05,6739,78,0
01,1,05,676E,30372,68
01,1,05,6785,19913,63
01,1,05,67F6,40597,124
01,1,05,680F,346,0
01,1,05,6815,40597,124
01,1,05,681E,39473,124
01,1,05,6833,493,0
01,1,05,6874,493,0
01,1,05,687D,489,0
01,1,05,688A,489,0
01,1,05,68BC,504,0
01,1,05,690B,504,0
01,1,05,6927,504,0
01,1,05,6942,93569,178
01,1,05,6951,174513,207
01,1,05,6968,57476,95
01,1,05,696E,57476,95
01,1,05,6974,57476,95
01,1,05,6989,52,0
01,1,05,6993,8592,0
01,1,05,6A35,5708,0
01,1,05,6B17,4354,0
01,1,05,6B7E,8696,0
01,1,05,6BF9,2652,0
01,1,05,6C06,1342,0
01,1,05,6C10,734,0
01,1,05,6C70,1380,0
01,1,05,6C87,32,0
01,1,05,6CF4,104,0
01,1,05,6D28,4255,32
01,1,05,6D4D,60,0
01,1,05,6D82,8518,64
01,1,05,6D99,14673,16
01,1,05,6E0A,29655,31
01,1,05,6E23,24,0
01,1,05,6E29,29655,31
01,1,05,6E32,29611,31
01,1,05,6E47,515,0
01,1,05,6E88,515,0
01,1,05,6E91,515,0
01,1,05,6E9E,515,0
01,1,05,6ED0,248,0
01,1,05,6F1F,248,0
01,1,05,6F3B,248,0
01,1,05,6F56,53783,87
01,1,05,6F65,81408,195
01,1,05,7045,30575,0
01,1,05,704B,30575,0
01,1,05,7051,30575,0
01,1,05,7057,30575,0
01,1,05,7061,592,0
01,1,05,70B8,1092,0
01,1,05,70D8,256,0
01,1,05,7138,540,0
01,1,05,7232,4229,0
01,1,05,7257,24,0
01,1,05,725A,8,0
01,1,05,728F,8475,0
01,1,05,72A6,9933,0
01,1,05,7317,19771,0
01,1,05,7336,19771,0
01,1,05,733F,17807,0
01,1,05,7355,19771,0
01,1,05,735F,413,0
01,1,05,73C3,413,0
01,1,05,73CC,397,0
01,1,05,73D9,397,0
01,1,05,7402,413,0
01,1,05,7416,248,0
01,1,05,746B,248,0
01,1,05,7487,244,0
01,1,05,74AF,248,0
01,1,05,74B6,28607,0
01,1,05,74C5,30468,0
01,1,05,74C8,10156,0
01,1,05,77D4,2,0
01,1,05,77F4,14400,403
01,1,05,7805,14406,402
01,1,05,781F,737023,274581
01,1,05,782B,736319,274387
01,1,05,785F,170795,169668
01,1,05,786B,170748,169634
01,1,05,7886,252705,199992
01,1,05,7889,252128,199963
01,1,05,78E8,36,34
01,1,05,78F2,146081,103571
01,1,05,78F5,146128,103580
01,1,05,78F8,146186,103580
01,1,05,793A,170,80
01,1,05,7A6C,784535,321127
01,1,05,7A75,1324,188
01,1,05,7BDC,1055493,560065
01,1,05,7BE5,1160218,643984
01,1,05,7BEE,1105991,600026
01,1,05,7C02,159356,128208
01,1,05,7C0B,242,188
01,1,05,7DB6,8,0
01,1,06,40F0,849530,626700
01,1,06,410A,228831,187882
01,1,06,4117,304688,250529
01,1,06,4253,237928,190984
01,1,06,426F,467923,375288
01,1,06,42C9,139903,113977
01,1,06,42E5,273592,225760
01,1,06,4308,156744,118565
01,1,06,4324,207234,158061
01,1,06,4398,425723,316073
01,1,06,43A2,438,0
01,1,06,43A8,178,0
01,1,06,510C,912823,368006
01,1,06,536E,607863,364033
01,1,06,598A,119886,58929
01,1,06,5F9E,8,0
01,1,06,5FF5,1035729,583462
01,1,06,5FFB,17089,15984
01,1,06,6275,10265,9054
01,1,06,6292,30,0
01,1,06,62CE,70,0
01,1,06,6335,1596168,1228089
01,1,06,64AF,131489,117795
01,1,06,64B3,1293,1063
01,1,06,653E,707,695
01,1,06,6562,246014,228291
01,1,06,67BA,120,0
01,1,06,6886,140,0
01,1,06,698C,60,0
01,1,06,6D15,27,0
01,1,07,4148,32,0
01,1,07,415D,4,0
01,1,07,4337,748,0
01,1,07,433C,496,0
01,1,07,4553,8,0
01,1,07,4751,8,0
01,1,07,4B48,24,0
01,1,07,4B4B,8,0
01,1,07,4C51,8,0
01,1,07,4CA7,140,138
01,1,07,4CB5,140,138
01,1,07,4CD0,169,137
01,1,07,4CDC,168,136
01,1,07,4D0E,23,19
01,1,07,4D30,77,30
01,1,07,4D4B,70,62
01,1,07,4D55,374819,166295
01,1,07,4D77,2331,2187
01,1,07,4DAC,31300,11432
01,1,07,4DEB,85,85
01,1,07,4DFA,85,85
01,1,07,4E2F,77,77
01,1,07,4E43,76,76
01,1,07,4E4A,76,76
01,1,07,4E56,1294,75
01,1,07,55CB,1978,1200
01,1,07,5653,8,0
01,1,07,5659,390587,270885
01,1,07,568C,241798,167116
01,1,07,5743,283295,189476
01,1,07,57AD,10111,8905
01,1,07,5885,3964,2806
01,1,07,58DE,715554,394687
01,1,07,5D4B,8,0
01,1,07,5F35,2,0
01,1,07,604B,8,0
01,1,07,624B,8,0
01,1,07,6448,94380,51145
01,1,07,654D,14086,14025
01,1,07,6A51,8,0
01,1,07,6A53,8,0
01,1,07,6C37,31043,28920
01,1,07,7551,8,0
01,1,08,405E,774227,601643
01,1,08,4341,2608,0
01,1,08,4567,58,0
01,1,08,458D,58,0
01,1,08,4F05,246800,130475
01,1,08,4F0F,561858,283737
01,1,08,4F27,808648,414212
01,1,08,4F31,808648,414212
01,1,08,4F41,808647,414212
01,1,08,52A5,328126,169917
01,1,08,52BD,328126,169917
01,1,08,52C7,328126,169917
01,1,08,52D7,328126,169917
01,1,08,5459,2,0
01,1,08,545F,4,0
01,1,1F,5115,3,3
01,1,1F,54BE,2,0
02,0,00,011D,78174,7728
02,0,00,017B,4,0
02,0,00,01ED,8,0
02,0,00,020D,1175,14
02,0,00,021D,328028,23031
02,0,00,0243,27,0
02,0,00,0269,4,0
02,0,00,02AB,136,0
02,0,00,0333,676679,154471
02,0,00,0702,26,0
02,0,00,0721,787,485
02,0,00,0724,20,20
02,0,00,0745,4,0
02,0,00,0755,4,0
02,0,00,0766,26,0
02,0,00,0773,12,0
02,0,00,0869,44701,43281
02,0,00,087D,2967228,1701653
02,0,00,0907,4,0
02,0,00,09DE,26,0
02,0,00,0AD7,5340,0
02,0,00,0DAD,7,0
02,0,00,0E1D,1064,919
02,0,00,0E83,4,0
02,0,00,0EA1,7,0
02,0,00,0F24,15,15
02,0,00,0F25,4,0
02,0,00,0F2F,4,0
02,0,00,0F35,10,0
02,0,00,0F4B,4,0
02,0,00,1021,866,557
02,0,00,1024,17,17
02,0,00,160E,169888,4980
02,0,00,1689,17,8
02,0,00,1851,723,492
02,0,00,193D,249832,142346
02,0,00,1A1D,1065,1020
02,0,00,1A5D,134921,97466
02,0,00,1A89,4,0
02,0,00,1B6D,335,298
02,0,00,1C21,753,447
02,0,00,1C24,15,15
02,0,00,1D3D,95,0
02,0,00,1E5D,6148,5754
02,0,00,1F3A,14,10
02,0,00,286D,864,825
02,0,00,2B24,263,231
02,0,00,2B51,697,471
02,0,00,2C18,2963,2951
02,0,00,2C6D,553,521
02,0,00,2D24,5,4
02,0,00,2E51,698,469
02,0,00,2F2D,6670,0
02,0,00,31B4,27,0
02,0,00,3451,794,571
02,0,00,345D,2,0
02,0,00,34AC,30,30
02,0,00,34C2,4,0
02,0,00,3989,12,10
02,0,00,593D,36,0
02,0,00,6C09,1,0
02,0,02,4502,14721,437
02,0,02,4531,267,195
02,0,02,4546,39223,9914
02,0,02,456D,39222,9917
02,0,02,459B,14691,472
02,0,02,45B3,121,33
02,0,02,4636,24,24
02,0,02,464A,19,19
02,0,02,46F7,2588,2132
02,0,02,470E,29169,5214
02,0,02,47D0,2726,2678
02,0,02,483E,31029,9192
02,0,02,489B,236,226
02,0,02,4903,644,566
02,0,02,4957,344,304
02,0,02,4C91,117953,23543
02,0,02,4D0E,8106,6744
02,0,02,4D93,31030,9192
02,0,02,4DD1,4,0
02,0,02,4DE2,1837,1329
02,0,02,4E3C,65487,6480
02,0,02,4E6A,16688,304
02,0,02,50DF,6481,1834
02,0,02,5117,112302,28532
02,0,02,518C,401668,86949
02,0,02,51D7,60208,47098
02,0,02,5212,3370,2992
02,0,03,409D,409,212
02,0,03,4F4C,4292,230
02,0,03,5333,75358,9143
02,0,03,5BE3,19684,1545
02,0,03,5C55,23177,1313
02,0,03,6121,1081,917
02,0,03,63DE,290,233
02,0,03,6407,306,249
02,0,03,6AE3,204,144
02,0,03,6AF4,200,142
02,0,03,70AD,1,0
02,0,03,7523,3053,2973
02,0,04,43B8,5228,4488
02,0,04,43E2,21045,8244
02,0,04,445F,92516,32658
02,0,04,4B55,494,323
02,0,04,4B62,485,314
02,0,04,4B6F,485,314
02,0,04,4BEE,342970,236686
02,0,04,4C07,342960,236685
02,0,04,4C44,125,89
02,0,04,4C51,125,89
02,0,04,4CA3,7267,130
02,0,04,4CB0,7241,133
02,0,04,4F53,70,18
02,0,04,4F60,70,18
02,0,04,50EC,7351,222
02,0,04,5100,7351,222
02,0,04,57E0,538,454
02,0,04,57EC,4,0
02,0,04,5824,11701,447
02,0,04,6124,415,289
02,0,04,68DE,24013,921
02,0,04,692D,1577,1086
02,0,04,6D68,99,73
02,0,04,6D89,98,93
02,0,04,6DAC,8240,48
02,0,04,6DCD,65,55
02,0,04,7549,2078,1838
02,0,04,7556,25190,1850
02,0,04,75A9,152,0
02,0,04,75BB,152,0
02,0,04,7B4E,135,113
02,0,04,7B76,58,56
02,0,04,7B97,114,104
02,0,04,7C1A,394,362
02,0,05,403B,209,10
02,0,05,4050,209,10
02,0,05,4126,73289,1822
02,0,05,4141,45224,539
02,0,05,415E,39343,1633
02,0,05,416A,73281,1822
02,0,05,41C5,9,0
02,0,05,41CE,22103,414
02,0,05,41D6,22103,414
02,0,05,41ED,9910,303
02,0,05,4204,19119,414
02,0,05,4212,22103,414
02,0,05,421E,22103,414
02,0,05,4289,32,0
02,0,05,4306,34005,332
02,0,05,431D,34003,332
02,0,05,4334,13034,235
02,0,05,434B,29572,269
02,0,05,4359,17731,0
02,0,05,4361,17731,0
02,0,05,43BE,278,3
02,0,05,44BB,31,0
02,0,05,629F,85,1
02,0,05,7508,464,144
02,0,05,7627,172942,95416
02,0,05,7637,14,0
02,0,05,767D,345656,190741
02,0,05,76CA,345656,190741
02,0,05,770B,345694,190741
02,0,05,7724,359390,197413
02,0,05,779D,3264,402
02,0,05,77D1,3249,397
02,0,05,781F,35,0
02,0,05,7EB1,242,188
02,0,06,4816,159027,128956
02,0,06,481E,158988,128953
02,0,06,4827,162642,129070
02,0,06,482F,162614,129070
02,0,06,483D,321590,258023
02,0,06,484A,321590,258023
02,0,06,4865,30736,29059
02,0,06,486E,128264,99894
02,0,06,4979,114,93
02,0,06,4A1E,33084,33084
02,0,06,4A88,1546136,1189737
02,0,06,4AAF,564202,439872
02,0,06,4AB8,482854,360042
02,0,06,4B35,2,0
02,0,06,4B54,2,0
02,0,06,4C92,286372,220076
02,0,06,4C9B,277838,219777
02,0,06,4E58,2274489,1085603
02,0,06,4F47,1241085,501385
02,0,06,4F53,258,0
02,0,06,4F59,258,0
02,0,06,4F69,258,0
02,0,06,4FF3,10,0
02,0,06,5090,70803,43391
02,0,06,5149,47,35
02,0,06,5223,546135,241419
02,0,06,522B,106,0
02,0,06,52F2,72595,44580
02,0,06,53AB,59,44
02,0,06,541E,8973,779
02,0,06,549B,8846,697
02,0,06,551C,8754,624
02,0,06,559D,816,653
02,0,06,561E,528,388
02,0,06,5661,481,329
02,0,06,56FC,35407,2917
02,0,06,5789,6842,5694
02,0,06,57CE,143397,698
02,0,06,57E7,143397,698
02,0,06,58CD,46624,208
02,0,06,5AD3,4015,3158
02,0,06,5ADC,1651,1391
02,0,06,5AFB,723,593
02,0,06,5C1B,373607,256246
02,0,06,5C61,201778,146580
02,0,06,5C90,589244,412564
02,0,06,5C98,589259,412586
02,0,06,5CD8,2650,2035
02,0,06,5E22,4288,3468
02,0,06,6397,1053,864
02,0,06,63C3,48,48
02,0,06,6401,83,75
02,0,06,643F,32,32
02,0,06,64CA,13628,1781
02,0,06,6DC2,42,42
02,0,06,6DE8,134,66
02,0,06,6E28,36,0
02,0,06,781F,24,0
02,0,06,7834,14754,2716
02,0,07,43FC,42,36
02,0,07,4406,42,36
02,0,07,4616,6,6
02,0,07,462C,8,8
02,0,07,4639,8,8
02,0,07,46E1,18,18
02,0,07,4751,790,571
02,0,07,4770,13,11
02,0,07,477A,13,11
02,0,07,48BA,6,6
02,0,07,48D0,6,6
02,0,07,48DD,6,6
02,0,07,491A,164292,115764
02,0,07,498A,140575,95602
02,0,07,4A02,200152,136242
02,0,07,4A13,200319,136251
02,0,07,4A1E,12,12
02,0,07,4A49,12,12
02,0,07,4AB2,74852,74687
02,0,07,4AC7,74852,74687
02,0,07,4AE1,26,26
02,0,07,4AF5,26,26
02,0,07,4C51,683,466
02,0,07,4D21,783,570
02,0,07,5178,434,108
02,0,07,533C,981102,799467
02,0,07,5359,75496,43056
02,0,07,5361,75492,43056
02,0,07,552D,5341,1427
02,0,07,5561,5333,1424
02,0,07,56DA,29,9
02,0,07,56F8,22,14
02,0,07,5716,259,251
02,0,07,5921,1705,1345
02,0,07,6589,163441,115584
02,0,07,6A51,747,534
02,0,07,6A53,1365,1341
02,0,07,6A72,118,113
02,0,07,6D54,124772,89082
02,0,07,6D5C,124772,89082
02,0,07,6EBB,163958,101123
02,0,07,6EF7,164303,101123
02,0,07,6EFF,60,0
02,0,07,6FD2,213939,150864
02,0,07,7012,213935,150864
02,0,07,701A,60,0
02,0,07,709E,602,561
02,0,07,7166,14935,3354
02,0,07,7178,87,67
02,0,07,71E5,30105,23550
02,0,07,735B,766929,648217
02,0,07,7421,696,470
02,0,07,7521,697,471
02,0,07,7551,857,553
02,0,07,7821,788,565
02,0,07,7944,2528769,2114636
02,0,07,79A4,872156,702733
02,0,07,7B22,20325929,16720555
02,0,08,422E,12846,1199
02,0,08,4261,25025,1627
02,0,08,4310,440814,198244
02,0,08,4408,14,10
02,0,08,442A,212,190
02,0,08,4485,144421,98719
02,0,08,4614,855,786
02,0,08,4660,234,196
02,0,08,47AD,118,98
02,0,08,4822,326,273
02,0,08,4908,38,34
02,0,08,4AE3,22,21
02,0,08,4AFB,22,21
02,0,08,4B56,803194,509711
02,0,08,4B5F,803444,509711
02,0,08,4B80,84485,60147
02,0,08,4D38,11860,459
02,0,08,4DB5,132743,87673
02,0,08,4DEE,15139,13740
02,0,08,5308,1784,1782
02,0,09,42BE,8258,104
02,0,09,4470,116133,115901
02,0,09,4496,155955,155606
02,0,09,44D7,232110,231648
02,0,09,49B5,1691,1480
02,0,09,49EC,778,623
02,0,09,4A24,283,244
02,0,09,4A6D,1370,1336
02,0,09,4B6D,249,216
02,0,09,4BD5,160,137
02,0,09,4BFB,491,428
02,0,09,4C81,265,239
02,0,09,4CF9,297,263
02,0,09,4D6D,8073,8038
02,0,09,4F52,41,24
02,0,09,4F7D,205872,151856
02,0,09,4FC5,25734,18982
02,0,09,5046,319290,248646
02,0,09,520D,1164560,1013447
02,0,09,5215,1164557,1013447
02,0,09,5242,1164593,1013449
02,0,09,524F,1164561,1013448
02,0,09,525A,1164558,1013448
02,0,09,5265,1164561,1013448
02,0,09,528F,1164560,1013447
02,0,09,5445,72,0
02,0,09,5524,105,5
02,0,09,5589,19,13
02,0,09,57D3,3481774,2987278
02,0,09,5807,2320116,2023546
02,0,09,5823,305694,234810
02,0,09,5845,176,0
02,0,09,584D,2548035,2310359
02,0,09,585A,2548024,2310359
02,0,09,5867,2548024,2310359
02,0,09,5875,2484126,2273848
02,0,09,587D,2484126,2273848
02,0,09,58D9,2563266,2197058
02,0,09,5FAF,217,195
02,0,09,5FB9,191,169
02,0,09,5FC3,191,169
02,0,09,5FD3,10094,9598
02,0,09,5FDD,10043,9583
02,0,09,6025,788,651
02,0,09,6175,393,285
02,0,09,61B7,393,285
02,0,09,6224,353,231
02,0,09,6B89,16,8
02,0,09,6D6D,2994,583
02,0,09,6F21,1257709,943425
02,0,09,6F30,222,0
02,0,09,70C5,4723623,3645257
02,0,09,716D,987,968
02,0,09,7178,4,0
02,0,09,728C,30,0
02,0,15,4DD1,6,0
02,0,3D,781F,8,0
02,1,00,0108,35,5
02,1,00,011C,4208,52
02,1,00,011D,2311785,1867713
02,1,00,012B,48,18
02,1,00,012D,525182,286157
02,1,00,0164,49,29
02,1,00,017B,60,37
02,1,00,017E,39,39
02,1,00,0187,53,42
02,1,00,01A6,2,2
02,1,00,01A9,5,1
02,1,00,01AC,96,95
02,1,00,01AF,44,39
02,1,00,01B2,3,3
02,1,00,01C6,6,2
02,1,00,01CE,25,23
02,1,00,01E1,5,1
02,1,00,01E4,13,9
02,1,00,01ED,13,11
02,1,00,01FA,5,5
02,1,00,0205,19633,19070
02,1,00,020D,5231,41
02,1,00,021D,55582,4999
02,1,00,0227,35,11
02,1,00,0243,9,5
02,1,00,0249,7,6
02,1,00,024C,13,7
02,1,00,024F,16,15
02,1,00,0252,4,3
02,1,00,0266,9,7
02,1,00,0269,1,1
02,1,00,027F,3,3
02,1,00,028C,9,7
02,1,00,0298,1136,654
02,1,00,02A0,86,2
02,1,00,02A7,5,1
02,1,00,02AB,5300,2
02,1,00,02AE,36,33
02,1,00,02B1,1,1
02,1,00,02F0,3,2
02,1,00,032E,184,176
02,1,00,0330,283,250
02,1,00,0333,73,68
02,1,00,04C4,2,1
02,1,00,0559,1,0
02,1,00,0570,8,2
02,1,00,05E0,1,1
02,1,00,0614,3498,2556
02,1,00,0623,112,28
02,1,00,0661,2,1
02,1,00,0683,15,13
02,1,00,06C7,5,4
02,1,00,06D1,1,1
02,1,00,06F5,20,20
02,1,00,06FF,1514,1197
02,1,00,0702,17,16
02,1,00,0721,10,6
02,1,00,0724,196,135
02,1,00,0745,8,6
02,1,00,0752,13,7
02,1,00,0755,5,4
02,1,00,0766,3,3
02,1,00,0773,2,2
02,1,00,07F7,4,4
02,1,00,083E,67,63
02,1,00,0843,131,121
02,1,00,0869,31,28
02,1,00,087D,23236,486
02,1,00,08AC,3,3
02,1,00,0907,7,6
02,1,00,0955,1,0
02,1,00,095B,3,2
02,1,00,096A,3,2
02,1,00,0AB2,5,5
02,1,00,0AD7,173,7
02,1,00,0D32,53,49
02,1,00,0D4B,11,9
02,1,00,0D69,99,79
02,1,00,0D9C,1,1
02,1,00,0DAD,23,21
02,1,00,0DB8,4,4
02,1,00,0DDE,1,1
02,1,00,0E1D,24,0
02,1,00,0E5D,1,1
02,1,00,0E72,4,0
02,1,00,0F02,11145,41
02,1,00,0F35,22,20
02,1,00,0F3B,2,2
02,1,00,0F40,4,4
02,1,00,0F4A,16,14
02,1,00,1024,1,0
02,1,00,155D,192,189
02,1,00,160E,277,89
02,1,00,179D,4,0
02,1,00,180D,11,11
02,1,00,18FF,9,9
02,1,00,193D,116,98
02,1,00,199D,3,0
02,1,00,1A0C,1,0
02,1,00,1A17,2,2
02,1,00,1B6D,25,5
02,1,00,1C02,2,2
02,1,00,1D3D,51,27
02,1,00,1DBD,19,15
02,1,00,1FBC,2,2
02,1,00,25C0,24523,1590
02,1,00,25DF,79,48
02,1,00,25EE,61,56
02,1,00,2A2D,7,7
02,1,00,2B51,3,1
02,1,00,2C96,35,0
02,1,00,2D0D,4,0
02,1,00,2DFD,203,170
02,1,00,2F2D,212159,54950
02,1,00,30AB,6,0
02,1,00,314B,27,0
02,1,00,3300,81,58
02,1,00,33D1,2,0
02,1,00,33DC,2,0
02,1,00,33FC,20,20
02,1,00,3404,8,0
02,1,00,351C,8,0
02,1,00,355E,1,1
02,1,02,40CB,112,99
02,1,02,4351,225,184
02,1,02,44E5,29,27
02,1,02,4502,39,35
02,1,02,4531,14517,247
02,1,02,4546,31034,9192
02,1,02,456D,31031,9192
02,1,02,457E,14718,472
02,1,02,45B3,19,3
02,1,02,464A,5,5
02,1,02,46F7,27248,3562
02,1,02,470E,545,466
02,1,02,47D0,4,4
02,1,02,483E,7808,722
02,1,02,48CB,874,834
02,1,02,4903,58,42
02,1,02,4957,14,14
02,1,02,4A23,71792,1526
02,1,02,4C91,25471,2339
02,1,02,4CD1,162,138
02,1,02,4CE1,198,124
02,1,02,4D93,7808,722
02,1,02,4DE2,121,81
02,1,02,4E3C,12203,570
02,1,02,4E6A,62,38
02,1,02,4F53,44,28
02,1,02,4F81,219,125
02,1,02,50DF,751,182
02,1,02,5117,268132,29124
02,1,02,518C,36319,9268
02,1,02,51AF,3891,3234
02,1,03,40A7,164,79
02,1,03,40C8,11422,682
02,1,03,415C,69,65
02,1,03,431D,37,27
02,1,03,44E5,281,243
02,1,03,46CB,11844,262
02,1,03,4834,11405,323
02,1,03,49C8,433,370
02,1,03,4C2C,22,0
02,1,03,4D02,17,17
02,1,03,4DD2,38,32
02,1,03,4E55,28687,6436
02,1,03,4EC0,33,25
02,1,03,5184,39,36
02,1,03,52FD,6234,85
02,1,03,550E,97,89
02,1,03,55D2,764,555
02,1,03,61F5,11209,160
02,1,03,62BF,35424,2515
02,1,03,6D6B,3010,2930
02,1,03,7336,43,43
02,1,04,409F,64132,23247
02,1,04,40A7,13133,3376
02,1,04,4215,5123,4401
02,1,04,424B,5009,4349
02,1,04,4579,4412,3588
02,1,04,4629,2494,2258
02,1,04,4716,6823,1668
02,1,04,47C1,5330,769
02,1,04,47C9,2338,134
02,1,04,48A5,78,60
02,1,04,4952,297,243
02,1,04,4BA8,685930,473371
02,1,04,4C54,250,178
02,1,04,4CB3,14452,266
02,1,04,4CC0,8504,719
02,1,04,4CE1,198,124
02,1,04,4F0C,27,27
02,1,04,4F69,389,77
02,1,04,4F7B,70,18
02,1,04,764F,394,362
02,1,05,4107,73289,1822
02,1,05,410A,45224,539
02,1,05,410D,39343,1633
02,1,05,4110,73281,1822
02,1,05,41B9,44206,828
02,1,05,41BC,9910,303
02,1,05,41BF,19119,414
02,1,05,41C2,22103,414
02,1,05,41C5,22103,414
02,1,05,4273,55,0
02,1,05,427D,30,1
02,1,05,42EC,34005,332
02,1,05,42EF,34003,332
02,1,05,42F2,13034,235
02,1,05,42F5,28662,269
02,1,05,42F8,35462,0
02,1,05,7558,2590,157
02,1,05,756D,172942,95416
02,1,05,7570,345694,190741
02,1,05,7577,345656,190741
02,1,05,7627,14,0
02,1,05,7637,345656,190741
02,1,05,763A,345656,190741
02,1,05,773A,11144,6515
02,1,05,7B4F,242,188
02,1,06,45DF,2,0
02,1,06,45EE,2,0
02,1,06,4618,410571,327906
02,1,06,4665,307047,234694
02,1,06,4690,307050,234714
02,1,06,4699,587840,443276
02,1,06,470A,257163,205159
02,1,06,4735,257152,205158
02,1,06,473E,459216,356638
02,1,06,47A4,643271,516049
02,1,06,47C4,321590,258023
02,1,06,47C7,802180,644999
02,1,06,4890,249773,163936
02,1,06,4D8B,8648,578
02,1,06,4D94,8648,578
02,1,06,4D9D,8648,578
02,1,06,4DA6,8648,578
02,1,06,4DA9,8647,577
02,1,06,4DAC,8628,578
02,1,06,4DAF,8619,573
02,1,06,4DB2,705,573
02,1,06,4DCA,377,272
02,1,06,4DD3,377,272
02,1,06,4DD6,377,272
02,1,06,4DD9,375,268
02,1,06,4DEE,196542,160631
02,1,06,4E62,1242188,501554
02,1,06,4E9C,1241085,501385
02,1,06,4F47,784,0
02,1,06,4F53,2520,2240
02,1,06,4F69,61,61
02,1,06,4F72,2520,2240
02,1,06,4F81,326,202
02,1,06,4F8E,1095,881
02,1,06,4FAD,1095,881
02,1,06,4FBC,218,119
02,1,06,4FC9,749,663
02,1,06,4FE8,749,663
02,1,06,4FF7,135,51
02,1,06,5004,638,530
02,1,06,5023,638,530
02,1,06,5032,111,80
02,1,06,503F,138561,86736
02,1,06,5042,70803,43391
02,1,06,5172,546601,241592
02,1,06,519E,546135,241419
02,1,06,5223,106,0
02,1,06,522B,880,746
02,1,06,524A,880,746
02,1,06,5259,151,116
02,1,06,5266,960,634
02,1,06,5285,960,634
02,1,06,5294,106,61
02,1,06,52A1,143755,89396
02,1,06,52A4,72595,44580
02,1,06,5794,286794,1396
02,1,06,5877,11656,52
02,1,06,5880,11656,52
02,1,06,5889,11656,52
02,1,06,5892,11656,52
02,1,06,5A10,5128,1176
02,1,06,5A2A,373607,256246
02,1,06,5A2D,747182,512492
02,1,06,5A53,201778,146580
02,1,06,5A56,403539,293160
02,1,06,5A82,16134,12830
02,1,06,5A89,4015,3158
02,1,06,5A9A,723,593
02,1,06,5AAB,6520,5492
02,1,06,5AB2,1651,1391
02,1,06,5B52,1456,1170
02,1,06,5BBB,560,281
02,1,06,5CA5,634,584
02,1,06,5F9E,24,0
02,1,06,639D,1043,844
02,1,06,63C9,42,42
02,1,06,6407,80,72
02,1,06,64CD,13589,1758
02,1,06,6D01,42,42
02,1,06,6D12,134,66
02,1,06,6D15,36,0
02,1,07,44BD,129860,129586
02,1,07,459E,58078,17257
02,1,07,45A1,160768,54983
02,1,07,45D6,44954,44807
02,1,07,45D9,74124,73922
02,1,07,4603,28,28
02,1,07,460C,12,12
02,1,07,46C1,53009,45616
02,1,07,46C4,150756,129005
02,1,07,4732,3148,3090
02,1,07,4735,5206,5122
02,1,07,4831,19844,19788
02,1,07,487A,5103,4994
02,1,07,487D,9617,9461
02,1,07,48A7,24,24
02,1,07,48B0,12,12
02,1,07,4924,163441,115584
02,1,07,492C,140575,95602
02,1,07,4A02,6156,4136
02,1,07,4A13,5989,4127
02,1,07,4C94,114,82
02,1,07,5087,184,18
02,1,07,513D,136,8
02,1,07,523E,981102,799467
02,1,07,52A1,150988,86112
02,1,07,6A08,1483,1454
02,1,07,6DF0,162773,100102
02,1,07,6DF3,163122,100102
02,1,07,6E29,1185,1021
02,1,07,6E2C,1181,1021
02,1,07,6EF7,60,0
02,1,07,6F02,212163,149268
02,1,07,6F05,212159,149268
02,1,07,6F3B,1776,1596
02,1,07,6F3E,1776,1596
02,1,07,7012,60,0
02,1,07,70E6,15022,3421
02,1,07,7260,2328731,1930601
02,1,07,729D,3273,2981
02,1,07,72BC,3394,3078
02,1,07,72DE,2803,2641
02,1,07,72EA,843719,675529
02,1,07,7327,1349,1291
02,1,07,7B22,766929,648217
02,1,08,417A,1913,1619
02,1,08,4291,440814,198244
02,1,08,4307,1476487,849705
02,1,08,4325,1476445,849689
02,1,08,4351,225,184
02,1,08,43E4,144421,98719
02,1,08,4438,101,89
02,1,08,4485,4843,4817
02,1,08,48B7,436,237
02,1,08,4903,11707,251
02,1,08,4908,11707,251
02,1,08,4913,11616,288
02,1,08,4919,415954,237134
02,1,08,491E,415925,237134
02,1,08,497F,219,168
02,1,08,4988,247127,181758
02,1,08,498B,132743,87673
02,1,08,498E,15139,13740
02,1,08,4993,247113,181758
02,1,08,49A0,7271,5849
02,1,08,4A38,25,3
02,1,08,4A3B,128480,90568
02,1,08,4A40,128449,90568
02,1,08,4A46,77214,54298
02,1,08,4B80,390816,245566
02,1,08,4CDB,11943,403
02,1,09,43B0,232110,231648
02,1,09,43B3,155955,155606
02,1,09,43B6,116133,115901
02,1,09,4496,18017,18017
02,1,09,4950,2329117,2026894
02,1,09,4EAE,25734,18982
02,1,09,5202,4658273,4053793
02,1,09,5205,1164560,1013447
02,1,09,5675,12612335,11478773
02,1,09,5678,2548023,2310359
02,1,09,567B,1910700,1732812
02,1,09,5681,1866042,1689531
02,1,09,5725,235301,153110
02,1,09,5728,176561,114846
02,1,09,572E,176604,114846
02,1,09,5746,382458,289200
02,1,09,5749,286819,216793
02,1,09,574F,286863,216793
02,1,09,5783,315992,234609
02,1,09,5786,233713,175888
02,1,09,578C,233757,175888
02,1,09,5807,176,0
02,1,09,58D9,44701,43281
02,1,09,6219,220760,94412
02,1,09,62D3,129716,48111
02,1,09,6377,900227,800902
02,1,09,6394,30,0
02,1,09,63D5,7006,0
02,1,09,70C5,14039,13251
02,1,1F,44F8,2,2
02,1,1F,453D,12,12
02,1,1F,47B4,1,1
02,1,1F,47C0,8,0
02,1,1F,48F5,2,0
02,1,1F,507D,22,8
02,1,1F,50BD,13,0
02,1,1F,5102,25,1
02,1,1F,538E,1,0
02,1,1F,543D,7,3
02,1,1F,54A0,1,0
02,1,1F,5532,4,0
02,1,1F,554C,14,0
02,1,1F,5559,1,0
02,1,1F,5567,1,0
02,1,1F,55CC,1,0
02,1,1F,5610,7,0
03,0,00,011C,6,0
03,0,00,011D,30430,1793
03,0,00,012B,6,0
03,0,00,012D,135,133
03,0,00,0187,16,0
03,0,00,01B2,4,0
03,0,00,01C9,8249,8249
03,0,00,0205,2277,113
03,0,00,020D,1219,348
03,0,00,021D,594,426
03,0,00,0227,2,0
03,0,00,0249,492235,284055
03,0,00,0252,18,0
03,0,00,0269,12,0
03,0,00,02A7,2,0
03,0,00,02AB,8,0
03,0,00,032E,4,0
03,0,00,0330,4,0
03,0,00,0333,3026752,490353
03,0,00,0570,4,0
03,0,00,06C7,80,80
03,0,00,06D1,4,0
03,0,00,06FF,41,23
03,0,00,0721,4,0
03,0,00,0745,8,0
03,0,00,0776,26,0
03,0,00,087D,40,0
03,0,00,0907,90,74
03,0,00,0955,4,0
03,0,00,09E1,2,0
03,0,00,0AD7,1136,0
03,0,00,0D69,8,0
03,0,00,0DAD,4,0
03,0,00,0E1D,311,307
03,0,00,0F02,8,0
03,0,00,0F25,20,8
03,0,00,0F35,36,0
03,0,00,0F3B,12,8
03,0,00,0F40,4,0
03,0,00,0F4A,4,0
03,0,00,0F4B,16,16
03,0,00,1021,12,0
03,0,00,1024,4,0
03,0,00,1437,36,4
03,0,00,143A,56,6
03,0,00,14E1,4,0
03,0,00,1501,123,100
03,0,00,1528,4,0
03,0,00,1554,1,1
03,0,00,155D,8,0
03,0,00,1561,4,0
03,0,00,160E,3706,22
03,0,00,1668,4,0
03,0,00,167B,42,2
03,0,00,171B,34,33
03,0,00,1805,180,152
03,0,00,180D,48,24
03,0,00,1810,8,0
03,0,00,1817,62,48
03,0,00,1837,24,0
03,0,00,183F,2,0
03,0,00,1845,194,4
03,0,00,1848,14,0
03,0,00,184B,6,0
03,0,00,1854,16,0
03,0,00,1857,77,35
03,0,00,185C,968,846
03,0,00,1865,41301,977
03,0,00,186A,12,0
03,0,00,1870,32,0
03,0,00,1875,25033,963
03,0,00,1878,8,0
03,0,00,187B,742,166
03,0,00,187E,8348,356
03,0,00,1881,63,63
03,0,00,18DD,4,0
03,0,00,18FF,5,0
03,0,00,1902,4,0
03,0,00,1909,2,0
03,0,00,191B,2,0
03,0,00,1934,16,16
03,0,00,1937,32,0
03,0,00,193A,8,0
03,0,00,1943,40,0
03,0,00,1946,20,0
03,0,00,1949,2,0
03,0,00,194C,12,0
03,0,00,194F,8,0
03,0,00,1956,2,0
03,0,00,195A,61,57
03,0,00,1979,2,0
03,0,00,199A,2,0
03,0,00,1A04,1,0
03,0,00,1A14,60,0
03,0,00,1A17,4,0
03,0,00,1A1D,4,0
03,0,00,1A20,24,24
03,0,00,1A4B,4,0
03,0,00,1A53,8,0
03,0,00,1AFF,7,0
03,0,00,1B18,12,0
03,0,00,1B3C,1794,1537
03,0,00,1B48,1,0
03,0,00,1B50,16,0
03,0,00,1B57,4,0
03,0,00,1B5A,308,198
03,0,00,1B5E,20,8
03,0,00,1B6D,22,22
03,0,00,1BE7,24,0
03,0,00,1C02,4,0
03,0,00,1C12,8,0
03,0,00,1C6C,8,0
03,0,00,1D3D,8,0
03,0,00,1D40,16,0
03,0,00,1DF5,2,0
03,0,00,1DFB,2,0
03,0,00,1E03,27988,1726
03,0,00,1E09,824,554
03,0,00,1E17,7368,28
03,0,00,1E1F,4,0
03,0,00,1E25,2,0
03,0,00,1E3B,8,8
03,0,00,1E49,4,0
03,0,00,1E4F,16,0
03,0,00,1E57,161,108
03,0,00,1E76,60,0
03,0,00,1F3A,48,48
03,0,00,2861,7858,7858
03,0,00,286D,10836,8946
03,0,00,2A41,4,0
03,0,00,2B11,4,0
03,0,00,2B24,32,0
03,0,00,2B34,8,8
03,0,00,2B3E,73,57
03,0,00,2B4B,20,8
03,0,00,2B5E,48,48
03,0,00,2B7E,4,0
03,0,00,2BF2,2,0
03,0,00,2C25,8,0
03,0,00,2C57,16,16
03,0,00,2C67,4,0
03,0,00,2CFE,6,6
03,0,00,2D19,4,0
03,0,00,2D75,57,5
03,0,00,2DFD,74,61
03,0,00,2E01,2,0
03,0,00,2E1A,2,0
03,0,00,2E51,83,51
03,0,00,2E55,32,32
03,0,00,2E5F,94,62
03,0,00,2E66,56,16
03,0,00,2E6A,24,24
03,0,00,2F2D,14659024,10465128
03,0,00,2F30,8,0
03,0,00,2F3C,1208,1076
03,0,00,31B4,27,0
03,0,00,32F2,2,0
03,0,00,3300,785,769
03,0,00,335A,6,6
03,0,00,33FC,4,0
03,0,00,3443,2,0
03,0,00,3451,47,31
03,0,00,3549,6,2
03,0,00,3A13,2,2
03,0,00,3C4D,6,0
03,0,00,3E31,4,0
03,0,00,3E35,6,0
03,0,00,5C0A,476,352
03,0,00,5D3D,14,0
03,0,00,5DED,4,0
03,0,00,6C09,1,0
03,0,00,6CA7,1,0
03,0,00,6CE9,1,0
03,0,00,737F,1,0
03,0,00,7C4D,4,0
03,0,01,569F,193,193
03,0,01,6777,3143,3063
03,0,01,6902,6,4
03,0,01,6A6D,8,0
03,0,01,7746,1039370,865289
03,0,01,7752,141805,82754
03,0,02,40CB,441,273
03,0,02,44E5,252,216
03,0,03,5716,4,0
03,0,03,5DED,4,0
03,0,03,7DAD,1,0
03,0,04,437A,4,0
03,0,05,41C5,8,0
03,0,05,781F,27,0
03,0,05,7EEB,2,0
03,0,07,68DD,370,0
03,0,09,5445,72,0
03,0,0C,5CBA,3826,2925
03,0,23,7AA3,8483,4275
03,0,27,6EDD,34,34
03,0,3A,7ADF,1,0
03,0,3C,49C8,1631,1379
03,0,3D,781F,8,0
03,1,00,011D,28997,4961
03,1,00,020D,14019449,10421201
03,1,00,021D,45,26
03,1,00,0249,7,0
03,1,00,0252,2,0
03,1,00,02A0,534950,0
03,1,00,02AB,1090,0
03,1,00,0623,2,0
03,1,00,0683,2,0
03,1,00,06FF,11843,358
03,1,00,0763,2,0
03,1,00,0843,2,0
03,1,00,087D,10,8
03,1,00,0907,4,0
03,1,00,0E1D,6,2
03,1,00,0E83,2,0
03,1,00,0F02,6,0
03,1,00,0F2F,2,0
03,1,00,1501,81,77
03,1,00,1668,4,0
03,1,00,16A3,2,0
03,1,00,18FF,246,238
03,1,00,1902,4,0
03,1,00,1923,2,0
03,1,00,1943,2,0
03,1,00,1946,16,0
03,1,00,1949,2,0
03,1,00,1983,4,0
03,1,00,1A04,1,0
03,1,00,1A1D,22,21
03,1,00,1A83,2,0
03,1,00,1AFF,246,238
03,1,00,1B18,12,0
03,1,00,1B3C,5,5
03,1,00,1BC2,2,0
03,1,00,1BD7,1,0
03,1,00,1C02,4,0
03,1,00,1DD9,2,0
03,1,00,1E4F,16,0
03,1,00,268E,189,148
03,1,00,26C1,4,4
03,1,00,26D0,8,8
03,1,00,26DF,4,3
03,1,00,26EE,11,1
03,1,00,286D,3,3
03,1,00,2C25,6,0
03,1,00,2C8E,2,0
03,1,00,2CBB,3,0
03,1,00,2CFE,1,1
03,1,00,2DFD,8,2
03,1,00,2F2D,4180,3269
03,1,00,30AB,10,0
03,1,00,314B,27,0
03,1,00,3300,2,0
03,1,00,33B5,2,0
03,1,00,33CE,2,0
03,1,00,38C4,1,1
03,1,01,6902,2,0
03,1,01,7752,773,759
03,1,02,40CB,90,77
03,1,02,44E5,29,27
03,1,03,530C,4,0
03,1,03,7C7F,1,0
03,1,05,77D4,2,0
03,1,07,6987,2,0
03,1,07,70C7,2,0
03,1,07,7301,2,0
03,1,07,7327,2,0
03,1,07,78C7,2,0
03,1,07,7A27,2,0
03,1,1F,4108,1,1
03,1,1F,453D,2,0
03,1,1F,48BD,4,0
03,1,1F,550D,4,0
04,0,00,0108,529,370
04,0,00,011C,32,0
04,0,00,011D,67188,18622
04,0,00,012D,5,1
04,0,00,0205,14927,2832
04,0,00,020D,1602,387
04,0,00,021D,17212,6511
04,0,00,0227,1,1
04,0,00,0249,8,8
04,0,00,024C,432,432
04,0,00,024F,19,3
04,0,00,0252,3,3
04,0,00,0266,3,3
04,0,00,0269,3,3
04,0,00,027F,48,0
04,0,00,02AB,8,0
04,0,00,02B1,2,0
04,0,00,0330,454,398
04,0,00,0333,2964472,1113148
04,0,00,03F1,4,0
04,0,00,0559,330,330
04,0,00,0570,2,2
04,0,00,06D1,4,0
04,0,00,06F5,4,0
04,0,00,0724,380,268
04,0,00,0745,20,20
04,0,00,0752,1,1
04,0,00,0773,1,1
04,0,00,0776,1,1
04,0,00,083E,10,10
04,0,00,0843,2,2
04,0,00,087D,9,5
04,0,00,0907,330,330
04,0,00,09E1,12,0
04,0,00,0AD7,515,0
04,0,00,0D4B,3,3
04,0,00,0DAD,17262,8090
04,0,00,0E1D,2048,1592
04,0,00,0E58,22624,22624
04,0,00,0E5D,4,0
04,0,00,0E72,8117,7029
04,0,00,0F02,8,8
04,0,00,0F24,92,92
04,0,00,0F25,8,4
04,0,00,0F2F,898,898
04,0,00,0F35,9,9
04,0,00,0F3B,817,813
04,0,00,0F40,8,8
04,0,00,0F4A,26,26
04,0,00,0F4B,174,174
04,0,00,1024,9,9
04,0,00,1437,8,8
04,0,00,143A,9,9
04,0,00,1478,4,4
04,0,00,1554,2,2
04,0,00,155D,1,1
04,0,00,1561,167,167
04,0,00,1668,172,172
04,0,00,1675,7,7
04,0,00,167B,4,4
04,0,00,167C,4,4
04,0,00,171B,8,8
04,0,00,1771,5,5
04,0,00,1778,177,177
04,0,00,1805,4,4
04,0,00,182A,16,16
04,0,00,183F,5,5
04,0,00,1845,310505,257529
04,0,00,1848,23,23
04,0,00,184B,1,1
04,0,00,184E,5,1
04,0,00,185C,2,2
04,0,00,1865,4,4
04,0,00,186A,1,1
04,0,00,1870,2,2
04,0,00,1878,5,5
04,0,00,18FF,10,10
04,0,00,1902,1,1
04,0,00,1909,1,1
04,0,00,1922,25,25
04,0,00,1923,1,1
04,0,00,192A,19,19
04,0,00,192D,3,3
04,0,00,1930,3,3
04,0,00,1934,3,3
04,0,00,1937,4,4
04,0,00,193A,164,164
04,0,00,193D,2389,770
04,0,00,1940,18,18
04,0,00,1943,7,7
04,0,00,1946,259,259
04,0,00,1949,11,11
04,0,00,194C,2,2
04,0,00,194F,3,3
04,0,00,1952,4,4
04,0,00,1956,10,10
04,0,00,195A,2,2
04,0,00,1960,3,3
04,0,00,1965,607,607
04,0,00,1969,1,1
04,0,00,1971,3,3
04,0,00,1A36,1,1
04,0,00,1A4B,7,7
04,0,00,1AFF,8,8
04,0,00,1B03,8,8
04,0,00,1B09,2,2
04,0,00,1B48,1,1
04,0,00,1B50,5,5
04,0,00,1B53,3,3
04,0,00,1B57,2,2
04,0,00,1B5A,2,2
04,0,00,1B5E,2,2
04,0,00,1B61,43,43
04,0,00,1B65,8,8
04,0,00,1B68,3,3
04,0,00,1B6C,776,776
04,0,00,1B6D,155,119
04,0,00,1BFE,8,8
04,0,00,1C16,2,2
04,0,00,1C1E,2,2
04,0,00,1C21,2,2
04,0,00,1C24,18,18
04,0,00,1C29,2,2
04,0,00,1C2D,2,2
04,0,00,1C6C,3,3
04,0,00,1D3D,8,0
04,0,00,1DBD,3,3
04,0,00,1E03,8,8
04,0,00,1E09,12,12
04,0,00,1E11,1,1
04,0,00,1E2D,81,81
04,0,00,1E33,1,1
04,0,00,1E49,1528,1528
04,0,00,1E4F,17,17
04,0,00,1E57,16,16
04,0,00,1E5D,16,16
04,0,00,1E65,22,22
04,0,00,1E6E,10,10
04,0,00,1E76,8,8
04,0,00,1E7C,8,8
04,0,00,1ECE,9050,8774
04,0,00,1ED3,5496,4508
04,0,00,1ED6,14679,13403
04,0,00,276C,42,42
04,0,00,2B0A,362,362
04,0,00,2B11,17,17
04,0,00,2B14,9,9
04,0,00,2B24,16,16
04,0,00,2B48,1,1
04,0,00,2B65,2,2
04,0,00,2B6C,1,1
04,0,00,2C03,33,33
04,0,00,2C06,8,8
04,0,00,2C09,10,10
04,0,00,2C2F,3,3
04,0,00,2C46,3,3
04,0,00,2CFE,8,8
04,0,00,2D01,27,27
04,0,00,2D04,2,2
04,0,00,2D0A,8,8
04,0,00,2D0D,9,9
04,0,00,2D13,1,1
04,0,00,2D24,2200,2200
04,0,00,2D63,2,2
04,0,00,2D6F,2,2
04,0,00,2D72,1,1
04,0,00,2D75,1,1
04,0,00,2D78,2,2
04,0,00,2D7B,1,1
04,0,00,2DFD,1853,1841
04,0,00,2E01,1433,1433
04,0,00,2E0C,9,9
04,0,00,2E10,8,8
04,0,00,2E15,9,9
04,0,00,2E1A,8,8
04,0,00,2E23,12,12
04,0,00,2E2A,8,8
04,0,00,2E48,1,1
04,0,00,2F16,9305,9156
04,0,00,2F2D,19252172,14861056
04,0,00,2F30,1,1
04,0,00,3078,1,1
04,0,00,3118,1,1
04,0,00,314B,1,1
04,0,00,317B,1,1
04,0,00,31B4,27,0
04,0,00,3300,45,45
04,0,00,3313,2,2
04,0,00,336B,3,3
04,0,00,3404,34,34
04,0,00,3407,16,16
04,0,00,3451,3,3
04,0,00,345A,299,299
04,0,00,345D,1,1
04,0,00,3549,11,11
04,0,00,3554,602,602
04,0,00,3A13,167,167
04,0,00,3A37,8,8
04,0,00,3B66,4,4
04,0,00,3C4D,1,1
04,0,00,3E33,1,1
04,0,00,3E35,1,1
04,0,00,3E37,9,9
04,0,00,3E73,4,0
04,0,00,3F66,2,2
04,0,00,4721,2,0
04,0,00,4724,2,0
04,0,00,5D3D,2,0
04,0,00,5DED,2,0
04,0,01,5D69,9,9
04,0,01,6777,16,16
04,0,01,6902,389,389
04,0,01,690E,322,322
04,0,01,691E,8,8
04,0,01,6A4D,326,326
04,0,01,6A5D,678,678
04,0,01,6A6D,181,181
04,0,01,6A7D,2736,2736
04,0,01,6AFE,10,10
04,0,01,6B4F,7,7
04,0,01,6B5F,1,1
04,0,01,6B6F,8,8
04,0,01,6C39,480,480
04,0,01,6C49,3,3
04,0,01,6C55,306,306
04,0,01,6C65,7,7
04,0,01,773E,7,7
04,0,01,7742,5,5
04,0,01,7746,11,11
04,0,01,774A,92,92
04,0,01,774E,18,18
04,0,01,7752,12,12
04,0,01,7756,16,16
04,0,01,7763,22,22
04,0,01,7767,50,50
04,0,01,776B,663,663
04,0,02,4CE1,30,26
04,0,02,4F53,70,18
04,0,03,553D,4,0
04,0,03,5DED,4,0
04,0,03,633B,419823,265010
04,0,03,6A36,611761,495348
04,0,04,445F,3,0
04,0,04,572F,1055210,777515
04,0,04,6085,1104022,678320
04,0,04,74CB,2118767,1764591
04,0,05,781F,27,0
04,0,06,4B35,2,0
04,0,06,781F,8,0
04,0,07,5F35,24,0
04,0,08,4145,458700,338051
04,0,08,743D,34,34
04,1,00,0108,1,0
04,1,00,011D,12109,6073
04,1,00,012D,21,0
04,1,00,01A6,2,0
04,1,00,01AC,10,0
04,1,00,01AF,1172,803
04,1,00,01B2,34,0
04,1,00,01C6,1,0
04,1,00,01ED,49,0
04,1,00,0205,442,411
04,1,00,020D,18321619,14817893
04,1,00,021D,183,167
04,1,00,024C,2,2
04,1,00,02A0,810746,2137
04,1,00,02AB,495,0
04,1,00,032E,4,0
04,1,00,0330,1,0
04,1,00,03F1,30,30
04,1,00,0570,2,2
04,1,00,0614,380,333
04,1,00,0623,60,0
04,1,00,0661,63,47
04,1,00,06FF,4387,4212
04,1,00,0721,263,263
04,1,00,0755,15,15
04,1,00,0776,3,3
04,1,00,087D,448,401
04,1,00,0907,31,25
04,1,00,0955,15,15
04,1,00,0958,71,64
04,1,00,0E1D,169,161
04,1,00,0E58,72,65
04,1,00,0E72,2,2
04,1,00,0F2F,38,38
04,1,00,0F4B,2,2
04,1,00,0FF1,30,30
04,1,00,101E,2,0
04,1,00,1021,269,269
04,1,00,1060,327,307
04,1,00,1501,738,730
04,1,00,1561,60,48
04,1,00,1668,2,2
04,1,00,17F2,68,60
04,1,00,1805,450,430
04,1,00,180D,481,477
04,1,00,1875,2,0
04,1,00,18FF,4439,4292
04,1,00,1909,471,447
04,1,00,1922,2,2
04,1,00,1946,2,2
04,1,00,1960,332,312
04,1,00,19F2,69,61
04,1,00,19F6,13,9
04,1,00,1A1D,174,166
04,1,00,1A60,332,312
04,1,00,1AFF,4467,4308
04,1,00,1B09,479,455
04,1,00,1B32,8,8
04,1,00,1B61,60,48
04,1,00,1B6C,6,6
04,1,00,1BF2,65,61
04,1,00,1C21,272,272
04,1,00,1CF2,69,61
04,1,00,1D61,61,48
04,1,00,1E09,472,448
04,1,00,1E11,347,327
04,1,00,1E17,3,3
04,1,00,1E49,32,32
04,1,00,1ED6,2,2
04,1,00,1F3A,47,47
04,1,00,2B0A,16,16
04,1,00,2B3E,16,16
04,1,00,2C4F,2,2
04,1,00,2DFD,48,48
04,1,00,2E01,32,32
04,1,00,2E15,2,0
04,1,00,2E23,1,1
04,1,00,2E3F,24,24
04,1,00,2F2D,3638558,2715604
04,1,00,30AB,2,0
04,1,00,314B,27,0
04,1,00,32F2,3,3
04,1,00,3E37,2,2
04,1,00,4108,2,2
04,1,00,420D,2,2
04,1,00,4D32,1,1
04,1,00,5021,10,10
04,1,00,5024,2,2
04,1,00,5060,10,10
04,1,00,543A,4,4
04,1,00,571B,2,2
04,1,00,5805,10,10
04,1,00,5848,2,2
04,1,00,58FF,22,22
04,1,00,5909,16,16
04,1,00,591B,4,4
04,1,00,591F,2,2
04,1,00,5A0C,8,8
04,1,00,5A10,2,2
04,1,00,5A14,2,2
04,1,00,5A36,2,2
04,1,00,5AFF,4,4
04,1,00,5B03,12,12
04,1,00,5B09,25,25
04,1,00,5B40,4,4
04,1,00,5B48,4,4
04,1,00,5B4C,2,2
04,1,00,5B6D,4,4
04,1,00,5BFE,2,2
04,1,00,5C0A,2,2
04,1,00,5C12,4,4
04,1,00,5C2D,6,6
04,1,00,5D40,4,4
04,1,00,5E03,210,210
04,1,00,5E09,10,10
04,1,00,6B43,4,4
04,1,00,6C35,4,4
04,1,00,6D01,2,2
04,1,00,6D19,32,32
04,1,00,6D24,2,2
04,1,00,6D27,2,2
04,1,00,6D40,80,80
04,1,00,6D43,2,2
04,1,00,6D6F,16,16
04,1,00,6DFD,2,2
04,1,00,6E01,2,2
04,1,00,6E0C,2,2
04,1,00,6E10,2,2
04,1,00,6E15,32,32
04,1,00,6E23,4,4
04,1,00,6E27,8,8
04,1,00,6E48,2,2
04,1,00,6E58,4,4
04,1,00,6E77,4,4
04,1,00,7027,70,70
04,1,00,7044,10,10
04,1,00,70A0,4362,1769
04,1,00,7300,4,4
04,1,00,7339,4,4
04,1,00,7340,4,4
04,1,00,7407,18,18
04,1,00,7E35,2,2
04,1,00,7E37,2,2
04,1,02,4CE1,168,98
04,1,03,530C,4,0
04,1,06,45DF,2,0
04,1,06,5F9E,8,0
04,1,1F,4079,1,1
04,1,1F,40BD,117,113
04,1,1F,451E,1,1
04,1,1F,482C,1,1
04,1,1F,50BD,2,2
04,1,1F,5326,1,1
04,1,1F,5367,8,8
04,1,1F,542B,1,1
04,1,1F,5519,1,1
04,1,1F,704A,1,1
05,0,00,011D,16,0
05,0,00,01AF,1210,940
05,0,00,0205,600,0
05,0,00,020D,821,0
05,0,00,021D,126,0
05,0,00,027F,27,0
05,0,00,02AB,76,0
05,0,00,02B1,14,0
05,0,00,0333,197589,26797
05,0,00,0559,4,0
05,0,00,05A1,4,0
05,0,00,06FF,24,0
05,0,00,0755,4,0
05,0,00,0AD7,330,0
05,0,00,0DAD,14,0
05,0,00,0E1D,16,0
05,0,00,0F35,2,0
05,0,00,0F3B,4,0
05,0,00,101E,43313,62
05,0,00,1021,43313,62
05,0,00,1024,43313,62
05,0,00,1675,107,87
05,0,00,1689,107,87
05,0,00,169C,107,87
05,0,00,1798,2256,0
05,0,00,184E,228,0
05,0,00,186F,2000,0
05,0,00,193D,15,0
05,0,00,1D3D,96,0
05,0,00,286D,784352,320982
05,0,00,2B76,138510,232
05,0,00,2F2D,2635900,1221042
05,0,00,31B4,27,0
05,0,00,3554,370,0
05,0,00,593D,24,0
05,0,00,5DED,2,0
05,0,00,6C5F,1,0
05,0,01,52F7,184973,232
05,0,01,691E,504,0
05,0,02,410D,39343,1633
05,0,02,416A,73281,1822
05,0,03,78BD,1,0
05,0,05,41C5,45,0
05,0,05,5EFD,6154,603
05,0,05,61DC,564,6
05,0,05,61F3,564,6
05,0,05,6209,564,6
05,0,05,6220,26,0
05,0,05,624E,218,2
05,0,05,781F,40,0
05,0,05,7C02,3,0
05,0,05,7ECB,3451,504
05,0,05,7EE2,6490,794
05,0,05,7EF8,28834,806
05,0,05,7F0F,27153,1543
05,0,06,781F,27,0
05,0,07,5F35,36,0
05,0,07,6900,107,87
05,0,07,6914,107,87
05,0,07,6928,962,782
05,0,09,71AA,392,284
05,0,09,71C1,391,284
05,0,09,71D7,2729,286
05,0,10,5B3F,8,0
05,0,27,4DB0,185711,230
05,0,3D,781F,24,0
05,1,00,011D,3289,535
05,1,00,01AF,31,0
05,1,00,01C9,2,0
05,1,00,01ED,3,0
05,1,00,0205,64,0
05,1,00,020D,2232318,1219903
05,1,00,021D,24,0
05,1,00,02A0,393761,0
05,1,00,02AB,286,0
05,1,00,05A1,12,0
05,1,00,0745,69,0
05,1,00,0AD7,11,0
05,1,00,155D,118,2
05,1,00,1675,83,2
05,1,00,1865,132,2
05,1,00,1875,83,2
05,1,00,286D,60,43
05,1,00,2B76,828,0
05,1,00,2F2D,303645,416
05,1,00,30AB,8,0
05,1,00,314B,27,0
05,1,01,52F7,828,0
05,1,05,43C1,1692,18
05,1,05,4472,192,2
05,1,05,453D,26,0
05,1,05,4542,26,0
05,1,05,77D4,38775,2104
05,1,05,7810,25723,515
05,1,05,78A3,1384,984
05,1,05,78DD,46,44
05,1,05,7BDC,1,0
05,1,05,7BEE,2,0
05,1,05,7ECB,3039,290
05,1,05,7F0F,3115,313
05,1,06,5F9E,27,0
05,1,07,56B0,945,777
05,1,07,60EF,107,87
05,1,07,60F4,107,87
05,1,07,60FD,17,5
05,1,07,6100,321,261
05,1,09,61BA,3512,854
05,1,1F,482C,12063,0
06,0,00,011D,51846,3591
06,0,00,012B,1,1
06,0,00,01A9,2,2
06,0,00,01AF,4,0
06,0,00,01C6,70,0
06,0,00,020D,1205,0
06,0,00,021D,749,422
06,0,00,0269,1878,1540
06,0,00,0333,4819992,2450378
06,0,00,0623,4,0
06,0,00,06F5,6,0
06,0,00,0745,4,0
06,0,00,0755,14,0
06,0,00,0763,14,0
06,0,00,07A1,2,2
06,0,00,0869,1866,1518
06,0,00,087D,11007,10165
06,0,00,0897,4,0
06,0,00,0907,4,0
06,0,00,095B,14,0
06,0,00,0AD7,1061,0
06,0,00,0D69,4,0
06,0,00,0E1D,90,73
06,0,00,0E83,4,0
06,0,00,0F2F,16,0
06,0,00,0F35,2,2
06,0,00,0F3B,18,0
06,0,00,0F4B,4,0
06,0,00,1784,2,2
06,0,00,1845,246014,228291
06,0,00,18FF,1,1
06,0,00,193D,101,30
06,0,00,1A10,2,0
06,0,00,1A1D,101,87
06,0,00,1B48,2,2
06,0,00,1B57,2,2
06,0,00,1BFE,1,1
06,0,00,1C21,2,2
06,0,00,1D3D,83,58
06,0,00,1DBD,234,218
06,0,00,27B1,2,2
06,0,00,27BD,238,181
06,0,00,286D,54,46
06,0,00,2ACD,2,2
06,0,00,2B24,2,2
06,0,00,2BBD,408,316
06,0,00,2C09,2,2
06,0,00,2C6D,84,76
06,0,00,2CF8,2,2
06,0,00,2CFE,2,2
06,0,00,2D01,2,2
06,0,00,2D8D,9,9
06,0,00,2DFD,49,37
06,0,00,2F2D,11376658,7430225
06,0,00,3078,2,0
06,0,00,3086,2,0
06,0,00,3094,2,0
06,0,00,30A3,30,0
06,0,00,3430,252082,177419
06,0,00,3443,2,2
06,0,00,348D,6,6
06,0,00,34EF,28,0
06,0,00,593D,44,0
06,0,00,5DED,2,0
06,0,00,71BB,1,0
06,0,00,73B5,1,0
06,0,00,73CD,1,0
06,0,00,7C4D,4,0
06,0,01,6B5F,16,0
06,0,02,4134,60,0
06,0,02,45DF,2,0
06,0,02,4E6A,575,0
06,0,02,4F47,993245,410896
06,0,02,4F4D,248106,90489
06,0,02,4F53,2778,2240
06,0,02,4F59,258,0
06,0,02,4F81,153,123
06,0,02,5A53,201771,146580
06,0,02,5AB2,1651,1391
06,0,02,5AD3,4015,3158
06,0,05,41C5,80,0
06,0,05,6C81,1,0
06,0,05,753D,4,0
06,0,05,781F,72,0
06,0,05,7EB1,1,0
06,0,06,4B13,8,0
06,0,06,6019,46,46
06,0,06,6192,1,1
06,0,06,6275,7,7
06,0,06,6292,10,6
06,0,06,62CE,8,8
06,0,06,6397,2,0
06,0,06,6E28,72,0
06,0,06,781F,48,0
06,0,0A,4AF2,96,96
06,0,0A,5053,2,2
06,0,0A,59FD,77,73
06,0,0A,5A09,10,10
06,0,0A,62BD,14,6
06,0,0A,631D,82,82
06,0,0A,6ADD,2,2
06,0,0A,6AFD,77,72
06,0,0A,6BA9,3,3
06,0,0A,6BB9,10,10
06,0,0A,6BD7,2,2
06,0,0A,75AF,2,2
06,0,0A,775D,2,2
06,0,0A,78C5,6,6
06,0,0A,7C6E,1,1
06,0,0A,7CE6,8,8
06,0,1A,781F,16,0
06,0,39,5B52,616,552
06,0,3D,781F,8,0
06,1,00,0108,3,3
06,1,00,011C,1,1
06,1,00,011D,30495,5612
06,1,00,012B,11,7
06,1,00,012D,147,127
06,1,00,017B,138,92
06,1,00,0187,9,9
06,1,00,01A6,2,2
06,1,00,01A9,73,53
06,1,00,01AF,14553,2636
06,1,00,01B2,4,0
06,1,00,01C6,1,1
06,1,00,01C9,13,3
06,1,00,01CE,2,2
06,1,00,01E1,34,31
06,1,00,01ED,9,4
06,1,00,01FA,2,0
06,1,00,0205,1,1
06,1,00,020D,10964171,7400312
06,1,00,021D,644,465
06,1,00,0227,1,0
06,1,00,0243,4,2
06,1,00,0249,34,34
06,1,00,0252,50,45
06,1,00,0266,32,32
06,1,00,0269,462,377
06,1,00,028C,6,0
06,1,00,02A0,306709,102
06,1,00,02A7,1,1
06,1,00,02AB,1005,0
06,1,00,02B1,5,5
06,1,00,032E,2,2
06,1,00,0333,1,1
06,1,00,03F1,35,30
06,1,00,0522,1,1
06,1,00,059E,1,1
06,1,00,05A1,4,4
06,1,00,0614,35,15
06,1,00,0623,210,0
06,1,00,06D1,5,5
06,1,00,06F5,62,53
06,1,00,06FF,243,152
06,1,00,0721,5,5
06,1,00,0745,30,30
06,1,00,0755,4,0
06,1,00,0776,2,2
06,1,00,079E,20,0
06,1,00,07F7,20,19
06,1,00,083E,4,4
06,1,00,0843,21,10
06,1,00,0869,426,365
06,1,00,087D,616,585
06,1,00,0897,17,17
06,1,00,08AC,6,0
06,1,00,09E1,39,35
06,1,00,0AB2,85,69
06,1,00,0AD7,6,0
06,1,00,0DAD,29,1
06,1,00,0E1D,414,375
06,1,00,0E3E,1,1
06,1,00,0E5D,92,70
06,1,00,0E83,2,0
06,1,00,0EA1,6,6
06,1,00,0F02,2,2
06,1,00,0FF1,2,2
06,1,00,101E,39,34
06,1,00,1021,15,0
06,1,00,1024,15,9
06,1,00,1060,6,4
06,1,00,11B6,2,0
06,1,00,1485,13,1
06,1,00,14E5,51,49
06,1,00,1501,2,2
06,1,00,179D,54,10
06,1,00,17C5,43,34
06,1,00,17E7,283,247
06,1,00,17F5,1,1
06,1,00,180D,1,1
06,1,00,1817,6,6
06,1,00,183F,3,0
06,1,00,1862,15,13
06,1,00,1875,24,0
06,1,00,1881,7,7
06,1,00,1884,31,23
06,1,00,18A0,24,14
06,1,00,18BF,12,10
06,1,00,18C2,24,15
06,1,00,18DD,4,2
06,1,00,18E0,96,36
06,1,00,18F4,8,8
06,1,00,18FF,1,1
06,1,00,191B,1,1
06,1,00,191F,4,0
06,1,00,1923,1,1
06,1,00,193D,2,0
06,1,00,1943,57,11
06,1,00,1983,40,3
06,1,00,199D,9,3
06,1,00,19A5,2,0
06,1,00,19E1,19,15
06,1,00,1A1D,4,4
06,1,00,1AC2,24,24
06,1,00,1ADE,70,70
06,1,00,1AE2,1179,900
06,1,00,1AFF,1,1
06,1,00,1B18,8,8
06,1,00,1B61,219,214
06,1,00,1BE1,1788,1590
06,1,00,1BEB,6,1
06,1,00,1BF2,1,1
06,1,00,1BFE,1,1
06,1,00,1C12,2,0
06,1,00,1C1E,41,8
06,1,00,1C7F,11,2
06,1,00,1D3D,32,22
06,1,00,1DBD,18,18
06,1,00,1DDF,826,549
06,1,00,1DE7,6,6
06,1,00,1E03,16,16
06,1,00,1E9D,16,0
06,1,00,218C,4,0
06,1,00,24CF,15,12
06,1,00,268E,7,7
06,1,00,276C,370,261
06,1,00,2799,53,53
06,1,00,27A5,62,52
06,1,00,27B1,16,8
06,1,00,27BD,12,10
06,1,00,282C,106,69
06,1,00,2861,26,26
06,1,00,286D,15,15
06,1,00,2A41,3,3
06,1,00,2AC2,13,13
06,1,00,2ACD,4,0
06,1,00,2B11,10,10
06,1,00,2B51,8,4
06,1,00,2BDB,1,1
06,1,00,2BF2,6,6
06,1,00,2C1B,4,0
06,1,00,2C40,1,1
06,1,00,2C4F,6,6
06,1,00,2C8E,26,26
06,1,00,2CCD,2,2
06,1,00,2CD0,1975,1803
06,1,00,2CD3,2,0
06,1,00,2CDA,331,28
06,1,00,2CF8,1,1
06,1,00,2D01,7,7
06,1,00,2DEF,2,0
06,1,00,2DFD,51,41
06,1,00,2E01,16,16
06,1,00,2F2D,307,186
06,1,00,3044,5,5
06,1,00,3086,13,13
06,1,00,309D,73,33
06,1,00,30A0,28,0
06,1,00,30AB,2,0
06,1,00,30C4,42,31
06,1,00,30D5,2,0
06,1,00,314B,35,33
06,1,00,32FA,2,2
06,1,00,3300,2,2
06,1,00,33FC,4,0
06,1,00,3407,1,1
06,1,00,34EF,2,0
06,1,00,38C4,2527,2042
06,1,00,38CC,10,8
06,1,00,38D4,2,0
06,1,00,38DC,1,1
06,1,00,3CCC,49,49
06,1,00,3FE6,16,16
06,1,01,6B5F,16,0
06,1,02,4F47,248622,90489
06,1,02,4F81,173,79
06,1,05,41C5,2,0
06,1,06,45D3,8,0
06,1,06,5F9E,48,0
06,1,06,5FF2,1,1
06,1,06,5FF5,17,13
06,1,06,62BA,8,8
06,1,06,6D15,72,0
06,1,1F,40B3,7,7
06,1,1F,410B,13,13
06,1,1F,451E,4,0
06,1,1F,453D,21,21
06,1,1F,4785,1,0
06,1,1F,4883,18,1
06,1,1F,4893,4,4
06,1,1F,4BAE,3,0
06,1,1F,501E,107,55
06,1,1F,507D,8,6
06,1,1F,50AB,68,42
06,1,1F,5102,1,1
06,1,1F,5178,46,0
06,1,1F,5180,2,0
06,1,1F,53AA,451,408
06,1,1F,5420,16,16
06,1,1F,549D,164,90
06,1,1F,54A0,3,2
06,1,1F,550D,178,19
06,1,1F,574F,1,1
06,1,1F,580E,162,1
06,1,1F,6EB4,9,6
06,1,1F,6EB6,55,43
06,1,1F,75A4,31,31
07,0,00,0108,25558,17340
07,0,00,011C,5044,4290
07,0,00,011D,10030,8860
07,0,00,012B,6,6
07,0,00,012D,8,8
07,0,00,0164,13,12
07,0,00,017B,11,10
07,0,00,017E,12,8
07,0,00,0187,10,10
07,0,00,01A9,12,0
07,0,00,01C6,5,5
07,0,00,01C9,5,1
07,0,00,01CE,9,4
07,0,00,01E1,8,8
07,0,00,01E4,11,9
07,0,00,01ED,3,3
07,0,00,01FA,10,7
07,0,00,0205,2881,2277
07,0,00,020D,34154,25699
07,0,00,021D,271,13
07,0,00,0227,18,13
07,0,00,0243,14,14
07,0,00,0249,69,16
07,0,00,024C,40,10
07,0,00,024F,33,15
07,0,00,0252,36,15
07,0,00,0266,10,10
07,0,00,0269,10,10
07,0,00,027F,9,9
07,0,00,028C,5,5
07,0,00,02AB,197,0
07,0,00,02F0,6,6
07,0,00,032E,19,17
07,0,00,0330,12,9
07,0,00,0333,2346102,1752564
07,0,00,03F1,17,17
07,0,00,04C4,2,2
07,0,00,0522,22,9
07,0,00,0559,13,6
07,0,00,0570,10,10
07,0,00,05E0,8,8
07,0,00,0614,10,8
07,0,00,0623,8,6
07,0,00,0661,4,3
07,0,00,0683,15,12
07,0,00,06C7,3,1
07,0,00,06D1,5,5
07,0,00,06F5,8,4
07,0,00,06FF,746,629
07,0,00,0702,14,5
07,0,00,0721,793,495
07,0,00,0724,12,12
07,0,00,0745,30,6
07,0,00,0752,27,6
07,0,00,0755,8,8
07,0,00,0763,13,8
07,0,00,0766,7,7
07,0,00,0773,10,6
07,0,00,0776,6,6
07,0,00,07F4,3,3
07,0,00,07F7,6,5
07,0,00,083E,5,5
07,0,00,0843,8,6
07,0,00,0869,4,4
07,0,00,087D,247,106
07,0,00,0907,33746,25845
07,0,00,0955,8,8
07,0,00,0958,14,13
07,0,00,095B,14,10
07,0,00,096A,2,2
07,0,00,09DE,4,4
07,0,00,09E1,4,4
07,0,00,0AD7,422,3
07,0,00,0D4B,12,0
07,0,00,0E1D,48,0
07,0,00,0E83,2,0
07,0,00,0F25,6,0
07,0,00,0F35,4,0
07,0,00,0F3B,4,0
07,0,00,0F4A,16,0
07,0,00,0F4B,8,0
07,0,00,1021,866,557
07,0,00,1437,55,55
07,0,00,143A,82,80
07,0,00,1501,41770,39476
07,0,00,155D,20,0
07,0,00,1675,107,87
07,0,00,167B,107,87
07,0,00,1689,107,87
07,0,00,168F,107,87
07,0,00,169C,107,87
07,0,00,16A2,107,87
07,0,00,16A3,2,0
07,0,00,1805,238,142
07,0,00,180D,32874,25323
07,0,00,1830,644,636
07,0,00,1837,107,107
07,0,00,1845,16,0
07,0,00,1848,36,0
07,0,00,184B,8,0
07,0,00,184E,16,0
07,0,00,1851,4683,4036
07,0,00,1909,19674,14312
07,0,00,1923,2,0
07,0,00,192D,1634,1570
07,0,00,1930,933,914
07,0,00,1934,231,228
07,0,00,1937,91,91
07,0,00,193A,99,97
07,0,00,193D,26,18
07,0,00,1943,2,0
07,0,00,1949,16,0
07,0,00,1952,16,0
07,0,00,1983,2,0
07,0,00,1A36,94,90
07,0,00,1A4B,8,0
07,0,00,1A53,8,0
07,0,00,1A83,2,0
07,0,00,1B03,152,152
07,0,00,1B09,18525,14293
07,0,00,1B32,878,846
07,0,00,1B36,104,96
07,0,00,1B48,32,0
07,0,00,1B53,8,0
07,0,00,1BFE,57032,39274
07,0,00,1C21,753,447
07,0,00,1C2D,1119,1021
07,0,00,1D30,1021,916
07,0,00,1D33,779,714
07,0,00,1D3D,22,18
07,0,00,1E03,152,152
07,0,00,1E09,18453,14248
07,0,00,1E2D,969,822
07,0,00,1E33,1091,965
07,0,00,1E49,16,0
07,0,00,1F3A,318,308
07,0,00,27BD,2071,1822
07,0,00,282C,17,17
07,0,00,2A2D,66,66
07,0,00,2B2C,38,38
07,0,00,2B31,465,453
07,0,00,2B34,605,605
07,0,00,2B48,32,0
07,0,00,2B4B,8,0
07,0,00,2B51,705,471
07,0,00,2C2F,292,292
07,0,00,2C35,787,769
07,0,00,2C52,16,0
07,0,00,2D32,982,952
07,0,00,2DFD,166,166
07,0,00,2E31,1175,1145
07,0,00,2E38,281,281
07,0,00,2E48,32,0
07,0,00,2E51,706,469
07,0,00,2F2D,17647754,13349719
07,0,00,2F30,1029,999
07,0,00,2F33,831,831
07,0,00,3053,8,0
07,0,00,314B,8,0
07,0,00,3451,802,571
07,0,00,3A53,8,0
07,0,00,593D,16,0
07,0,00,5D3D,4,0
07,0,00,5DED,4,0
07,0,01,52F7,3,3
07,0,01,568A,114,87
07,0,01,569F,15,15
07,0,01,59D1,2,0
07,0,01,59EA,11,7
07,0,01,5D69,65,57
07,0,01,5EB1,62,56
07,0,01,6777,65,64
07,0,01,6787,78,76
07,0,01,6797,60,59
07,0,01,67A7,52,36
07,0,01,68F2,2907,2579
07,0,01,6902,120,116
07,0,01,690E,146,145
07,0,01,691E,93,91
07,0,01,6A4D,194,167
07,0,01,6A5D,132,126
07,0,01,6A6D,132,127
07,0,01,6A7D,131,113
07,0,01,6ADE,119,92
07,0,01,6AEE,235,206
07,0,01,6AFE,107,97
07,0,01,6B4F,128,120
07,0,01,6B5F,103,101
07,0,01,6B6F,101,98
07,0,01,6B7F,96,95
07,0,01,6BE4,78,47
07,0,01,6BF4,80,75
07,0,01,6C39,24665,5362
07,0,01,6C49,12351,5194
07,0,01,6C55,12100,5032
07,0,01,6C65,5772,4825
07,0,01,6CAA,25,25
07,0,01,6CBA,94,92
07,0,01,6CC6,2786,2065
07,0,01,6CD6,3442,2856
07,0,01,773E,360,358
07,0,01,7742,260,258
07,0,01,7746,249,225
07,0,01,774A,254,246
07,0,01,774E,225,208
07,0,01,7752,222,213
07,0,01,7756,215,213
07,0,01,7763,106,103
07,0,01,7767,116,110
07,0,01,776B,69,61
07,0,01,776F,72,68
07,0,01,7773,63,53
07,0,01,7777,117,101
07,0,01,777B,78,72
07,0,02,4351,792,571
07,0,02,45D6,134862,134421
07,0,02,4DD1,4,0
07,0,03,4A01,2,0
07,0,03,5BF4,36,0
07,0,03,5C0A,48,0
07,0,03,5C60,4,0
07,0,03,6CE7,2,0
07,0,03,6E87,2,0
07,0,03,6FAD,207811,185805
07,0,03,6FE7,2,0
07,0,03,7201,2,0
07,0,03,72C7,2,0
07,0,03,73C7,2,0
07,0,03,7501,2,0
07,0,03,7607,2,0
07,0,03,7707,2,0
07,0,03,7947,2,0
07,0,03,794D,1,0
07,0,03,7B01,2,0
07,0,03,7B07,2,0
07,0,03,7BA7,2,0
07,0,04,5D3E,1001800,991959
07,0,04,63DF,160027,144105
07,0,05,41C5,35,0
07,0,05,55CE,51,15
07,0,05,781F,32,0
07,0,05,785D,1,0
07,0,06,6E28,98,0
07,0,06,727E,48,0
07,0,06,781F,56,0
07,0,07,4337,2,0
07,0,07,43D2,812182,355686
07,0,07,45E3,88946,88652
07,0,07,45FD,167,167
07,0,07,473F,6411,6295
07,0,07,4887,11609,11391
07,0,07,4DFD,169,169
07,0,07,5199,18914,18854
07,0,07,55FD,170,170
07,0,07,58DE,4,0
07,0,07,5F35,60,0
07,0,07,60FD,366,366
07,0,07,6BFD,162,162
07,0,07,6DD1,1,0
07,0,07,74FD,348,348
07,1,00,0108,289,274
07,1,00,011C,48,48
07,1,00,011D,35333,18056
07,1,00,017E,2,0
07,1,00,01AF,10926,9433
07,1,00,020D,16359347,13307840
07,1,00,021D,1,0
07,1,00,0252,1,0
07,1,00,02A0,1242970,10848
07,1,00,02AB,409,0
07,1,00,06FF,147,44
07,1,00,0745,40,0
07,1,00,07F4,2,0
07,1,00,087D,264,244
07,1,00,0907,1,0
07,1,00,1528,2,0
07,1,00,180D,2,2
07,1,00,18FF,315,313
07,1,00,1965,2,0
07,1,00,1AFF,2,0
07,1,00,1DED,5,0
07,1,00,1E09,1,1
07,1,00,1E65,2,0
07,1,00,2CBB,1,0
07,1,00,2F2D,1830693,1554208
07,1,00,30AB,10,0
07,1,00,38CD,1,0
07,1,02,4546,4,0
07,1,03,55D2,84,0
07,1,05,41C5,1,0
07,1,05,55CE,17,5
07,1,06,5F9E,56,0
07,1,06,6D15,98,0
07,1,06,6E28,2,0
07,1,07,4307,1,0
07,1,07,45E3,962,962
07,1,07,473F,125,125
07,1,07,4887,83,83
07,1,07,4C94,18220,18160
07,1,07,5087,694,694
07,1,07,5199,378,378
07,1,07,559E,4,0
07,1,1F,474D,1,0
07,1,1F,49C6,4,0
07,1,1F,54BE,3,0
07,1,1F,54C3,2,0
07,1,1F,704A,2,0
08,0,00,011D,23611,994
08,0,00,012D,12,0
08,0,00,01ED,4,0
08,0,00,0205,145,134
08,0,00,020D,1046,0
08,0,00,021D,298,130
08,0,00,0249,27,0
08,0,00,024F,31,0
08,0,00,028C,4,0
08,0,00,02AB,630787,111121
08,0,00,0333,2502715,1885004
08,0,00,0661,4,0
08,0,00,06F5,137,0
08,0,00,06FF,16,0
08,0,00,07F4,80,0
08,0,00,087D,19401,3780
08,0,00,0897,32,0
08,0,00,08AC,26,0
08,0,00,0AB2,12245,0
08,0,00,0AD7,518,0
08,0,00,0D69,4,0
08,0,00,0E1D,2,2
08,0,00,0E5D,4,0
08,0,00,0F35,4,0
08,0,00,193D,249751,142346
08,0,00,1A5D,134921,97466
08,0,00,1E5D,6148,5754
08,0,00,1F3A,14,10
08,0,00,2C18,2963,2951
08,0,00,2F2D,7662160,5445735
08,0,00,313B,14125,2447
08,0,00,31B4,27,0
08,0,00,34AC,30,30
08,0,00,34EF,3038,0
08,0,00,593D,12,0
08,0,00,5D3D,18,0
08,0,00,5DED,4,0
08,0,02,4351,225,184
08,0,02,4903,11707,251
08,0,02,4B89,77213,54298
08,0,03,4DAF,38,32
08,0,03,5289,246005,129872
08,0,03,5DED,2,0
08,0,03,61BD,169,157
08,0,04,4145,458632,338064
08,0,04,4B79,485,314
08,0,04,6D7B,51643,51030
08,0,04,7560,25190,1850
08,0,04,7B23,1,0
08,0,04,7B40,254113,112745
08,0,04,7C24,394,362
08,0,05,41C5,17,0
08,0,05,781F,8,0
08,0,06,483D,12,0
08,0,06,4B54,2,0
08,0,06,6E28,57,0
08,0,06,781F,40,0
08,0,07,5F35,84,0
08,0,08,4248,25681,2375
08,0,08,4254,24314,857
08,0,08,4629,1710,1572
08,0,08,4675,468,392
08,0,08,479F,508886,236689
08,0,08,47DC,651138,335635
08,0,08,483C,649,544
08,0,08,4847,124,96
08,0,08,4B05,8,8
08,0,08,4F9E,513,443
08,0,08,5011,345,300
08,0,08,743D,77,71
08,0,18,4867,419,367
08,0,33,54B9,32,32
08,1,00,0108,213,190
08,1,00,011D,13860,1609
08,1,00,017B,1,1
08,1,00,020D,7386707,5429126
08,1,00,021D,142,24
08,1,00,02A0,229016,11726
08,1,00,02AB,494,0
08,1,00,06FF,276,183
08,1,00,087D,11532,202
08,1,00,0E1D,4,1
08,1,00,0F02,9,4
08,1,00,1154,1,0
08,1,00,193D,16,0
08,1,00,19AA,2,0
08,1,00,19B4,2,0
08,1,00,1C02,2,0
08,1,00,1E1F,1,0
08,1,00,1E82,6,0
08,1,00,268E,10740,149
08,1,00,26C1,19,0
08,1,00,26D0,2,0
08,1,00,26DF,4,4
08,1,00,26EE,1,0
08,1,00,2DFD,1,0
08,1,00,2F2D,1198500,587653
08,1,00,30AB,2,0
08,1,00,314B,27,0
08,1,00,3192,1,0
08,1,00,3339,3038,0
08,1,00,34EF,217,0
08,1,00,3549,1821,0
08,1,00,38DC,1,0
08,1,00,5830,2,2
08,1,00,593D,4,0
08,1,03,530C,2,0
08,1,04,764F,394,362
08,1,06,45EE,2,0
08,1,06,5F9E,40,0
08,1,06,6D15,57,0
08,1,07,5F35,2,0
08,1,08,4248,45,17
08,1,08,4351,551,442
08,1,08,4438,222,198
08,1,08,483C,2,2
08,1,08,4B05,36,34
08,1,08,4E5B,5826,800
08,1,08,4F5D,513,443
08,1,08,4F71,345,300
08,1,08,4F9E,43,39
08,1,08,5011,54,42
08,1,1F,40FB,1,0
08,1,1F,410B,1,0
08,1,1F,47F4,2,0
08,1,1F,49C6,1,0
08,1,1F,4A7E,2,0
09,0,00,011D,2307665,1867539
09,0,00,012D,525449,286222
09,0,00,0205,29734,29002
09,0,00,020D,1431,183
09,0,00,021D,603,57
09,0,00,0243,51,0
09,0,00,024F,4,0
09,0,00,0298,1685,969
09,0,00,02AB,4,0
09,0,00,0333,1427211,1016173
09,0,00,03F1,7,0
09,0,00,0559,4,0
09,0,00,0614,3477,2539
09,0,00,0623,4,0
09,0,00,06C7,4,0
09,0,00,06FF,17329,808
09,0,00,0724,24,20
09,0,00,0763,8,0
09,0,00,0773,4,0
09,0,00,0869,44701,43281
09,0,00,087D,18,0
09,0,00,0AD7,17527,0
09,0,00,0DAD,12,0
09,0,00,0E1D,24,0
09,0,00,0E5D,4,2
09,0,00,0EA1,4,0
09,0,00,0F24,15,15
09,0,00,0F3B,4,0
09,0,00,0FF3,14,0
09,0,00,1024,18,17
09,0,00,1689,17,8
09,0,00,179D,9746,6938
09,0,00,18FF,8258,104
09,0,00,193D,11,11
09,0,00,199D,6829,6657
09,0,00,1A1D,1,1
09,0,00,1A89,4,0
09,0,00,1AFF,8258,104
09,0,00,1B6D,335,298
09,0,00,1C24,15,15
09,0,00,1D3D,4,0
09,0,00,286D,864,825
09,0,00,2B24,263,231
09,0,00,2C6D,553,521
09,0,00,2D24,5,4
09,0,00,2DFD,2,2
09,0,00,2F2D,10672847,8466924
09,0,00,309D,10080,7249
09,0,00,34AC,722538,631786
09,0,00,3989,12,10
09,0,00,593D,44,0
09,0,00,709D,1,0
09,0,02,44E5,11761,11761
09,0,02,44EF,11777,11777
09,0,02,456D,1169,1128
09,0,02,4823,76007,75691
09,0,02,4B89,17,13
09,0,02,6F6C,2,0
09,0,02,7805,60,0
09,0,03,6309,327746,262507
09,0,04,6DBF,296811,165654
09,0,04,71DC,494398,341050
09,0,04,7B89,360757,304018
09,0,05,41C5,47,0
09,0,05,5EFD,106,63
09,0,05,6989,1,0
09,0,05,781F,83,0
09,0,06,540A,7497,7497
09,0,06,6E28,15,0
09,0,06,727E,842391,677883
09,0,06,781F,8,0
09,0,07,48FF,321973,300183
09,0,07,5F35,60,0
09,0,07,7131,194140,115464
09,0,09,4317,16516,208
09,0,09,4321,16516,208
09,0,09,432B,16516,208
09,0,09,4335,16516,208
09,0,09,433F,16516,208
09,0,09,4349,16514,208
09,0,09,4353,16521,217
09,0,09,435D,16530,226
09,0,09,4367,16530,226
09,0,09,4371,16514,214
09,0,09,4F7D,16,12
09,0,09,512A,4,0
09,0,09,5215,2,0
09,0,09,58D9,2,0
09,0,1A,781F,54,0
09,0,20,4C8F,265,238
09,0,28,5070,49,41
09,0,3D,781F,27,0
09,1,00,0108,31,14
09,1,00,011C,39,29
09,1,00,011D,17791,13493
09,1,00,012B,44,21
09,1,00,012D,2136,2005
09,1,00,0164,34,28
09,1,00,017B,3031,47
09,1,00,017E,61,58
09,1,00,0187,19,17
09,1,00,01A6,28,18
09,1,00,01A9,79,65
09,1,00,01AC,16,16
09,1,00,01AF,44,40
09,1,00,01B2,30,24
09,1,00,01C6,64,64
09,1,00,01C9,89,71
09,1,00,01CE,107,101
09,1,00,01E1,80,50
09,1,00,01E4,106,78
09,1,00,01ED,53,50
09,1,00,01FA,157,57
09,1,00,0205,108,94
09,1,00,020D,9469485,7763230
09,1,00,021D,135,88
09,1,00,0227,83,60
09,1,00,0243,109,101
09,1,00,0249,43,41
09,1,00,024C,86,75
09,1,00,024F,81,71
09,1,00,0252,25,21
09,1,00,0266,143,143
09,1,00,0269,79,61
09,1,00,027F,96,93
09,1,00,028C,70,48
09,1,00,0298,119,84
09,1,00,02A0,353268,600
09,1,00,02A7,41,30
09,1,00,02AB,17562,93
09,1,00,02AE,129,88
09,1,00,02B1,94,89
09,1,00,02F0,59,52
09,1,00,032E,98,89
09,1,00,0330,89,83
09,1,00,0333,102,98
09,1,00,03F1,128,101
09,1,00,04C4,191,163
09,1,00,0522,182,173
09,1,00,0559,247,216
09,1,00,0570,47,45
09,1,00,059E,169,151
09,1,00,05A1,111,100
09,1,00,05E0,273,241
09,1,00,0614,55,39
09,1,00,0623,212,196
09,1,00,0661,13,5
09,1,00,0683,55,46
09,1,00,06C7,75,58
09,1,00,06D1,88,75
09,1,00,06F5,158,131
09,1,00,06FF,204,165
09,1,00,0702,14,3
09,1,00,0721,78,64
09,1,00,0724,50,35
09,1,00,0745,1,0
09,1,00,0752,133,120
09,1,00,0755,98,82
09,1,00,0763,74,54
09,1,00,0766,187,175
09,1,00,0773,115,112
09,1,00,0776,40,36
09,1,00,079E,72,72
09,1,00,07A1,54,54
09,1,00,07F4,36,20
09,1,00,07F7,65,59
09,1,00,083E,106,94
09,1,00,0843,139,120
09,1,00,0869,155,155
09,1,00,087D,78,46
09,1,00,0897,280,255
09,1,00,08AC,200,153
09,1,00,0907,93,92
09,1,00,0955,157,123
09,1,00,0958,96,84
09,1,00,095B,1,1
09,1,00,096A,55,28
09,1,00,09DE,101,88
09,1,00,09E1,133,131
09,1,00,0AB2,47,15
09,1,00,0AD7,170,154
09,1,00,0D32,1,0
09,1,00,0D4B,5,4
09,1,00,0D69,11,10
09,1,00,0D8A,50,45
09,1,00,0D9C,18,17
09,1,00,0DAD,15,15
09,1,00,0DB8,10,10
09,1,00,0DDE,56,25
09,1,00,0DFA,22,0
09,1,00,0E1D,40,38
09,1,00,0E3E,45,45
09,1,00,0E58,99,77
09,1,00,0E5D,57,44
09,1,00,0E72,83,79
09,1,00,0E83,7,7
09,1,00,0EA1,63,62
09,1,00,0EC2,42,38
09,1,00,0F02,16,11
09,1,00,0F24,117,110
09,1,00,0F25,45,38
09,1,00,0F2F,11,11
09,1,00,0F35,31,31
09,1,00,0F3B,7,4
09,1,00,0F40,65,61
09,1,00,0F4A,33,20
09,1,00,0F4B,87,69
09,1,00,0FF1,205,189
09,1,00,0FF3,6,3
09,1,00,101E,25,24
09,1,00,1021,45,44
09,1,00,1024,99,91
09,1,00,1060,106,103
09,1,00,1154,99,86
09,1,00,11B6,47,46
09,1,00,143A,10,10
09,1,00,1485,13,13
09,1,00,14AC,40,31
09,1,00,14E1,8,8
09,1,00,14E5,4,4
09,1,00,14F4,9,8
09,1,00,1501,33,0
09,1,00,1528,6,6
09,1,00,1554,6,3
09,1,00,155D,2,1
09,1,00,1561,14,14
09,1,00,160E,59,42
09,1,00,1668,7,7
09,1,00,1675,169,167
09,1,00,167C,11,10
09,1,00,1689,18,13
09,1,00,168F,46,33
09,1,00,1690,44,42
09,1,00,169C,46,42
09,1,00,16A3,36,30
09,1,00,171B,178,168
09,1,00,1771,43,43
09,1,00,1778,56,56
09,1,00,1780,52,45
09,1,00,1784,58,52
09,1,00,178C,256,244
09,1,00,1792,44,42
09,1,00,1798,146,139
09,1,00,179D,61,53
09,1,00,17A2,71,70
09,1,00,17A7,85,82
09,1,00,17AF,88,86
09,1,00,17C5,65,64
09,1,00,17CC,89,89
09,1,00,17D0,116,106
09,1,00,17D4,51,45
09,1,00,17D8,169,158
09,1,00,17DC,214,205
09,1,00,17E0,91,88
09,1,00,17E7,51,49
09,1,00,17EE,134,132
09,1,00,17F2,85,84
09,1,00,17F5,159,156
09,1,00,17FA,67,66
09,1,00,1805,30,22
09,1,00,180D,2,0
09,1,00,1810,16,16
09,1,00,1817,34,32
09,1,00,181F,22,17
09,1,00,1826,19,19
09,1,00,182A,10,10
09,1,00,1830,1,1
09,1,00,1837,1,1
09,1,00,183F,68,67
09,1,00,1842,50,46
09,1,00,1845,18,18
09,1,00,184B,32,27
09,1,00,184E,27,27
09,1,00,1851,32,27
09,1,00,1854,41,41
09,1,00,1857,67,19
09,1,00,185A,16,16
09,1,00,185C,11,10
09,1,00,1862,23,23
09,1,00,1865,154,152
09,1,00,186F,8,8
09,1,00,1870,3,2
09,1,00,1875,168,167
09,1,00,1878,83,82
09,1,00,187B,20,20
09,1,00,187E,42,40
09,1,00,1881,10,10
09,1,00,1884,24,24
09,1,00,1887,43,42
09,1,00,188A,98,95
09,1,00,1891,16,16
09,1,00,18A0,40,39
09,1,00,18A7,3,2
09,1,00,18B5,28,28
09,1,00,18BF,31,30
09,1,00,18C2,1,1
09,1,00,18C5,16,15
09,1,00,18D4,48,46
09,1,00,18DD,37,33
09,1,00,18ED,13,13
09,1,00,18F4,99,93
09,1,00,18FB,7,7
09,1,00,18FF,160,151
09,1,00,191B,5,0
09,1,00,1923,129,119
09,1,00,192A,3,0
09,1,00,1934,5,0
09,1,00,193D,8,8
09,1,00,1940,4,0
09,1,00,1946,1,0
09,1,00,194C,9,0
09,1,00,1956,8,0
09,1,00,195A,1,0
09,1,00,1980,1,0
09,1,00,199A,4,0
09,1,00,199D,2,0
09,1,00,19C6,4,0
09,1,00,19E5,1,0
09,1,00,19F2,22,22
09,1,00,1A17,4,0
09,1,00,1A89,3,0
09,1,00,1ABF,3,0
09,1,00,1AFF,182,151
09,1,00,1B03,87,86
09,1,00,1B09,35,35
09,1,00,1B0E,7,7
09,1,00,1B14,26,26
09,1,00,1B18,23,23
09,1,00,1B20,18,17
09,1,00,1B32,28,27
09,1,00,1B36,86,86
09,1,00,1B3C,76,67
09,1,00,1B40,15,15
09,1,00,1B48,54,53
09,1,00,1B4C,9,9
09,1,00,1B50,1,1
09,1,00,1B53,67,64
09,1,00,1B57,23,22
09,1,00,1B5E,3,0
09,1,00,1B61,21,21
09,1,00,1B65,12,12
09,1,00,1B6C,31,31
09,1,00,1BAA,21,17
09,1,00,1BB6,13,13
09,1,00,1BBA,5,5
09,1,00,1BC2,14,13
09,1,00,1BC5,10,9
09,1,00,1BC6,43,43
09,1,00,1BCB,46,44
09,1,00,1BCE,7,7
09,1,00,1BCF,98,97
09,1,00,1BD8,182,179
09,1,00,1BE0,20,20
09,1,00,1BE1,24,20
09,1,00,1BE7,33,33
09,1,00,1BEB,24,23
09,1,00,1BFE,173,143
09,1,00,1C02,206,199
09,1,00,1C06,104,101
09,1,00,1C0A,83,81
09,1,00,1C12,22,21
09,1,00,1C16,119,113
09,1,00,1C1E,116,116
09,1,00,1C21,84,78
09,1,00,1C24,31,29
09,1,00,1C29,72,71
09,1,00,1C2D,349,344
09,1,00,1C59,25,25
09,1,00,1C63,164,163
09,1,00,1C6C,12,12
09,1,00,1C73,50,47
09,1,00,1C77,88,84
09,1,00,1C7A,75,74
09,1,00,1C7F,40,39
09,1,00,1C82,139,137
09,1,00,1CD2,102,101
09,1,00,1CEF,232,230
09,1,00,1CF2,69,68
09,1,00,1D33,8,8
09,1,00,1D3D,3,3
09,1,00,1E33,9,9
09,1,00,1E5D,4,4
09,1,00,1E9D,4,0
09,1,00,2DFD,17,1
09,1,00,2F2D,3545854,2798899
09,1,00,309D,7,0
09,1,00,30AB,4,0
09,1,02,4823,437,437
09,1,06,5F9E,8,0
09,1,06,6D15,15,0
09,1,09,4371,16,12
09,1,09,4950,2,0
09,1,09,5681,1,0
09,1,09,574F,1,0
09,1,1F,453D,6,5
09,1,1F,474D,4,4
09,1,1F,4BAE,1,0
09,1,1F,52E6,20310,11309
09,1,1F,52F4,30,0
09,1,1F,543D,3,3
09,1,1F,549D,14,0
09,1,1F,5C04,3,0
0A,0,00,020D,478,0
0A,0,00,021D,50,0
0A,0,00,02AB,115,0
0A,0,00,0333,4032874,2303544
0A,0,00,06F5,5,0
0A,0,00,0773,8,0
0A,0,00,07A1,4,0
0A,0,00,0AD7,312,0
0A,0,00,0E83,22,0
0A,0,00,193D,71,0
0A,0,00,1D3D,5,0
0A,0,00,2EA1,10579,10097
0A,0,00,2F2D,2580,7
0A,0,00,30AB,4,0
0A,0,05,41C5,8,0
0A,0,06,5F5D,2,0
0A,0,06,5F9A,28425,3645
0A,0,06,6019,519852,293583
0A,0,06,6192,7626,7018
0A,0,06,6765,73,61
0A,0,06,6E28,69,0
0A,0,06,781F,595935,297742
0A,0,0A,6A66,19083,18535
0A,0,0A,6A75,18591,18352
0A,0,0A,6AF4,102,102
0A,0,0A,6BC3,195,172
0A,0,3D,781F,35,0
0A,1,00,0108,49,33
0A,1,00,011C,111,91
0A,1,00,011D,1835,729
0A,1,00,012B,62,54
0A,1,00,012D,89,29
0A,1,00,0164,64,64
0A,1,00,017B,68,66
0A,1,00,017E,48,34
0A,1,00,0187,579,55
0A,1,00,01A6,150,108
0A,1,00,01A9,150,117
0A,1,00,01AC,157,57
0A,1,00,01AF,195,143
0A,1,00,01B2,255,136
0A,1,00,01C6,148,78
0A,1,00,01C9,131,105
0A,1,00,01CE,101,69
0A,1,00,01E1,62,53
0A,1,00,01E4,105,85
0A,1,00,01ED,72,72
0A,1,00,01FA,63,59
0A,1,00,0205,48,38
0A,1,00,020D,12110,9886
0A,1,00,021D,1386,1189
0A,1,00,0227,41,32
0A,1,00,0243,40,36
0A,1,00,0249,36,35
0A,1,00,024C,23,23
0A,1,00,024F,37,37
0A,1,00,0252,30,25
0A,1,00,0266,56,38
0A,1,00,0269,28,28
0A,1,00,027F,30,22
0A,1,00,028C,42,38
0A,1,00,0298,60,55
0A,1,00,02A0,675,438
0A,1,00,02A7,96,95
0A,1,00,02AB,481,151
0A,1,00,02AE,124,113
0A,1,00,02B1,175,167
0A,1,00,02F0,58,54
0A,1,00,032E,300,283
0A,1,00,0330,472,462
0A,1,00,0333,569,524
0A,1,00,03F1,213,204
0A,1,00,04C4,28,26
0A,1,00,0522,16,12
0A,1,00,0559,4,4
0A,1,00,0570,15,15
0A,1,00,059E,21,21
0A,1,00,05A1,19,19
0A,1,00,05E0,14,14
0A,1,00,0614,5,1
0A,1,00,0623,3,3
0A,1,00,0683,2,2
0A,1,00,06C7,5,5
0A,1,00,06D1,1,1
0A,1,00,06F5,5,5
0A,1,00,06FF,584,335
0A,1,00,0702,9,4
0A,1,00,0721,12,9
0A,1,00,0724,7,3
0A,1,00,0745,14,14
0A,1,00,0752,20,20
0A,1,00,0755,18,18
0A,1,00,0763,25,25
0A,1,00,0766,8,8
0A,1,00,0773,5,5
0A,1,00,0776,18,18
0A,1,00,079E,20,20
0A,1,00,07F4,21,21
0A,1,00,07F7,1,1
0A,1,00,083E,20,3
0A,1,00,0843,1,1
0A,1,00,0869,43,43
0A,1,00,087D,139,122
0A,1,00,0897,14,10
0A,1,00,08AC,35,26
0A,1,00,0907,17,17
0A,1,00,0955,14,1
0A,1,00,0958,6,6
0A,1,00,095B,3,3
0A,1,00,096A,11,3
0A,1,00,09DE,39,35
0A,1,00,09E1,15,15
0A,1,00,0AB2,102,102
0A,1,00,0AD7,190,175
0A,1,00,0E1D,275,218
0A,1,00,0E5D,48,44
0A,1,00,0E72,1,1
0A,1,00,155D,74,66
0A,1,00,168F,9,0
0A,1,00,17E7,1,1
0A,1,00,180D,23,23
0A,1,00,18B5,3,3
0A,1,00,193D,75,45
0A,1,00,19CC,1,1
0A,1,00,1A1D,1561,1532
0A,1,00,1A5D,16,16
0A,1,00,1B6D,50,31
0A,1,00,1BCB,1,1
0A,1,00,1D33,13,0
0A,1,00,1D3D,126,104
0A,1,00,1E5D,16,8
0A,1,00,286D,19,17
0A,1,00,2C6D,5,5
0A,1,00,2DFD,6530,4055
0A,1,00,2EA1,37971,37161
0A,1,00,2F2D,519941,293583
0A,1,00,30AB,2,0
0A,1,00,3404,1,1
0A,1,00,345D,6,6
0A,1,00,3C4D,1,1
0A,1,06,5F6F,28425,3645
0A,1,06,5F9E,594955,296790
0A,1,06,5FF2,7626,7018
0A,1,06,6707,73,61
0A,1,06,6931,219,211
0A,1,06,69F3,309,299
0A,1,06,6A74,452,442
0A,1,06,6D15,69,0
0A,1,1F,4079,3,3
0A,1,1F,40BD,2,2
0A,1,1F,40F8,4,4
0A,1,1F,4464,1,1
0A,1,1F,44A1,2,2
0A,1,1F,44D2,1,1
0A,1,1F,453D,204,196
0A,1,1F,474D,1,1
0A,1,1F,48BD,9,9
0A,1,1F,4FE1,113,112
0A,1,1F,501E,244,206
0A,1,1F,5046,27,27
0A,1,1F,507D,111,60
0A,1,1F,5168,3,0
0A,1,1F,52E6,4,0
0A,1,1F,52F4,27,0
0A,1,1F,5314,92,0
0A,1,1F,5326,156,105
0A,1,1F,5334,30,0
0A,1,1F,5364,1,0
0A,1,1F,536D,16,12
0A,1,1F,538B,12,0
0A,1,1F,538E,4,0
0A,1,1F,543D,164,153
0A,1,1F,550D,90,0
0A,1,1F,554C,1,1
0A,1,1F,5550,44,40
0A,1,1F,5553,1,1
0A,1,1F,5559,2,2
0A,1,1F,556D,1,1
0A,1,1F,5610,6,6
0A,1,1F,74C7,123,82
0A,1,1F,74D1,69,49
0A,1,1F,75A8,1,1
0A,1,1F,75AC,2,2
0A,1,1F,75D2,1,1
0A,1,1F,7ACF,8,8
0A,1,1F,7B22,99,93
0A,1,24,4E07,2,0
0B,0,00,011D,4,0
0B,0,00,012D,4,0
0B,0,00,020D,1940,0
0B,0,00,021D,558,0
0B,0,00,0243,4,0
0B,0,00,024F,4,0
0B,0,00,027F,28,0
0B,0,00,02AB,16,0
0B,0,00,0333,9,0
0B,0,00,04C4,4,0
0B,0,00,05A1,16,0
0B,0,00,0661,23,0
0B,0,00,0683,14,0
0B,0,00,06D1,7,0
0B,0,00,06F5,26,0
0B,0,00,06FF,30,0
0B,0,00,0721,7,0
0B,0,00,0773,26,0
0B,0,00,07A1,4,0
0B,0,00,087D,16,0
0B,0,00,0907,4,0
0B,0,00,0AD7,1568,0
0B,0,00,0E5D,2,0
0B,0,00,0EA1,14,0
0B,0,00,0F2F,4,0
0B,0,00,0F3B,8,0
0B,0,00,0FF1,4,0
0B,0,00,1021,4,0
0B,0,00,193D,9,0
0B,0,00,1CEF,9551,9312
0B,0,00,1D30,9541,9312
0B,0,00,1D3D,25,0
0B,0,00,2F2D,9708,0
0B,0,00,593D,60,0
0B,0,00,5D3D,2,0
0B,0,00,6C1B,1,0
0B,0,00,6CFB,1,0
0B,0,00,73CD,1,0
0B,0,03,553D,4,0
0B,0,05,41C5,1,0
0B,0,05,758F,1,0
0B,0,05,781F,35,0
0B,0,06,6E28,40,0
0B,0,06,781F,62,0
0B,0,07,5F35,48,0
0B,0,07,795F,1,0
0B,0,09,5445,72,0
0B,1,00,01E4,19092,18624
0B,1,00,020D,7023,0
0B,1,00,021D,2,0
0B,1,00,02AB,1518,0
0B,1,00,0AD7,10,0
0B,1,00,2F2D,106,0
0B,1,00,30AB,14,0
0B,1,06,5F9E,62,0
0B,1,06,6D15,40,0
0C,0,00,020D,353,0
0C,0,00,021D,56,0
0C,0,00,0243,4,0
0C,0,00,0333,21217,5722
0C,0,00,06F5,10,0
0C,0,00,095B,4,0
0C,0,00,0AD7,454,0
0C,0,00,0D69,4,0
0C,0,00,0E1D,4,0
0C,0,00,0E83,4,0
0C,0,00,0F4B,4,0
0C,0,00,1D3D,4,0
0C,0,00,2F2D,2322,0
0C,0,00,34AC,2,0
0C,0,00,593D,8,0
0C,0,03,4075,410,213
0C,0,03,40E3,315,230
0C,0,03,40F1,315,230
0C,0,03,4206,128,106
0C,0,03,4237,144,128
0C,0,03,4245,144,128
0C,0,03,42C5,138,86
0C,0,03,42D5,89,45
0C,0,03,43E4,620,511
0C,0,03,4500,119,109
0C,0,03,450E,119,109
0C,0,03,4C07,47,47
0C,0,03,4C15,47,47
0C,0,03,4C23,47,47
0C,0,03,4C60,61,23
0C,0,03,4C6E,61,23
0C,0,03,4C7C,61,23
0C,0,03,4EA3,48,40
0C,0,03,4EEC,585,476
0C,0,03,4F2D,4440,333
0C,0,03,4F3B,4422,333
0C,0,03,4F62,4372,331
0C,0,03,4FA3,2204,229
0C,0,03,4FB1,2186,229
0C,0,03,4FD5,40,38
0C,0,03,5016,75,75
0C,0,03,5024,75,75
0C,0,03,5048,80,67
0C,0,03,5056,80,67
0C,0,03,5118,174,162
0C,0,03,5126,174,162
0C,0,03,520A,106,99
0C,0,03,5218,106,99
0C,0,03,52C7,245,197
0C,0,03,52E3,6376,201
0C,0,03,52F1,6376,201
0C,0,03,56A2,143,95
0C,0,03,56B0,143,95
0C,0,03,57A2,17002,635
0C,0,03,59A8,406,271
0C,0,03,5C29,8145,2302
0C,0,03,5CAC,3826,2925
0C,0,03,5CBA,3826,2925
0C,0,03,5CC8,3826,2925
0C,0,03,5CED,22672,1016
0C,0,03,5CFC,1608,745
0C,0,03,5D24,212,159
0C,0,03,5D32,212,159
0C,0,03,5D41,150,98
0C,0,03,5D4F,150,98
0C,0,03,5DED,7233,806
0C,0,03,5F3D,133797,18398
0C,0,03,6983,1,0
0C,0,04,688E,12647,914
0C,0,04,689C,18359,922
0C,0,04,68AA,24015,923
0C,0,04,68B8,24015,923
0C,0,04,6E01,349,272
0C,0,04,6E0F,349,272
0C,0,04,6E1D,347,270
0C,0,04,6E2B,347,270
0C,0,04,6E3D,29,0
0C,0,04,6F92,51818,4542
0C,0,04,74CB,2,0
0C,0,04,7512,2073,1833
0C,0,04,7520,2072,1832
0C,0,04,7B89,1,0
0C,0,04,7BE3,394,362
0C,0,04,7BF1,394,362
0C,0,04,7BFF,394,362
0C,0,04,7C0D,394,362
0C,0,05,781F,8,0
0C,0,07,7063,611,570
0C,1,00,020D,1850,3
0C,1,00,0249,3,0
0C,1,00,02AB,448,0
0C,1,00,0614,13,10
0C,1,00,0623,37,0
0C,1,00,0683,2,0
0C,1,00,2F2D,118839,13436
0C,1,00,30AB,6,0
0C,1,03,40A7,245,133
0C,1,03,40AD,899,478
0C,1,03,4124,531,423
0C,1,03,4127,1593,1269
0C,1,03,41A4,7321,2049
0C,1,03,42EA,454,262
0C,1,03,431D,118,91
0C,1,03,4320,391,300
0C,1,03,439C,384,259
0C,1,03,4441,347,294
0C,1,03,46CB,399,315
0C,1,03,46CE,13035,1207
0C,1,03,49C8,402,330
0C,1,03,49CB,1639,1360
0C,1,03,4C2C,5303,67
0C,1,03,4C32,219,201
0C,1,03,4C3B,146,134
0C,1,03,4D02,6,6
0C,1,03,4D08,35,35
0C,1,03,4D11,46,46
0C,1,03,4D5B,22,12
0C,1,03,4EC0,15,15
0C,1,03,4EC6,78,70
0C,1,03,518A,39,36
0C,1,03,5193,78,72
0C,1,03,52FD,142,116
0C,1,03,5303,6696,469
0C,1,03,530C,6382,213
0C,1,03,550E,8,0
0C,1,03,5511,121,89
0C,1,03,55D2,976,806
0C,1,03,55D5,3692,2973
0C,1,03,5645,17288,825
0C,1,03,5C92,7002,591
0C,1,03,5C96,6980,591
0C,1,03,5CD4,20502,1757
0C,1,03,5CD8,24280,1761
0C,1,03,5D0B,30451,6175
0C,1,03,5D0F,30450,6175
0C,1,03,5D61,7066,674
0C,1,03,5D65,7066,674
0C,1,03,5DCA,504,299
0C,1,04,6905,23991,908
0C,1,04,6930,1567,1091
0C,1,04,69AA,1392,1084
0C,1,04,6DF3,349,272
0C,1,04,6F7A,25911,2271
0C,1,04,764F,1576,1448
0C,1,1F,43CA,3,0
0C,1,1F,44D2,14,0
0C,1,1F,4785,2,0
0C,1,1F,4A7E,2,0
0D,0,00,011D,39,0
0D,0,00,017E,4,0
0D,0,00,01A9,12,0
0D,0,00,01ED,8,0
0D,0,00,020D,1270,0
0D,0,00,021D,220,0
0D,0,00,0243,27,0
0D,0,00,027F,27,0
0D,0,00,02AB,6,0
0D,0,00,02B1,12,0
0D,0,00,0333,3892,1526
0D,0,00,03F1,7,0
0D,0,00,0683,26,0
0D,0,00,06C7,14,0
0D,0,00,0843,7,0
0D,0,00,0869,4,0
0D,0,00,095B,4,0
0D,0,00,09E1,21,0
0D,0,00,0AB2,26,0
0D,0,00,0AD7,7635,0
0D,0,00,0D4B,18,0
0D,0,00,0E1D,11,0
0D,0,00,0F2F,14,0
0D,0,00,0F4B,14,0
0D,0,00,1021,4,0
0D,0,00,193D,38,0
0D,0,00,1D3D,40,0
0D,0,00,2F2D,6848,0
0D,0,00,30AB,2,0
0D,0,00,593D,22,0
0D,0,00,5DED,2,0
0D,0,00,6AA1,1,0
0D,0,00,6ACD,1,0
0D,0,00,6BBD,1,0
0D,0,04,448F,93,85
0D,0,04,44D8,12,0
0D,0,04,4AC7,404,325
0D,0,05,41C5,45,0
0D,0,05,7487,1,0
0D,0,05,781F,40,0
0D,0,06,4512,524,352
0D,0,06,4520,523,351
0D,0,06,452E,535,351
0D,0,06,4595,3206,1180
0D,0,06,45A3,3214,1176
0D,0,06,45B1,3213,1175
0D,0,06,4B13,4411,2139
0D,0,06,4B35,8515,3957
0D,0,06,6E28,29,0
0D,0,06,781F,8,0
0D,0,07,5F35,12,0
0D,0,07,7197,1,0
0D,0,08,5474,4,0
0D,0,09,72F0,13524,4740
0D,0,09,739A,3589,1768
0D,0,10,6A3D,4,0
0D,0,3D,781F,24,0
0D,1,00,020D,5254,0
0D,1,00,0227,2,0
0D,1,00,02AB,7583,0
0D,1,00,0AD7,44,0
0D,1,00,180D,63,63
0D,1,00,2F2D,11699,4910
0D,1,00,30AB,22,0
0D,1,00,34AC,3769,1237
0D,1,03,52FD,10,0
0D,1,03,56FD,2,0
0D,1,04,40BF,8,0
0D,1,04,4724,2,0
0D,1,04,47E1,2,0
0D,1,04,4E9A,93,85
0D,1,06,4550,534,350
0D,1,06,455C,534,350
0D,1,06,4568,534,350
0D,1,06,45D3,3199,1175
0D,1,06,45DF,3205,1175
0D,1,06,45EB,3203,1175
0D,1,06,460F,678,614
0D,1,06,4687,663,579
0D,1,06,472C,376,328
0D,1,06,5F9E,8,0
0D,1,06,6D15,29,0
0D,1,08,5459,2,0
0D,1,08,545F,2,0
0D,1,09,7301,3589,1768
0E,0,00,01C9,4,0
0E,0,00,020D,567,0
0E,0,00,021D,90,0
0E,0,00,02B1,16,0
0E,0,00,0333,23368,5724
0E,0,00,0623,4,0
0E,0,00,0843,7,0
0E,0,00,0AD7,766,0
0E,0,00,0F25,18,0
0E,0,00,193D,40,0
0E,0,00,1D3D,5,0
0E,0,00,2F2D,2942,0
0E,0,00,593D,24,0
0E,0,00,5D3D,2,0
0E,0,00,6C03,1,0
0E,0,02,4CFF,1,0
0E,0,03,6C72,335,319
0E,0,03,6E4C,75,75
0E,0,04,448F,23492,5727
0E,0,05,41C5,26,0
0E,0,05,61E5,40,3
0E,0,05,61FC,40,3
0E,0,05,6212,40,3
0E,0,05,6257,13,1
0E,0,05,781F,16,0
0E,0,05,7ED4,93,42
0E,0,05,7EEB,93,42
0E,0,05,7F01,93,42
0E,0,05,7F18,176,81
0E,0,06,6E28,56,0
0E,0,06,727E,6,0
0E,0,06,781F,40,0
0E,0,07,4FA6,169,137
0E,0,07,5F35,24,0
0E,0,1A,781F,8,0
0E,0,3D,781F,8,0
0E,1,00,020D,2208,0
0E,1,00,021D,1,0
0E,1,00,02A0,4,0
0E,1,00,02AB,758,0
0E,1,00,0614,2,0
0E,1,00,06FF,4,0
0E,1,00,0AD7,8,0
0E,1,00,1805,13,6
0E,1,00,2F2D,438,394
0E,1,00,30AB,4,0
0E,1,00,593D,4,0
0E,1,04,40BC,17510,4641
0E,1,04,4721,2810,471
0E,1,04,47DE,2374,132
0E,1,04,4805,4,0
0E,1,04,4A05,294,204
0E,1,04,4A40,109,72
0E,1,04,4D00,201,133
0E,1,04,4E78,50,38
0E,1,04,4F3F,70,18
0E,1,04,4F9A,70,18
0E,1,05,43C1,120,9
0E,1,05,4472,13,1
0E,1,05,77D4,279,126
0E,1,05,7810,95,42
0E,1,05,78A3,81,39
0E,1,06,5F9E,40,0
0E,1,06,6D15,56,0
0E,1,07,4CD6,169,137
0E,1,1F,40B3,14,0
0E,1,1F,44A1,47,0
0E,1,1F,4763,4,0
0E,1,1F,4953,8,8
0F,0,00,012B,12,0
0F,0,00,017B,4,0
0F,0,00,01A9,12,0
0F,0,00,01AC,4,0
0F,0,00,01C9,4,0
0F,0,00,020D,2335,0
0F,0,00,021D,146,0
0F,0,00,0227,4,0
0F,0,00,0249,28,0
0F,0,00,0269,12,0
0F,0,00,02A7,4,0
0F,0,00,02AB,329,0
0F,0,00,0333,4092,628
0F,0,00,03F1,28,0
0F,0,00,0559,4,0
0F,0,00,06C7,4,0
0F,0,00,06D1,4,0
0F,0,00,0752,26,0
0F,0,00,087D,4,0
0F,0,00,0897,8,0
0F,0,00,0907,4,0
0F,0,00,0AD7,1112,0
0F,0,00,0DAD,4,0
0F,0,00,0EA1,16,0
0F,0,00,0F3B,16,0
0F,0,00,0F4B,6,0
0F,0,00,0FF1,4,0
0F,0,00,0FF3,4,0
0F,0,00,193D,40,0
0F,0,00,1D3D,41,0
0F,0,00,2F2D,10802,0
0F,0,00,593D,79,0
0F,0,00,5D3D,4,0
0F,0,00,5DED,4,0
0F,0,00,6CD7,1,0
0F,0,05,41C5,17,0
0F,0,05,61E5,182,0
0F,0,05,61FC,182,0
0F,0,05,6212,182,0
0F,0,05,6229,13,0
0F,0,05,6257,96,0
0F,0,05,781F,17,0
0F,0,05,7ED4,3039,290
0F,0,05,7EEB,3039,290
0F,0,05,7F01,3039,290
0F,0,05,7F18,3589,629
0F,0,06,69F3,1,0
0F,0,06,6E28,13,0
0F,0,06,727E,6,0
0F,0,06,781F,8,0
0F,0,07,5F35,48,0
0F,0,09,48F7,7144,6435
0F,0,09,4905,7133,6427
0F,0,09,4913,7108,6407
0F,0,09,51C9,5525,4991
0F,0,09,51DC,2288,2110
0F,0,09,51EF,1059,995
0F,0,09,51FE,870,800
0F,0,09,5F80,328,328
0F,0,09,71B3,106,63
0F,0,09,71CA,106,63
0F,0,09,71E1,106,63
0F,0,09,71EB,106,63
0F,0,1A,781F,20,0
0F,0,20,533D,8,0
0F,1,00,01C9,2,0
0F,1,00,01ED,36,0
0F,1,00,0205,346,328
0F,1,00,020D,8001,0
0F,1,00,02AB,1080,0
0F,1,00,05A1,4,0
0F,1,00,2F2D,21479,19269
0F,1,00,30AB,10,0
0F,1,00,593D,4,0
0F,1,05,43C1,546,0
0F,1,05,4472,83,0
0F,1,05,453D,13,0
0F,1,05,4542,13,0
0F,1,05,77D4,9117,870
0F,1,05,7810,3089,289
0F,1,05,78A3,474,316
0F,1,05,78DD,26,24
0F,1,06,5F9E,8,0
0F,1,06,6D15,13,0
0F,1,06,6E28,1,0
0F,1,09,493B,7078,6383
0F,1,09,494D,2664,2513
0F,1,09,61BA,424,252
10,0,00,011D,16,0
10,0,00,012B,12,0
10,0,00,017B,28,0
10,0,00,0205,8,0
10,0,00,020D,1333,0
10,0,00,021D,242,0
10,0,00,0269,4,0
10,0,00,027F,24,0
10,0,00,0298,4,0
10,0,00,02AB,29,0
10,0,00,0333,2917,1925
10,0,00,05A1,14,0
10,0,00,0623,26,0
10,0,00,06D1,4,0
10,0,00,06FF,24,0
10,0,00,0721,22,0
10,0,00,0745,14,0
10,0,00,0763,4,0
10,0,00,07A1,28,0
10,0,00,087D,26,0
10,0,00,095B,4,0
10,0,00,0AD7,283,0
10,0,00,0D69,4,0
10,0,00,0E1D,20,0
10,0,00,0E83,4,0
10,0,00,0F4B,8,0
10,0,00,167B,107,87
10,0,00,168F,107,87
10,0,00,16A2,107,87
10,0,00,1D3D,85,0
10,0,00,2F2D,7638,0
10,0,00,31B4,27,0
10,0,00,593D,16,0
10,0,00,73D1,1,0
10,0,02,4CFF,1,1
10,0,02,4DD1,10,0
10,0,03,5DED,2,0
10,0,04,633D,4,0
10,0,05,4069,209,10
10,0,05,41C5,9,0
10,0,05,424C,298,6
10,0,05,610D,1136,0
10,0,05,611B,1136,0
10,0,05,6128,32,0
10,0,05,6135,32,0
10,0,05,6145,72,0
10,0,05,6151,72,0
10,0,05,615F,1212,0
10,0,05,616B,1212,0
10,0,05,6187,144,0
10,0,05,6194,144,0
10,0,06,6E28,15,0
10,0,06,781F,34,0
10,0,07,5F35,48,0
10,0,07,695D,28224,22944
10,0,07,6969,28224,22944
10,0,07,6984,9408,7648
10,0,07,717B,1,0
10,0,08,50E2,52,0
10,0,08,50F2,48,0
10,0,09,71B3,79,67
10,0,09,71CA,79,67
10,0,09,71E1,2418,70
10,0,09,71EB,2423,75
10,0,20,70B9,1,0
10,1,00,0205,2352,1912
10,1,00,020D,6203,0
10,1,00,02AB,277,0
10,1,00,087D,107,87
10,1,00,2F2D,431,10
10,1,00,30AB,6,0
10,1,00,314B,27,0
10,1,02,4546,10,0
10,1,02,5117,1,1
10,1,03,530C,2,0
10,1,05,40AB,50,1
10,1,05,41B5,77,2
10,1,05,4236,149,3
10,1,05,42BD,22,0
10,1,05,484D,4,0
10,1,05,597B,4876,0
10,1,05,610D,28,0
10,1,05,611B,28,0
10,1,05,615F,16,0
10,1,05,616B,16,0
10,1,05,6D4D,24,0
10,1,06,5F9E,34,0
10,1,06,6D15,15,0
10,1,07,6100,321,261
10,1,07,6906,5778,4698
10,1,07,691A,5671,4611
10,1,07,692E,51948,42228
10,1,09,61BA,4999,279
10,1,1F,5489,2,0
10,1,1F,556D,151,131
10,1,1F,5575,159,159
11,0,00,012D,8,0
11,0,00,017B,12,0
11,0,00,01A9,12,0
11,0,00,01ED,4,0
11,0,00,020D,957,0
11,0,00,021D,48,0
11,0,00,024F,24,0
11,0,00,02B1,4,0
11,0,00,0333,53719,51124
11,0,00,0623,4,0
11,0,00,0683,14,0
11,0,00,06FF,4,0
11,0,00,0755,12,0
11,0,00,07A1,32,0
11,0,00,07F7,4,0
11,0,00,0AD7,1222,0
11,0,00,0D4B,4,0
11,0,00,0D69,8,0
11,0,00,0E5D,4,0
11,0,00,0EA1,4,0
11,0,00,0F35,4,0
11,0,00,0F3B,8,0
11,0,00,0F4B,14,0
11,0,00,193D,12,0
11,0,00,2F2D,5458,0
11,0,00,593D,20,0
11,0,00,5D3D,4,0
11,0,00,7C4D,4,0
11,0,06,59C4,2538,560
11,0,06,59D2,2562,586
11,0,06,5CFF,485,397
11,0,06,5D15,485,397
11,0,06,5D2B,485,397
11,0,06,5D40,485,397
11,0,06,5D7E,2565,543
11,0,06,5D8C,2565,543
11,0,06,5D9A,2565,543
11,0,06,5DE2,7524,5679
11,0,06,6E28,12,0
11,0,07,5F35,12,0
11,0,07,7706,2,0
11,0,07,7864,2183,1990
11,0,07,7873,30147,23551
11,0,07,795F,160504,133986
11,0,07,7972,158600,132454
11,0,07,7981,315560,265082
11,0,07,79BF,52797,41921
11,0,07,79D2,55635,44463
11,0,07,79E1,107973,89062
11,0,07,7C7C,42539,41083
11,0,3D,781F,8,0
11,1,00,020D,4194,0
11,1,00,02A0,88,0
11,1,00,02AB,1182,0
11,1,00,2F2D,5204,1146
11,1,00,309D,7,0
11,1,00,30AB,4,0
11,1,00,593D,4,0
11,1,06,5A0D,6216,438
11,1,06,5B4F,885,663
11,1,06,5B52,1180,884
11,1,06,5BB8,594,528
11,1,06,5BBB,760,704
11,1,06,5DBE,2508,1893
11,1,06,5DC9,2508,1893
11,1,06,5DD0,2508,1893
11,1,06,6D15,12,0
11,1,07,71E8,2153,1990
11,1,07,71EE,30087,23551
11,1,07,7260,584629,485484
11,1,07,729D,851,773
11,1,07,72BC,844,778
11,1,07,72DE,693,653
11,1,07,72EA,209288,168630
11,1,07,7327,348,339
11,1,07,73FC,5179,4956
11,1,07,742B,20560,19707
11,1,07,7762,16800,16420
11,1,07,7C10,43536,40245
11,1,1F,4DF9,16,0
11,1,1F,4EDD,14,0
11,1,1F,5391,4,0
11,1,1F,549D,7,0
11,1,1F,5535,23,23
11,1,1F,5553,629,603
11,1,1F,5559,1014,978
12,0,00,011C,4,0
12,0,00,011D,27,0
12,0,00,012B,4,0
12,0,00,020D,889,0
12,0,00,021D,66,0
12,0,00,027F,31,0
12,0,00,02A0,4,0
12,0,00,02AB,13,0
12,0,00,0333,270,0
12,0,00,05A1,21,0
12,0,00,0623,12,0
12,0,00,0661,16,0
12,0,00,0683,4,0
12,0,00,0721,16,0
12,0,00,0763,4,0
12,0,00,07A1,7,0
12,0,00,0AD7,640,0
12,0,00,0F3B,8,0
12,0,00,193D,55,0
12,0,00,1D3D,35,0
12,0,00,2F2D,4764,0
12,0,00,593D,8,0
12,0,02,4DD1,2,0
12,0,03,76CF,1748,1368
12,0,03,76DD,1742,1368
12,0,03,76EB,1746,1371
12,0,03,78AD,7503,2417
12,0,03,78BD,3275,2818
12,0,03,78D4,2897,2369
12,0,03,78E4,5681,2798
12,0,06,6E28,1,0
12,0,07,53E9,3632,1253
12,0,07,53F7,3619,1256
12,0,07,7706,1,0
12,0,08,74CD,4,0
12,0,08,74D7,4,0
12,0,09,604C,782,645
12,0,09,605A,778,641
12,0,09,6068,777,640
12,0,12,7B3D,16,0
12,0,1A,781F,8,0
12,1,00,020D,3746,0
12,1,00,02AB,620,0
12,1,00,032E,4,0
12,1,00,0333,3,0
12,1,00,0623,18,0
12,1,00,087D,2,0
12,1,00,2F2D,14906,8542
12,1,00,30AB,6,0
12,1,02,4546,2,0
12,1,03,7737,4031,1394
12,1,03,773E,4029,1394
12,1,03,780F,3236,2624
12,1,03,7814,5436,2692
12,1,03,7870,1311,1149
12,1,03,7876,1311,1149
12,1,05,781F,27,0
12,1,06,6D15,1,0
12,1,07,5F35,4,0
12,1,08,7494,8,0
12,1,1F,43A3,5,0
12,1,1F,491B,3,0
13,0,00,020D,965,0
13,0,00,021D,80,0
13,0,00,0243,24,0
13,0,00,024F,4,0
13,0,00,02AB,302,0
13,0,00,0333,41165,7344
13,0,00,05A1,7,0
13,0,00,0614,4,0
13,0,00,0623,12,0
13,0,00,0661,30,0
13,0,00,06D1,16,0
13,0,00,06FF,4,0
13,0,00,07F7,8,0
13,0,00,0869,28,0
13,0,00,0907,4,0
13,0,00,0955,5,0
13,0,00,0AD7,842,0
13,0,00,0F2F,8,0
13,0,00,0F4B,4,0
13,0,00,193D,8,0
13,0,00,1D3D,2,0
13,0,00,2F2D,4782,0
13,0,00,593D,8,0
13,0,00,5D3D,63,0
13,0,02,4DD1,4,0
13,0,03,553D,4,0
13,0,03,5BF4,30,0
13,0,03,5C0A,40,0
13,0,03,5C60,8,0
13,0,04,403B,17692,4684
13,0,04,4453,150466,26007
13,0,04,44D8,23080,5530
13,0,04,450E,39245,18738
13,0,04,4525,39245,18738
13,0,04,4546,2603,2065
13,0,04,455D,2603,2065
13,0,04,46C2,2849,469
13,0,04,476D,240,133
13,0,04,4FCF,70,18
13,0,04,4FE4,70,18
13,0,04,69E7,1,0
13,0,06,6E28,2,0
13,0,06,727E,6,0
13,0,06,781F,8,0
13,0,07,4C43,154,116
13,0,07,4F75,2925,417
13,0,07,4FF2,169,137
13,0,07,5022,2125,354
13,0,07,5039,2125,354
13,0,07,5054,322,28
13,0,07,506B,322,28
13,0,07,51DF,3753,3282
13,0,07,51ED,3745,3276
13,0,07,51FB,3728,3265
13,0,07,7706,1,0
13,0,09,4DAE,212,190
13,0,09,4DBC,212,190
13,0,09,5445,12,0
13,0,12,7B3D,10,0
13,1,00,0187,16,0
13,1,00,020D,3613,0
13,1,00,021D,2,0
13,1,00,02AB,782,0
13,1,00,0330,4,0
13,1,00,0614,114,4
13,1,00,0623,23,0
13,1,00,06FF,4,0
13,1,00,087D,99,11
13,1,00,1B6D,149,113
13,1,00,2DFD,57,45
13,1,00,2F2D,14837,10805
13,1,00,30AB,10,0
13,1,02,4546,4,0
13,1,03,46CB,14,0
13,1,03,55D2,40,0
13,1,04,409F,75988,13425
13,1,04,40B9,35055,9253
13,1,04,40BF,17497,4651
13,1,04,4145,639,362
13,1,04,4271,10106,8810
13,1,04,427D,17487,13915
13,1,04,4564,3362,2650
13,1,04,4579,8437,6508
13,1,04,45BC,3422,2676
13,1,04,45D2,1844,1480
13,1,04,45E7,1814,1458
13,1,04,4629,4391,3259
13,1,04,4716,15827,2100
13,1,04,471E,5636,942
13,1,04,4724,2808,471
13,1,04,47C1,13914,303
13,1,04,47DB,4764,264
13,1,04,47E1,2372,132
13,1,04,4A08,294,204
13,1,04,4A43,109,72
13,1,04,4CC0,31778,345
13,1,04,4F46,140,36
13,1,04,4F69,131,67
13,1,04,572F,1457,1133
13,1,04,6085,1020,469
13,1,04,74CB,6545,1751
13,1,06,5F9E,8,0
13,1,06,6D15,2,0
13,1,07,43D2,154,116
13,1,07,4C9A,559,307
13,1,07,4CD3,338,274
13,1,07,4CD9,169,137
13,1,07,4E4D,179,179
13,1,07,4E59,2992,190
13,1,07,5072,372,40
13,1,07,508D,1328,96
13,1,07,50D0,370,38
13,1,07,50E6,272,16
13,1,07,50FB,272,16
13,1,07,5143,1038,14
13,1,09,5445,24,0
14,0,00,020D,653,0
14,0,00,021D,72,0
14,0,00,02AB,194981,0
14,0,00,0333,7671,6829
14,0,00,0522,26,0
14,0,00,0559,4,0
14,0,00,05A1,4,0
14,0,00,06D1,14,0
14,0,00,0763,4,0
14,0,00,0773,14,0
14,0,00,07A1,36,0
14,0,00,0955,10,0
14,0,00,095B,18,0
14,0,00,0AD7,148,0
14,0,00,0E1D,4,0
14,0,00,0F4B,4,0
14,0,00,193D,29,0
14,0,00,1D3D,8,0
14,0,00,2F2D,3404,0
14,0,00,593D,4,0
14,0,00,5D3D,4,0
14,0,02,4CFF,1848,1819
14,0,02,4DD1,8,0
14,0,02,4E2B,4,0
14,0,03,5BF4,780,579
14,0,03,5C0A,1040,772
14,0,03,5C60,80,73
14,0,04,43D4,4,0
14,0,04,60E4,417,290
14,0,04,60F2,417,290
14,0,04,6100,417,290
14,0,04,63FA,54,49
14,0,04,6704,396,314
14,0,04,6726,282,228
14,0,04,6741,74,58
14,0,04,6758,40,28
14,0,04,7BFF,1,0
14,0,05,781F,27,0
14,0,07,6B56,5292,1253
14,0,07,6B64,5280,1252
14,0,07,6B72,5383,1252
14,0,12,79FD,1,0
14,1,00,011C,26,26
14,1,00,011D,284,283
14,1,00,012B,2,2
14,1,00,020D,2557,0
14,1,00,021D,10,10
14,1,00,02AB,146,0
14,1,00,0661,2,2
14,1,00,06FF,41,41
14,1,00,0E1D,1,1
14,1,00,180D,8,8
14,1,00,268E,4,4
14,1,00,2DFD,10,10
14,1,00,2F2D,17328,4676
14,1,00,30AB,2,0
14,1,02,4546,8,0
14,1,02,5117,1848,1819
14,1,03,46CB,679,343
14,1,03,49C8,252,224
14,1,03,55D2,889,784
14,1,04,4215,4,0
14,1,04,6305,194,136
14,1,04,66DB,598,492
14,1,1F,51AF,1,0
14,1,1F,538E,28,28
15,0,00,01A9,4,0
15,0,00,020D,882,0
15,0,00,021D,102,0
15,0,00,02AB,24,0
15,0,00,0333,1774,1546
15,0,00,059E,4,0
15,0,00,05A1,4,0
15,0,00,0661,4,0
15,0,00,06C7,14,0
15,0,00,06FF,4,0
15,0,00,0721,18,0
15,0,00,0AD7,741,0
15,0,00,0D4B,4,0
15,0,00,0DAD,4,0
15,0,00,0F2F,12,0
15,0,00,0FF1,4,0
15,0,00,1021,4,0
15,0,00,193D,8,0
15,0,00,2F2D,5162,0
15,0,00,593D,12,0
15,0,00,5D3D,59,0
15,0,02,4DD1,6,0
15,0,03,5BF4,24,0
15,0,03,5C0A,32,0
15,0,03,5C60,4,0
15,0,03,5DED,2,0
15,0,03,75D5,1,0
15,0,03,7AD7,2529,1813
15,0,03,7AE5,2535,1810
15,0,03,7AF3,2529,1805
15,0,05,41C5,37,0
15,0,05,781F,121,0
15,0,06,6E28,13,0
15,0,07,4518,86,76
15,0,07,4526,86,76
15,0,07,4534,89,79
15,0,07,4669,76,66
15,0,07,4677,76,66
15,0,07,4685,76,66
15,0,07,5F35,12,0
15,0,07,71FF,29995,23477
15,0,07,720D,29990,23473
15,0,07,721B,29963,23459
15,0,07,7229,29956,23453
15,0,07,73A3,1977,1890
15,0,07,73CF,1339,1258
15,0,07,7448,3943,3749
15,0,07,7465,358,346
15,0,07,7482,381,381
15,0,07,749B,400,396
15,0,07,74E4,1020,991
15,0,07,750C,929,894
15,0,07,7534,1071,1031
15,0,07,758C,479,472
15,0,07,75B4,406,402
15,0,07,75DC,465,446
15,0,07,7635,395,384
15,0,07,765D,448,438
15,0,07,7685,404,397
15,0,07,76DE,443,435
15,0,07,7706,430,414
15,0,07,772E,442,435
15,0,07,7881,30131,23532
15,0,07,789E,30043,23513
15,0,07,78C7,779,758
15,0,07,78DA,461,438
15,0,07,78ED,468,426
15,0,07,78FC,469,401
15,0,07,7A27,56021,46211
15,0,07,7A37,53510,45472
15,1,00,020D,3995,0
15,1,00,0252,16,0
15,1,00,02AB,683,0
15,1,00,2F2D,138342,109588
15,1,00,30AB,4,0
15,1,02,4546,6,0
15,1,03,530C,2,0
15,1,03,553D,24,0
15,1,03,55D2,16,0
15,1,06,6D15,13,0
15,1,07,486D,18,18
15,1,07,71EE,30071,23532
15,1,07,71F1,32220,25536
15,1,07,72E1,2739,2577
15,1,07,7352,1294,1262
15,1,07,735B,103213,85647
15,1,07,738B,1049,1033
15,1,07,73B3,418,405
15,1,07,7C10,4904,4694
15,1,1F,4EDD,4,4
16,0,00,01AF,4,0
16,0,00,020D,571,0
16,0,00,021D,42,0
16,0,00,0243,24,0
16,0,00,0333,44534,42374
16,0,00,06FF,4,0
16,0,00,07A1,14,0
16,0,00,0955,12,0
16,0,00,095B,22,0
16,0,00,0AD7,32,0
16,0,00,0E83,4,0
16,0,00,193D,4,0
16,0,00,2F2D,3403,0
16,0,00,593D,4,0
16,0,02,4CFF,20,0
16,0,02,4DD1,2,0
16,0,03,6B7F,1,0
16,0,03,791A,4138,1651
16,0,03,7928,4141,1654
16,0,03,7936,4139,1637
16,0,04,448F,12,0
16,0,05,41C5,2,0
16,0,05,781F,16,0
16,0,06,5429,2,0
16,0,06,54AA,2,0
16,0,06,552B,2,0
16,0,06,57DA,22,0
16,0,06,57F2,22,0
16,0,06,58DA,44,0
16,0,06,59E0,2564,588
16,0,06,59F4,260,224
16,0,06,6DF9,600,0
16,0,06,6E28,56,0
16,0,06,781F,32,0
16,0,07,7706,1,0
16,0,07,7821,6398,6068
16,0,07,7830,2159,1998
16,0,07,783F,21539,15482
16,0,07,7855,27950,21558
16,0,07,7C0D,60454,56634
16,0,07,7C7C,32338,31367
16,0,08,4D43,2,0
16,1,00,020D,2757,0
16,1,00,021D,4,0
16,1,00,02AB,26,0
16,1,00,06FF,2,0
16,1,00,1F3A,2,0
16,1,00,2F2D,15270,5754
16,1,00,309D,1,0
16,1,00,30AB,6,0
16,1,02,4546,2,0
16,1,02,5117,16,0
16,1,04,40BC,8,0
16,1,04,4721,2,0
16,1,04,47DE,2,0
16,1,06,5794,44,0
16,1,06,5877,14,0
16,1,06,5880,14,0
16,1,06,5889,8,0
16,1,06,5892,8,0
16,1,06,5F9E,32,0
16,1,06,6D12,600,0
16,1,06,6D15,56,0
16,1,07,71E8,27950,21558
16,1,07,71EB,30096,23548
16,1,07,729D,13131,11993
16,1,07,72BC,13768,12476
16,1,07,72DE,11233,10636
16,1,07,7327,5422,5185
16,1,07,73B3,7856,7507
16,1,07,73FC,15608,14925
16,1,07,7772,16730,16442
16,1,07,7788,9044,8837
16,1,1F,40BD,11,11
16,1,1F,43A3,1,0
17,0,00,01C9,4,0
17,0,00,020D,671,0
17,0,00,021D,116,0
17,0,00,024C,4,0
17,0,00,02AB,39,0
17,0,00,0333,29868,16677
17,0,00,06C7,4,0
17,0,00,0721,16,0
17,0,00,0869,4,0
17,0,00,09E1,4,0
17,0,00,0AD7,9700,0
17,0,00,0D69,4,0
17,0,00,1021,14,0
17,0,00,193D,212,0
17,0,00,1D3D,212,0
17,0,00,2F2D,3426,0
17,0,00,593D,8,0
17,0,00,5D3D,63,0
17,0,02,4DD1,12,0
17,0,03,5BF4,42,0
17,0,03,5C0A,56,0
17,0,03,5C60,4,0
17,0,03,5FD5,5492,1001
17,0,03,5FE3,5488,997
17,0,03,5FF1,5473,984
17,0,03,60B0,12826,3510
17,0,04,4AFF,402,323
17,0,04,4B0D,402,323
17,0,06,50D3,11676,52
17,0,06,50E1,11682,52
17,0,06,5335,60,36
17,0,06,5343,60,36
17,0,06,5916,11721,101
17,0,06,592E,11721,101
17,0,06,5E97,28443,3562
17,0,06,5EA5,28441,3561
17,0,06,5EB3,28443,3561
17,0,06,5EC1,28443,3561
17,0,06,5ECF,28444,3561
17,0,06,5EDD,28444,3561
17,0,06,5EEB,28439,3558
17,0,06,5EF9,28438,3557
17,0,06,5F07,28438,3557
17,0,06,61BB,4163,3592
17,0,06,61D3,4158,3587
17,0,06,61F4,1820,1716
17,0,06,6231,1836,1717
17,0,06,623F,1832,1713
17,0,06,65AA,496,466
17,0,06,6601,394,370
17,0,06,6658,443,438
17,0,06,66B3,542,519
17,0,06,6B87,30127,5150
17,0,06,6B9A,50,42
17,0,06,6BA8,50,42
17,0,06,6BBB,36,28
17,0,06,6BC9,36,28
17,0,06,6BD7,36,28
17,0,06,6BEA,27,23
17,0,06,6BF8,27,23
17,0,06,6C06,27,23
17,0,06,6C14,27,23
17,0,06,6C23,28,0
17,0,06,6C31,28,0
17,0,06,6C3F,28,0
17,0,06,6C4D,28,0
17,0,06,6E28,279130,105548
17,0,06,70DB,40680,16152
17,0,06,70EE,2390,2364
17,0,06,7150,224700,27804
17,0,06,7155,325185,176309
17,0,06,72CC,1681,1549
17,0,06,72DA,1681,1549
17,0,06,72E8,1681,1549
17,0,06,72F6,1681,1549
17,0,06,7304,1681,1549
17,0,06,7312,1681,1549
17,0,06,7320,1681,1549
17,0,06,732E,1680,1548
17,0,06,733C,1679,1547
17,0,06,781F,8,0
17,0,07,4452,48,42
17,0,07,4460,48,42
17,0,07,447C,48,42
17,0,07,448A,48,42
17,0,07,4498,48,42
17,0,07,47C6,13,11
17,0,07,47D4,13,11
17,0,07,47F0,13,11
17,0,07,47FE,13,11
17,0,07,480C,13,11
17,0,07,5F35,48,0
17,0,07,7706,1,0
17,0,08,41A4,13417,1612
17,0,08,41C0,13420,1615
17,0,08,41CE,13420,1615
17,0,08,41DC,13419,1614
17,0,09,5030,2031,1575
17,0,3D,781F,8,0
17,1,00,020D,2563,0
17,1,00,02AB,9686,0
17,1,00,0614,309,285
17,1,00,0623,53,0
17,1,00,0683,6,0
17,1,00,0AD7,402,0
17,1,00,18FF,1,1
17,1,00,1BFE,1,1
17,1,00,268E,4,0
17,1,00,2CFE,2,2
17,1,00,2F2D,369775,59870
17,1,00,30AB,10,0
17,1,00,5501,4,0
17,1,02,4546,12,0
17,1,03,46CB,14,0
17,1,03,55D2,84,0
17,1,03,6022,5444,973
17,1,03,6055,964,782
17,1,03,609A,6418,1755
17,1,06,4200,1,1
17,1,06,50FE,1,1
17,1,06,5104,23280,104
17,1,06,5366,162,98
17,1,06,5F2F,28573,3580
17,1,06,5F9E,8,0
17,1,06,6047,3981,3491
17,1,06,6080,2401,1903
17,1,06,60B1,576,560
17,1,06,60BD,1356,1218
17,1,06,60D2,1820,1716
17,1,06,63E5,103,103
17,1,06,6423,198,178
17,1,06,657A,1563,1441
17,1,06,672B,467,427
17,1,06,67FD,1,1
17,1,06,681E,544,516
17,1,06,68EC,480,456
17,1,06,6A2C,614,590
17,1,06,6D15,279130,105548
17,1,06,6D28,43070,18516
17,1,06,7138,274944,102058
17,1,06,7142,274941,102055
17,1,06,7358,1681,1549
17,1,1F,4079,157,133
17,1,1F,40BD,24,20
17,1,1F,4745,1,1
17,1,1F,4851,1,0
17,1,1F,48BD,1,1
18,0,00,01A9,4,0
18,0,00,020D,735,0
18,0,00,021D,180,0
18,0,00,02AB,12,0
18,0,00,0333,1352,891
18,0,00,0559,4,0
18,0,00,0683,4,0
18,0,00,0AD7,420,0
18,0,00,193D,12,0
18,0,00,1D3D,5,0
18,0,00,2F2D,4086,0
18,0,00,593D,20,0
18,0,00,5D3D,63,0
18,0,01,776F,1,0
18,0,02,4DD1,2,0
18,0,03,7C31,6135,1261
18,0,03,7C3F,6132,1259
18,0,03,7C4D,6141,1258
18,0,04,4B1B,402,323
18,0,04,4B29,402,323
18,0,04,4B37,494,323
18,0,05,41C5,18,0
18,0,06,6E28,2,0
18,0,06,781F,16,0
18,0,07,446E,48,42
18,0,07,47E2,13,11
18,0,08,402B,4596,812
18,0,08,4039,4588,804
18,0,08,4188,1913,1619
18,0,08,4196,7680,1607
18,0,08,41B2,13417,1612
18,0,08,41EA,13419,1614
18,0,08,4380,180,165
18,0,08,4519,85,73
18,0,08,4528,38,34
18,0,08,4809,388,321
18,0,08,4867,420,368
18,0,08,48C5,436,237
18,0,08,48D3,433,237
18,0,08,4D9D,23886,806
18,0,08,74CD,26,0
18,0,08,74D7,24,0
18,1,00,01E1,2,0
18,1,00,020D,3107,0
18,1,00,02AB,410,0
18,1,00,032E,1,0
18,1,00,0AD7,1,0
18,1,00,2DFD,1,0
18,1,00,2F2D,66469,13507
18,1,00,30AB,10,0
18,1,02,4546,2,0
18,1,06,5F9E,16,0
18,1,06,6D15,2,0
18,1,08,42A7,420,368
18,1,08,4351,277,222
18,1,08,4438,111,99
18,1,08,44BC,123,107
18,1,08,48F7,11707,251
18,1,08,4A34,236,152
18,1,08,4D8B,11943,403
18,1,08,7494,50,0
18,1,1F,40F8,7,0
19,0,00,020D,617,0
19,0,00,021D,48,0
19,0,00,024F,2,0
19,0,00,027F,14,0
19,0,00,02A7,3,0
19,0,00,02AE,4,0
19,0,00,0333,70,0
19,0,00,04C4,2,0
19,0,00,06C7,26,0
19,0,00,06D1,14,0
19,0,00,0755,14,0
19,0,00,0AD7,388,0
19,0,00,0F25,4,0
19,0,00,193D,6,0
19,0,00,1ECE,186,182
19,0,00,2F2D,3028,0
19,0,00,593D,4,0
19,0,02,4DD1,6,0
19,0,06,781F,8,0
19,0,07,406D,764,571
19,0,07,407B,764,571
19,0,07,4089,769,576
19,0,07,53A2,15683,12646
19,0,09,4E69,56,46
19,0,09,4E77,56,46
19,0,09,4E85,56,46
19,1,00,020D,2248,0
19,1,00,02AB,384,0
19,1,00,0AD7,2,0
19,1,00,2F2D,2493,1856
19,1,00,30AB,4,0
19,1,02,4546,6,0
19,1,04,5040,4,4
19,1,04,6644,182,178
19,1,06,5F9E,8,0
19,1,07,5238,15683,12646
19,1,07,5F35,2,0
1A,0,00,020D,635,0
1A,0,00,021D,80,0
1A,0,00,0333,5578,4830
1A,0,00,05A1,8,0
1A,0,00,06F5,5,0
1A,0,00,06FF,4,0
1A,0,00,07F7,26,0
1A,0,00,0843,4,0
1A,0,00,095B,20,0
1A,0,00,0AD7,809,0
1A,0,00,0E1D,4,0
1A,0,00,0E83,42,0
1A,0,00,0F3B,2,0
1A,0,00,193D,118,0
1A,0,00,2F2D,3108,0
1A,0,00,593D,12,0
1A,0,00,5D3D,4,0
1A,0,02,4DD1,2,0
1A,0,04,6E61,801,655
1A,0,04,7C4C,1039,963
1A,0,05,41C5,8,0
1A,0,05,4398,296,3
1A,0,05,4480,96,1
1A,0,05,44D6,41,1
1A,0,05,571E,856,5
1A,0,05,5733,856,5
1A,0,05,5748,856,5
1A,0,05,5824,382,3
1A,0,05,7521,464,144
1A,0,05,752F,453,144
1A,0,05,753D,2589,156
1A,0,06,483D,2,0
1A,0,07,5F35,12,0
1A,0,09,49FA,778,623
1A,0,09,4A08,782,623
1A,0,09,4A16,778,622
1A,0,12,7BCB,1,0
1A,0,1A,781F,40,0
1A,1,00,020D,2341,0
1A,1,00,02AB,753,0
1A,1,00,0333,1,0
1A,1,00,1B3C,526,487
1A,1,00,2F2D,6397,2317
1A,1,00,30AB,2,0
1A,1,02,4546,2,0
1A,1,04,6958,801,655
1A,1,04,75FD,1039,963
1A,1,05,43F3,846,9
1A,1,05,43FF,282,3
1A,1,05,5574,1722,6
1A,1,05,562B,100,0
1B,0,00,01E1,12,0
1B,0,00,020D,909,0
1B,0,00,021D,136,0
1B,0,00,02B1,7,0
1B,0,00,0333,240,0
1B,0,00,0623,4,0
1B,0,00,0745,5,0
1B,0,00,0763,4,0
1B,0,00,0843,8,0
1B,0,00,087D,4,0
1B,0,00,0955,5,0
1B,0,00,0AD7,409,0
1B,0,00,0D69,48,0
1B,0,00,0E1D,4,0
1B,0,00,0F3B,14,0
1B,0,00,0F4B,12,0
1B,0,00,0FF1,14,0
1B,0,00,193D,8,0
1B,0,00,1D3D,94,0
1B,0,00,2F2D,5694,0
1B,0,00,33A7,50,0
1B,0,00,33B5,2,0
1B,0,00,593D,92,0
1B,0,00,5D3D,4,0
1B,0,04,5A9D,2,0
1B,0,05,41C5,45,0
1B,0,05,453D,2,0
1B,0,05,781F,40,0
1B,0,05,7984,517,403
1B,0,06,6E28,70,0
1B,0,06,727E,6,0
1B,0,06,781F,40,0
1B,0,07,483D,14,0
1B,0,07,5F35,24,0
1B,0,09,42CC,8258,104
1B,0,09,42DA,8258,104
1B,0,09,42E8,8258,104
1B,0,09,6183,393,285
1B,0,09,6191,393,285
1B,0,09,6340,339,240
1B,0,09,7190,3206822,2808596
1B,0,1A,781F,56,0
1B,1,00,020D,4567,0
1B,1,00,02AB,399,0
1B,1,00,0623,11,0
1B,1,00,0683,2,0
1B,1,00,2F2D,1802,1213
1B,1,00,30AB,10,0
1B,1,00,3C4D,4,0
1B,1,00,3E37,2,0
1B,1,04,5A44,2,0
1B,1,06,5F9E,40,0
1B,1,06,6D15,70,0
1B,1,09,6353,801700,702149
1B,1,09,716D,801700,702149
1B,1,09,7178,1603422,1404298
1C,0,00,011D,4,0
1C,0,00,01AF,4,0
1C,0,00,01ED,4,0
1C,0,00,020D,1661,0
1C,0,00,021D,352,0
1C,0,00,02AB,2,0
1C,0,00,02B1,12,0
1C,0,00,032E,4,0
1C,0,00,0333,22351,8901
1C,0,00,05A1,4,0
1C,0,00,0614,26,0
1C,0,00,0661,4,0
1C,0,00,06F5,10,0
1C,0,00,06FF,7,0
1C,0,00,0721,4,0
1C,0,00,079E,26,0
1C,0,00,0869,4,0
1C,0,00,0955,10,0
1C,0,00,095B,4,0
1C,0,00,0AD7,1045,0
1C,0,00,0DAD,16,0
1C,0,00,0E1D,14,0
1C,0,00,0E5D,4,0
1C,0,00,0EA1,4,0
1C,0,00,0F2F,4,0
1C,0,00,0F35,6,0
1C,0,00,0F3B,4,0
1C,0,00,0F4B,4,0
1C,0,00,0FF1,4,0
1C,0,00,193D,67,0
1C,0,00,1D3D,10,0
1C,0,00,2F2D,9308,0
1C,0,00,593D,4,0
1C,0,03,5DED,10,0
1C,0,03,637F,286,234
1C,0,03,638D,286,234
1C,0,03,639B,286,234
1C,0,03,6A8D,206,144
1C,0,03,6A9B,206,144
1C,0,03,6AA9,206,144
1C,0,03,6AB7,206,144
1C,0,03,6C48,335,319
1C,0,03,6C56,335,319
1C,0,03,6C64,335,319
1C,0,03,6E22,75,75
1C,0,03,6E30,75,75
1C,0,03,6E3E,75,75
1C,0,03,7484,4652,4556
1C,0,03,74D6,63380,62860
1C,0,03,7501,8144,8064
1C,0,03,7561,1592,1576
1C,0,03,756F,1592,1576
1C,0,04,4AD5,402,323
1C,0,04,4AE3,402,323
1C,0,04,4AF1,402,323
1C,0,04,69D9,166,155
1C,0,04,69E7,166,155
1C,0,04,6A15,227,203
1C,0,04,6A23,227,203
1C,0,04,6A51,223,194
1C,0,04,6A5F,223,194
1C,0,04,6A91,172,153
1C,0,04,6A9F,172,153
1C,0,04,6E6F,799,653
1C,0,04,740F,8782,3575
1C,0,04,767E,235,221
1C,0,04,768C,235,221
1C,0,04,76BA,272,260
1C,0,04,76C8,272,260
1C,0,04,76F6,261,255
1C,0,04,7704,261,255
1C,0,04,7736,243,229
1C,0,04,7744,243,229
1C,0,04,7C5A,1039,963
1C,0,05,45AF,126,2
1C,0,05,45BD,126,2
1C,0,05,45CB,126,2
1C,0,05,461C,126,2
1C,0,05,462A,126,2
1C,0,05,4638,127,2
1C,0,05,4646,127,2
1C,0,06,6202,1816,1712
1C,0,06,65B8,496,466
1C,0,06,65C6,496,466
1C,0,06,660F,394,370
1C,0,06,661D,394,370
1C,0,06,6666,443,438
1C,0,06,6674,443,438
1C,0,06,66C1,542,519
1C,0,06,66CF,542,519
1C,0,07,4B18,14,14
1C,0,07,4B26,14,14
1C,0,07,4B34,14,14
1C,0,07,4B7D,12,12
1C,0,07,4B8B,12,12
1C,0,07,4B99,12,12
1C,0,07,5F35,12,0
1C,0,07,78ED,120,0
1C,0,08,43B2,145,129
1C,0,08,43C0,145,129
1C,0,08,4875,419,367
1C,0,08,74CD,8,0
1C,0,08,74D7,8,0
1C,0,09,4DCA,212,190
1C,0,09,4E0C,6194,2675
1C,0,09,4E1C,6236,2745
1C,0,1A,781F,32,0
1C,0,3D,781F,8,0
1C,1,00,020D,7220,0
1C,1,00,021D,30,0
1C,1,00,02AB,1039,0
1C,1,00,0AD7,6,0
1C,1,00,2F2D,25494,16237
1C,1,00,309D,4,0
1C,1,00,30AB,6,0
1C,1,03,530C,10,0
1C,1,03,6D1D,8098,8018
1C,1,03,6D6B,6692,6612
1C,1,03,7333,46,46
1C,1,03,7336,1144,1096
1C,1,03,7456,20492,20392
1C,1,03,7473,8144,8064
1C,1,03,749A,3053,2973
1C,1,03,74C2,31691,31431
1C,1,04,6958,799,653
1C,1,04,709D,8782,3575
1C,1,04,75FD,1039,963
1C,1,06,60D2,1816,1712
1C,1,06,6E28,2,0
1C,1,07,461E,18,18
1C,1,07,4641,24,24
1C,1,07,48C2,18,18
1C,1,07,48E5,18,18
1C,1,08,42A7,419,367
1C,1,08,7494,16,0
1C,1,1F,4569,2,0
1C,1,1F,45FF,8,2
1C,1,1F,4785,1,0
1C,1,1F,48F5,2,0
1C,1,1F,4EDD,2,0
1D,0,00,020D,390,0
1D,0,00,021D,118,0
1D,0,00,02AB,79,0
1D,0,00,0333,32987,28229
1D,0,00,03F1,2,0
1D,0,00,06C7,4,0
1D,0,00,06F5,4,0
1D,0,00,0763,4,0
1D,0,00,0AD7,2434,0
1D,0,00,0D4B,18,0
1D,0,00,0F35,2,0
1D,0,00,0FF1,4,0
1D,0,00,0FF3,12,0
1D,0,00,193D,32,0
1D,0,00,1D3D,32,0
1D,0,00,2F2D,2560,0
1D,0,00,593D,20,0
1D,0,00,5D3D,14,0
1D,0,03,4472,546,504
1D,0,03,4485,209,192
1D,0,04,593E,5014,4776
1D,0,04,5954,5011,4773
1D,0,04,740F,11273,9632
1D,0,05,45D9,126,2
1D,0,05,45E7,124,2
1D,0,05,46EE,99,1
1D,0,05,470A,99,1
1D,0,05,47BB,52,0
1D,0,05,47D7,52,0
1D,0,05,484D,36,0
1D,0,05,4869,36,0
1D,0,05,77AB,3264,402
1D,0,07,5F35,24,0
1D,0,07,6987,1,0
1D,0,09,72CD,346,278
1D,0,09,72D8,348,277
1D,0,09,72E2,347,276
1D,0,3D,781F,24,0
1D,1,00,011D,288,275
1D,1,00,020D,2046,0
1D,1,00,021D,98,94
1D,1,00,02AB,2426,0
1D,1,00,0614,6,6
1D,1,00,0897,2,0
1D,1,00,0AD7,64,0
1D,1,00,1B18,15,0
1D,1,00,2F2D,4271,735
1D,1,00,30AB,4,0
1D,1,04,59ED,1506,1258
1D,1,04,5C7C,8519,8291
1D,1,04,6FCD,11273,9632
1D,1,1F,6DAC,37,0
1D,1,1F,74C7,1,0
1E,0,00,020D,384,0
1E,0,00,021D,24,0
1E,0,00,0333,2347,2221
1E,0,00,0745,10,0
1E,0,00,0955,14,0
1E,0,00,0AD7,449,0
1E,0,00,0F2F,2,0
1E,0,00,193D,22,0
1E,0,00,1D3D,22,0
1E,0,00,2F2D,2746,0
1E,0,04,45A6,1704,1335
1E,0,04,45F5,907,729
1E,0,06,4B35,2,0
1E,0,06,4CEC,8536,449
1E,0,06,4CFA,8535,448
1E,0,06,4D08,8532,447
1E,0,06,4D16,8532,447
1E,0,06,4D24,8532,447
1E,0,06,4D45,136512,7152
1E,0,06,56C5,1527,690
1E,0,06,56DA,1525,690
1E,0,06,56EF,1525,690
1E,0,06,6E28,13,0
1E,0,07,50BA,178,20
1E,0,07,5109,136,8
1E,0,07,6A81,2281,2226
1E,0,09,72CD,13238,4477
1E,0,09,72D8,13202,4468
1E,0,09,72E2,13198,4465
1E,0,1A,781F,32,0
1E,0,1A,7A7B,1,0
1E,0,3D,781F,8,0
1E,1,00,020D,2198,0
1E,1,00,02A0,4,0
1E,1,00,02AB,449,0
1E,1,00,06FF,1,0
1E,1,00,0AD7,44,0
1E,1,00,2F2D,181128,9390
1E,1,00,34AC,11346,3713
1E,1,04,4233,1704,1335
1E,1,04,423B,857,687
1E,1,04,493B,50,42
1E,1,06,45EB,2,0
1E,1,06,4EB7,1710,1356
1E,1,06,4F63,183,183
1E,1,06,51B9,735,531
1E,1,06,6D15,13,0
1E,1,07,4E0F,178,20
1E,1,07,4E17,136,8
1F,0,00,01AF,12,0
1F,0,00,01E1,9560,9312
1F,0,00,020D,561,0
1F,0,00,021D,46,0
1F,0,00,0249,24,0
1F,0,00,0269,12,0
1F,0,00,027F,579,333
1F,0,00,02AB,19,0
1F,0,00,0333,102578990,70467993
1F,0,00,03F1,12,0
1F,0,00,0683,4,0
1F,0,00,07A1,64,0
1F,0,00,095B,8,0
1F,0,00,09E1,4,0
1F,0,00,0AD7,192,0
1F,0,00,101E,43313,62
1F,0,00,1021,43313,62
1F,0,00,1024,43313,62
1F,0,00,1437,4,0
1F,0,00,179D,29815,16681
1F,0,00,199D,66,0
1F,0,00,1D3D,4,0
1F,0,00,1E9D,2348,2226
1F,0,00,2F2D,2908,0
1F,0,00,309D,60,0
1F,0,00,5D3D,4,0
1F,0,02,4DD1,2,0
1F,0,03,409D,2,0
1F,0,06,727E,6,0
1F,0,06,781F,8,0
1F,0,09,71E1,4,0
1F,0,09,71EB,4,0
1F,0,0F,643D,4,0
1F,0,1A,781F,33,0
1F,1,00,0108,15675,11335
1F,1,00,011C,2857,2319
1F,1,00,011D,159914,61897
1F,1,00,012B,185,135
1F,1,00,012D,342,214
1F,1,00,0164,242,149
1F,1,00,017B,3308,243
1F,1,00,017E,179,150
1F,1,00,0187,685,123
1F,1,00,01A6,185,131
1F,1,00,01A9,307,236
1F,1,00,01AC,290,176
1F,1,00,01AF,31704,13632
1F,1,00,01B2,328,163
1F,1,00,01C6,222,146
1F,1,00,01C9,238,180
1F,1,00,01CE,235,195
1F,1,00,01E1,183,135
1F,1,00,01E4,224,172
1F,1,00,01ED,248,137
1F,1,00,01FA,229,121
1F,1,00,0205,642,551
1F,1,00,020D,15076,1938
1F,1,00,021D,3047,2313
1F,1,00,0227,135,95
1F,1,00,0243,162,144
1F,1,00,0249,187,116
1F,1,00,024C,122,105
1F,1,00,024F,134,123
1F,1,00,0252,112,94
1F,1,00,0266,240,220
1F,1,00,0269,123,100
1F,1,00,027F,129,118
1F,1,00,028C,127,93
1F,1,00,0298,183,142
1F,1,00,02A0,292,279
1F,1,00,02A7,144,127
1F,1,00,02AB,427,246
1F,1,00,02AE,1807,234
1F,1,00,02B1,275,262
1F,1,00,02F0,120,108
1F,1,00,032E,593,550
1F,1,00,0330,623,597
1F,1,00,0333,33044,19598
1F,1,00,03F1,408,365
1F,1,00,04C4,221,190
1F,1,00,0522,203,186
1F,1,00,0559,443,368
1F,1,00,0570,72,64
1F,1,00,059E,191,173
1F,1,00,05A1,136,123
1F,1,00,05E0,288,256
1F,1,00,0614,478,421
1F,1,00,0623,263,227
1F,1,00,0661,88,63
1F,1,00,0683,144,62
1F,1,00,06C7,85,67
1F,1,00,06D1,95,82
1F,1,00,06F5,249,209
1F,1,00,06FF,23587,6725
1F,1,00,0702,2065,1941
1F,1,00,0721,365,342
1F,1,00,0724,63,39
1F,1,00,0745,53,50
1F,1,00,0752,166,147
1F,1,00,0755,141,119
1F,1,00,0763,99,79
1F,1,00,0766,198,186
1F,1,00,0773,122,119
1F,1,00,0776,63,59
1F,1,00,079E,113,92
1F,1,00,07A1,55,54
1F,1,00,07F4,62,41
1F,1,00,07F7,90,83
1F,1,00,083E,197,164
1F,1,00,0843,294,254
1F,1,00,0869,233,230
1F,1,00,087D,1714,1546
1F,1,00,0897,306,275
1F,1,00,08AC,244,182
1F,1,00,0907,154,140
1F,1,00,0955,187,139
1F,1,00,0958,173,154
1F,1,00,095B,7,6
1F,1,00,096A,69,33
1F,1,00,09DE,141,124
1F,1,00,09E1,187,181
1F,1,00,0AB2,239,191
1F,1,00,0AD7,346,336
1F,1,00,0D32,54,49
1F,1,00,0D4B,16,13
1F,1,00,0D69,110,89
1F,1,00,0D8A,50,45
1F,1,00,0D9C,19,18
1F,1,00,0DAD,67,37
1F,1,00,0DB8,14,14
1F,1,00,0DDE,57,26
1F,1,00,0DFA,22,0
1F,1,00,0E1D,1024,899
1F,1,00,0E3E,46,46
1F,1,00,0E58,171,142
1F,1,00,0E5D,198,159
1F,1,00,0E72,110,102
1F,1,00,0E83,11,7
1F,1,00,0EA1,69,68
1F,1,00,0EC2,42,38
1F,1,00,0F02,11191,72
1F,1,00,0F24,117,110
1F,1,00,0F25,45,38
1F,1,00,0F2F,21,19
1F,1,00,0F35,53,51
1F,1,00,0F3B,11,6
1F,1,00,0F40,69,65
1F,1,00,0F4A,49,34
1F,1,00,0F4B,87,69
1F,1,00,0FF1,245,229
1F,1,00,0FF3,6,3
1F,1,00,101E,74,66
1F,1,00,1021,329,313
1F,1,00,1024,114,100
1F,1,00,1060,440,415
1F,1,00,1154,100,86
1F,1,00,11B6,49,46
1F,1,00,143A,10,10
1F,1,00,1485,26,14
1F,1,00,14AC,40,31
1F,1,00,14E1,8,8
1F,1,00,14E5,55,53
1F,1,00,14F4,9,8
1F,1,00,1501,892,849
1F,1,00,1528,8,6
1F,1,00,1554,6,3
1F,1,00,155D,386,258
1F,1,00,1561,74,62
1F,1,00,160E,59,42
1F,1,00,1668,7,7
1F,1,00,1675,254,171
1F,1,00,167C,11,10
1F,1,00,1689,18,13
1F,1,00,168F,55,33
1F,1,00,1690,44,42
1F,1,00,169C,46,42
1F,1,00,16A3,36,30
1F,1,00,171B,178,168
1F,1,00,1771,43,43
1F,1,00,1778,56,56
1F,1,00,1780,52,45
1F,1,00,1784,58,52
1F,1,00,178C,258,244
1F,1,00,1792,36,34
1F,1,00,1798,146,139
1F,1,00,179D,147,64
1F,1,00,17A2,71,70
1F,1,00,17A7,85,82
1F,1,00,17AF,88,86
1F,1,00,17C5,108,98
1F,1,00,17CC,89,89
1F,1,00,17D0,116,106
1F,1,00,17D4,51,45
1F,1,00,17D8,169,158
1F,1,00,17DC,214,205
1F,1,00,17E0,91,88
1F,1,00,17E7,375,325
1F,1,00,17EE,134,132
1F,1,00,17F2,153,145
1F,1,00,17F5,160,157
1F,1,00,17FA,67,66
1F,1,00,1805,493,458
1F,1,00,180D,597,588
1F,1,00,1810,16,16
1F,1,00,1817,40,38
1F,1,00,181F,22,17
1F,1,00,1826,19,19
1F,1,00,182A,10,10
1F,1,00,1830,1,1
1F,1,00,1837,1,1
1F,1,00,183F,71,67
1F,1,00,1842,51,46
1F,1,00,1845,20,18
1F,1,00,1848,4,0
1F,1,00,184B,32,27
1F,1,00,184E,27,27
1F,1,00,1851,32,27
1F,1,00,1854,41,41
1F,1,00,1857,65,19
1F,1,00,185A,16,16
1F,1,00,185C,11,10
1F,1,00,1862,38,36
1F,1,00,1865,286,154
1F,1,00,186F,8,8
1F,1,00,1870,3,2
1F,1,00,1875,277,169
1F,1,00,1878,83,82
1F,1,00,187B,20,20
1F,1,00,187E,42,40
1F,1,00,1881,17,17
1F,1,00,1884,55,47
1F,1,00,1887,43,42
1F,1,00,188A,98,95
1F,1,00,1891,16,16
1F,1,00,18A0,64,53
1F,1,00,18A7,3,2
1F,1,00,18B5,31,31
1F,1,00,18BF,43,40
1F,1,00,18C2,25,16
1F,1,00,18C5,16,16
1F,1,00,18D4,48,46
1F,1,00,18DD,41,35
1F,1,00,18E0,96,36
1F,1,00,18ED,13,13
1F,1,00,18F4,107,101
1F,1,00,18FB,7,7
1F,1,00,18FF,5201,5012
1F,1,00,1909,471,447
1F,1,00,191B,6,1
1F,1,00,191F,4,0
1F,1,00,1923,130,120
1F,1,00,192A,3,0
1F,1,00,1934,5,0
1F,1,00,193D,292,151
1F,1,00,1940,4,0
1F,1,00,1943,57,11
1F,1,00,1946,1,0
1F,1,00,194C,5,0
1F,1,00,1956,7,0
1F,1,00,195A,1,0
1F,1,00,1960,335,312
1F,1,00,1965,2,0
1F,1,00,1980,1,0
1F,1,00,1983,42,3
1F,1,00,199A,4,0
1F,1,00,199D,18,5
1F,1,00,19A5,2,0
1F,1,00,19AA,2,0
1F,1,00,19B4,2,0
1F,1,00,19C6,4,0
1F,1,00,19CC,1,1
1F,1,00,19E1,19,15
1F,1,00,19E5,1,0
1F,1,00,19F2,91,83
1F,1,00,19F6,13,9
1F,1,00,1A0C,1,0
1F,1,00,1A10,92,0
1F,1,00,1A17,27,2
1F,1,00,1A1D,1785,1738
1F,1,00,1A5D,16,16
1F,1,00,1A60,332,312
1F,1,00,1A89,3,0
1F,1,00,1ABF,3,0
1F,1,00,1AC2,24,24
1F,1,00,1ADE,70,70
1F,1,00,1AE2,1179,900
1F,1,00,1AFF,4919,4709
1F,1,00,1B03,89,86
1F,1,00,1B09,507,483
1F,1,00,1B0E,7,7
1F,1,00,1B14,26,26
1F,1,00,1B18,46,31
1F,1,00,1B20,22,17
1F,1,00,1B32,36,35
1F,1,00,1B36,86,86
1F,1,00,1B3C,602,554
1F,1,00,1B40,15,15
1F,1,00,1B48,54,53
1F,1,00,1B4C,9,9
1F,1,00,1B50,1,1
1F,1,00,1B53,67,64
1F,1,00,1B57,23,22
1F,1,00,1B5E,3,0
1F,1,00,1B61,300,283
1F,1,00,1B65,12,12
1F,1,00,1B6C,31,31
1F,1,00,1B6D,75,36
1F,1,00,1BAA,21,17
1F,1,00,1BAE,2,0
1F,1,00,1BB6,13,13
1F,1,00,1BBA,5,5
1F,1,00,1BC2,16,13
1F,1,00,1BC5,10,9
1F,1,00,1BC6,43,43
1F,1,00,1BCB,47,45
1F,1,00,1BCE,7,7
1F,1,00,1BCF,98,97
1F,1,00,1BD7,1,0
1F,1,00,1BD8,182,179
1F,1,00,1BE0,20,20
1F,1,00,1BE1,1812,1610
1F,1,00,1BE7,33,33
1F,1,00,1BEB,30,24
1F,1,00,1BF2,66,62
1F,1,00,1BFE,174,144
1F,1,00,1C02,210,201
1F,1,00,1C06,104,101
1F,1,00,1C0A,83,81
1F,1,00,1C12,24,21
1F,1,00,1C16,119,113
1F,1,00,1C1E,158,125
1F,1,00,1C21,356,350
1F,1,00,1C24,31,29
1F,1,00,1C29,72,71
1F,1,00,1C2D,349,344
1F,1,00,1C59,25,25
1F,1,00,1C63,164,163
1F,1,00,1C6C,12,12
1F,1,00,1C73,50,47
1F,1,00,1C77,88,84
1F,1,00,1C7A,75,74
1F,1,00,1C7F,52,42
1F,1,00,1C82,139,137
1F,1,00,1CD2,102,101
1F,1,00,1CEF,233,231
1F,1,00,1CF2,138,129
1F,1,00,1D33,22,9
1F,1,00,1D3D,296,156
1F,1,00,1D61,61,48
1F,1,00,1DBD,41,33
1F,1,00,1DD9,2,0
1F,1,00,1DDF,834,551
1F,1,00,1DE7,6,6
1F,1,00,1DED,5,0
1F,1,00,1E03,16,16
1F,1,00,1E09,473,449
1F,1,00,1E11,349,329
1F,1,00,1E17,3,3
1F,1,00,1E1F,1,0
1F,1,00,1E2D,1,0
1F,1,00,1E33,9,9
1F,1,00,1E5D,20,12
1F,1,00,1E65,2,0
1F,1,00,1E82,6,0
1F,1,00,1E9D,20,0
1F,1,00,1F3A,2,0
1F,1,00,1FBC,2,2
1F,1,00,218C,4,0
1F,1,00,24CF,15,12
1F,1,00,268E,7,7
1F,1,00,27BD,4,2
1F,1,00,286D,46,34
1F,1,00,2A2D,7,7
1F,1,00,2A41,22,3
1F,1,00,2AC2,15,13
1F,1,00,2ACD,4,0
1F,1,00,2AD8,2,0
1F,1,00,2B11,10,10
1F,1,00,2B3E,16,16
1F,1,00,2B51,13,5
1F,1,00,2B59,2,0
1F,1,00,2B98,2,0
1F,1,00,2BDB,1,1
1F,1,00,2BF2,6,6
1F,1,00,2C09,2,0
1F,1,00,2C1B,4,0
1F,1,00,2C25,6,0
1F,1,00,2C40,1,1
1F,1,00,2C4F,8,8
1F,1,00,2C6D,5,5
1F,1,00,2C8E,28,26
1F,1,00,2C96,35,0
1F,1,00,2CBB,4,0
1F,1,00,2CCD,2,2
1F,1,00,2CD0,1975,1803
1F,1,00,2CD3,2,0
1F,1,00,2CDA,331,28
1F,1,00,2CEC,12,0
1F,1,00,2CF8,1,1
1F,1,00,2CFB,1,0
1F,1,00,2CFE,1,1
1F,1,00,2D01,7,7
1F,1,00,2D0D,4,0
1F,1,00,2DEF,2,0
1F,1,00,2DFD,6976,4372
1F,1,00,2E01,16,16
1F,1,00,2E15,2,0
1F,1,00,2E23,1,1
1F,1,00,2E3F,24,24
1F,1,00,2E7C,1,0
1F,1,00,2F2D,8,0
1F,1,00,2F3C,2,0
1F,1,00,3044,5,5
1F,1,00,3086,13,13
1F,1,00,309D,90,33
1F,1,00,30AB,14,0
1F,1,00,30C4,42,31
1F,1,00,30D5,2,0
1F,1,00,314B,35,33
1F,1,00,3192,1,0
1F,1,00,32F2,3,3
1F,1,00,32FA,2,2
1F,1,00,3300,112,87
1F,1,00,337F,1,0
1F,1,00,33B5,2,0
1F,1,00,33CE,2,0
1F,1,00,33F7,4,0
1F,1,00,33FC,24,20
1F,1,00,3404,9,1
1F,1,00,3407,1,1
1F,1,00,3451,2,0
1F,1,00,345D,8,6
1F,1,00,348D,17,0
1F,1,00,351C,8,0
1F,1,00,355E,1,1
1F,1,00,38C4,2528,2043
1F,1,00,38CC,10,8
1F,1,00,38CD,1,0
1F,1,00,38D4,2,0
1F,1,00,38DC,2,1
1F,1,00,3C4D,73,73
1F,1,00,3CCC,49,49
1F,1,00,3E37,4,2
1F,1,00,3E73,2,0
1F,1,00,3FE6,16,16
1F,1,00,417B,8,0
1F,1,00,4187,4,0
1F,1,00,4227,2,0
1F,1,00,4614,1,0
1F,1,00,46FF,11,8
1F,1,00,479E,2,0
1F,1,00,4E5D,2,0
1F,1,00,4F24,82,0
1F,1,00,5501,1,1
1F,1,00,555D,2,0
1F,1,00,5784,2,0
1F,1,00,593D,4,0
1F,1,00,5980,2,0
1F,1,00,5AED,2,0
1F,1,00,5C02,192,192
1F,1,00,5C59,1,0
1F,1,00,5DD9,1,0
1F,1,00,5E2D,1,0
1F,1,00,6CFE,1,1
1F,1,00,6D7E,2,0
1F,1,00,6D81,2,0
1F,1,00,6DFD,44,34
1F,1,00,6E23,1,0
1F,1,00,7053,120,0
1F,1,00,72F2,10,10
1F,1,00,7300,39,32
1F,1,00,7411,1,0
1F,1,00,7C4C,20,0
1F,1,00,7C4D,81,0
1F,1,01,6A7D,1,1
1F,1,02,407D,11,9
1F,1,02,4400,70,70
1F,1,02,4546,2,0
1F,1,02,47E4,2,2
1F,1,02,50A6,12,0
1F,1,02,50AC,55,15
1F,1,03,409D,7,7
1F,1,03,40AD,6,0
1F,1,03,40BC,5,1
1F,1,03,44EE,3,0
1F,1,03,4EDE,2,0
1F,1,03,52FD,15,11
1F,1,03,56FD,2,0
1F,1,03,571A,7,5
1F,1,03,584D,135959,5854
1F,1,03,5887,320009,9260
1F,1,03,58BB,341896,9294
1F,1,03,58C9,154676,5098
1F,1,03,5B06,6200,4301
1F,1,03,5B41,172960,4974
1F,1,03,5B77,172894,4960
1F,1,03,5B81,7991,978
1F,1,03,6055,4,0
1F,1,03,7201,4,0
1F,1,03,781A,4,0
1F,1,04,407C,15,15
1F,1,04,4622,1,1
1F,1,04,4B29,1,1
1F,1,04,4D1B,1,1
1F,1,04,4EB7,2,0
1F,1,04,572F,1,1
1F,1,04,5824,3,3
1F,1,04,5D63,7,7
1F,1,04,5D66,1,1
1F,1,04,5E5B,4,4
1F,1,04,6227,1,1
1F,1,04,641D,4,4
1F,1,04,6448,2,2
1F,1,04,681C,1,1
1F,1,04,6917,8,8
1F,1,04,6920,2,2
1F,1,04,6958,1,1
1F,1,04,6A43,1,1
1F,1,04,6E1D,1,1
1F,1,04,6FFD,2,0
1F,1,04,702D,1,1
1F,1,04,703B,2,2
1F,1,04,704B,3,3
1F,1,04,7135,1,1
1F,1,04,713B,4,4
1F,1,04,7317,2,2
1F,1,04,7560,1,1
1F,1,04,75FD,2,0
1F,1,04,787C,8,4
1F,1,04,7A34,1,1
1F,1,04,7A67,2,2
1F,1,04,7A6D,1,1
1F,1,04,7B23,4,4
1F,1,04,7C1A,1,1
1F,1,04,7D1B,11,11
1F,1,05,4425,57906,72
1F,1,05,4498,24,0
1F,1,05,46CD,37926,78
1F,1,05,478C,22020,36
1F,1,05,482C,12063,0
1F,1,05,5C02,14,14
1F,1,06,4080,3,1
1F,1,06,408E,3,0
1F,1,06,409C,119,56
1F,1,06,409F,3,3
1F,1,06,40A2,7,3
1F,1,06,40A5,13,1
1F,1,06,40AB,12,10
1F,1,06,40B7,43,10
1F,1,06,40BA,49,31
1F,1,06,4139,18,3
1F,1,06,418B,15,9
1F,1,06,4199,9,5
1F,1,06,41A7,74,64
1F,1,06,41B5,53,53
1F,1,06,4200,1,1
1F,1,06,421A,38,38
1F,1,06,4232,14,14
1F,1,06,4247,10,10
1F,1,06,42B6,46,41
1F,1,06,447F,12,12
1F,1,06,4487,17,16
1F,1,06,4490,25,21
1F,1,06,4498,192,30
1F,1,06,44A0,2,2
1F,1,06,44A8,10,6
1F,1,06,44B0,55,19
1F,1,06,44B8,1273,1053
1F,1,06,4699,2,0
1F,1,06,46A5,10,4
1F,1,06,4735,7,3
1F,1,06,47BB,1,1
1F,1,06,4802,9,1
1F,1,06,481E,3,1
1F,1,06,482F,2,2
1F,1,06,4887,2,0
1F,1,06,4890,22,12
1F,1,06,48B0,22,20
1F,1,06,48B3,59,43
1F,1,06,48D5,4,0
1F,1,06,4991,11,11
1F,1,06,499F,6,1
1F,1,06,49AD,30,26
1F,1,06,49BB,6,6
1F,1,06,4A1E,1,1
1F,1,06,4A21,4,4
1F,1,06,4A32,764,756
1F,1,06,4BB1,904,718
1F,1,06,4C20,10,4
1F,1,06,4D9D,31,9
1F,1,06,4DAF,2014,1896
1F,1,06,4EB7,20,0
1F,1,06,4F7D,1,1
1F,1,06,4FAD,7978,2167
1F,1,06,4FBC,2,2
1F,1,06,4FF7,2,2
1F,1,06,5004,4,2
1F,1,06,500A,13,9
1F,1,06,5023,17,4
1F,1,06,502E,4,0
1F,1,06,5042,2,0
1F,1,06,5090,2,0
1F,1,06,5097,3,0
1F,1,06,50A5,4,0
1F,1,06,5101,102,0
1F,1,06,5123,12,12
1F,1,06,51AA,2,0
1F,1,06,51B9,2,0
1F,1,06,52A1,1,1
1F,1,06,53A1,22,19
1F,1,06,53AB,109,69
1F,1,06,53BA,1,1
1F,1,06,541E,8,8
1F,1,06,547F,1,1
1F,1,06,559D,31,1
1F,1,06,55AC,5,0
1F,1,06,567D,4,4
1F,1,06,5696,2,0
1F,1,06,56FC,13,13
1F,1,06,57AC,2,2
1F,1,06,57DA,2,2
1F,1,06,57E7,33,33
1F,1,06,5880,2,0
1F,1,06,58A0,34,14
1F,1,06,58BC,33,7
1F,1,06,59FD,49,15
1F,1,06,5A82,36,13
1F,1,06,5AB2,48,48
1F,1,06,5AC0,1,0
1F,1,06,5ADC,2,0
1F,1,06,5BA3,495,449
1F,1,06,5BB2,6,6
1F,1,06,5BE4,3,3
1F,1,06,5CFF,2,2
1F,1,06,5F4F,1,1
1F,1,06,5F58,1,1
1F,1,06,5F5D,2,0
1F,1,06,5F9E,71,55
1F,1,06,5FAE,14,14
1F,1,06,5FB6,11,0
1F,1,06,5FE0,7,7
1F,1,06,5FEF,21,9
1F,1,06,5FF2,10,10
1F,1,06,5FF5,5,0
1F,1,06,5FFB,6,6
1F,1,06,601C,91,23
1F,1,06,6080,3,3
1F,1,06,6083,4,0
1F,1,06,6090,2,2
1F,1,06,6095,2,2
1F,1,06,60B4,2,0
1F,1,06,616E,2,0
1F,1,06,61BB,7,0
1F,1,06,6202,1,1
1F,1,06,6292,85,10
1F,1,06,62BA,3,3
1F,1,06,637D,2,2
1F,1,06,639A,174,139
1F,1,06,639D,26,0
1F,1,06,6490,6,1
1F,1,06,64BC,2,2
1F,1,06,6507,3,3
1F,1,06,6598,19,19
1F,1,06,659C,159,159
1F,1,06,65B8,6,6
1F,1,06,661D,1,1
1F,1,06,67BA,6,6
1F,1,06,67FD,35,27
1F,1,06,68B5,9,9
1F,1,06,68FD,12,7
1F,1,06,6966,1,1
1F,1,06,69B4,11,11
1F,1,06,69FE,1,1
1F,1,06,6A3D,2,0
1F,1,06,6A8D,22,22
1F,1,06,6A9B,2,0
1F,1,06,6B9A,10,8
1F,1,06,6BBB,2,0
1F,1,06,6CFC,1,1
1F,1,06,6D01,4,4
1F,1,06,6D1D,1,1
1F,1,06,6DCF,10,10
1F,1,06,711D,1,1
1F,1,06,720F,1,1
1F,1,06,727E,13,5
1F,1,06,72CC,20,0
1F,1,06,72DA,1,1
1F,1,06,7381,14,14
1F,1,06,7471,2,0
1F,1,07,47E2,2,0
1F,1,07,483D,2,0
1F,1,07,4CBE,2,0
1F,1,07,4CDC,2,0
1F,1,07,5A48,4,0
1F,1,07,6060,4,0
1F,1,07,6BFD,6,0
1F,1,07,6F7D,1,0
1F,1,07,71FF,3,0
1F,1,07,7402,1,0
1F,1,07,795F,1,0
1F,1,07,7C4D,1,0
1F,1,08,40AD,2,2
1F,1,08,458D,2,0
1F,1,08,4809,1,0
1F,1,08,4A66,2,0
1F,1,08,4A7E,2,0
1F,1,08,4C09,1,0
1F,1,09,423D,4,4
1F,1,09,425D,1,1
1F,1,09,435D,3,3
1F,1,09,445D,1,1
1F,1,09,494D,8,8
1F,1,09,4B3D,4,4
1F,1,09,4C9D,8,0
1F,1,09,4D6D,4,4
1F,1,09,565D,1,1
1F,1,09,584D,3,3
1F,1,09,5C5D,1,1
1F,1,09,5D4D,2,2
1F,1,09,5DFD,49,40
1F,1,09,5F5D,1,1
1F,1,09,609D,3,0
1F,1,09,61BA,8,0
1F,1,09,655D,2,1
1F,1,09,6D6D,1,1
1F,1,0A,456D,6,6
1F,1,0A,495D,17,17
1F,1,0A,4A34,6,6
1F,1,0A,4ACF,4,0
1F,1,0A,59FD,6404,4106
1F,1,0A,631D,307,270
1F,1,0A,6AE0,2,2
1F,1,0A,6AFD,7897,4991
1F,1,0A,7423,71,69
1F,1,0A,742B,70,68
1F,1,0A,7433,169,129
1F,1,0A,743B,154,133
1F,1,0A,74B3,158,120
1F,1,0A,75A3,1,1
1F,1,0A,75A5,24,24
1F,1,0A,75A6,2,2
1F,1,0A,75A7,14,14
1F,1,0A,75A8,1,1
1F,1,0A,75AC,2,2
1F,1,0A,75AD,2,2
1F,1,0A,75AE,6,6
1F,1,0A,760A,4,4
1F,1,0A,762A,7,7
1F,1,0A,763A,27,27
1F,1,0A,764A,14,2
1F,1,0A,765A,6,3
1F,1,0A,766A,7,3
1F,1,0A,767A,4,4
1F,1,0A,768A,1,1
1F,1,0A,769A,4,0
1F,1,0A,76AA,2,2
1F,1,0A,76BA,21,21
1F,1,0A,76CA,3,2
1F,1,0A,76DA,3,3
1F,1,0A,76EA,25,25
1F,1,0A,76FA,4,4
1F,1,0A,7805,15,0
1F,1,0A,7815,15,0
1F,1,0A,7865,12,0
1F,1,0A,7C6E,1,1
1F,1,0C,5CBB,1,1
1F,1,12,48DF,2,0
1F,1,12,4921,2,0
1F,1,15,4FAB,2,0
1F,1,16,735F,4,0
1F,1,18,5734,6,0
1F,1,18,57F0,1,0
1F,1,18,5810,6,0
1F,1,1A,781B,25,0
1F,1,1B,6E8B,5,0
1F,1,1B,6E97,2,0
1F,1,1B,6ECB,1,0
1F,1,1B,6F8B,3,0
1F,1,1B,6F91,3,0
1F,1,1B,6F97,3,0
1F,1,1C,6866,7,3
1F,1,1D,7701,2,1
1F,1,1F,5391,7,0
1F,1,1F,54C3,4,0
1F,1,1F,550D,97,0
1F,1,1F,5519,2,0
1F,1,1F,55CC,9,0
1F,1,1F,5610,2,0
1F,1,1F,574F,2,0
1F,1,20,4C11,1,0
1F,1,21,675D,1,0
1F,1,21,6853,4,0
1F,1,23,7063,2,0
1F,1,23,72C1,2,0
1F,1,25,48B5,1,1
1F,1,27,501D,10,10
1F,1,27,5A9D,4,0
1F,1,27,5E1D,58,58
1F,1,2A,6715,8,0
1F,1,2C,6D30,2,2
1F,1,31,67ED,2,0
1F,1,35,4807,13,13
1F,1,39,45C2,1,1
1F,1,3A,47A6,21,21
1F,1,3B,509D,1,1
1F,1,3C,76C2,2,0
1F,1,3C,77EC,1,1
1F,1,3C,7CDC,3,3
1F,1,3C,7E43,8,0
1F,1,3D,4992,2,0
1F,1,3E,4167,6,0
1F,1,3E,426A,2,0
20,0,00,011D,12,0
20,0,00,012B,12,0
20,0,00,0164,4,0
20,0,00,017B,4,0
20,0,00,01A9,12,0
20,0,00,01AF,4,0
20,0,00,01E4,4,0
20,0,00,01ED,12,0
20,0,00,020D,3699,0
20,0,00,021D,284,0
20,0,00,0227,4,0
20,0,00,0249,85,0
20,0,00,024F,31,0
20,0,00,027F,2,0
20,0,00,02A7,4,0
20,0,00,02AB,28,0
20,0,00,0333,502,84
20,0,00,03F1,30,0
20,0,00,0623,4,0
20,0,00,0661,19,0
20,0,00,06C7,4,0
20,0,00,06F5,30,0
20,0,00,0721,7,0
20,0,00,0745,26,0
20,0,00,0773,4,0
20,0,00,07F7,4,0
20,0,00,0843,14,0
20,0,00,0869,4,0
20,0,00,087D,12,0
20,0,00,0897,12,0
20,0,00,0907,22,0
20,0,00,0955,4,0
20,0,00,095B,16,0
20,0,00,09E1,26,0
20,0,00,0AD7,19562,0
20,0,00,0D4B,14,0
20,0,00,0DAD,4,0
20,0,00,0E1D,2,0
20,0,00,0E5D,9,0
20,0,00,0F25,4,0
20,0,00,0F2F,4,0
20,0,00,0F35,4,0
20,0,00,0F3B,4,0
20,0,00,0FF1,14,0
20,0,00,193D,104,0
20,0,00,1D3D,66,0
20,0,00,2F2D,18786,0
20,0,00,3078,12582,1580
20,0,00,3086,15010,1597
20,0,00,31B4,27,0
20,0,00,3C4D,4,0
20,0,00,593D,97,0
20,0,00,5D3D,24,0
20,0,00,5DED,6,0
20,0,00,7C4D,4,0
20,0,02,4DD1,6,0
20,0,03,5DED,2,0
20,0,05,41C5,9,0
20,0,05,767D,1,0
20,0,05,781F,90,0
20,0,05,793D,4,0
20,0,06,4048,4436,992
20,0,06,4056,4432,992
20,0,06,4064,4432,992
20,0,06,4072,4434,992
20,0,06,4080,4434,992
20,0,06,408E,4434,992
20,0,06,418B,737,649
20,0,06,4199,735,647
20,0,06,41A7,735,647
20,0,06,41B5,734,646
20,0,06,41C3,734,646
20,0,06,41D1,733,645
20,0,06,43D9,9487,4622
20,0,06,43EF,9487,4622
20,0,06,440C,742,654
20,0,06,441E,742,654
20,0,06,4B13,2,0
20,0,06,5D15,4,0
20,0,06,5D2B,4,0
20,0,06,5D40,4,0
20,0,06,6E28,22,0
20,0,06,781F,78,0
20,0,07,5F35,24,0
20,0,07,6D77,1,0
20,0,08,4B9F,35949,1148
20,0,09,4B2F,1471,1216
20,0,09,4B3D,1469,1214
20,0,09,4B4B,1469,1213
20,0,09,4C09,491,428
20,0,09,4C17,491,428
20,0,09,4C8F,265,239
20,0,09,4C9D,265,238
20,0,09,4F2E,41,24
20,0,09,4F3C,41,24
20,0,09,5524,1731,1299
20,0,09,55A6,11514,9530
20,0,09,55F9,1858,1431
20,0,09,562E,3782,3430
20,0,09,5CF9,92,84
20,0,18,7C1F,1,0
20,0,3D,781F,27,0
20,1,00,011D,44,28
20,1,00,012D,1,1
20,1,00,020D,14378,92
20,1,00,021D,46,28
20,1,00,02AB,19456,0
20,1,00,0333,2,0
20,1,00,0AD7,2,0
20,1,00,2F2D,64815,18033
20,1,00,30AB,8,0
20,1,00,314B,27,0
20,1,00,593D,8,0
20,1,02,4546,6,0
20,1,03,530C,2,0
20,1,03,56FD,4,0
20,1,05,41C5,1,0
20,1,06,40B7,8872,1984
20,1,06,40D8,3690,2084
20,1,06,41FA,1484,1308
20,1,06,4210,1484,1308
20,1,06,4217,1484,1308
20,1,06,4247,2778,2070
20,1,06,42C3,666,490
20,1,06,45D3,2,0
20,1,06,45EE,4,0
20,1,06,5BBB,12,0
20,1,06,5F9E,78,0
20,1,06,6D15,22,0
20,1,08,48FA,11707,251
20,1,08,48FD,11707,251
20,1,08,497B,278,191
20,1,08,4A0A,275,102
20,1,08,4BBF,11982,353
20,1,09,4B7D,1464,1212
20,1,09,4B83,1464,1212
20,1,09,4B94,92,84
20,1,09,5579,4868,3976
20,1,09,5581,3223,2701
20,1,09,5589,3234,2704
20,1,09,560C,1891,1715
20,1,09,5612,1891,1715
20,1,09,5D47,267,87
20,1,09,5EBD,394,219
20,1,1F,4C11,1,0
21,0,00,011D,35,0
21,0,00,012D,4,0
21,0,00,017B,4,0
21,0,00,01AF,12,0
21,0,00,020D,1640,0
21,0,00,021D,188,0
21,0,00,02B1,12,0
21,0,00,0333,48080,15812
21,0,00,03F1,4,0
21,0,00,0559,8,0
21,0,00,0623,11,0
21,0,00,0683,4,0
21,0,00,06C7,4,0
21,0,00,06D1,12,0
21,0,00,06FF,4,0
21,0,00,0721,2,0
21,0,00,0755,2,0
21,0,00,0763,7,0
21,0,00,0773,14,0
21,0,00,07A1,4,0
21,0,00,0843,4,0
21,0,00,0907,4,0
21,0,00,0955,4,0
21,0,00,0AD7,17323,0
21,0,00,0FF3,4,0
21,0,00,1437,4,0
21,0,00,193D,32,0
21,0,00,1D3D,16,0
21,0,00,2F2D,8134,0
21,0,00,593D,68,0
21,0,00,5D3D,8,0
21,0,00,5DED,2,0
21,0,00,6CB7,1,0
21,0,04,740F,18422,4647
21,0,05,41C5,9,0
21,0,05,781F,8,0
21,0,06,6E28,20,0
21,0,06,781F,4,0
21,0,07,553B,5341,1427
21,0,07,5549,5337,1428
21,0,07,5F35,48,0
21,0,07,67EE,5800,1873
21,0,07,67FC,5800,1873
21,0,07,683C,1090,961
21,0,07,684A,1090,961
21,0,07,69C6,4254,4128
21,0,08,4E26,511,390
21,0,08,4ECF,813981,414621
21,0,08,51C5,177,62
21,0,08,5276,328303,169979
21,0,08,7285,9389,9151
21,0,08,72CC,3888,3846
21,0,09,42F6,8258,104
21,0,09,4304,8258,104
21,0,09,4659,8258,104
21,0,09,4681,8258,104
21,0,09,46BE,65872,688
21,0,09,4702,33051,443
21,0,09,4748,16530,226
21,0,09,475E,24,0
21,0,09,476F,8241,113
21,0,09,47B2,16530,226
21,0,09,47FE,192,144
21,0,1F,543D,4,0
21,1,00,020D,5918,0
21,1,00,02AB,17257,0
21,1,00,0614,13,0
21,1,00,06FF,3,0
21,1,00,2F2D,23969,15852
21,1,00,30AB,12,0
21,1,04,7144,18422,4647
21,1,06,5F9E,4,0
21,1,06,6D15,20,0
21,1,07,5592,11600,3746
21,1,07,55FD,2180,1922
21,1,08,479F,91,71
21,1,08,47DC,177,62
21,1,08,4E67,5317,412
21,1,08,4E97,805059,411098
21,1,08,4F89,278,241
21,1,08,4FB4,1906,1647
21,1,08,4FF3,1421,1223
21,1,08,5219,177,62
21,1,08,5234,325010,167505
21,1,08,5337,1417,1151
21,1,08,5387,1699,1261
21,1,09,4335,8258,104
21,1,09,433F,8258,104
21,1,09,4367,8265,113
21,1,09,468F,32936,344
21,1,09,4697,16468,172
21,1,09,469F,16468,172
21,1,09,46D1,8256,104
21,1,09,46D5,8265,113
21,1,09,46E0,8265,113
21,1,09,46E4,8265,113
21,1,09,4725,8265,113
21,1,09,4732,8265,113
21,1,09,4792,8265,113
21,1,09,4799,8265,113
21,1,09,47E0,96,72
21,1,09,47E6,96,72
21,1,1F,507D,8,0
22,0,00,01AF,12,0
22,0,00,020D,972,0
22,0,00,021D,124,0
22,0,00,0269,4,0
22,0,00,02AB,2,0
22,0,00,0333,34130,26043
22,0,00,03F1,4,0
22,0,00,0559,4,0
22,0,00,0623,49,0
22,0,00,0683,24,0
22,0,00,06D1,4,0
22,0,00,0721,4,0
22,0,00,0773,7,0
22,0,00,0869,4,0
22,0,00,0AD7,19692,0
22,0,00,0EA1,8,0
22,0,00,0F35,8,0
22,0,00,193D,26,0
22,0,00,1D3D,26,0
22,0,00,2F2D,5094,0
22,0,00,593D,88,0
22,0,03,4083,409,212
22,0,03,43D1,617,516
22,0,03,4BF3,47,47
22,0,03,4C4F,61,23
22,0,03,4EB1,48,40
22,0,03,517B,25,25
22,0,03,52D5,6376,201
22,0,03,6AC5,205,144
22,0,03,7707,2892,1382
22,0,04,578A,526,448
22,0,04,5798,526,448
22,0,04,57A6,533,447
22,0,04,5C8A,4256,4142
22,0,04,5D59,407,399
22,0,05,41C5,9,0
22,0,05,43B4,287,3
22,0,05,77B9,3253,398
22,0,05,77C7,3252,397
22,0,05,781F,8,0
22,0,06,6E28,14,0
22,0,06,781F,8,0
22,0,07,68DD,34800,11238
22,0,09,4D39,669,620
22,0,09,5030,12291,9557
22,0,09,512A,21747,16380
22,0,09,619F,393,285
22,0,1A,781F,32,0
22,0,1A,7AE5,1,0
22,1,00,020D,3842,0
22,1,00,021D,18,0
22,1,00,02AB,19656,0
22,1,00,0AD7,52,0
22,1,00,2F2D,58888,36114
22,1,06,5F9E,8,0
22,1,06,6D15,14,0
22,1,07,5F35,2,0
22,1,1F,5115,212,158
22,1,1F,5521,51,37
22,1,1F,5539,30,4
22,1,1F,5575,245,198
23,0,00,0187,5,0
23,0,00,0205,6,0
23,0,00,020D,1107,0
23,0,00,021D,239,0
23,0,00,0249,24,0
23,0,00,0269,12,0
23,0,00,02AB,944,0
23,0,00,0333,128665,64514
23,0,00,0559,4,0
23,0,00,05A1,14,0
23,0,00,0623,18,0
23,0,00,06D1,12,0
23,0,00,0763,7,0
23,0,00,0773,7,0
23,0,00,087D,4,0
23,0,00,095B,4,0
23,0,00,0AD7,17809,0
23,0,00,0EA1,14,0
23,0,00,1437,4,0
23,0,00,193D,15,0
23,0,00,1D3D,11,0
23,0,00,2F2D,6526,0
23,0,00,593D,52,0
23,0,00,5D3D,4,0
23,0,00,6DDD,1,0
23,0,02,4DD1,2,0
23,0,03,553D,4,0
23,0,03,5FFF,5464,975
23,0,03,60E1,1081,974
23,0,03,60F5,1029,949
23,0,03,6E6B,30,30
23,0,03,76F9,1743,1368
23,0,03,7944,4120,1622
23,0,03,7A80,22817,5890
23,0,03,7AA3,8483,4275
23,0,04,4B45,494,323
23,0,04,7366,43870,29884
23,0,04,7484,4358,1769
23,0,05,45F5,122,2
23,0,05,46FC,99,1
23,0,05,47AD,52,0
23,0,05,47C9,52,0
23,0,05,485B,36,0
23,0,05,781F,8,0
23,0,05,7992,515,403
23,0,06,4991,60,60
23,0,06,499F,60,60
23,0,06,6E28,52,0
23,0,06,781F,24,0
23,0,07,4097,769,576
23,0,07,40C6,614,453
23,0,07,40E0,155,123
23,0,07,4209,862914,638291
23,0,07,421E,529056,407127
23,0,07,422D,330145,231327
23,0,07,4249,2172,1462
23,0,07,425F,1372,1372
23,0,07,426E,3586,2786
23,0,07,42AC,502,222
23,0,07,42CC,668,387
23,0,07,53A2,16064,12934
23,0,07,5405,3605,1245
23,0,07,54C5,337485,257114
23,0,07,54DA,202471,137101
23,0,07,54E9,128971,121155
23,0,07,5F35,12,0
23,0,07,723D,1,0
23,0,09,4B59,1469,1213
23,0,09,5030,4120,3222
23,0,09,5CEB,92,84
23,0,09,5D60,30,26
23,0,09,5E42,34,26
23,0,1A,781F,8,0
23,0,1F,543D,12,0
23,1,00,0108,902,815
23,1,00,011D,2127,1735
23,1,00,020D,5799,666
23,1,00,021D,3,0
23,1,00,02AB,17799,0
23,1,00,0614,4,0
23,1,00,0AD7,22,0
23,1,00,1A17,21,0
23,1,00,2F2D,25703,13599
23,1,00,30AB,10,0
23,1,02,4546,2,0
23,1,03,795A,6115,1603
23,1,03,79C6,7324,3216
23,1,03,79CB,15543,3228
23,1,03,7A53,787,726
23,1,03,7A59,787,726
23,1,04,70A0,4358,1769
23,1,04,70B9,43870,29884
23,1,06,5F9E,24,0
23,1,06,6D15,52,0
23,1,07,4108,1170,609
23,1,07,4135,1722115,1276745
23,1,07,41A4,7130,5620
23,1,07,5238,16064,12934
23,1,07,5418,3605,1245
23,1,07,542A,640918,501504
23,1,07,5486,24404,12621
23,1,09,4B94,92,84
23,1,09,4BA4,30,26
23,1,09,4BB1,34,26
23,1,1F,4745,1,0
24,0,00,01E1,4,0
24,0,00,020D,527,0
24,0,00,021D,22,0
24,0,00,0330,4,0
24,0,00,0333,250796,166347
24,0,00,03F1,4,0
24,0,00,0559,4,0
24,0,00,0661,4,0
24,0,00,0773,4,0
24,0,00,07A1,12,0
24,0,00,0AD7,16816,0
24,0,00,0F2F,12,0
24,0,00,1D3D,4,0
24,0,00,2F2D,2476,0
24,0,00,6DEF,1,0
24,0,03,4D84,38,32
24,0,03,6189,169,157
24,0,03,6AD3,205,144
24,0,04,4049,17651,4656
24,0,04,45CA,1711,1338
24,0,04,4638,903,729
24,0,04,46D0,2850,471
24,0,04,477B,2418,134
24,0,04,610E,417,290
24,0,04,6712,396,314
24,0,04,676F,486,391
24,0,04,6789,486,391
24,0,04,6797,486,391
24,0,04,67B8,107,87
24,0,04,67D2,107,87
24,0,04,67E0,107,87
24,0,04,6802,79,63
24,0,04,681C,79,63
24,0,04,682A,79,63
24,0,04,68C6,24015,923
24,0,04,6A23,1,0
24,0,04,6B03,1,0
24,0,04,6E39,346,269
24,0,04,6E7D,799,653
24,0,04,6FE5,5257,4599
24,0,04,703B,4598,4025
24,0,04,72A9,1458345,1266895
24,0,04,7484,5573,4760
24,0,04,752E,2072,1832
24,0,04,7C68,1039,963
24,0,05,754B,2590,157
24,0,05,7761,37,29
24,0,05,7770,120,75
24,0,06,4B13,4,0
24,0,06,4B54,2258,482
24,0,06,4BEB,26894,5673
24,0,06,4C20,2234,466
24,0,06,4D32,8532,447
24,0,06,4DC0,680,580
24,0,06,4DE7,331,263
24,0,06,61E6,1820,1716
24,0,06,6210,1816,1712
24,0,06,6223,1869,1718
24,0,06,6E28,1,0
24,0,07,4542,89,79
24,0,07,4550,89,79
24,0,07,4693,76,66
24,0,07,46A1,76,66
24,0,07,4C51,156,118
24,0,07,50DE,185,19
24,0,07,5152,136,8
24,0,07,6A8F,2275,2220
24,0,07,6B80,5379,1250
24,0,07,6BDC,484,315
24,0,07,6BEA,484,315
24,0,07,6D77,308,167
24,0,07,6D85,308,167
24,0,07,6E66,112,99
24,0,07,6E74,112,99
24,0,07,6F7D,155,140
24,0,07,6F8B,155,140
24,0,08,41F8,13427,1622
24,0,08,4883,419,367
24,0,09,4A24,778,622
24,0,09,4A99,168549,120097
24,0,09,4AA7,168531,120096
24,0,09,4AB6,171634,119974
24,0,09,4AC4,171626,119974
24,0,09,5030,2023,1568
24,0,09,5D86,116,108
24,0,09,5E6A,175,159
24,0,09,5ED4,29,25
24,0,0A,6AA0,86,86
24,0,0A,6B98,156,156
24,0,3D,781F,16,0
24,1,00,0108,1557,1449
24,1,00,011D,7163,4623
24,1,00,012B,2,0
24,1,00,0187,2,0
24,1,00,01AC,2,0
24,1,00,020D,1776,0
24,1,00,021D,1,0
24,1,00,02AB,16778,0
24,1,00,0614,3,1
24,1,00,0623,50,0
24,1,00,0683,3,0
24,1,00,0907,2,0
24,1,00,179D,1,0
24,1,00,2EA1,242,242
24,1,00,2F2D,77206,19993
24,1,00,30AB,2,0
24,1,04,4145,634,361
24,1,04,4233,1711,1338
24,1,04,423B,854,688
24,1,04,493B,49,41
24,1,04,572F,1448,1121
24,1,04,6085,1012,466
24,1,04,61FC,612,489
24,1,04,6231,99,87
24,1,04,6266,117,105
24,1,04,6305,97,68
24,1,04,66DB,299,246
24,1,04,6729,846,684
24,1,04,6744,222,174
24,1,04,675B,120,84
24,1,04,6958,799,653
24,1,04,69AA,346,269
24,1,04,6FD0,5573,4760
24,1,04,7285,1458085,1266895
24,1,04,72F9,260,0
24,1,04,74CB,6528,1742
24,1,04,75FD,1039,963
24,1,05,75DA,157,104
24,1,06,45D3,4,0
24,1,06,45EE,4289,761
24,1,06,4645,203,187
24,1,06,4D74,529,441
24,1,06,4DFF,482,402
24,1,06,60D2,3636,3428
24,1,06,657A,782,721
24,1,06,672B,240,212
24,1,06,681E,284,262
24,1,06,68EC,248,228
24,1,06,6A2C,315,295
24,1,06,6D15,1,0
24,1,07,43D2,156,118
24,1,07,486D,12,12
24,1,07,4E0F,185,19
24,1,07,4E17,136,8
24,1,08,42A7,419,367
24,1,09,4A6D,680340,480141
24,1,09,4BA4,116,108
24,1,09,4BB1,175,159
24,1,09,4BC1,29,25
25,0,00,012D,12,0
25,0,00,0187,9,0
25,0,00,020D,816,0
25,0,00,021D,88,0
25,0,00,024F,24,0
25,0,00,02AB,18,0
25,0,00,0333,7173,5850
25,0,00,0623,8,0
25,0,00,0661,4,0
25,0,00,06D1,4,0
25,0,00,0755,30,0
25,0,00,096A,26,0
25,0,00,0AD7,16668,0
25,0,00,0D4B,14,0
25,0,00,0D69,12,0
25,0,00,0DAD,4,0
25,0,00,0EA1,11,0
25,0,00,0F2F,14,0
25,0,00,1D3D,6,0
25,0,00,2F2D,4262,0
25,0,00,3094,14991,1581
25,0,00,593D,8,0
25,0,00,5D3D,4,0
25,0,00,6AA1,1,0
25,0,00,6E01,1,0
25,0,02,4DD1,2,0
25,0,03,7C5B,6169,1258
25,0,04,57B4,533,447
25,0,04,5969,1367,1255
25,0,05,41C5,46,0
25,0,05,781F,48,0
25,0,06,409C,4434,992
25,0,06,41DF,733,645
25,0,06,453C,535,351
25,0,06,45BF,3212,1174
25,0,06,46CE,225,181
25,0,06,4772,138,132
25,0,06,4802,116,110
25,0,06,4915,146,110
25,0,06,4B54,1668,1303
25,0,06,4B97,2665,2513
25,0,06,4BCC,443,419
25,0,06,4C3F,4807,2902
25,0,06,4C62,2405,1454
25,0,06,4C83,399,246
25,0,06,5F15,28463,3582
25,0,06,6250,1831,1712
25,0,06,6E28,16,0
25,0,06,734A,1679,1547
25,0,06,781F,16,0
25,0,07,5557,5335,1426
25,0,07,630E,84,0
25,0,07,634C,48,0
25,0,07,635C,48,0
25,0,07,6370,8,0
25,0,07,68DD,30998,26660
25,0,08,4047,4592,809
25,0,08,51D3,177,62
25,0,08,51E1,177,62
25,0,09,4CAB,2572,257
25,0,09,4F20,41,24
25,0,09,5030,4070,3184
25,0,09,5179,192,153
25,0,09,5F8E,328,328
25,0,09,6076,2707,662
25,0,09,61AD,393,285
25,0,0A,6AAE,86,86
25,0,0A,6B33,9,9
25,0,0A,6B4A,7,7
25,0,0A,6BA6,156,156
25,0,0A,6BD1,39,16
25,0,2E,673D,4,0
25,1,00,0108,6,6
25,1,00,011C,7,7
25,1,00,011D,6,6
25,1,00,012B,5,5
25,1,00,012D,2,2
25,1,00,0164,6,5
25,1,00,017B,9,8
25,1,00,017E,7,3
25,1,00,0187,7,7
25,1,00,01C6,4,4
25,1,00,01C9,1,1
25,1,00,01CE,8,3
25,1,00,01E1,4,4
25,1,00,01E4,8,6
25,1,00,01ED,2,2
25,1,00,01FA,8,6
25,1,00,0205,333,333
25,1,00,020D,3244,4
25,1,00,021D,6,6
25,1,00,0227,15,10
25,1,00,0243,6,6
25,1,00,0249,12,8
25,1,00,024C,19,5
25,1,00,024F,11,9
25,1,00,0252,11,6
25,1,00,0266,7,7
25,1,00,0269,4,4
25,1,00,027F,5,5
25,1,00,028C,2,2
25,1,00,02AB,16660,0
25,1,00,02F0,5,5
25,1,00,032E,12,10
25,1,00,0330,9,9
25,1,00,0333,3,3
25,1,00,03F1,14,14
25,1,00,04C4,2,2
25,1,00,0522,7,5
25,1,00,0559,1,1
25,1,00,0570,6,6
25,1,00,05E0,7,7
25,1,00,06FF,5,3
25,1,00,0702,6,5
25,1,00,0721,10,10
25,1,00,0724,12,12
25,1,00,0745,6,6
25,1,00,0752,11,6
25,1,00,0755,8,8
25,1,00,0763,11,8
25,1,00,0766,7,7
25,1,00,0773,10,6
25,1,00,0776,6,6
25,1,00,07F4,3,3
25,1,00,07F7,6,5
25,1,00,083E,5,5
25,1,00,0843,6,6
25,1,00,0869,4,4
25,1,00,087D,9,8
25,1,00,0907,10,10
25,1,00,0955,8,8
25,1,00,0958,14,13
25,1,00,095B,10,10
25,1,00,096A,2,2
25,1,00,09DE,4,4
25,1,00,09E1,4,4
25,1,00,0AD7,5,3
25,1,00,2EA1,297,274
25,1,00,2F2D,81162,18757
25,1,00,30AB,8,0
25,1,02,4546,2,0
25,1,04,59ED,427,339
25,1,04,5C7C,940,916
25,1,06,45EE,3246,2116
25,1,06,4645,1671,1306
25,1,06,5F9E,16,0
25,1,06,657A,781,720
25,1,06,672B,234,214
25,1,06,681E,268,254
25,1,06,68EC,240,228
25,1,06,6A2C,308,296
25,1,06,6D15,16,0
25,1,07,55CE,188,0
25,1,07,56C6,3098,2666
25,1,08,47DC,354,124
25,1,09,5134,192,153
25,1,1F,4785,2,0
25,1,2E,673D,4,0
26,0,00,017B,4,0
26,0,00,01E1,7,0
26,0,00,020D,772,0
26,0,00,021D,194,0
26,0,00,0269,4,0
26,0,00,02AB,58,0
26,0,00,0333,162905,55569
26,0,00,05E0,4,0
26,0,00,07F4,4,0
26,0,00,0897,4,0
26,0,00,0955,2,0
26,0,00,0AD7,47059,0
26,0,00,0D4B,12,0
26,0,00,0E5D,14,0
26,0,00,0F25,5,0
26,0,00,0F2F,4,0
26,0,00,0F4B,18,0
26,0,00,1485,4,0
26,0,00,193D,235,0
26,0,00,1D3D,225,0
26,0,00,2F2D,4778,0
26,0,00,33C3,2,0
26,0,00,593D,42,0
26,0,00,5D3D,2,0
26,0,00,6CD7,1,0
26,0,03,5DED,2,0
26,0,03,6B8E,144,143
26,0,04,7484,7324,1558
26,0,04,7D33,86649,6717
26,0,05,4077,209,10
26,0,06,49AD,60,60
26,0,06,6E28,58,0
26,0,06,781F,40,0
26,0,07,4B42,14,14
26,0,07,4BA7,12,12
26,0,07,5209,3715,3252
26,0,07,53A2,12483,11222
26,0,07,7890,30052,23517
26,0,07,7CEB,4211,4104
26,0,08,48E1,11707,251
26,0,08,546D,12165,434
26,0,08,54B2,62,48
26,0,08,7293,9389,9151
26,0,09,4921,7082,6387
26,0,09,4C25,488,425
26,0,09,4D47,667,618
26,0,09,4E93,56,46
26,0,09,5030,2065,1609
26,0,09,508C,49,41
26,0,09,5179,266,170
26,0,09,72FE,13524,4740
26,1,00,0108,67,0
26,1,00,011D,3498,1554
26,1,00,0164,1,0
26,1,00,020D,3744,0
26,1,00,021D,14,0
26,1,00,02AB,47005,0
26,1,00,0702,1,0
26,1,00,0AD7,404,0
26,1,00,2F2D,35633,21993
26,1,00,34AC,3769,1237
26,1,03,530C,2,0
26,1,04,7147,7324,1558
26,1,04,7587,28337,1877
26,1,04,75DD,152,0
26,1,04,7BD5,394,362
26,1,04,7D14,28883,2239
26,1,04,7D1B,28883,2239
26,1,06,5F9E,40,0
26,1,06,6D15,58,0
26,1,07,461E,6,6
26,1,07,4641,8,8
26,1,07,48C2,6,6
26,1,07,48E5,6,6
26,1,07,5238,12483,11222
26,1,07,71F1,30052,23517
26,1,07,7759,4211,4104
26,1,08,4254,12165,434
26,1,08,4847,62,48
26,1,09,5134,266,170
27,0,00,0187,4,0
27,0,00,0205,4,0
27,0,00,020D,968,0
27,0,00,021D,184,0
27,0,00,027F,11,0
27,0,00,02AB,4,0
27,0,00,0333,20659,17365
27,0,00,05A1,14,0
27,0,00,06D1,7,0
27,0,00,06FF,14,0
27,0,00,07A1,4,0
27,0,00,0843,4,0
27,0,00,0897,32,0
27,0,00,0AD7,16850,0
27,0,00,0E1D,28,0
27,0,00,0E5D,9,0
27,0,00,0EA1,4,0
27,0,00,0F2F,4,0
27,0,00,0FF3,22,0
27,0,00,193D,12,0
27,0,00,1D3D,14,0
27,0,00,1ED3,4383,3419
27,0,00,1ED6,4569,3601
27,0,00,2F2D,4760,0
27,0,00,593D,22,0
27,0,00,5D3D,4,0
27,0,00,6DEF,1,0
27,0,00,738B,1,0
27,0,03,4EFA,584,475
27,0,03,4F70,4369,328
27,0,03,4FE3,40,38
27,0,03,5064,80,67
27,0,03,6B9C,144,143
27,0,03,6E79,30,30
27,0,03,6E87,30,30
27,0,03,6ECE,12,12
27,0,03,6EDD,34,34
27,0,03,6F68,25,25
27,0,03,6F77,11,11
27,0,03,7B01,2532,1803
27,0,04,4572,1681,1325
27,0,04,4588,1694,1325
27,0,04,4597,1696,1327
27,0,04,45B5,1707,1338
27,0,04,45E0,922,740
27,0,04,4604,893,719
27,0,04,4613,891,719
27,0,04,4622,889,719
27,0,04,589A,317,285
27,0,04,5969,3642,3516
27,0,04,6DF0,349,272
27,0,04,6E53,803,657
27,0,04,7BD2,394,362
27,0,04,7C3E,1039,963
27,0,05,43A6,291,3
27,0,05,448E,96,1
27,0,05,44E4,41,1
27,0,05,4603,126,2
27,0,05,51D4,185711,230
27,0,06,50C5,11676,52
27,0,06,5327,60,36
27,0,06,5FB6,12045,11404
27,0,06,693C,30,30
27,0,06,69FE,15,15
27,0,06,6A7F,116,116
27,0,07,4444,48,42
27,0,07,47B8,13,11
27,0,07,5080,186,20
27,0,07,509C,178,20
27,0,07,50AB,178,20
27,0,07,50C9,178,20
27,0,07,50F4,136,8
27,0,07,5118,136,8
27,0,07,5127,136,8
27,0,07,5136,136,8
27,0,07,53A2,78345,63573
27,0,07,5F35,48,0
27,0,07,68DD,16568,14576
27,0,07,69D4,4245,4119
27,0,07,7071,611,570
27,0,07,78B2,2177,2023
27,0,07,7CEB,33061,31884
27,0,08,47FB,388,321
27,0,08,4859,420,368
27,0,09,512A,7614,5521
27,1,00,0108,19,19
27,1,00,011C,4,2
27,1,00,011D,25,22
27,1,00,012B,1,1
27,1,00,012D,6,6
27,1,00,0164,7,7
27,1,00,017B,2,2
27,1,00,017E,5,5
27,1,00,0187,3,3
27,1,00,01C6,1,1
27,1,00,01CE,1,1
27,1,00,01E1,4,4
27,1,00,01E4,3,3
27,1,00,01ED,1,1
27,1,00,01FA,2,1
27,1,00,0205,4,4
27,1,00,020D,3522,3
27,1,00,021D,91,58
27,1,00,0227,3,3
27,1,00,0243,8,8
27,1,00,0249,8,8
27,1,00,024C,5,5
27,1,00,024F,6,6
27,1,00,0252,9,9
27,1,00,0266,3,3
27,1,00,0269,6,6
27,1,00,027F,4,4
27,1,00,028C,3,3
27,1,00,02AB,16840,0
27,1,00,02F0,1,1
27,1,00,032E,7,7
27,1,00,0330,3,0
27,1,00,0333,3,3
27,1,00,03F1,3,3
27,1,00,0623,75,0
27,1,00,0702,2007,1901
27,1,00,0E1D,78,74
27,1,00,179D,1,1
27,1,00,1A1D,3,2
27,1,00,27BD,2071,1822
27,1,00,2F2D,40445,20572
27,1,00,30AB,10,0
27,1,03,6E04,46,46
27,1,03,6EE1,36,36
27,1,04,4145,18,10
27,1,04,4233,6778,5315
27,1,04,423B,3395,2729
27,1,04,493B,200,168
27,1,04,4A40,2,2
27,1,04,4C44,8,8
27,1,04,4F46,16,16
27,1,04,5040,48,44
27,1,04,59E7,317,285
27,1,04,59ED,326,290
27,1,04,5C7C,3316,3226
27,1,04,6644,8860,6940
27,1,04,6958,803,657
27,1,04,69AA,349,272
27,1,04,75FD,1039,963
27,1,04,764F,394,362
27,1,05,4DB0,185711,230
27,1,06,68B2,30,30
27,1,06,69B4,116,116
27,1,07,4E0F,720,80
27,1,07,4E17,544,32
27,1,07,5238,78345,63573
27,1,07,686D,981,861
27,1,07,71F1,2177,2023
27,1,07,7434,20413,19568
27,1,07,7759,12648,12316
27,1,08,42A7,420,368
27,1,08,4351,277,222
27,1,08,4438,111,99
27,1,1F,50AB,4,0
28,0,00,012D,4,0
28,0,00,0205,11,0
28,0,00,020D,866,0
28,0,00,021D,224,0
28,0,00,0243,27,0
28,0,00,024F,14,0
28,0,00,027F,7,0
28,0,00,02AB,140344,0
28,0,00,0333,19242,167
28,0,00,05A1,4,0
28,0,00,06F5,14,0
28,0,00,0721,14,0
28,0,00,0773,4,0
28,0,00,0955,26,0
28,0,00,0AD7,545,0
28,0,00,0D69,8,0
28,0,00,0DAD,4,0
28,0,00,0E1D,12,0
28,0,00,0E5D,6,0
28,0,00,0F25,5,0
28,0,00,0F4B,4,0
28,0,00,193D,5,0
28,0,00,1D3D,28,0
28,0,00,2F2D,4674,0
28,0,00,593D,12,0
28,0,05,41C5,1,0
28,0,05,781F,8,0
28,0,06,6E28,26,0
28,0,06,781F,8,0
28,0,08,5474,2,0
28,0,09,5070,50,42
28,0,09,507E,49,41
28,0,09,739A,9866,2972
28,1,00,011C,152,0
28,1,00,020D,3521,0
28,1,00,021D,18,0
28,1,00,02AB,545,0
28,1,00,0AD7,35,0
28,1,00,193D,97,0
28,1,00,1D3D,88,0
28,1,00,2F2D,125,83
28,1,06,5F9E,8,0
28,1,06,6D15,26,0
28,1,08,545F,2,0
28,1,09,7301,9866,2972
29,0,00,011D,4,0
29,0,00,020D,336,0
29,0,00,021D,26,0
29,0,00,0243,4,0
29,0,00,05A1,4,0
29,0,00,0661,8,0
29,0,00,06C7,12,0
29,0,00,0745,12,0
29,0,00,0843,4,0
29,0,00,087D,4,0
29,0,00,0AD7,37,0
29,0,00,0EA1,4,0
29,0,00,1437,4,0
29,0,00,1D3D,12,0
29,0,00,2F2D,1996,0
29,0,00,3C4D,4,0
29,0,00,593D,73,0
29,0,05,6292,85,1
29,0,09,403E,1745,1353
29,1,00,020D,1499,0
29,1,00,02AB,33,0
29,1,00,2F2D,38,0
29,1,00,30AB,4,0
29,1,05,4273,55,0
29,1,05,427D,30,1
29,1,09,4FDC,1745,1353
2A,0,00,012B,4,0
2A,0,00,01AF,11,0
2A,0,00,01E1,4,0
2A,0,00,01ED,4,0
2A,0,00,020D,2638,0
2A,0,00,021D,550,0
2A,0,00,024F,7,0
2A,0,00,0266,4,0
2A,0,00,027F,8,0
2A,0,00,02AB,2,0
2A,0,00,0333,21803,4256
2A,0,00,04C4,26,0
2A,0,00,05A1,4,0
2A,0,00,06D1,4,0
2A,0,00,06FF,7,0
2A,0,00,0721,4,0
2A,0,00,0755,14,0
2A,0,00,0773,4,0
2A,0,00,079E,4,0
2A,0,00,07F4,26,0
2A,0,00,07F7,4,0
2A,0,00,0897,18,0
2A,0,00,0AD7,2223,0
2A,0,00,0DAD,2,0
2A,0,00,0E5D,4,0
2A,0,00,0F2F,13,0
2A,0,00,0F35,4,0
2A,0,00,0F3B,4,0
2A,0,00,0F4B,20,0
2A,0,00,193D,37,0
2A,0,00,1D3D,61,0
2A,0,00,2F2D,13405,0
2A,0,00,3C4D,4,0
2A,0,00,593D,107,0
2A,0,00,5D3D,12,0
2A,0,00,5DED,4,0
2A,0,00,6C5F,1,0
2A,0,00,6E51,1,0
2A,0,00,73A7,1,0
2A,0,03,5DED,2,0
2A,0,04,58DE,904,872
2A,0,04,5A9D,294,290
2A,0,04,633D,2,0
2A,0,05,41C5,1,0
2A,0,05,6927,1,0
2A,0,05,781F,8,0
2A,0,06,4B35,2,0
2A,0,06,6E28,27,0
2A,0,06,781F,8,0
2A,0,07,70BB,1,0
2A,0,09,4818,349588,27337
2A,0,09,487F,765,756
2A,0,09,5445,21826,18035
2A,0,0A,6BB5,1,0
2A,0,1A,781F,48,0
2A,0,1B,423D,4,0
2A,0,3D,781F,8,0
2A,1,00,020D,10030,0
2A,1,00,021D,4,0
2A,1,00,02AB,2179,0
2A,1,00,0614,17,0
2A,1,00,0AD7,6,0
2A,1,00,1DBD,4,0
2A,1,00,2F2D,174,0
2A,1,00,30AB,4,0
2A,1,00,348D,8,0
2A,1,00,34AC,124,0
2A,1,03,530C,2,0
2A,1,04,5A44,294,290
2A,1,05,41C5,1,0
2A,1,06,45EB,2,0
2A,1,06,5F9E,8,0
2A,1,06,6D15,27,0
2A,1,09,438B,162,153
2A,1,09,459B,169,169
2A,1,09,45AB,434,434
2A,1,09,461A,665,664
2A,1,09,462E,247740,3120
2A,1,09,47C6,74322,936
2A,1,09,4B77,19082,15775
2A,1,09,54CC,6993,5598
2A,1,09,54E5,13186,10913
2A,1,09,5C42,546,442
2A,1,09,5C57,936,832
2A,1,09,5C6C,712,648
2A,1,09,5D52,390,338
2A,1,09,5F47,6682,6106
2A,1,1F,4AA5,87,86
2A,1,1F,5539,8,0
2A,1,1F,7C7B,4,0
2B,0,00,020D,278,0
2B,0,00,021D,42,0
2B,0,00,0333,291,291
2B,0,00,0745,5,0
2B,0,00,0763,4,0
2B,0,00,0907,4,0
2B,0,00,0AD7,16595,0
2B,0,00,1D3D,12,0
2B,0,00,2F2D,1708,0
2B,0,00,593D,8,0
2B,0,03,5DED,2,0
2B,0,04,5910,284,284
2B,0,04,591E,283,283
2B,0,04,5A9D,270,266
2B,0,3D,781F,8,0
2B,1,00,020D,1347,0
2B,1,00,02AB,16585,0
2B,1,00,30AB,10,0
2B,1,03,530C,2,0
2B,1,04,59EA,60,60
2B,1,04,5A44,135,133
2B,1,04,5A4D,135,133
2B,1,04,5C27,222,222
2B,1,04,5C79,285,285
2B,1,1F,46E9,6,6
2C,0,00,020D,322,0
2C,0,00,021D,54,0
2C,0,00,0333,636,590
2C,0,00,0755,5,0
2C,0,00,0897,32,0
2C,0,00,0AD7,126,0
2C,0,00,1D3D,29,0
2C,0,00,2F2D,1964,0
2C,0,00,6E51,1,0
2C,0,02,4DD1,2,0
2C,0,04,58DE,6014,5698
2C,0,04,58F7,1227,1215
2C,0,04,5902,1227,1215
2C,0,04,5A9D,13945,2557
2C,1,00,020D,1512,0
2C,1,00,02AB,122,0
2C,1,00,2F2D,14,0
2C,1,02,4546,2,0
2C,1,04,59EA,136,120
2C,1,04,5A44,13945,2557
2C,1,04,5C27,949,949
2C,1,04,5C79,1299,1291
2C,1,04,75DD,70,70
2C,1,1F,40BD,49,49
2D,0,00,020D,501,0
2D,0,00,021D,76,0
2D,0,00,024F,12,0
2D,0,00,027F,12,0
2D,0,00,0333,309,293
2D,0,00,0763,4,0
2D,0,00,07A1,4,0
2D,0,00,0843,8,0
2D,0,00,09E1,23,0
2D,0,00,0AD7,263,0
2D,0,00,0D4B,4,0
2D,0,00,0D69,14,0
2D,0,00,0E5D,12,0
2D,0,00,0FF3,4,0
2D,0,00,193D,16,0
2D,0,00,2F2D,2500,0
2D,0,00,5D3D,4,0
2D,0,02,4DD1,2,0
2D,0,03,5DED,2,0
2D,0,04,58DE,1916,1908
2D,0,04,5A9D,14374,2990
2D,0,05,41C5,9,0
2D,0,05,781F,8,0
2D,0,07,5F35,24,0
2D,1,00,020D,1803,0
2D,1,00,021D,16,0
2D,1,00,02AB,259,0
2D,1,00,2DFD,2,2
2D,1,00,2F2D,14,0
2D,1,00,30AB,4,0
2D,1,02,4546,2,0
2D,1,03,530C,2,0
2D,1,04,5A44,1042,1040
2D,1,04,5A4D,13332,1950
2D,1,1F,40B3,1,1
2E,0,00,011D,27,0
2E,0,00,020D,335,0
2E,0,00,021D,26,0
2E,0,00,02AB,94,0
2E,0,00,0333,503,37
2E,0,00,0745,10,0
2E,0,00,0755,10,0
2E,0,00,0AD7,488,0
2E,0,00,0D69,14,0
2E,0,00,0DAD,4,0
2E,0,00,0E5D,4,0
2E,0,00,193D,4,0
2E,0,00,2F2D,2076,0
2E,0,00,5D3D,57,0
2E,0,04,58DE,2378,2338
2E,0,04,5A9D,1423,1413
2E,0,06,727E,6,0
2E,1,00,020D,1639,0
2E,1,00,02AB,488,0
2E,1,00,1B20,4,0
2E,1,00,2B4B,24,0
2E,1,00,2B51,6,0
2E,1,00,2F2D,54,0
2E,1,00,33F7,4,0
2E,1,04,427D,45,45
2E,1,04,48BD,7,7
2E,1,04,5A44,810,806
2E,1,04,5A4D,613,607
2E,1,04,633D,41,41
2E,1,1F,5521,4,0
2F,0,00,020D,632,0
2F,0,00,021D,170,0
2F,0,00,0249,27,0
2F,0,00,02AB,248,0
2F,0,00,02B1,8,0
2F,0,00,0683,4,0
2F,0,00,06D1,4,0
2F,0,00,0721,12,0
2F,0,00,0763,12,0
2F,0,00,07A1,7,0
2F,0,00,087D,4,0
2F,0,00,0907,26,0
2F,0,00,09E1,4,0
2F,0,00,0AD7,16818,0
2F,0,00,0D69,12,0
2F,0,00,0E5D,4,0
2F,0,00,0EA1,4,0
2F,0,00,0F35,14,0
2F,0,00,1D3D,4,0
2F,0,00,2F2D,3712,0
2F,0,00,593D,12,0
2F,0,03,5DED,2,0
2F,0,04,58DE,1954,1842
2F,0,04,5A9D,1616,1596
2F,0,06,727E,6,0
2F,0,1A,781F,39,0
2F,1,00,020D,2971,0
2F,1,00,02AB,16772,0
2F,1,00,2F2D,40,0
2F,1,00,30AB,10,0
2F,1,03,530C,2,0
2F,1,04,5A44,575,557
2F,1,04,5A4D,1041,1039
2F,1,04,633D,145,145
2F,1,04,6FFD,123,83
30,0,00,01A9,4,0
30,0,00,01E1,12,0
30,0,00,020D,1833,0
30,0,00,021D,904,0
30,0,00,0243,24,0
30,0,00,02AB,17394,0
30,0,00,02B1,12,0
30,0,00,0333,261,0
30,0,00,0559,4,0
30,0,00,0661,14,0
30,0,00,0683,4,0
30,0,00,06D1,16,0
30,0,00,06F5,2,0
30,0,00,06FF,12,0
30,0,00,0724,26,0
30,0,00,0763,18,0
30,0,00,0773,4,0
30,0,00,07F7,14,0
30,0,00,0907,4,0
30,0,00,09E1,14,0
30,0,00,0AD7,23949,0
30,0,00,0D4B,4,0
30,0,00,0D69,4,0
30,0,00,0E5D,4,0
30,0,00,0F2F,14,0
30,0,00,0F35,5,0
30,0,00,0FF3,4,0
30,0,00,193D,120,0
30,0,00,1D3D,125,0
30,0,00,2DFD,105,0
30,0,00,2F2D,9090,0
30,0,00,31B4,28,0
30,0,00,593D,52,0
30,0,00,5D3D,24,0
30,0,00,5DED,4,0
30,0,00,6CB7,1,0
30,0,00,70BB,1,0
30,0,00,71BB,1,0
30,0,00,73B5,1,0
30,0,02,4CFF,12,0
30,0,02,4DD1,6,0
30,0,02,4EA8,2,0
30,0,03,5BF4,18,0
30,0,03,5C0A,24,0
30,0,03,5C60,4,0
30,0,04,43EF,12,0
30,0,04,58DE,746,642
30,0,04,5A9D,650,626
30,0,06,433D,4,0
30,0,06,5429,2,0
30,0,06,54AA,2,0
30,0,06,552B,2,0
30,0,06,570A,8,0
30,0,06,5721,8,0
30,0,06,5738,8,0
30,0,06,574C,8,0
30,0,06,57DA,28,0
30,0,06,57F2,28,0
30,0,06,58DA,56,0
30,0,06,6E28,12,0
30,0,08,4CEC,6,0
30,0,08,4D02,8,0
30,0,08,4D43,2,0
30,0,21,6A0D,1,0
30,0,3D,781F,30,0
30,1,00,020D,6673,0
30,1,00,021D,4,0
30,1,00,02AB,23988,0
30,1,00,0333,8,0
30,1,00,06FF,10,0
30,1,00,0AD7,205,0
30,1,00,268E,4,0
30,1,00,27B1,2,0
30,1,00,2BAC,2,0
30,1,00,2F2D,82,0
30,1,00,30AB,8,0
30,1,00,314B,28,0
30,1,00,399B,2,0
30,1,02,4546,6,0
30,1,02,5117,8,0
30,1,03,46CB,14,0
30,1,03,55D2,20,0
30,1,04,40A7,10,0
30,1,04,427D,25,17
30,1,04,47C9,2,0
30,1,04,5A44,134,112
30,1,04,5A4D,516,514
30,1,06,4D8B,8,0
30,1,06,4D94,8,0
30,1,06,4D9D,8,0
30,1,06,4DA6,8,0
30,1,06,5794,56,0
30,1,06,5877,14,0
30,1,06,5880,14,0
30,1,06,5889,14,0
30,1,06,5892,14,0
30,1,06,6D15,12,0
30,1,07,5F35,2,0
30,1,08,48F4,14,0
31,0,00,011D,10,0
31,0,00,012B,4,0
31,0,00,0187,4,0
31,0,00,020D,1001,0
31,0,00,021D,116,0
31,0,00,02AB,264,61
31,0,00,0333,1676,832
31,0,00,0683,4,0
31,0,00,0745,14,0
31,0,00,0763,2,0
31,0,00,07F7,4,0
31,0,00,095B,4,0
31,0,00,0AD7,555,0
31,0,00,0E5D,2,0
31,0,00,0FF1,8,0
31,0,00,1021,8,0
31,0,00,193D,12,0
31,0,00,2F2D,5468,0
31,0,00,31BB,240,0
31,0,00,593D,36,0
31,0,00,5D3D,22,0
31,0,04,5A9D,2,0
31,0,06,727E,12,0
31,0,08,5400,1577,779
31,0,08,5474,23834,429
31,0,08,54B9,68,40
31,1,00,020D,4232,0
31,1,00,021D,14,0
31,1,00,02AB,515,0
31,1,00,0AD7,2,0
31,1,00,30AB,4,0
31,1,00,314B,240,0
31,1,04,5A4D,2,0
31,1,08,53D7,325,163
31,1,08,53E0,324,162
31,1,08,53E9,324,162
31,1,08,53F2,324,162
31,1,08,53FB,280,130
31,1,08,5459,11909,209
31,1,08,545F,11925,220
31,1,08,549E,34,20
31,1,08,54A4,34,20
31,1,1F,46E9,5,5
31,1,1F,4EDD,25,21
31,1,1F,5046,2,0
32,0,00,012B,4,0
32,0,00,01E1,4,0
32,0,00,020D,706,0
32,0,00,021D,98,0
32,0,00,02AB,1,1
32,0,00,0333,467,379
32,0,00,0683,26,0
32,0,00,06D1,8,0
32,0,00,06F5,20,0
32,0,00,06FF,4,0
32,0,00,07F4,2,0
32,0,00,087D,16,0
32,0,00,0AD7,78,0
32,0,00,0F35,5,0
32,0,00,0F3B,2,0
32,0,00,0FF1,4,0
32,0,00,193D,4,0
32,0,00,2F2D,4002,0
32,0,00,313B,22,0
32,0,00,319C,272,0
32,0,00,31BB,840,0
32,0,00,34EF,308,0
32,0,00,593D,12,0
32,0,02,4DD1,6,0
32,0,03,5BF4,6,0
32,0,03,5C0A,8,0
32,0,05,41C5,10,0
32,0,05,781F,16,0
32,0,08,5400,474,388
32,0,08,5474,248,224
32,0,08,54B9,24,24
32,1,00,020D,3039,0
32,1,00,021D,16,0
32,1,00,02AB,60,0
32,1,00,2E7C,1,0
32,1,00,2F2D,22,0
32,1,00,3118,308,0
32,1,00,314B,1112,0
32,1,00,317B,2,0
32,1,00,34EF,22,0
32,1,02,4546,6,0
32,1,03,46CB,14,0
32,1,07,5F35,4,0
32,1,08,53D7,125,100
32,1,08,53E0,125,100
32,1,08,53E9,60,52
32,1,08,53F2,60,52
32,1,08,53FB,104,84
32,1,08,5459,173,157
32,1,08,545F,75,67
32,1,08,549E,23,23
32,1,08,54A4,1,1
33,0,00,01E1,4,0
33,0,00,020D,408,0
33,0,00,021D,40,0
33,0,00,02B1,8,0
33,0,00,02F0,4,0
33,0,00,0333,345,294
33,0,00,0683,2,0
33,0,00,0AD7,257,0
33,0,00,193D,4,0
33,0,00,2F2D,2722,0
33,0,00,593D,16,0
33,0,05,41C5,8,0
33,0,08,5400,330,279
33,0,08,5474,212,204
33,0,08,54B9,32,32
33,1,00,020D,2148,0
33,1,00,02AB,249,0
33,1,00,17E7,40,28
33,1,00,30AB,8,0
33,1,08,53D7,27,27
33,1,08,53E0,27,27
33,1,08,53E9,92,75
33,1,08,53F2,92,75
33,1,08,53FB,92,75
33,1,08,5459,57,57
33,1,08,545F,155,147
33,1,08,549E,5,5
33,1,08,54A4,27,27
34,0,00,020D,558,0
34,0,00,021D,14,0
34,0,00,02B1,11,0
34,0,00,0333,1491,1210
34,0,00,0763,12,0
34,0,00,0773,16,0
34,0,00,0AD7,213,0
34,0,00,0E1D,8,0
34,0,00,0F2F,2,0
34,0,00,193D,39,0
34,0,00,1D3D,4,0
34,0,00,2F2D,3026,0
34,0,00,319C,1392,0
34,0,00,31B4,28,0
34,0,00,31BB,1512,0
34,0,00,593D,8,0
34,0,00,5D3D,8,0
34,0,02,4DD1,2,0
34,0,06,433D,4,0
34,0,06,6E28,70,0
34,0,06,781F,40,0
34,0,08,5055,13477,1557
34,0,08,5079,18285,1578
34,0,08,509D,443,395
34,0,08,50C1,443,395
34,0,08,50E2,239,210
34,0,08,50F2,239,210
34,0,08,74CD,26,0
34,0,08,74D7,22,0
34,0,1A,781F,8,0
34,1,00,020D,2310,0
34,1,00,02AB,213,0
34,1,00,087D,5419,459
34,1,00,0AD7,2,0
34,1,00,2B59,2,0
34,1,00,2CEC,12,0
34,1,00,2F2D,14,0
34,1,00,314B,2932,0
34,1,00,348D,9,0
34,1,02,4546,2,0
34,1,06,5F9E,40,0
34,1,06,6D15,70,0
34,1,08,4248,956,706
34,1,08,483C,130,102
34,1,08,4F79,184,166
34,1,08,4F9E,112,102
34,1,08,4FDA,294,254
34,1,08,5011,236,204
34,1,08,7494,48,0
34,1,1F,4627,2,2
34,1,1F,5559,4,4
35,0,00,01C6,4,0
35,0,00,020D,837,0
35,0,00,021D,214,0
35,0,00,0227,4,0
35,0,00,027F,12,0
35,0,00,0333,2009,1737
35,0,00,03F1,12,0
35,0,00,05A1,4,0
35,0,00,06C7,4,0
35,0,00,0755,4,0
35,0,00,0773,18,0
35,0,00,07A1,4,0
35,0,00,07F7,14,0
35,0,00,0843,38,0
35,0,00,095B,4,0
35,0,00,0AD7,530,0
35,0,00,0D4B,8,0
35,0,00,0DAD,16,0
35,0,00,0E83,4,0
35,0,00,0F3B,12,0
35,0,00,193D,15,0
35,0,00,1D3D,12,0
35,0,00,2F2D,4746,0
35,0,00,319C,656,576
35,0,00,31BB,656,576
35,0,00,593D,16,0
35,0,00,5D3D,4,0
35,0,00,6C03,1,0
35,0,02,4DD1,2,0
35,0,03,553D,4,0
35,0,06,6E28,12,0
35,0,07,5F35,24,0
35,0,08,5055,25131,1818
35,0,08,5079,28268,1822
35,0,08,509D,751,652
35,0,08,50C1,752,653
35,0,08,50E2,250,214
35,0,08,50F2,250,214
35,0,1A,781F,9,0
35,1,00,020D,3570,0
35,1,00,021D,14,0
35,1,00,02AB,510,0
35,1,00,087D,476,372
35,1,00,0AD7,1,0
35,1,00,1D3D,4,0
35,1,00,2F2D,32,0
35,1,00,30AB,2,0
35,1,00,314B,1312,1152
35,1,02,4546,2,0
35,1,06,6D15,12,0
35,1,08,4248,24744,1688
35,1,08,483C,522,444
35,1,08,4F79,372,316
35,1,08,4F9E,444,380
35,1,08,4FDA,128,112
35,1,08,5011,126,110
35,1,1F,4EDD,1,1
36,0,00,020D,374,0
36,0,00,021D,64,0
36,0,00,0333,318647,23463
36,0,00,0661,4,0
36,0,00,0745,4,0
36,0,00,0773,2,0
36,0,00,0843,26,0
36,0,00,0AD7,18,0
36,0,00,0E83,14,0
36,0,00,0F25,10,0
36,0,00,2F2D,1948,0
36,0,00,31B4,13477,10901
36,0,00,31BB,11113,9993
36,0,00,593D,8,0
36,0,02,4CC1,2323,1647
36,0,02,4CE1,20,0
36,0,02,4CFF,85,37
36,0,02,4DD1,6,0
36,0,03,5BF4,1398,804
36,0,03,5C0A,1864,1072
36,0,03,5C60,357,225
36,0,04,43D4,201,65
36,0,04,43EF,287,103
36,0,04,4469,782,350
36,0,04,50DD,71669,20725
36,0,06,5429,8304,296
36,0,06,54AA,8274,272
36,0,06,552B,8204,234
36,0,06,55AC,331,250
36,0,06,5629,218,150
36,0,06,5670,184,124
36,0,06,570A,33132,1108
36,0,06,5721,33131,1107
36,0,06,5738,33131,1107
36,0,06,574C,33131,1107
36,0,06,57DA,142530,378
36,0,06,57F2,142530,378
36,0,06,58DA,1484,644
36,0,06,5CFF,1085,870
36,0,06,5D15,1085,870
36,0,06,5D2B,1085,870
36,0,06,5D40,1085,870
36,0,06,6E28,1,0
36,0,08,4CEC,1047,558
36,0,08,4D02,1396,744
36,0,08,4D43,356,236
36,1,00,0108,529,370
36,1,00,011C,16,0
36,1,00,011D,6,3
36,1,00,012B,3,2
36,1,00,017B,4,0
36,1,00,017E,5,1
36,1,00,0187,2,0
36,1,00,01A6,1,1
36,1,00,01AC,9,8
36,1,00,01AF,3,3
36,1,00,01C9,1,1
36,1,00,0205,545,384
36,1,00,020D,2018,386
36,1,00,021D,641,338
36,1,00,02AB,18,0
36,1,00,0330,28,0
36,1,00,05A1,2,0
36,1,00,0623,2,0
36,1,00,0661,12,0
36,1,00,0683,1,1
36,1,00,06FF,16265,407
36,1,00,0E1D,2,0
36,1,00,1A1D,12,6
36,1,00,268E,189,136
36,1,00,26C1,19,7
36,1,00,26D0,3,3
36,1,00,276C,7830,226
36,1,00,2799,24,2
36,1,00,27A5,18,0
36,1,00,27B1,40,7
36,1,00,27BD,52,19
36,1,00,282C,66,56
36,1,00,286D,6,4
36,1,00,2AD8,2,0
36,1,00,2DFD,8,4
36,1,00,2F2D,14,0
36,1,00,314B,24590,20894
36,1,02,4546,6,0
36,1,02,4F53,20,0
36,1,02,5117,2035,1478
36,1,03,431D,56,0
36,1,03,46CB,749,301
36,1,03,49C8,434,392
36,1,03,4C2C,98,0
36,1,03,52FD,98,0
36,1,03,550E,308,280
36,1,03,55D2,1519,903
36,1,04,409F,334,214
36,1,04,40A7,48,20
36,1,04,4215,201,65
36,1,04,424B,219,83
36,1,04,4579,166,82
36,1,04,4629,74,54
36,1,04,4716,8,0
36,1,04,47C1,8,0
36,1,04,4CC0,8,0
36,1,04,4F69,140,0
36,1,04,4F7B,20,0
36,1,04,5057,3818,2440
36,1,04,506E,31249,7210
36,1,04,5075,31178,7196
36,1,04,5091,3800,2739
36,1,06,4D8B,24594,660
36,1,06,4D94,24594,660
36,1,06,4D9D,24594,660
36,1,06,4DA6,24592,658
36,1,06,4DCA,447,279
36,1,06,4DD3,447,279
36,1,06,4F69,126,126
36,1,06,567D,331,250
36,1,06,5794,285060,756
36,1,06,5877,371,161
36,1,06,5880,371,161
36,1,06,5889,371,161
36,1,06,5892,371,161
36,1,06,5B52,2592,1860
36,1,06,5BBB,732,660
36,1,06,5CA5,1016,960
36,1,06,5EDD,33131,1107
36,1,06,6D15,1,0
36,1,06,6E28,2,0
36,1,08,48F4,1302,679
36,1,08,4A31,1141,623
36,1,1F,40B3,4,0
36,1,1F,4590,4,0
36,1,1F,4A7E,4,0
36,1,1F,501E,5,0
36,1,1F,507D,75,2
36,1,1F,50BD,4,0
36,1,1F,5115,54,48
36,1,1F,5168,8,0
36,1,1F,5188,4,0
36,1,1F,51CF,16,6
36,1,1F,5334,5,0
36,1,1F,536D,4,0
36,1,1F,5437,7,3
36,1,1F,543D,52,16
36,1,1F,5443,37,26
36,1,1F,544C,4,4
36,1,1F,545E,30,26
36,1,1F,5467,4,0
36,1,1F,5489,3,0
36,1,1F,5496,20,0
36,1,1F,5499,25,0
36,1,1F,549D,10,4
36,1,1F,54A0,1,0
36,1,1F,54BE,11,8
36,1,1F,54BF,176,172
36,1,1F,54C3,8,0
36,1,1F,550D,20,0
36,1,1F,5521,14,14
36,1,1F,5532,3,1
36,1,1F,5535,5,1
36,1,1F,5539,12,0
36,1,1F,555C,2,0
36,1,1F,5564,14,14
36,1,1F,5567,3,1
36,1,1F,556D,24,20
36,1,1F,5575,9,0
36,1,1F,5607,17,15
36,1,1F,560A,1,1
36,1,1F,5873,2,0
36,1,1F,5C04,15,7
37,0,00,01A9,4,0
37,0,00,020D,507,0
37,0,00,021D,44,0
37,0,00,0243,4,0
37,0,00,0269,4,0
37,0,00,0333,752,361
37,0,00,0683,18,0
37,0,00,0773,4,0
37,0,00,0843,2,0
37,0,00,09E1,8,0
37,0,00,0AD7,508,0
37,0,00,0D4B,12,0
37,0,00,0F25,12,0
37,0,00,0F4B,16,0
37,0,00,0FF3,28,0
37,0,00,193D,64,0
37,0,00,1D3D,14,0
37,0,00,2F2D,2984,0
37,0,00,31B4,28,0
37,0,00,593D,30,0
37,0,00,73A7,1,0
37,0,02,4CFF,162,68
37,0,02,4DD1,4,0
37,0,02,4E2B,4,0
37,0,02,4EA8,6,0
37,0,03,5BF4,42,0
37,0,03,5C0A,56,0
37,0,03,5C60,4,0
37,0,04,43D4,249,181
37,0,04,43EF,319,235
37,0,04,4469,1076,726
37,0,06,5429,2,0
37,0,06,54AA,2,0
37,0,06,552B,2,0
37,0,06,570A,8,0
37,0,06,5721,8,0
37,0,06,5738,8,0
37,0,06,574C,8,0
37,0,06,57DA,28,0
37,0,06,57F2,28,0
37,0,06,58DA,56,0
37,0,06,5CFF,184,160
37,0,06,5D15,184,160
37,0,06,5D2B,184,160
37,0,06,5D40,184,160
37,0,06,6E28,40,0
37,0,06,781F,16,0
37,0,08,4CEC,6,0
37,0,08,4D02,8,0
37,0,08,4D43,2,0
37,0,08,533D,2,0
37,1,00,017B,4,0
37,1,00,0187,12,0
37,1,00,020D,2328,0
37,1,00,021D,99,67
37,1,00,02AB,500,0
37,1,00,06FF,2,0
37,1,00,2F2D,54,0
37,1,00,30AB,8,0
37,1,00,314B,28,0
37,1,00,593D,8,0
37,1,02,4546,4,0
37,1,02,5117,63,1
37,1,03,46CB,70,0
37,1,03,4C2C,14,0
37,1,03,52FD,14,0
37,1,04,409F,668,428
37,1,04,40A7,86,60
37,1,04,4215,249,181
37,1,04,424B,231,175
37,1,04,4579,240,192
37,1,04,4629,122,106
37,1,04,4716,16,0
37,1,04,47C1,16,0
37,1,04,47C9,2,0
37,1,04,4CC0,14,0
37,1,06,4D8B,8,0
37,1,06,4D94,8,0
37,1,06,4D9D,8,0
37,1,06,4DA6,8,0
37,1,06,5794,56,0
37,1,06,5877,14,0
37,1,06,5880,14,0
37,1,06,5889,14,0
37,1,06,5892,14,0
37,1,06,5B52,664,640
37,1,06,5BBB,64,0
37,1,06,5CA5,8,0
37,1,06,5F9E,16,0
37,1,06,6D15,40,0
37,1,08,48F4,14,0
37,1,1F,48F5,2,0
38,0,00,020D,392,0
38,0,00,021D,10,0
38,0,00,024F,27,0
38,0,00,02B1,24,0
38,0,00,0333,946,756
38,0,00,03F1,4,0
38,0,00,0721,8,0
38,0,00,0745,4,0
38,0,00,0AD7,225,0
38,0,00,0E5D,2,0
38,0,00,0EA1,12,0
38,0,00,0F25,10,0
38,0,00,0F3B,14,0
38,0,00,0FF1,4,0
38,0,00,1D3D,8,0
38,0,00,2F2D,2172,0
38,0,00,31B4,11872,11872
38,0,00,31BB,1632,1632
38,0,00,5D3D,4,0
38,0,00,6CF5,1,0
38,0,00,73D1,1,0
38,0,02,4CFF,147,83
38,0,02,4DD1,10,0
38,0,03,5BF4,18,0
38,0,03,5C0A,24,0
38,0,04,43D4,227,151
38,0,04,43EF,313,209
38,0,04,4469,937,652
38,0,04,44D8,12,0
38,0,06,5CFF,529,268
38,0,06,5D15,529,268
38,0,06,5D2B,529,268
38,0,06,5D40,529,268
38,0,06,6E28,12,0
38,0,06,727E,6,0
38,0,1A,781F,8,0
38,0,38,7D61,1,0
38,1,00,0187,4,0
38,1,00,01B2,2,0
38,1,00,020D,1606,0
38,1,00,021D,99,83
38,1,00,02AB,225,0
38,1,00,0724,190,134
38,1,00,0F02,12,12
38,1,00,2F2D,14,0
38,1,00,314B,13504,13504
38,1,02,4546,10,0
38,1,02,4F53,16,0
38,1,02,5117,32,0
38,1,03,46CB,14,0
38,1,03,55D2,28,0
38,1,04,409F,418,286
38,1,04,40A7,60,48
38,1,04,40BF,8,0
38,1,04,4215,227,151
38,1,04,424B,233,161
38,1,04,4579,187,143
38,1,04,4629,101,89
38,1,04,4716,8,0
38,1,04,4724,2,0
38,1,04,47C1,8,0
38,1,04,47E1,2,0
38,1,04,4952,4,0
38,1,04,4CC0,5,0
38,1,04,4F69,20,0
38,1,04,4F7B,16,0
38,1,06,5B52,672,608
38,1,06,5BBB,1044,112
38,1,06,5CA5,400,352
38,1,06,6D15,12,0
38,1,1F,75AC,8,0
39,0,00,01E1,4,0
39,0,00,020D,303,0
39,0,00,021D,18,0
39,0,00,0243,8,0
39,0,00,02B1,4,0
39,0,00,0333,860,715
39,0,00,0745,2,0
39,0,00,0AD7,137,0
39,0,00,0E1D,4,0
39,0,00,0F25,14,0
39,0,00,193D,4,0
39,0,00,1D3D,2,0
39,0,00,2F2D,1848,0
39,0,00,31B4,9016,9016
39,0,00,31BB,2016,2016
39,0,00,593D,4,0
39,0,00,6C77,1,0
39,0,00,73D1,1,0
39,0,02,4CFF,83,55
39,0,02,4DD1,7,0
39,0,04,43D4,151,107
39,0,04,43EF,204,148
39,0,04,4469,760,536
39,0,06,5CFF,222,198
39,0,06,5D15,222,198
39,0,06,5D2B,222,198
39,0,06,5D40,222,198
39,0,07,68DD,2,0
39,0,09,71CA,4,0
39,1,00,0187,4,0
39,1,00,020D,1460,0
39,1,00,021D,67,55
39,1,00,02AB,135,0
39,1,00,30AB,2,0
39,1,00,314B,11032,11032
39,1,02,4546,7,0
39,1,02,5117,16,0
39,1,04,409F,336,288
39,1,04,40A7,28,20
39,1,04,4215,151,107
39,1,04,424B,176,128
39,1,04,4579,212,132
39,1,04,4629,132,116
39,1,04,4F69,80,0
39,1,06,5B52,616,552
39,1,06,5BBB,108,76
39,1,06,5CA5,164,164
39,1,09,61BA,4,0
39,1,1F,4E29,4,0
39,1,1F,4EDD,1,1
39,1,1F,5431,2,0
3A,0,00,011D,4,0
3A,0,00,020D,1085,0
3A,0,00,021D,152,0
3A,0,00,0249,4,0
3A,0,00,024F,27,0
3A,0,00,0333,572,484
3A,0,00,0661,4,0
3A,0,00,06FF,2,0
3A,0,00,07A1,16,0
3A,0,00,0AD7,421,0
3A,0,00,0D4B,4,0
3A,0,00,0DAD,8,0
3A,0,00,0E1D,4,0
3A,0,00,0F25,14,0
3A,0,00,0F3B,4,0
3A,0,00,1485,4,0
3A,0,00,193D,22,0
3A,0,00,1D3D,130,0
3A,0,00,2F2D,5548,0
3A,0,00,31B4,6524,6524
3A,0,00,31BB,2048,2048
3A,0,00,593D,4,0
3A,0,00,5DED,6,0
3A,0,00,7C4D,4,0
3A,0,02,4CFF,108,80
3A,0,02,4DD1,8,0
3A,0,03,5BF4,12,0
3A,0,03,5C0A,16,0
3A,0,04,43D4,129,113
3A,0,04,43EF,229,201
3A,0,04,4469,796,684
3A,0,05,41C5,1,0
3A,0,05,781F,8,0
3A,0,06,5CFF,182,158
3A,0,06,5D15,182,158
3A,0,06,5D2B,182,158
3A,0,06,5D40,182,158
3A,0,06,6E28,1,0
3A,0,07,5F35,24,0
3A,0,09,5F5D,8,0
3A,0,1A,781F,32,0
3A,0,3D,781F,8,0
3A,1,00,017E,4,0
3A,1,00,020D,4186,0
3A,1,00,021D,90,80
3A,1,00,02AB,421,0
3A,1,00,2F2D,94,0
3A,1,00,314B,8572,8572
3A,1,00,593D,4,0
3A,1,02,4546,8,0
3A,1,02,4F53,4,0
3A,1,02,5117,16,0
3A,1,03,46CB,28,0
3A,1,04,409F,382,358
3A,1,04,40A7,60,60
3A,1,04,4215,129,113
3A,1,04,424B,165,141
3A,1,04,4579,172,132
3A,1,04,4629,202,194
3A,1,04,4F69,40,0
3A,1,04,4F7B,4,0
3A,1,06,5B52,392,312
3A,1,06,5BBB,92,76
3A,1,06,5CA5,244,244
3A,1,06,6D15,1,0
3A,1,1F,75A4,2,2
3B,0,00,011D,28,0
3B,0,00,0205,4,0
3B,0,00,020D,292,0
3B,0,00,021D,30,0
3B,0,00,02AB,16,0
3B,0,00,0333,540,540
3B,0,00,04C4,2,0
3B,0,00,0AD7,509,0
3B,0,00,0F25,2,0
3B,0,00,2F2D,1728,0
3B,0,00,31B4,1680,1680
3B,0,00,593D,16,0
3B,0,00,6B85,1,0
3B,0,00,6CA7,1,0
3B,0,02,4CFF,59,59
3B,0,02,4DD1,8,0
3B,0,04,43D4,121,121
3B,0,04,43EF,174,174
3B,0,04,4469,792,792
3B,0,06,5CFF,38,38
3B,0,06,5D15,38,38
3B,0,06,5D2B,38,38
3B,0,06,5D40,38,38
3B,0,06,727E,4,0
3B,0,1B,6FAD,4,0
3B,0,3D,781F,8,0
3B,1,00,020D,1324,0
3B,1,00,021D,59,59
3B,1,00,02AB,497,0
3B,1,00,0330,198,198
3B,1,00,0AD7,1,0
3B,1,00,180D,2,2
3B,1,00,2F2D,6,0
3B,1,00,30AB,12,0
3B,1,00,314B,1680,1680
3B,1,02,4546,8,0
3B,1,04,409F,321,321
3B,1,04,40A7,53,53
3B,1,04,4215,121,121
3B,1,04,424B,121,121
3B,1,04,4579,99,99
3B,1,04,4629,174,174
3B,1,06,5B52,128,128
3B,1,06,5CA5,24,24
3B,1,1F,4EDD,2,2
3C,0,00,020D,551,0
3C,0,00,021D,128,0
3C,0,00,0333,194092,16520
3C,0,00,0661,4,0
3C,0,00,0755,5,0
3C,0,00,0907,14,0
3C,0,00,0AD7,762,0
3C,0,00,0D69,4,0
3C,0,00,0E1D,7,0
3C,0,00,0E5D,4,0
3C,0,00,0F3B,14,0
3C,0,00,0FF1,4,0
3C,0,00,2F2D,2738,0
3C,0,00,593D,26,0
3C,0,00,5D3D,12,0
3C,0,00,5DED,6,0
3C,0,02,4CFF,68208,2259
3C,0,02,4DD1,10,0
3C,0,03,5BF4,3009,1836
3C,0,03,5C0A,4012,2448
3C,0,03,5C60,11223,651
3C,0,04,43D4,172,172
3C,0,04,43EF,220,220
3C,0,04,4469,694,694
3C,0,06,4B54,2,0
3C,0,06,5CFF,30,18
3C,0,06,5D15,30,18
3C,0,06,5D2B,30,18
3C,0,06,5D40,30,18
3C,1,00,011C,44,40
3C,1,00,011D,217,181
3C,1,00,012B,2,0
3C,1,00,012D,29,27
3C,1,00,0164,68,4
3C,1,00,017E,20,18
3C,1,00,020D,2025,13
3C,1,00,021D,68235,2272
3C,1,00,02AB,762,0
3C,1,00,03F1,2,0
3C,1,00,0614,8,0
3C,1,00,0623,4,0
3C,1,00,06FF,234,209
3C,1,00,0721,2,0
3C,1,00,0E1D,26,26
3C,1,00,0E83,2,0
3C,1,00,0F02,6,2
3C,1,00,0F3B,2,0
3C,1,00,101E,8,8
3C,1,00,1A1D,7,7
3C,1,00,268E,214,188
3C,1,00,26C1,8,4
3C,1,00,26D0,3,3
3C,1,00,26DF,16,15
3C,1,00,26EE,17,15
3C,1,00,2DFD,43,19
3C,1,00,2F2D,28,0
3C,1,02,4546,10,0
3C,1,03,40A7,1148,553
3C,1,03,431D,203,189
3C,1,03,46CB,2156,588
3C,1,03,49C8,1631,1379
3C,1,03,4D02,119,119
3C,1,03,4EC0,231,175
3C,1,03,52FD,273,273
3C,1,03,550E,28,28
3C,1,03,55D2,1232,980
3C,1,04,409F,436,436
3C,1,04,40A7,65,65
3C,1,04,4215,172,172
3C,1,04,424B,155,155
3C,1,04,4579,136,136
3C,1,04,4629,122,122
3C,1,06,45EE,2,0
3C,1,06,5B52,104,72
3C,1,06,5BBB,16,0
3C,1,1F,74C7,103,42
3C,1,1F,74D1,72,72
3C,1,1F,7B22,9,9
3D,0,00,020D,535,0
3D,0,00,021D,66,0
3D,0,00,0333,486,439
3D,0,00,087D,2,0
3D,0,00,0897,26,0
3D,0,00,0AD7,8031,0
3D,0,00,0FF3,4,0
3D,0,00,193D,205,0
3D,0,00,1D3D,201,0
3D,0,00,2F2D,2676,0
3D,0,00,31B4,560,560
3D,0,00,3C4D,4,0
3D,0,00,593D,4,0
3D,0,00,5D3D,8,0
3D,0,00,5DED,2,0
3D,0,02,4CFF,103,86
3D,0,02,4DD1,8,0
3D,0,03,553D,1,0
3D,0,03,5BF4,24,24
3D,0,03,5C0A,32,32
3D,0,03,5C60,10,8
3D,0,03,5DED,2,0
3D,0,03,733D,2,0
3D,0,04,43D4,171,171
3D,0,04,43EF,233,233
3D,0,04,4469,588,588
3D,0,05,41C5,16,0
3D,0,06,5CFF,84,56
3D,0,06,5D15,84,56
3D,0,06,5D2B,84,56
3D,0,06,5D40,84,56
3D,0,3D,781F,64,0
3D,1,00,011D,6,6
3D,1,00,0187,1,0
3D,1,00,020D,1958,0
3D,1,00,021D,100,86
3D,1,00,02AB,8019,0
3D,1,00,06FF,6,6
3D,1,00,0AD7,394,0
3D,1,00,2F2D,26,0
3D,1,00,30AB,8,0
3D,1,00,314B,560,560
3D,1,00,593D,4,0
3D,1,02,4546,8,0
3D,1,02,5117,5,0
3D,1,03,530C,2,0
3D,1,03,550E,56,56
3D,1,04,409F,448,448
3D,1,04,40A7,71,71
3D,1,04,4215,171,171
3D,1,04,424B,162,162
3D,1,04,4579,140,140
3D,1,06,5B52,224,112
3D,1,06,5BBB,8,8
3D,1,06,5CA5,104,104
3E,0,00,011D,4,0
3E,0,00,01A6,4,0
3E,0,00,01AF,12,0
3E,0,00,01CE,4,0
3E,0,00,01ED,12,0
3E,0,00,020D,1954,0
3E,0,00,021D,334,0
3E,0,00,024F,39,0
3E,0,00,027F,16,0
3E,0,00,02AB,4,0
3E,0,00,0333,1373761,1194420
3E,0,00,03F1,4,0
3E,0,00,06D1,16,0
3E,0,00,06F5,18,0
3E,0,00,0745,14,0
3E,0,00,0755,10,0
3E,0,00,07A1,12,0
3E,0,00,0843,26,0
3E,0,00,0869,4,0
3E,0,00,087D,8,0
3E,0,00,0955,14,0
3E,0,00,095B,2,0
3E,0,00,09E1,20,0
3E,0,00,0AD7,24796,0
3E,0,00,0DAD,7,0
3E,0,00,0E5D,16,0
3E,0,00,0F2F,2,0
3E,0,00,0F3B,4,0
3E,0,00,1021,18,0
3E,0,00,193D,149,0
3E,0,00,1D3D,200,0
3E,0,00,2F2D,10299,0
3E,0,00,31B4,27,0
3E,0,00,593D,52,0
3E,0,00,5D3D,4,0
3E,0,00,5DED,4,0
3E,0,00,6CB7,1,0
3E,0,02,4DD1,2,0
3E,0,03,553D,4,0
3E,0,03,5BF4,6,0
3E,0,03,5C0A,8,0
3E,0,04,44D8,12,0
3E,0,04,633D,21,0
3E,0,05,41C5,51,0
3E,0,05,781F,24,0
3E,0,06,433D,33,0
3E,0,06,483D,3,0
3E,0,06,4B35,2,0
3E,0,06,6E28,65,0
3E,0,06,727E,12,0
3E,0,06,781F,59,0
3E,0,07,5F35,36,0
3E,0,08,5055,650,566
3E,0,08,5079,672,588
3E,0,08,509D,4,0
3E,0,08,50C1,4,0
3E,0,08,74CD,339312,296412
3E,0,08,74D7,339850,296153
3E,0,0F,643D,8,0
3E,0,19,6A05,1,0
3E,0,1A,781F,8,0
3E,0,1E,717B,1,0
3E,0,1E,7C47,1,0
3E,0,2E,673D,8,0
3E,0,3D,781F,64,0
3E,1,00,01B2,4,0
3E,1,00,020D,8058,0
3E,1,00,02AB,24758,0
3E,1,00,0559,191,148
3E,1,00,0614,1,1
3E,1,00,0623,348,0
3E,1,00,0755,1,0
3E,1,00,0AD7,214,0
3E,1,00,0F02,1,0
3E,1,00,1DDF,4,2
3E,1,00,2F2D,197,0
3E,1,00,30AB,12,0
3E,1,00,314B,27,0
3E,1,02,4546,2,0
3E,1,03,46CB,10,0
3E,1,04,40BF,8,0
3E,1,04,4724,2,0
3E,1,04,47E1,2,0
3E,1,04,633D,12,0
3E,1,06,45EB,2,0
3E,1,06,5F9E,59,0
3E,1,06,6D15,65,0
3E,1,08,7494,679162,592565
3E,1,1F,40B3,6,5
3E,1,1F,40FB,1,0
3E,1,1F,44F8,1,0
3E,1,1F,45FF,34,20
3E,1,1F,4785,30,1
3E,1,1F,4791,35,0
3E,1,1F,47D1,2,0
3E,1,1F,4851,17,10
3E,1,1F,4893,88,85
3E,1,1F,4899,6,5
3E,1,1F,4953,199,194
3E,1,1F,4A61,19,4
3E,1,1F,4A7E,2,0
3E,1,1F,4C11,28,1
3E,1,1F,4E29,2,0
3E,1,1F,4EDD,4,4
3E,1,1F,50AB,3,2
3E,1,1F,50BD,20,4
3E,1,1F,5364,2,0
3E,1,1F,5489,59,0
3E,1,1F,548F,2,0
3E,1,1F,5499,3,0
3E,1,1F,54BF,3,1
3E,1,1F,550D,6,3
3E,1,1F,5519,5,3
3E,1,1F,5567,1,0
3E,1,1F,556D,8,2
3E,1,1F,580E,2,0
3E,1,1F,5873,9,2
3F,0,00,011D,148,0
3F,0,00,012B,72,0
3F,0,00,012D,8,0
3F,0,00,01AF,12,0
3F,0,00,020D,1385,0
3F,0,00,021D,474,0
3F,0,00,0227,72,0
3F,0,00,0243,24,0
3F,0,00,0249,24,0
3F,0,00,024F,24,0
3F,0,00,0269,12,0
3F,0,00,02A7,5,0
3F,0,00,02AB,801,0
3F,0,00,0333,881207,713945
3F,0,00,03F1,4,0
3F,0,00,0623,72,0
3F,0,00,0683,100,0
3F,0,00,06D1,2,0
3F,0,00,06F5,96,0
3F,0,00,06FF,208,0
3F,0,00,0755,96,0
3F,0,00,0763,26,0
3F,0,00,0773,96,0
3F,0,00,07A1,44,0
3F,0,00,07F7,96,0
3F,0,00,0843,192,0
3F,0,00,0869,96,0
3F,0,00,087D,12,0
3F,0,00,0897,32,0
3F,0,00,095B,4,0
3F,0,00,0AD7,18454,0
3F,0,00,0F4B,4,0
3F,0,00,1D3D,18,0
3F,0,00,2F2D,89989,0
3F,0,00,319C,492,0
3F,0,00,34AC,32,0
3F,0,00,593D,38,0
3F,0,00,5D3D,14,0
3F,0,00,5DED,10,0
3F,0,00,6B43,1,0
3F,0,03,63A9,286,234
3F,0,03,63B7,286,234
3F,0,05,7ED4,2,0
3F,0,05,7F18,4,0
3F,0,06,727E,12,0
3F,0,07,5F35,12,0
3F,0,08,7274,9391,9156
3F,0,08,737C,11878,9380
3F,0,08,738A,11840,9372
3F,0,08,7398,11840,9372
3F,0,08,73F4,5995,5432
3F,0,08,7402,9126,5446
3F,0,08,7410,9128,5444
3F,0,08,74CD,192105,171503
3F,0,08,74D7,189023,171349
3F,0,1A,781F,6,0
3F,0,3D,781F,40,0
3F,0,3F,728D,5,0
3F,1,00,0108,3,0
3F,1,00,020D,5166,0
3F,1,00,02A0,83263,0
3F,1,00,02AB,18352,0
3F,1,00,0614,2,2
3F,1,00,199D,2,0
3F,1,00,2F2D,69796,54070
3F,1,00,309D,2,0
3F,1,00,30AB,10,0
3F,1,00,314B,492,0
3F,1,05,77D4,2,0
3F,1,05,7810,4,0
3F,1,07,5F35,4,0
3F,1,08,7494,381128,342852
3F,1,1F,40B3,3,3
3F,1,1F,410B,2,0
3F,1,1F,44F8,17,0
3F,1,1F,4569,3,0
3F,1,1F,45C9,1,1
3F,1,1F,45FF,9,5
3F,1,1F,46E9,2,0
3F,1,1F,4785,10,2
3F,1,1F,4791,22,1
3F,1,1F,4851,15,11
3F,1,1F,4893,40,38
3F,1,1F,4899,12,10
3F,1,1F,48BD,2,2
3F,1,1F,4953,51,47
3F,1,1F,4A61,52,25
3F,1,1F,4C11,1,1
3F,1,1F,4CE7,3,0
3F,1,1F,4EDD,5,3
3F,1,1F,507D,6,0
3F,1,1F,50AB,20,18
3F,1,1F,50BD,7,4
3F,1,1F,5489,57,0
3F,1,1F,54BF,1,1
3F,1,1F,550D,1,1
3F,1,1F,5519,1,1
3F,1,1F,5559,3,0
3F,1,1F,5567,18,16
3F,1,1F,556D,12,5
3F,1,1F,580E,7,0
3F,1,1F,5873,4,3
