n,frame,master,master_tx,master_rx,phase,initiator_tx,responder_tx,data_index,A_stage,B_stage,A_cmd,B_cmd_rx,A_ready,B_ready,delivered
0,268,A,29,12,HELLO,29,12,,0,0,00,00,00,00,1
1,268,B,00,1B,INFO,1B,00,,1,1,00,00,00,00,1
2,364,A,00,00,PRELUDE,00,00,,1,1,40,00,01,00,1
3,364,B,00,40,COMMAND,40,00,,2,2,40,00,01,00,1
4,364,A,00,00,SYNC,00,00,,3,3,40,40,01,00,1
5,364,B,00,01,SYNC,01,00,,3,3,40,40,01,00,1
6,364,A,00,01,DATA,00,01,first(not stored),0,0,40,40,00,00,1
7,364,B,00,D7,DATA,D7,00,0,0,0,40,40,00,00,1
8,364,A,7F,06,DATA,7F,06,1,0,0,40,40,00,00,1
9,364,B,01,3F,DATA,3F,01,2,0,0,40,40,00,00,1
10,364,A,FF,05,DATA,FF,05,3,0,0,40,40,00,00,1
11,364,B,02,5D,DATA,5D,02,4,0,0,40,40,00,00,1
12,364,A,FF,05,DATA,FF,05,5,0,0,40,40,00,00,1
13,364,B,03,1F,DATA,1F,03,6,0,0,40,40,00,00,1
14,364,A,FF,05,DATA,FF,05,7,0,0,40,40,00,00,1
15,364,B,02,D5,DATA,D5,02,8,0,0,40,40,00,00,1
16,364,A,7F,05,DATA,7F,05,9,0,0,40,40,00,00,1
17,364,B,01,0F,DATA,0F,01,10,0,0,40,40,00,00,1
18,364,A,FF,05,DATA,FF,05,11,0,0,40,40,00,00,1
19,364,B,00,D5,DATA,D5,00,12,0,0,40,40,00,00,1
20,364,A,7F,06,DATA,7F,06,13,0,0,40,40,00,00,1
21,364,B,04,0F,DATA,0F,04,14,0,0,40,40,00,00,1
22,364,A,FF,05,DATA,FF,05,15,0,0,40,40,00,00,1
23,364,B,05,55,DATA,55,05,16,0,0,40,40,00,00,1
24,364,A,FF,05,DATA,FF,05,17,0,0,40,40,00,00,1
25,364,B,06,F3,DATA,F3,06,18,0,0,40,40,00,00,1
26,364,A,FF,05,DATA,FF,05,19,0,0,40,40,00,00,1
27,364,B,05,D5,DATA,D5,05,20,0,0,40,40,00,00,1
28,364,A,FF,05,DATA,FF,05,21,0,0,40,40,00,00,1
29,364,B,04,EF,DATA,EF,04,22,0,0,40,40,00,00,1
30,364,A,FF,05,DATA,FF,05,23,0,0,40,40,00,00,1
31,364,B,FF,F5,DATA,F5,FF,24,0,0,40,40,00,00,1
32,364,A,FF,00,DATA,FF,00,25,0,0,40,40,00,00,1
33,364,B,FF,FA,DATA,FA,FF,26,0,0,40,40,00,00,1
34,364,A,FF,FF,DATA,FF,FF,27,0,0,40,40,00,00,1
35,364,B,FF,55,DATA,55,FF,28,0,0,40,40,00,00,1
36,364,A,FF,FF,DATA,FF,FF,29,0,0,40,40,00,00,1
37,364,B,FF,EA,DATA,EA,FF,30,0,0,40,40,00,00,1
38,364,A,FF,FF,DATA,FF,FF,31,0,0,40,40,00,00,1
39,364,B,FF,7F,DATA,7F,FF,32,0,0,40,40,00,00,1
40,364,A,FF,FF,DATA,FF,FF,33,0,0,40,40,00,00,1
41,364,B,FF,FF,DATA,FF,FF,34,0,0,40,40,00,00,1
42,364,A,FF,FF,DATA,FF,FF,35,0,0,40,40,00,00,1
43,364,B,FF,5D,DATA,5D,FF,36,0,0,40,40,00,00,1
44,364,A,FF,FF,DATA,FF,FF,37,0,0,40,40,00,00,1
45,364,B,FF,FF,DATA,FF,FF,38,0,0,40,40,00,00,1
46,364,A,FF,FF,DATA,FF,FF,39,0,0,40,40,00,00,1
47,364,B,FF,55,DATA,55,FF,40,0,0,40,40,00,00,1
48,364,A,FF,FF,DATA,FF,FF,41,0,0,40,40,00,00,1
49,364,B,FF,3A,DATA,3A,FF,42,0,0,40,40,00,00,1
50,364,A,FF,FF,DATA,FF,FF,43,0,0,40,40,00,00,1
51,364,B,FF,55,DATA,55,FF,44,0,0,40,40,00,00,1
52,364,A,FF,FF,DATA,FF,FF,45,0,0,40,40,00,00,1
53,364,B,FF,46,DATA,46,FF,46,0,0,40,40,00,00,1
54,364,A,FF,FF,DATA,FF,FF,47,0,0,40,40,00,00,1
55,364,B,FF,55,DATA,55,FF,48,0,0,40,40,00,00,1
56,364,A,FF,00,DATA,FF,00,49,0,0,40,40,00,00,1
57,364,B,00,BF,DATA,BF,00,50,0,0,40,40,00,00,1
58,364,A,FF,00,DATA,FF,00,51,0,0,40,40,00,00,1
59,364,B,00,D5,DATA,D5,00,52,0,0,40,40,00,00,1
60,364,A,FF,00,DATA,FF,00,53,0,0,40,40,00,00,1
61,364,B,00,CB,DATA,CB,00,54,0,0,40,40,00,00,1
62,364,A,FF,00,DATA,FF,00,55,0,0,40,40,00,00,1
63,364,B,00,5D,DATA,5D,00,56,0,0,40,40,00,00,1
64,364,A,F7,00,DATA,F7,00,57,0,0,40,40,00,00,1
65,364,B,00,A8,DATA,A8,00,58,0,0,40,40,00,00,1
66,364,A,FF,00,DATA,FF,00,59,0,0,40,40,00,00,1
67,364,B,00,55,DATA,55,00,60,0,0,40,40,00,00,1
68,364,A,FF,00,DATA,FF,00,61,0,0,40,40,00,00,1
69,364,B,00,CC,DATA,CC,00,62,0,0,40,40,00,00,1
70,364,A,FF,00,DATA,FF,00,63,0,0,40,40,00,00,1
71,364,B,00,50,DATA,50,00,64,0,0,40,40,00,00,1
72,364,A,FF,00,DATA,FF,00,65,0,0,40,40,00,00,1
73,364,B,00,72,DATA,72,00,66,0,0,40,40,00,00,1
74,364,A,FF,00,DATA,FF,00,67,0,0,40,40,00,00,1
75,364,B,00,D5,DATA,D5,00,68,0,0,40,40,00,00,1
76,364,A,FF,00,DATA,FF,00,69,0,0,40,40,00,00,1
77,364,B,00,FA,DATA,FA,00,70,0,0,40,40,00,00,1
78,364,A,FF,00,DATA,FF,00,71,0,0,40,40,00,00,1
79,364,B,00,7D,DATA,7D,00,72,0,0,40,40,00,00,1
80,364,A,FF,00,DATA,FF,00,73,0,0,40,40,00,00,1
81,364,B,00,FF,DATA,FF,00,74,0,0,40,40,00,00,1
82,364,A,FF,00,DATA,FF,00,75,0,0,40,40,00,00,1
83,364,B,00,55,DATA,55,00,76,0,0,40,40,00,00,1
84,364,A,FF,00,DATA,FF,00,77,0,0,40,40,00,00,1
85,364,B,00,03,DATA,03,00,78,0,0,40,40,00,00,1
86,364,A,FF,00,DATA,FF,00,79,0,0,40,40,00,00,1
87,364,B,00,15,DATA,15,00,80,0,0,40,40,00,00,1
88,364,A,FF,00,DATA,FF,00,81,0,0,40,40,00,00,1
89,364,B,00,2F,DATA,2F,00,82,0,0,40,40,00,00,1
90,364,A,FF,00,DATA,FF,00,83,0,0,40,40,00,00,1
91,364,B,00,55,DATA,55,00,84,0,0,40,40,00,00,1
92,364,A,FF,00,DATA,FF,00,85,0,0,40,40,00,00,1
93,364,B,00,FF,DATA,FF,00,86,0,0,40,40,00,00,1
94,364,A,FF,00,DATA,FF,00,87,0,0,40,40,00,00,1
95,364,B,00,55,DATA,55,00,88,0,0,40,40,00,00,1
96,364,A,FF,00,DATA,FF,00,89,0,0,40,40,00,00,1
97,364,B,00,23,DATA,23,00,90,0,0,40,40,00,00,1
98,364,A,FF,00,DATA,FF,00,91,0,0,40,40,00,00,1
99,364,B,00,D5,DATA,D5,00,92,0,0,40,40,00,00,1
100,364,A,FF,00,DATA,FF,00,93,0,0,40,40,00,00,1
101,364,B,00,FE,DATA,FE,00,94,0,0,40,40,00,00,1
102,364,A,FF,00,DATA,FF,00,95,0,0,40,40,00,00,1
103,364,B,00,55,DATA,55,00,96,0,0,40,40,00,00,1
104,364,A,FF,00,DATA,FF,00,97,0,0,40,40,00,00,1
105,364,B,00,00,DATA,00,00,98,0,0,40,40,00,00,1
106,364,A,FF,00,DATA,FF,00,99,0,0,40,40,00,00,1
107,364,B,00,54,DATA,54,00,100,0,0,40,40,00,00,1
108,364,A,FF,00,DATA,FF,00,101,0,0,40,40,00,00,1
109,364,B,00,E0,DATA,E0,00,102,0,0,40,40,00,00,1
110,364,A,FF,00,DATA,FF,00,103,0,0,40,40,00,00,1
111,364,B,00,51,DATA,51,00,104,0,0,40,40,00,00,1
112,364,A,FF,00,DATA,FF,00,105,0,0,40,40,00,00,1
113,364,B,00,FF,DATA,FF,00,106,0,0,40,40,00,00,1
114,364,A,FF,00,DATA,FF,00,107,0,0,40,40,00,00,1
115,364,B,00,7F,DATA,7F,00,108,0,0,40,40,00,00,1
116,364,A,FF,00,DATA,FF,00,109,0,0,40,40,00,00,1
117,364,B,00,EF,DATA,EF,00,110,0,0,40,40,00,00,1
118,364,A,FF,00,DATA,FF,00,111,0,0,40,40,00,00,1
119,364,B,00,7F,DATA,7F,00,112,0,0,40,40,00,00,1
120,364,A,FF,00,DATA,FF,00,113,0,0,40,40,00,00,1
121,364,B,00,7F,DATA,7F,00,114,0,0,40,40,00,00,1
122,364,A,FF,00,DATA,FF,00,115,0,0,40,40,00,00,1
123,364,B,00,7F,DATA,7F,00,116,0,0,40,40,00,00,1
124,364,A,FF,00,DATA,FF,00,117,0,0,40,40,00,00,1
125,364,B,00,FF,DATA,FF,00,118,0,0,40,40,00,00,1
126,364,A,FF,00,DATA,FF,00,119,0,0,40,40,00,00,1
127,364,B,00,7F,DATA,7F,00,120,0,0,40,40,00,00,1
128,364,A,FF,00,DATA,FF,00,121,0,0,40,40,00,00,1
129,364,B,00,FF,DATA,FF,00,122,0,0,40,40,00,00,1
130,364,A,FF,00,DATA,FF,00,123,0,0,40,40,00,00,1
131,364,B,00,FF,DATA,FF,00,124,0,0,40,40,00,00,1
132,364,A,FF,00,DATA,FF,00,125,0,0,40,40,00,00,1
133,364,B,00,FF,DATA,FF,00,126,0,0,40,40,00,00,1
134,364,A,FF,00,DATA,FF,00,127,0,0,40,40,00,00,1
135,364,B,00,FF,DATA,FF,00,128,0,0,40,40,00,00,1
136,364,A,FF,00,DATA,FF,00,129,0,0,40,40,00,00,1
137,364,B,00,FF,DATA,FF,00,130,0,0,40,40,00,00,1
138,364,A,FF,00,DATA,FF,00,131,0,0,40,40,00,00,1
139,364,B,00,FF,DATA,FF,00,132,0,0,40,40,00,00,1
140,364,A,FF,00,DATA,FF,00,133,0,0,40,40,00,00,1
141,380,B,00,FF,DATA,FF,00,134,0,0,40,40,00,00,1
142,380,A,FF,00,DATA,FF,00,135,0,0,40,40,00,00,1
143,380,B,00,FF,DATA,FF,00,136,0,0,40,40,00,00,1
144,380,A,FF,00,DATA,FF,00,137,0,0,40,40,00,00,1
145,380,B,00,FF,DATA,FF,00,138,0,0,40,40,00,00,1
146,380,A,FF,00,DATA,FF,00,139,0,0,40,40,00,00,1
147,380,B,00,FF,DATA,FF,00,140,0,0,40,40,00,00,1
148,380,A,FF,00,DATA,FF,00,141,0,0,40,40,00,00,1
149,380,B,00,FF,DATA,FF,00,142,0,0,40,40,00,00,1
150,380,A,FF,00,DATA,FF,00,143,0,0,40,40,00,00,1
151,380,B,00,FF,DATA,FF,00,144,0,0,40,40,00,00,1
152,380,A,FF,00,DATA,FF,00,145,0,0,40,40,00,00,1
153,380,B,00,FF,DATA,FF,00,146,0,0,40,40,00,00,1
154,380,A,FF,00,DATA,FF,00,147,0,0,40,40,00,00,1
155,380,B,00,FF,DATA,FF,00,148,0,0,40,40,00,00,1
156,380,A,FF,00,DATA,FF,00,149,0,0,40,40,00,00,1
157,380,B,00,FF,DATA,FF,00,150,0,0,40,40,00,00,1
158,380,A,FF,00,DATA,FF,00,151,0,0,40,40,00,00,1
159,380,B,00,FF,DATA,FF,00,152,0,0,40,40,00,00,1
160,380,A,FF,00,DATA,FF,00,153,0,0,40,40,00,00,1
161,380,B,00,FF,DATA,FF,00,154,0,0,40,40,00,00,1
162,380,A,FF,00,DATA,FF,00,155,0,0,40,40,00,00,1
163,380,B,00,FF,DATA,FF,00,156,0,0,40,40,00,00,1
164,380,A,FF,00,DATA,FF,00,157,0,0,40,40,00,00,1
165,380,B,00,FF,DATA,FF,00,158,0,0,40,40,00,00,1
166,380,A,FF,00,DATA,FF,00,159,0,0,40,40,00,00,1
167,380,B,00,FF,DATA,FF,00,160,0,0,40,40,00,00,1
168,380,A,FF,00,DATA,FF,00,161,0,0,40,40,00,00,1
169,380,B,00,FF,DATA,FF,00,162,0,0,40,40,00,00,1
170,380,A,FF,00,DATA,FF,00,163,0,0,40,40,00,00,1
171,380,B,00,FF,DATA,FF,00,164,0,0,40,40,00,00,1
172,380,A,FF,00,DATA,FF,00,165,0,0,40,40,00,00,1
173,380,B,00,FF,DATA,FF,00,166,0,0,40,40,00,00,1
174,380,A,FF,00,DATA,FF,00,167,0,0,40,40,00,00,1
175,380,B,00,FF,DATA,FF,00,168,0,0,40,40,00,00,1
176,380,A,FF,00,DATA,FF,00,169,0,0,40,40,00,00,1
177,380,B,00,FF,DATA,FF,00,170,0,0,40,40,00,00,1
178,380,A,FF,00,DATA,FF,00,171,0,0,40,40,00,00,1
179,380,B,00,FF,DATA,FF,00,172,0,0,40,40,00,00,1
180,380,A,FF,00,DATA,FF,00,173,0,0,40,40,00,00,1
181,380,B,00,FF,DATA,FF,00,174,0,0,40,40,00,00,1
182,380,A,FF,00,DATA,FF,00,175,0,0,40,40,00,00,1
183,380,B,00,FC,DATA,FC,00,176,0,0,40,40,00,00,1
184,380,A,FF,00,DATA,FF,00,177,0,0,40,40,00,00,1
185,380,B,00,FD,DATA,FD,00,178,0,0,40,40,00,00,1
186,380,A,FE,00,DATA,FE,00,179,0,0,40,40,00,00,1
187,380,B,00,FF,DATA,FF,00,180,0,0,40,40,00,00,1
188,380,A,FC,00,DATA,FC,00,181,0,0,40,40,00,00,1
189,380,B,00,FF,DATA,FF,00,182,0,0,40,40,00,00,1
190,380,A,FC,00,DATA,FC,00,183,0,0,40,40,00,00,1
191,380,B,00,F9,DATA,F9,00,184,0,0,40,40,00,00,1
192,380,A,FC,00,DATA,FC,00,185,0,0,40,40,00,00,1
193,380,B,00,FF,DATA,FF,00,186,0,0,40,40,00,00,1
194,380,A,F8,00,DATA,F8,00,187,0,0,40,40,00,00,1
195,380,B,00,F9,DATA,F9,00,188,0,0,40,40,00,00,1
196,380,A,FC,00,DATA,FC,00,189,0,0,40,40,00,00,1
197,380,B,00,FF,DATA,FF,00,190,0,0,40,40,00,00,1
198,380,A,F8,00,DATA,F8,00,191,0,0,40,40,00,00,1
199,380,B,00,57,DATA,57,00,192,0,0,40,40,00,00,1
200,380,A,FF,00,DATA,FF,00,193,0,0,40,40,00,00,1
201,380,B,00,C3,DATA,C3,00,194,0,0,40,40,00,00,1
202,380,A,3F,00,DATA,3F,00,195,0,0,40,40,00,00,1
203,380,B,00,E0,DATA,E0,00,196,0,0,40,40,00,00,1
204,380,A,1F,00,DATA,1F,00,197,0,0,40,40,00,00,1
205,380,B,00,F0,DATA,F0,00,198,0,0,40,40,00,00,1
206,380,A,0F,00,DATA,0F,00,199,0,0,40,40,00,00,1
207,380,B,00,78,DATA,78,00,200,0,0,40,40,00,00,1
208,380,A,07,00,DATA,07,00,201,0,0,40,40,00,00,1
209,380,B,00,FC,DATA,FC,00,202,0,0,40,40,00,00,1
210,380,A,03,00,DATA,03,00,203,0,0,40,40,00,00,1
211,380,B,00,DE,DATA,DE,00,204,0,0,40,40,00,00,1
212,380,A,01,00,DATA,01,00,205,0,0,40,40,00,00,1
213,380,B,00,FF,DATA,FF,00,206,0,0,40,40,00,00,1
214,380,A,00,00,DATA,00,00,207,0,0,40,40,00,00,1
215,380,B,00,55,DATA,55,00,208,0,0,40,40,00,00,1
216,380,A,00,00,DATA,00,00,209,0,0,40,40,00,00,1
217,380,B,00,BF,DATA,BF,00,210,0,0,40,40,00,00,1
218,380,A,00,00,DATA,00,00,211,0,0,40,40,00,00,1
219,380,B,00,1D,DATA,1D,00,212,0,0,40,40,00,00,1
220,380,A,C0,00,DATA,C0,00,213,0,0,40,40,00,00,1
221,380,B,00,37,DATA,37,00,214,0,0,40,40,00,00,1
222,380,A,C8,00,DATA,C8,00,215,0,0,40,40,00,00,1
223,380,B,00,20,DATA,20,00,216,0,0,40,40,00,00,1
224,380,A,D7,00,DATA,D7,00,217,0,0,40,40,00,00,1
225,380,B,00,01,DATA,01,00,218,0,0,40,40,00,00,1
226,380,A,FE,00,DATA,FE,00,219,0,0,40,40,00,00,1
227,380,B,00,A2,DATA,A2,00,220,0,0,40,40,00,00,1
228,380,A,5D,00,DATA,5D,00,221,0,0,40,40,00,00,1
229,380,B,00,07,DATA,07,00,222,0,0,40,40,00,00,1
230,380,A,F8,00,DATA,F8,00,223,0,0,40,40,00,00,1
231,380,B,00,79,DATA,79,00,224,0,0,40,40,00,00,1
232,380,A,07,00,DATA,07,00,225,0,0,40,40,00,00,1
233,380,B,00,FE,DATA,FE,00,226,0,0,40,40,00,00,1
234,380,A,03,00,DATA,03,00,227,0,0,40,40,00,00,1
235,380,B,00,50,DATA,50,00,228,0,0,40,40,00,00,1
236,380,A,07,00,DATA,07,00,229,0,0,40,40,00,00,1
237,380,B,00,AC,DATA,AC,00,230,0,0,40,40,00,00,1
238,380,A,03,00,DATA,03,00,231,0,0,40,40,00,00,1
239,380,B,00,BA,DATA,BA,00,232,0,0,40,40,00,00,1
240,380,A,45,00,DATA,45,00,233,0,0,40,40,00,00,1
241,380,B,00,FD,DATA,FD,00,234,0,0,40,40,00,00,1
242,380,A,02,00,DATA,02,00,235,0,0,40,40,00,00,1
243,380,B,00,BA,DATA,BA,00,236,0,0,40,40,00,00,1
244,380,A,45,00,DATA,45,00,237,0,0,40,40,00,00,1
245,380,B,00,FF,DATA,FF,00,238,0,0,40,40,00,00,1
246,380,A,00,00,DATA,00,00,239,0,0,40,40,00,00,1
247,380,B,00,08,DATA,08,00,240,0,0,40,40,00,00,1
248,380,A,F7,00,DATA,F7,00,241,0,0,40,40,00,00,1
249,380,B,00,00,DATA,00,00,242,0,0,40,40,00,00,1
250,380,A,FF,00,DATA,FF,00,243,0,0,40,40,00,00,1
251,380,B,00,A2,DATA,A2,00,244,0,0,40,40,00,00,1
252,380,A,5D,00,DATA,5D,00,245,0,0,40,40,00,00,1
253,380,B,00,00,DATA,00,00,246,0,0,40,40,00,00,1
254,380,A,FF,00,DATA,FF,00,247,0,0,40,40,00,00,1
255,380,B,00,8A,DATA,8A,00,248,0,0,40,40,00,00,1
256,380,A,75,00,DATA,75,00,249,0,0,40,40,00,00,1
257,380,B,00,40,DATA,40,00,250,0,0,40,40,00,00,1
258,380,A,BF,00,DATA,BF,00,251,0,0,40,40,00,00,1
259,380,B,00,AA,DATA,AA,00,252,0,0,40,40,00,00,1
260,380,A,55,00,DATA,55,00,253,0,0,40,40,00,00,1
261,380,B,00,40,DATA,40,00,254,0,0,40,40,00,00,1
262,380,A,BF,00,DATA,BF,00,255,0,0,40,40,00,00,1
263,380,B,00,95,DATA,95,00,256,0,0,40,40,00,00,1
264,380,A,7F,00,DATA,7F,00,257,0,0,40,40,00,00,1
265,380,B,00,0B,DATA,0B,00,258,0,0,40,40,00,00,1
266,380,A,FF,00,DATA,FF,00,259,0,0,40,40,00,00,1
267,380,B,00,95,DATA,95,00,260,0,0,40,40,00,00,1
268,380,A,7F,00,DATA,7F,00,261,0,0,40,40,00,00,1
269,380,B,00,02,DATA,02,00,262,0,0,40,40,00,00,1
270,380,A,FF,00,DATA,FF,00,263,0,0,40,40,00,00,1
271,380,B,00,91,DATA,91,00,264,0,0,40,40,00,00,1
272,380,A,7F,00,DATA,7F,00,265,0,0,40,40,00,00,1
273,380,B,00,80,DATA,80,00,266,0,0,40,40,00,00,1
274,380,A,7F,00,DATA,7F,00,267,0,0,40,40,00,00,1
275,380,B,00,29,DATA,29,00,268,0,0,40,40,00,00,1
276,380,A,57,00,DATA,57,00,269,0,0,40,40,00,00,1
277,380,B,00,40,DATA,40,00,270,0,0,40,40,00,00,1
278,380,A,3F,00,DATA,3F,00,271,0,0,40,40,00,00,1
279,380,B,00,55,DATA,55,00,272,0,0,40,40,00,00,1
280,380,A,FF,00,DATA,FF,00,273,0,0,40,40,00,00,1
281,380,B,00,BA,DATA,BA,00,274,0,0,40,40,00,00,1
282,380,A,FF,00,DATA,FF,00,275,0,0,40,40,00,00,1
283,380,B,00,55,DATA,55,00,276,0,0,40,40,00,00,1
284,380,A,FF,00,DATA,FF,00,277,0,0,40,40,00,00,1
285,380,B,00,A8,DATA,A8,00,278,0,0,40,40,00,00,1
286,380,A,FF,00,DATA,FF,00,279,0,0,40,40,00,00,1
287,380,B,00,55,DATA,55,00,280,0,0,40,40,00,00,1
288,380,A,FF,00,DATA,FF,00,281,0,0,40,40,00,00,1
289,380,B,00,38,DATA,38,00,282,0,0,40,40,00,00,1
290,380,A,FF,00,DATA,FF,00,283,0,0,40,40,00,00,1
291,380,B,00,54,DATA,54,00,284,0,0,40,40,00,00,1
292,380,A,FF,00,DATA,FF,00,285,0,0,40,40,00,00,1
293,380,B,00,20,DATA,20,00,286,0,0,40,40,00,00,1
294,380,A,FF,00,DATA,FF,00,287,0,0,40,40,00,00,1
295,380,B,00,55,DATA,55,00,288,0,0,40,40,00,00,1
296,380,A,FF,00,DATA,FF,00,289,0,0,40,40,00,00,1
297,380,B,00,E3,DATA,E3,00,290,0,0,40,40,00,00,1
298,380,A,FF,00,DATA,FF,00,291,0,0,40,40,00,00,1
299,380,B,00,55,DATA,55,00,292,0,0,40,40,00,00,1
300,380,A,FF,00,DATA,FF,00,293,0,0,40,40,00,00,1
301,380,B,00,20,DATA,20,00,294,0,0,40,40,00,00,1
302,380,A,FF,00,DATA,FF,00,295,0,0,40,40,00,00,1
303,380,B,00,14,DATA,14,00,296,0,0,40,40,00,00,1
304,380,A,FF,00,DATA,FF,00,297,0,0,40,40,00,00,1
305,380,B,00,00,DATA,00,00,298,0,0,40,40,00,00,1
306,380,A,FF,00,DATA,FF,00,299,0,0,40,40,00,00,1
307,380,B,00,45,DATA,45,00,300,0,0,40,40,00,00,1
308,380,A,FF,00,DATA,FF,00,301,0,0,40,40,00,00,1
309,380,B,00,06,DATA,06,00,302,0,0,40,40,00,00,1
310,380,A,FF,00,DATA,FF,00,303,0,0,40,40,00,00,1
311,380,B,00,55,DATA,55,00,304,0,0,40,40,00,00,1
312,380,A,FF,00,DATA,FF,00,305,0,0,40,40,00,00,1
313,380,B,00,02,DATA,02,00,306,0,0,40,40,00,00,1
314,380,A,FF,00,DATA,FF,00,307,0,0,40,40,00,00,1
315,380,B,00,51,DATA,51,00,308,0,0,40,40,00,00,1
316,380,A,FF,00,DATA,FF,00,309,0,0,40,40,00,00,1
317,380,B,00,00,DATA,00,00,310,0,0,40,40,00,00,1
318,380,A,FF,00,DATA,FF,00,311,0,0,40,40,00,00,1
319,380,B,00,48,DATA,48,00,312,0,0,40,40,00,00,1
320,380,A,F7,00,DATA,F7,00,313,0,0,40,40,00,00,1
321,380,B,00,00,DATA,00,00,314,0,0,40,40,00,00,1
322,380,A,FF,00,DATA,FF,00,315,0,0,40,40,00,00,1
323,380,B,00,22,DATA,22,00,316,0,0,40,40,00,00,1
324,380,A,DD,00,DATA,DD,00,317,0,0,40,40,00,00,1
325,380,B,00,80,DATA,80,00,318,0,0,40,40,00,00,1
326,380,A,FF,00,DATA,FF,00,319,0,0,40,40,00,00,1
327,380,B,00,55,DATA,55,00,320,0,0,40,40,00,00,1
328,380,A,FF,00,DATA,FF,00,321,0,0,40,40,00,00,1
329,396,B,00,AA,DATA,AA,00,322,0,0,40,40,00,00,1
330,396,A,FF,00,DATA,FF,00,323,0,0,40,40,00,00,1
331,396,B,00,55,DATA,55,00,324,0,0,40,40,00,00,1
332,396,A,FF,00,DATA,FF,00,325,0,0,40,40,00,00,1
333,396,B,00,FE,DATA,FE,00,326,0,0,40,40,00,00,1
334,396,A,FF,00,DATA,FF,00,327,0,0,40,40,00,00,1
335,396,B,00,55,DATA,55,00,328,0,0,40,40,00,00,1
336,396,A,FF,00,DATA,FF,00,329,0,0,40,40,00,00,1
337,396,B,00,0F,DATA,0F,00,330,0,0,40,40,00,00,1
338,396,A,FF,00,DATA,FF,00,331,0,0,40,40,00,00,1
339,396,B,00,85,DATA,85,00,332,0,0,40,40,00,00,1
340,396,A,7F,00,DATA,7F,00,333,0,0,40,40,00,00,1
341,396,B,00,00,DATA,00,00,334,0,0,40,40,00,00,1
342,396,A,FF,00,DATA,FF,00,335,0,0,40,40,00,00,1
343,396,B,00,55,DATA,55,00,336,0,0,40,40,00,00,1
344,396,A,FF,00,DATA,FF,00,337,0,0,40,40,00,00,1
345,396,B,00,3E,DATA,3E,00,338,0,0,40,40,00,00,1
346,396,A,FF,00,DATA,FF,00,339,0,0,40,40,00,00,1
347,396,B,00,57,DATA,57,00,340,0,0,40,40,00,00,1
348,396,A,FF,00,DATA,FF,00,341,0,0,40,40,00,00,1
349,396,B,00,BB,DATA,BB,00,342,0,0,40,40,00,00,1
350,396,A,FF,00,DATA,FF,00,343,0,0,40,40,00,00,1
351,396,B,00,55,DATA,55,00,344,0,0,40,40,00,00,1
352,396,A,FF,00,DATA,FF,00,345,0,0,40,40,00,00,1
353,396,B,00,FF,DATA,FF,00,346,0,0,40,40,00,00,1
354,396,A,FF,00,DATA,FF,00,347,0,0,40,40,00,00,1
355,396,B,00,5F,DATA,5F,00,348,0,0,40,40,00,00,1
356,396,A,FF,00,DATA,FF,00,349,0,0,40,40,00,00,1
357,396,B,00,27,DATA,27,00,350,0,0,40,40,00,00,1
358,396,A,FF,00,DATA,FF,00,351,0,0,40,40,00,00,1
359,396,B,00,5F,DATA,5F,00,352,0,0,40,40,00,00,1
360,396,A,FF,00,DATA,FF,00,353,0,0,40,40,00,00,1
361,396,B,00,3F,DATA,3F,00,354,0,0,40,40,00,00,1
362,396,A,FF,00,DATA,FF,00,355,0,0,40,40,00,00,1
363,396,B,00,DF,DATA,DF,00,356,0,0,40,40,00,00,1
364,396,A,FF,00,DATA,FF,00,357,0,0,40,40,00,00,1
365,396,B,00,FF,DATA,FF,00,358,0,0,40,40,00,00,1
366,396,A,FF,00,DATA,FF,00,359,0,0,40,40,00,00,1
367,396,B,00,77,DATA,77,00,360,0,0,40,40,00,00,1
368,396,A,FF,00,DATA,FF,00,361,0,0,40,40,00,00,1
369,396,B,00,FF,DATA,FF,00,362,0,0,40,40,00,00,1
370,396,A,FF,00,DATA,FF,00,363,0,0,40,40,00,00,1
371,396,B,00,FF,DATA,FF,00,364,0,0,40,40,00,00,1
372,396,A,FF,00,DATA,FF,00,365,0,0,40,40,00,00,1
373,396,B,00,FF,DATA,FF,00,366,0,0,40,40,00,00,1
374,396,A,FF,00,DATA,FF,00,367,0,0,40,40,00,00,1
375,396,B,00,7F,DATA,7F,00,368,0,0,40,40,00,00,1
376,396,A,FF,00,DATA,FF,00,369,0,0,40,40,00,00,1
377,396,B,00,FF,DATA,FF,00,370,0,0,40,40,00,00,1
378,396,A,FF,00,DATA,FF,00,371,0,0,40,40,00,00,1
379,396,B,00,FF,DATA,FF,00,372,0,0,40,40,00,00,1
380,396,A,FF,00,DATA,FF,00,373,0,0,40,40,00,00,1
381,396,B,00,FF,DATA,FF,00,374,0,0,40,40,00,00,1
382,396,A,FF,00,DATA,FF,00,375,0,0,40,40,00,00,1
383,396,B,00,FF,DATA,FF,00,376,0,0,40,40,00,00,1
384,396,A,FF,00,DATA,FF,00,377,0,0,40,40,00,00,1
385,396,B,00,FF,DATA,FF,00,378,0,0,40,40,00,00,1
386,396,A,FF,00,DATA,FF,00,379,0,0,40,40,00,00,1
387,396,B,00,FF,DATA,FF,00,380,0,0,40,40,00,00,1
388,396,A,FF,00,DATA,FF,00,381,0,0,40,40,00,00,1
389,396,B,00,FF,DATA,FF,00,382,0,0,40,40,00,00,1
390,396,A,FF,00,DATA,FF,00,383,0,0,40,40,00,00,1
391,396,B,00,FF,DATA,FF,00,384,0,0,40,40,00,00,1
392,396,A,FF,00,DATA,FF,00,385,0,0,40,40,00,00,1
393,396,B,00,FF,DATA,FF,00,386,0,0,40,40,00,00,1
394,396,A,FF,00,DATA,FF,00,387,0,0,40,40,00,00,1
395,396,B,00,FF,DATA,FF,00,388,0,0,40,40,00,00,1
396,396,A,FF,00,DATA,FF,00,389,0,0,40,40,00,00,1
397,396,B,00,FF,DATA,FF,00,390,0,0,40,40,00,00,1
398,396,A,FF,00,DATA,FF,00,391,0,0,40,40,00,00,1
399,396,B,00,FF,DATA,FF,00,392,0,0,40,40,00,00,1
400,396,A,FF,00,DATA,FF,00,393,0,0,40,40,00,00,1
401,396,B,00,FF,DATA,FF,00,394,0,0,40,40,00,00,1
402,396,A,FF,00,DATA,FF,00,395,0,0,40,40,00,00,1
403,396,B,00,FF,DATA,FF,00,396,0,0,40,40,00,00,1
404,396,A,FF,00,DATA,FF,00,397,0,0,40,40,00,00,1
405,396,B,00,FF,DATA,FF,00,398,0,0,40,40,00,00,1
406,396,A,FF,00,DATA,FF,00,399,0,0,40,40,00,00,1
407,396,B,00,FF,DATA,FF,00,400,0,0,40,40,00,00,1
408,396,A,FF,00,DATA,FF,00,401,0,0,40,40,00,00,1
409,396,B,00,FF,DATA,FF,00,402,0,0,40,40,00,00,1
410,396,A,FF,00,DATA,FF,00,403,0,0,40,40,00,00,1
411,396,B,00,FF,DATA,FF,00,404,0,0,40,40,00,00,1
412,396,A,FF,00,DATA,FF,00,405,0,0,40,40,00,00,1
413,396,B,00,FF,DATA,FF,00,406,0,0,40,40,00,00,1
414,396,A,FF,00,DATA,FF,00,407,0,0,40,40,00,00,1
415,396,B,00,FF,DATA,FF,00,408,0,0,40,40,00,00,1
416,396,A,FF,00,DATA,FF,00,409,0,0,40,40,00,00,1
417,396,B,00,FF,DATA,FF,00,410,0,0,40,40,00,00,1
418,396,A,FF,00,DATA,FF,00,411,0,0,40,40,00,00,1
419,396,B,00,FF,DATA,FF,00,412,0,0,40,40,00,00,1
420,396,A,FF,00,DATA,FF,00,413,0,0,40,40,00,00,1
421,396,B,00,FF,DATA,FF,00,414,0,0,40,40,00,00,1
422,396,A,FF,00,DATA,FF,00,415,0,0,40,40,00,00,1
423,396,B,00,FF,DATA,FF,00,416,0,0,40,40,00,00,1
424,396,A,FF,00,DATA,FF,00,417,0,0,40,40,00,00,1
425,396,B,00,FF,DATA,FF,00,418,0,0,40,40,00,00,1
426,396,A,FF,00,DATA,FF,00,419,0,0,40,40,00,00,1
427,396,B,00,FF,DATA,FF,00,420,0,0,40,40,00,00,1
428,396,A,FF,00,DATA,FF,00,421,0,0,40,40,00,00,1
429,396,B,00,FF,DATA,FF,00,422,0,0,40,40,00,00,1
430,396,A,FF,00,DATA,FF,00,423,0,0,40,40,00,00,1
431,396,B,00,FF,DATA,FF,00,424,0,0,40,40,00,00,1
432,396,A,FF,00,DATA,FF,00,425,0,0,40,40,00,00,1
433,396,B,00,FF,DATA,FF,00,426,0,0,40,40,00,00,1
434,396,A,FF,00,DATA,FF,00,427,0,0,40,40,00,00,1
435,396,B,00,FF,DATA,FF,00,428,0,0,40,40,00,00,1
436,396,A,FF,00,DATA,FF,00,429,0,0,40,40,00,00,1
437,396,B,00,FF,DATA,FF,00,430,0,0,40,40,00,00,1
438,396,A,FF,00,DATA,FF,00,431,0,0,40,40,00,00,1
439,396,B,00,FF,DATA,FF,00,432,0,0,40,40,00,00,1
440,396,A,F0,00,DATA,F0,00,433,0,0,40,40,00,00,1
441,396,B,00,FF,DATA,FF,00,434,0,0,40,40,00,00,1
442,396,A,F0,00,DATA,F0,00,435,0,0,40,40,00,00,1
443,396,B,00,7F,DATA,7F,00,436,0,0,40,40,00,00,1
444,396,A,F0,00,DATA,F0,00,437,0,0,40,40,00,00,1
445,396,B,00,EF,DATA,EF,00,438,0,0,40,40,00,00,1
446,396,A,F0,00,DATA,F0,00,439,0,0,40,40,00,00,1
447,396,B,00,EF,DATA,EF,00,440,0,0,40,40,00,00,1
448,396,A,F0,00,DATA,F0,00,441,0,0,40,40,00,00,1
449,396,B,00,EF,DATA,EF,00,442,0,0,40,40,00,00,1
450,396,A,F0,00,DATA,F0,00,443,0,0,40,40,00,00,1
451,396,B,00,FF,DATA,FF,00,444,0,0,40,40,00,00,1
452,396,A,F0,00,DATA,F0,00,445,0,0,40,40,00,00,1
453,396,B,00,EF,DATA,EF,00,446,0,0,40,40,00,00,1
454,396,A,F0,00,DATA,F0,00,447,0,0,40,40,00,00,1
455,396,B,00,57,DATA,57,00,448,0,0,40,40,00,00,1
456,396,A,00,00,DATA,00,00,449,0,0,40,40,00,00,1
457,396,B,00,FF,DATA,FF,00,450,0,0,40,40,00,00,1
458,396,A,00,00,DATA,00,00,451,0,0,40,40,00,00,1
459,396,B,00,57,DATA,57,00,452,0,0,40,40,00,00,1
460,396,A,00,00,DATA,00,00,453,0,0,40,40,00,00,1
461,396,B,00,FF,DATA,FF,00,454,0,0,40,40,00,00,1
462,396,A,00,00,DATA,00,00,455,0,0,40,40,00,00,1
463,396,B,00,56,DATA,56,00,456,0,0,40,40,00,00,1
464,396,A,01,00,DATA,01,00,457,0,0,40,40,00,00,1
465,396,B,00,FF,DATA,FF,00,458,0,0,40,40,00,00,1
466,396,A,00,00,DATA,00,00,459,0,0,40,40,00,00,1
467,396,B,00,5D,DATA,5D,00,460,0,0,40,40,00,00,1
468,396,A,00,00,DATA,00,00,461,0,0,40,40,00,00,1
469,396,B,00,FF,DATA,FF,00,462,0,0,40,40,00,00,1
470,396,A,00,00,DATA,00,00,463,0,0,40,40,00,00,1
471,396,B,00,8A,DATA,8A,00,464,0,0,40,40,00,00,1
472,396,A,75,00,DATA,75,00,465,0,0,40,40,00,00,1
473,396,B,00,DF,DATA,DF,00,466,0,0,40,40,00,00,1
474,396,A,20,00,DATA,20,00,467,0,0,40,40,00,00,1
475,396,B,00,AF,DATA,AF,00,468,0,0,40,40,00,00,1
476,396,A,50,00,DATA,50,00,469,0,0,40,40,00,00,1
477,396,B,00,DF,DATA,DF,00,470,0,0,40,40,00,00,1
478,396,A,20,00,DATA,20,00,471,0,0,40,40,00,00,1
479,396,B,00,E7,DATA,E7,00,472,0,0,40,40,00,00,1
480,396,A,10,00,DATA,10,00,473,0,0,40,40,00,00,1
481,396,B,00,FF,DATA,FF,00,474,0,0,40,40,00,00,1
482,396,A,00,00,DATA,00,00,475,0,0,40,40,00,00,1
483,396,B,00,DD,DATA,DD,00,476,0,0,40,40,00,00,1
484,396,A,00,00,DATA,00,00,477,0,0,40,40,00,00,1
485,396,B,00,FF,DATA,FF,00,478,0,0,40,40,00,00,1
486,396,A,00,00,DATA,00,00,479,0,0,40,40,00,00,1
487,396,B,00,EF,DATA,EF,00,480,0,0,40,40,00,00,1
488,396,A,10,00,DATA,10,00,481,0,0,40,40,00,00,1
489,396,B,00,FF,DATA,FF,00,482,0,0,40,40,00,00,1
490,396,A,00,00,DATA,00,00,483,0,0,40,40,00,00,1
491,396,B,00,DF,DATA,DF,00,484,0,0,40,40,00,00,1
492,396,A,00,00,DATA,00,00,485,0,0,40,40,00,00,1
493,396,B,00,FF,DATA,FF,00,486,0,0,40,40,00,00,1
494,396,A,00,00,DATA,00,00,487,0,0,40,40,00,00,1
495,396,B,00,77,DATA,77,00,488,0,0,40,40,00,00,1
496,396,A,00,00,DATA,00,00,489,0,0,40,40,00,00,1
497,396,B,00,FF,DATA,FF,00,490,0,0,40,40,00,00,1
498,396,A,00,00,DATA,00,00,491,0,0,40,40,00,00,1
499,396,B,00,55,DATA,55,00,492,0,0,40,40,00,00,1
500,396,A,00,00,DATA,00,00,493,0,0,40,40,00,00,1
501,396,B,00,FF,DATA,FF,00,494,0,0,40,40,00,00,1
502,396,A,00,00,DATA,00,00,495,0,0,40,40,00,00,1
503,396,B,00,A8,DATA,A8,00,496,0,0,40,40,00,00,1
504,396,A,57,00,DATA,57,00,497,0,0,40,40,00,00,1
505,396,B,00,44,DATA,44,00,498,0,0,40,40,00,00,1
506,396,A,BB,00,DATA,BB,00,499,0,0,40,40,00,00,1
507,396,B,00,AA,DATA,AA,00,500,0,0,40,40,00,00,1
508,396,A,55,00,DATA,55,00,501,0,0,40,40,00,00,1
509,396,B,00,50,DATA,50,00,502,0,0,40,40,00,00,1
510,396,A,AF,00,DATA,AF,00,503,0,0,40,40,00,00,1
511,396,B,00,AA,DATA,AA,00,504,0,0,40,40,00,00,1
512,396,A,55,00,DATA,55,00,505,0,0,40,40,00,00,1
513,396,B,00,C4,DATA,C4,00,506,0,0,40,40,00,00,1
514,396,A,3B,00,DATA,3B,00,507,0,0,40,40,00,00,1
515,396,B,00,AA,DATA,AA,00,508,0,0,40,40,00,00,1
516,396,A,55,00,DATA,55,00,509,0,0,40,40,00,00,1
517,412,B,00,C0,DATA,C0,00,510,0,0,40,40,00,00,1
518,412,A,3F,00,DATA,3F,00,511,0,0,40,40,00,00,1
519,412,B,00,29,DATA,29,00,512,0,0,40,40,00,00,1
520,412,A,17,00,DATA,17,00,513,0,0,40,40,00,00,1
521,412,B,00,10,DATA,10,00,514,0,0,40,40,00,00,1
522,412,A,0F,00,DATA,0F,00,515,0,0,40,40,00,00,1
523,412,B,00,02,DATA,02,00,516,0,0,40,40,00,00,1
524,412,A,05,00,DATA,05,00,517,0,0,40,40,00,00,1
525,412,B,00,00,DATA,00,00,518,0,0,40,40,00,00,1
526,412,A,03,00,DATA,03,00,519,0,0,40,40,00,00,1
527,412,B,00,00,DATA,00,00,520,0,0,40,40,00,00,1
528,412,A,01,00,DATA,01,00,521,0,0,40,40,00,00,1
529,412,B,00,00,DATA,00,00,522,0,0,40,40,00,00,1
530,412,A,00,00,DATA,00,00,523,0,0,40,40,00,00,1
531,412,B,00,00,DATA,00,00,524,0,0,40,40,00,00,1
532,412,A,00,00,DATA,00,00,525,0,0,40,40,00,00,1
533,412,B,00,00,DATA,00,00,526,0,0,40,40,00,00,1
534,412,A,00,00,DATA,00,00,527,0,0,40,40,00,00,1
535,412,B,00,54,DATA,54,00,528,0,0,40,40,00,00,1
536,412,A,FF,00,DATA,FF,00,529,0,0,40,40,00,00,1
537,412,B,00,30,DATA,30,00,530,0,0,40,40,00,00,1
538,412,A,FF,00,DATA,FF,00,531,0,0,40,40,00,00,1
539,412,B,00,50,DATA,50,00,532,0,0,40,40,00,00,1
540,412,A,FF,00,DATA,FF,00,533,0,0,40,40,00,00,1
541,412,B,00,14,DATA,14,00,534,0,0,40,40,00,00,1
542,412,A,FF,00,DATA,FF,00,535,0,0,40,40,00,00,1
543,412,B,00,90,DATA,90,00,536,0,0,40,40,00,00,1
544,412,A,7F,00,DATA,7F,00,537,0,0,40,40,00,00,1
545,412,B,00,00,DATA,00,00,538,0,0,40,40,00,00,1
546,412,A,FF,00,DATA,FF,00,539,0,0,40,40,00,00,1
547,412,B,00,54,DATA,54,00,540,0,0,40,40,00,00,1
548,412,A,3F,00,DATA,3F,00,541,0,0,40,40,00,00,1
549,412,B,00,00,DATA,00,00,542,0,0,40,40,00,00,1
550,412,A,1F,00,DATA,1F,00,543,0,0,40,40,00,00,1
551,412,B,00,05,DATA,05,00,544,0,0,40,40,00,00,1
552,412,A,FF,00,DATA,FF,00,545,0,0,40,40,00,00,1
553,412,B,00,02,DATA,02,00,546,0,0,40,40,00,00,1
554,412,A,FF,00,DATA,FF,00,547,0,0,40,40,00,00,1
555,412,B,00,85,DATA,85,00,548,0,0,40,40,00,00,1
556,412,A,7F,00,DATA,7F,00,549,0,0,40,40,00,00,1
557,412,B,00,00,DATA,00,00,550,0,0,40,40,00,00,1
558,412,A,FF,00,DATA,FF,00,551,0,0,40,40,00,00,1
559,412,B,00,88,DATA,88,00,552,0,0,40,40,00,00,1
560,412,A,77,00,DATA,77,00,553,0,0,40,40,00,00,1
561,412,B,00,00,DATA,00,00,554,0,0,40,40,00,00,1
562,412,A,FF,00,DATA,FF,00,555,0,0,40,40,00,00,1
563,412,B,00,28,DATA,28,00,556,0,0,40,40,00,00,1
564,412,A,D7,00,DATA,D7,00,557,0,0,40,40,00,00,1
565,412,B,00,00,DATA,00,00,558,0,0,40,40,00,00,1
566,412,A,FF,00,DATA,FF,00,559,0,0,40,40,00,00,1
567,412,B,00,4A,DATA,4A,00,560,0,0,40,40,00,00,1
568,412,A,F5,00,DATA,F5,00,561,0,0,40,40,00,00,1
569,412,B,00,00,DATA,00,00,562,0,0,40,40,00,00,1
570,412,A,FF,00,DATA,FF,00,563,0,0,40,40,00,00,1
571,412,B,00,52,DATA,52,00,564,0,0,40,40,00,00,1
572,412,A,FD,00,DATA,FD,00,565,0,0,40,40,00,00,1
573,412,B,00,00,DATA,00,00,566,0,0,40,40,00,00,1
574,412,A,FF,00,DATA,FF,00,567,0,0,40,40,00,00,1
575,412,B,00,1A,DATA,1A,00,568,0,0,40,40,00,00,1
576,412,A,F5,00,DATA,F5,00,569,0,0,40,40,00,00,1
577,412,B,00,00,DATA,00,00,570,0,0,40,40,00,00,1
578,412,A,FF,00,DATA,FF,00,571,0,0,40,40,00,00,1
579,412,B,00,14,DATA,14,00,572,0,0,40,40,00,00,1
580,412,A,FF,00,DATA,FF,00,573,0,0,40,40,00,00,1
581,412,B,00,00,DATA,00,00,574,0,0,40,40,00,00,1
582,412,A,FF,00,DATA,FF,00,575,0,0,40,40,00,00,1
583,412,B,00,81,DATA,81,00,576,0,0,40,40,00,00,1
584,412,A,7F,00,DATA,7F,00,577,0,0,40,40,00,00,1
585,412,B,00,43,DATA,43,00,578,0,0,40,40,00,00,1
586,412,A,BF,00,DATA,BF,00,579,0,0,40,40,00,00,1
587,412,B,00,A5,DATA,A5,00,580,0,0,40,40,00,00,1
588,412,A,5F,00,DATA,5F,00,581,0,0,40,40,00,00,1
589,412,B,00,02,DATA,02,00,582,0,0,40,40,00,00,1
590,412,A,FF,00,DATA,FF,00,583,0,0,40,40,00,00,1
591,412,B,00,95,DATA,95,00,584,0,0,40,40,00,00,1
592,412,A,7F,00,DATA,7F,00,585,0,0,40,40,00,00,1
593,412,B,00,02,DATA,02,00,586,0,0,40,40,00,00,1
594,412,A,FF,00,DATA,FF,00,587,0,0,40,40,00,00,1
595,412,B,00,25,DATA,25,00,588,0,0,40,40,00,00,1
596,412,A,DF,00,DATA,DF,00,589,0,0,40,40,00,00,1
597,412,B,00,02,DATA,02,00,590,0,0,40,40,00,00,1
598,412,A,FF,00,DATA,FF,00,591,0,0,40,40,00,00,1
599,412,B,00,57,DATA,57,00,592,0,0,40,40,00,00,1
600,412,A,FF,00,DATA,FF,00,593,0,0,40,40,00,00,1
601,412,B,00,A3,DATA,A3,00,594,0,0,40,40,00,00,1
602,412,A,FF,00,DATA,FF,00,595,0,0,40,40,00,00,1
603,412,B,00,57,DATA,57,00,596,0,0,40,40,00,00,1
604,412,A,FF,00,DATA,FF,00,597,0,0,40,40,00,00,1
605,412,B,00,DF,DATA,DF,00,598,0,0,40,40,00,00,1
606,412,A,FF,00,DATA,FF,00,599,0,0,40,40,00,00,1
607,412,B,00,51,DATA,51,00,600,0,0,40,40,00,00,1
608,412,A,FF,00,DATA,FF,00,601,0,0,40,40,00,00,1
609,412,B,00,E0,DATA,E0,00,602,0,0,40,40,00,00,1
610,412,A,FF,00,DATA,FF,00,603,0,0,40,40,00,00,1
611,412,B,00,56,DATA,56,00,604,0,0,40,40,00,00,1
612,412,A,FD,00,DATA,FD,00,605,0,0,40,40,00,00,1
613,412,B,00,C1,DATA,C1,00,606,0,0,40,40,00,00,1
614,412,A,FE,00,DATA,FE,00,607,0,0,40,40,00,00,1
615,412,B,00,FF,DATA,FF,00,608,0,0,40,40,00,00,1
616,412,A,FF,00,DATA,FF,00,609,0,0,40,40,00,00,1
617,412,B,00,FF,DATA,FF,00,610,0,0,40,40,00,00,1
618,412,A,FF,00,DATA,FF,00,611,0,0,40,40,00,00,1
619,412,B,00,FF,DATA,FF,00,612,0,0,40,40,00,00,1
620,412,A,FF,00,DATA,FF,00,613,0,0,40,40,00,00,1
621,412,B,00,FF,DATA,FF,00,614,0,0,40,40,00,00,1
622,412,A,FF,00,DATA,FF,00,615,0,0,40,40,00,00,1
623,412,B,00,57,DATA,57,00,616,0,0,40,40,00,00,1
624,412,A,FF,00,DATA,FF,00,617,0,0,40,40,00,00,1
625,412,B,00,3F,DATA,3F,00,618,0,0,40,40,00,00,1
626,412,A,FF,00,DATA,FF,00,619,0,0,40,40,00,00,1
627,412,B,00,5D,DATA,5D,00,620,0,0,40,40,00,00,1
628,412,A,FF,00,DATA,FF,00,621,0,0,40,40,00,00,1
629,412,B,00,2F,DATA,2F,00,622,0,0,40,40,00,00,1
630,412,A,FF,00,DATA,FF,00,623,0,0,40,40,00,00,1
631,412,B,00,FF,DATA,FF,00,624,0,0,40,40,00,00,1
632,412,A,FF,00,DATA,FF,00,625,0,0,40,40,00,00,1
633,412,B,00,FF,DATA,FF,00,626,0,0,40,40,00,00,1
634,412,A,FF,00,DATA,FF,00,627,0,0,40,40,00,00,1
635,412,B,00,FF,DATA,FF,00,628,0,0,40,40,00,00,1
636,412,A,FF,00,DATA,FF,00,629,0,0,40,40,00,00,1
637,412,B,00,FF,DATA,FF,00,630,0,0,40,40,00,00,1
638,412,A,FF,00,DATA,FF,00,631,0,0,40,40,00,00,1
639,412,B,00,DF,DATA,DF,00,632,0,0,40,40,00,00,1
640,412,A,FF,00,DATA,FF,00,633,0,0,40,40,00,00,1
641,412,B,00,FF,DATA,FF,00,634,0,0,40,40,00,00,1
642,412,A,FF,00,DATA,FF,00,635,0,0,40,40,00,00,1
643,412,B,00,57,DATA,57,00,636,0,0,40,40,00,00,1
644,412,A,FF,00,DATA,FF,00,637,0,0,40,40,00,00,1
645,412,B,00,EF,DATA,EF,00,638,0,0,40,40,00,00,1
646,412,A,FF,00,DATA,FF,00,639,0,0,40,40,00,00,1
647,412,B,00,FF,DATA,FF,00,640,0,0,40,40,00,00,1
648,412,A,FF,00,DATA,FF,00,641,0,0,40,40,00,00,1
649,412,B,00,FF,DATA,FF,00,642,0,0,40,40,00,00,1
650,412,A,FF,00,DATA,FF,00,643,0,0,40,40,00,00,1
651,412,B,00,FF,DATA,FF,00,644,0,0,40,40,00,00,1
652,412,A,FF,00,DATA,FF,00,645,0,0,40,40,00,00,1
653,412,B,00,FF,DATA,FF,00,646,0,0,40,40,00,00,1
654,412,A,FF,00,DATA,FF,00,647,0,0,40,40,00,00,1
655,412,B,00,FF,DATA,FF,00,648,0,0,40,40,00,00,1
656,412,A,FF,00,DATA,FF,00,649,0,0,40,40,00,00,1
657,412,B,00,FE,DATA,FE,00,650,0,0,40,40,00,00,1
658,412,A,FF,00,DATA,FF,00,651,0,0,40,40,00,00,1
659,412,B,00,FF,DATA,FF,00,652,0,0,40,40,00,00,1
660,412,A,FF,00,DATA,FF,00,653,0,0,40,40,00,00,1
661,412,B,00,FF,DATA,FF,00,654,0,0,40,40,00,00,1
662,412,A,FF,00,DATA,FF,00,655,0,0,40,40,00,00,1
663,412,B,00,FF,DATA,FF,00,656,0,0,40,40,00,00,1
664,412,A,FF,00,DATA,FF,00,657,0,0,40,40,00,00,1
665,412,B,00,FF,DATA,FF,00,658,0,0,40,40,00,00,1
666,412,A,FF,00,DATA,FF,00,659,0,0,40,40,00,00,1
667,412,B,00,FF,DATA,FF,00,660,0,0,40,40,00,00,1
668,412,A,FF,00,DATA,FF,00,661,0,0,40,40,00,00,1
669,412,B,00,FF,DATA,FF,00,662,0,0,40,40,00,00,1
670,412,A,FF,00,DATA,FF,00,663,0,0,40,40,00,00,1
671,412,B,00,FF,DATA,FF,00,664,0,0,40,40,00,00,1
672,412,A,FF,00,DATA,FF,00,665,0,0,40,40,00,00,1
673,412,B,00,FF,DATA,FF,00,666,0,0,40,40,00,00,1
674,412,A,FF,00,DATA,FF,00,667,0,0,40,40,00,00,1
675,412,B,00,FF,DATA,FF,00,668,0,0,40,40,00,00,1
676,412,A,FF,00,DATA,FF,00,669,0,0,40,40,00,00,1
677,412,B,00,FF,DATA,FF,00,670,0,0,40,40,00,00,1
678,412,A,FF,00,DATA,FF,00,671,0,0,40,40,00,00,1
679,412,B,00,FF,DATA,FF,00,672,0,0,40,40,00,00,1
680,412,A,FF,00,DATA,FF,00,673,0,0,40,40,00,00,1
681,412,B,00,FF,DATA,FF,00,674,0,0,40,40,00,00,1
682,412,A,FF,00,DATA,FF,00,675,0,0,40,40,00,00,1
683,412,B,00,DD,DATA,DD,00,676,0,0,40,40,00,00,1
684,412,A,FF,00,DATA,FF,00,677,0,0,40,40,00,00,1
685,412,B,00,FF,DATA,FF,00,678,0,0,40,40,00,00,1
686,412,A,FF,00,DATA,FF,00,679,0,0,40,40,00,00,1
687,412,B,00,F5,DATA,F5,00,680,0,0,40,40,00,00,1
688,412,A,FF,00,DATA,FF,00,681,0,0,40,40,00,00,1
689,412,B,00,FF,DATA,FF,00,682,0,0,40,40,00,00,1
690,412,A,FE,00,DATA,FE,00,683,0,0,40,40,00,00,1
691,412,B,00,FF,DATA,FF,00,684,0,0,40,40,00,00,1
692,412,A,FC,00,DATA,FC,00,685,0,0,40,40,00,00,1
693,412,B,00,F7,DATA,F7,00,686,0,0,40,40,00,00,1
694,412,A,F8,00,DATA,F8,00,687,0,0,40,40,00,00,1
695,412,B,00,CF,DATA,CF,00,688,0,0,40,40,00,00,1
696,412,A,F0,00,DATA,F0,00,689,0,0,40,40,00,00,1
697,412,B,00,DF,DATA,DF,00,690,0,0,40,40,00,00,1
698,412,A,E0,00,DATA,E0,00,691,0,0,40,40,00,00,1
699,412,B,00,7D,DATA,7D,00,692,0,0,40,40,00,00,1
700,412,A,C0,00,DATA,C0,00,693,0,0,40,40,00,00,1
701,412,B,00,BE,DATA,BE,00,694,0,0,40,40,00,00,1
702,412,A,C0,00,DATA,C0,00,695,0,0,40,40,00,00,1
703,412,B,00,F5,DATA,F5,00,696,0,0,40,40,00,00,1
704,412,A,00,00,DATA,00,00,697,0,0,40,40,00,00,1
705,428,B,00,FB,DATA,FB,00,698,0,0,40,40,00,00,1
706,428,A,00,00,DATA,00,00,699,0,0,40,40,00,00,1
707,428,B,00,D5,DATA,D5,00,700,0,0,40,40,00,00,1
708,428,A,00,00,DATA,00,00,701,0,0,40,40,00,00,1
709,428,B,00,FE,DATA,FE,00,702,0,0,40,40,00,00,1
710,428,A,00,00,DATA,00,00,703,0,0,40,40,00,00,1
711,428,B,00,77,DATA,77,00,704,0,0,40,40,00,00,1
712,428,A,00,00,DATA,00,00,705,0,0,40,40,00,00,1
713,428,B,00,FF,DATA,FF,00,706,0,0,40,40,00,00,1
714,428,A,00,00,DATA,00,00,707,0,0,40,40,00,00,1
715,428,B,00,D5,DATA,D5,00,708,0,0,40,40,00,00,1
716,428,A,00,00,DATA,00,00,709,0,0,40,40,00,00,1
717,428,B,00,FA,DATA,FA,00,710,0,0,40,40,00,00,1
718,428,A,00,00,DATA,00,00,711,0,0,40,40,00,00,1
719,428,B,00,55,DATA,55,00,712,0,0,40,40,00,00,1
720,428,A,00,00,DATA,00,00,713,0,0,40,40,00,00,1
721,428,B,00,BA,DATA,BA,00,714,0,0,40,40,00,00,1
722,428,A,00,00,DATA,00,00,715,0,0,40,40,00,00,1
723,428,B,00,55,DATA,55,00,716,0,0,40,40,00,00,1
724,428,A,00,00,DATA,00,00,717,0,0,40,40,00,00,1
725,428,B,00,AE,DATA,AE,00,718,0,0,40,40,00,00,1
726,428,A,00,00,DATA,00,00,719,0,0,40,40,00,00,1
727,428,B,00,77,DATA,77,00,720,0,0,40,40,00,00,1
728,428,A,00,00,DATA,00,00,721,0,0,40,40,00,00,1
729,428,B,00,BB,DATA,BB,00,722,0,0,40,40,00,00,1
730,428,A,00,00,DATA,00,00,723,0,0,40,40,00,00,1
731,428,B,00,55,DATA,55,00,724,0,0,40,40,00,00,1
732,428,A,00,00,DATA,00,00,725,0,0,40,40,00,00,1
733,428,B,00,AA,DATA,AA,00,726,0,0,40,40,00,00,1
734,428,A,00,00,DATA,00,00,727,0,0,40,40,00,00,1
735,428,B,00,55,DATA,55,00,728,0,0,40,40,00,00,1
736,428,A,00,00,DATA,00,00,729,0,0,40,40,00,00,1
737,428,B,00,AB,DATA,AB,00,730,0,0,40,40,00,00,1
738,428,A,00,00,DATA,00,00,731,0,0,40,40,00,00,1
739,428,B,00,55,DATA,55,00,732,0,0,40,40,00,00,1
740,428,A,00,00,DATA,00,00,733,0,0,40,40,00,00,1
741,428,B,00,AA,DATA,AA,00,734,0,0,40,40,00,00,1
742,428,A,00,00,DATA,00,00,735,0,0,40,40,00,00,1
743,428,B,00,77,DATA,77,00,736,0,0,40,40,00,00,1
744,428,A,00,00,DATA,00,00,737,0,0,40,40,00,00,1
745,428,B,00,FF,DATA,FF,00,738,0,0,40,40,00,00,1
746,428,A,00,00,DATA,00,00,739,0,0,40,40,00,00,1
747,428,B,00,57,DATA,57,00,740,0,0,40,40,00,00,1
748,428,A,00,00,DATA,00,00,741,0,0,40,40,00,00,1
749,428,B,00,FF,DATA,FF,00,742,0,0,40,40,00,00,1
750,428,A,00,00,DATA,00,00,743,0,0,40,40,00,00,1
751,428,B,00,76,DATA,76,00,744,0,0,40,40,00,00,1
752,428,A,01,00,DATA,01,00,745,0,0,40,40,00,00,1
753,428,B,00,BC,DATA,BC,00,746,0,0,40,40,00,00,1
754,428,A,03,00,DATA,03,00,747,0,0,40,40,00,00,1
755,428,B,00,56,DATA,56,00,748,0,0,40,40,00,00,1
756,428,A,01,00,DATA,01,00,749,0,0,40,40,00,00,1
757,428,B,00,BD,DATA,BD,00,750,0,0,40,40,00,00,1
758,428,A,02,00,DATA,02,00,751,0,0,40,40,00,00,1
759,428,B,00,A9,DATA,A9,00,752,0,0,40,40,00,00,1
760,428,A,57,00,DATA,57,00,753,0,0,40,40,00,00,1
761,428,B,00,C0,DATA,C0,00,754,0,0,40,40,00,00,1
762,428,A,3F,00,DATA,3F,00,755,0,0,40,40,00,00,1
763,428,B,00,A1,DATA,A1,00,756,0,0,40,40,00,00,1
764,428,A,5F,00,DATA,5F,00,757,0,0,40,40,00,00,1
765,428,B,00,42,DATA,42,00,758,0,0,40,40,00,00,1
766,428,A,BF,00,DATA,BF,00,759,0,0,40,40,00,00,1
767,428,B,00,A9,DATA,A9,00,760,0,0,40,40,00,00,1
768,428,A,57,00,DATA,57,00,761,0,0,40,40,00,00,1
769,428,B,00,42,DATA,42,00,762,0,0,40,40,00,00,1
770,428,A,BF,00,DATA,BF,00,763,0,0,40,40,00,00,1
771,428,B,00,A4,DATA,A4,00,764,0,0,40,40,00,00,1
772,428,A,5F,00,DATA,5F,00,765,0,0,40,40,00,00,1
773,428,B,00,00,DATA,00,00,766,0,0,40,40,00,00,1
774,428,A,FF,00,DATA,FF,00,767,0,0,40,40,00,00,1
775,428,B,00,00,DATA,00,00,768,0,0,40,40,00,00,1
776,428,A,00,00,DATA,00,00,769,0,0,40,40,00,00,1
777,428,B,00,00,DATA,00,00,770,0,0,40,40,00,00,1
778,428,A,00,00,DATA,00,00,771,0,0,40,40,00,00,1
779,428,B,00,40,DATA,40,00,772,0,0,40,40,00,00,1
780,428,A,00,00,DATA,00,00,773,0,0,40,40,00,00,1
781,428,B,00,00,DATA,00,00,774,0,0,40,40,00,00,1
782,428,A,00,00,DATA,00,00,775,0,0,40,40,00,00,1
783,428,B,00,01,DATA,01,00,776,0,0,40,40,00,00,1
784,428,A,00,00,DATA,00,00,777,0,0,40,40,00,00,1
785,428,B,00,00,DATA,00,00,778,0,0,40,40,00,00,1
786,428,A,00,00,DATA,00,00,779,0,0,40,40,00,00,1
787,428,B,00,40,DATA,40,00,780,0,0,40,40,00,00,1
788,428,A,00,00,DATA,00,00,781,0,0,40,40,00,00,1
789,428,B,00,00,DATA,00,00,782,0,0,40,40,00,00,1
790,428,A,00,00,DATA,00,00,783,0,0,40,40,00,00,1
791,428,B,00,0A,DATA,0A,00,784,0,0,40,40,00,00,1
792,428,A,05,00,DATA,05,00,785,0,0,40,40,00,00,1
793,428,B,00,02,DATA,02,00,786,0,0,40,40,00,00,1
794,428,A,03,00,DATA,03,00,787,0,0,40,40,00,00,1
795,428,B,00,00,DATA,00,00,788,0,0,40,40,00,00,1
796,428,A,01,00,DATA,01,00,789,0,0,40,40,00,00,1
797,428,B,00,00,DATA,00,00,790,0,0,40,40,00,00,1
798,428,A,00,00,DATA,00,00,791,0,0,40,40,00,00,1
799,428,B,00,11,DATA,11,00,792,0,0,40,40,00,00,1
800,428,A,00,00,DATA,00,00,793,0,0,40,40,00,00,1
801,428,B,00,00,DATA,00,00,794,0,0,40,40,00,00,1
802,428,A,00,00,DATA,00,00,795,0,0,40,40,00,00,1
803,428,B,00,00,DATA,00,00,796,0,0,40,40,00,00,1
804,428,A,00,00,DATA,00,00,797,0,0,40,40,00,00,1
805,428,B,00,00,DATA,00,00,798,0,0,40,40,00,00,1
806,428,A,00,00,DATA,00,00,799,0,0,40,40,00,00,1
807,428,B,00,88,DATA,88,00,800,0,0,40,40,00,00,1
808,428,A,77,00,DATA,77,00,801,0,0,40,40,00,00,1
809,428,B,00,00,DATA,00,00,802,0,0,40,40,00,00,1
810,428,A,FF,00,DATA,FF,00,803,0,0,40,40,00,00,1
811,428,B,00,22,DATA,22,00,804,0,0,40,40,00,00,1
812,428,A,DD,00,DATA,DD,00,805,0,0,40,40,00,00,1
813,428,B,00,80,DATA,80,00,806,0,0,40,40,00,00,1
814,428,A,7F,00,DATA,7F,00,807,0,0,40,40,00,00,1
815,428,B,00,18,DATA,18,00,808,0,0,40,40,00,00,1
816,428,A,37,00,DATA,37,00,809,0,0,40,40,00,00,1
817,428,B,00,08,DATA,08,00,810,0,0,40,40,00,00,1
818,428,A,0F,00,DATA,0F,00,811,0,0,40,40,00,00,1
819,428,B,00,04,DATA,04,00,812,0,0,40,40,00,00,1
820,428,A,03,00,DATA,03,00,813,0,0,40,40,00,00,1
821,428,B,00,01,DATA,01,00,814,0,0,40,40,00,00,1
822,428,A,00,00,DATA,00,00,815,0,0,40,40,00,00,1
823,428,B,00,89,DATA,89,00,816,0,0,40,40,00,00,1
824,428,A,77,00,DATA,77,00,817,0,0,40,40,00,00,1
825,428,B,00,00,DATA,00,00,818,0,0,40,40,00,00,1
826,428,A,FF,00,DATA,FF,00,819,0,0,40,40,00,00,1
827,428,B,00,01,DATA,01,00,820,0,0,40,40,00,00,1
828,428,A,FF,00,DATA,FF,00,821,0,0,40,40,00,00,1
829,428,B,00,00,DATA,00,00,822,0,0,40,40,00,00,1
830,428,A,FF,00,DATA,FF,00,823,0,0,40,40,00,00,1
831,428,B,00,A8,DATA,A8,00,824,0,0,40,40,00,00,1
832,428,A,57,00,DATA,57,00,825,0,0,40,40,00,00,1
833,428,B,00,04,DATA,04,00,826,0,0,40,40,00,00,1
834,428,A,FB,00,DATA,FB,00,827,0,0,40,40,00,00,1
835,428,B,00,0A,DATA,0A,00,828,0,0,40,40,00,00,1
836,428,A,F5,00,DATA,F5,00,829,0,0,40,40,00,00,1
837,428,B,00,00,DATA,00,00,830,0,0,40,40,00,00,1
838,428,A,FF,00,DATA,FF,00,831,0,0,40,40,00,00,1
839,428,B,00,89,DATA,89,00,832,0,0,40,40,00,00,1
840,428,A,77,00,DATA,77,00,833,0,0,40,40,00,00,1
841,428,B,00,00,DATA,00,00,834,0,0,40,40,00,00,1
842,428,A,FF,00,DATA,FF,00,835,0,0,40,40,00,00,1
843,428,B,00,55,DATA,55,00,836,0,0,40,40,00,00,1
844,428,A,FF,00,DATA,FF,00,837,0,0,40,40,00,00,1
845,428,B,00,00,DATA,00,00,838,0,0,40,40,00,00,1
846,428,A,FF,00,DATA,FF,00,839,0,0,40,40,00,00,1
847,428,B,00,80,DATA,80,00,840,0,0,40,40,00,00,1
848,428,A,7F,00,DATA,7F,00,841,0,0,40,40,00,00,1
849,428,B,00,00,DATA,00,00,842,0,0,40,40,00,00,1
850,428,A,FF,00,DATA,FF,00,843,0,0,40,40,00,00,1
851,428,B,00,20,DATA,20,00,844,0,0,40,40,00,00,1
852,428,A,DF,00,DATA,DF,00,845,0,0,40,40,00,00,1
853,428,B,00,00,DATA,00,00,846,0,0,40,40,00,00,1
854,428,A,FF,00,DATA,FF,00,847,0,0,40,40,00,00,1
855,428,B,00,10,DATA,10,00,848,0,0,40,40,00,00,1
856,428,A,FF,00,DATA,FF,00,849,0,0,40,40,00,00,1
857,428,B,00,02,DATA,02,00,850,0,0,40,40,00,00,1
858,428,A,FF,00,DATA,FF,00,851,0,0,40,40,00,00,1
859,428,B,00,54,DATA,54,00,852,0,0,40,40,00,00,1
860,428,A,FF,00,DATA,FF,00,853,0,0,40,40,00,00,1
861,428,B,00,68,DATA,68,00,854,0,0,40,40,00,00,1
862,428,A,FF,00,DATA,FF,00,855,0,0,40,40,00,00,1
863,428,B,00,B8,DATA,B8,00,856,0,0,40,40,00,00,1
864,428,A,57,00,DATA,57,00,857,0,0,40,40,00,00,1
865,428,B,00,44,DATA,44,00,858,0,0,40,40,00,00,1
866,428,A,BB,00,DATA,BB,00,859,0,0,40,40,00,00,1
867,428,B,00,AA,DATA,AA,00,860,0,0,40,40,00,00,1
868,428,A,55,00,DATA,55,00,861,0,0,40,40,00,00,1
869,428,B,00,00,DATA,00,00,862,0,0,40,40,00,00,1
870,428,A,FF,00,DATA,FF,00,863,0,0,40,40,00,00,1
871,428,B,00,95,DATA,95,00,864,0,0,40,40,00,00,1
872,428,A,7F,00,DATA,7F,00,865,0,0,40,40,00,00,1
873,428,B,00,3F,DATA,3F,00,866,0,0,40,40,00,00,1
874,428,A,FF,00,DATA,FF,00,867,0,0,40,40,00,00,1
875,428,B,00,95,DATA,95,00,868,0,0,40,40,00,00,1
876,428,A,7F,00,DATA,7F,00,869,0,0,40,40,00,00,1
877,428,B,00,02,DATA,02,00,870,0,0,40,40,00,00,1
878,428,A,FF,00,DATA,FF,00,871,0,0,40,40,00,00,1
879,428,B,00,95,DATA,95,00,872,0,0,40,40,00,00,1
880,428,A,7F,00,DATA,7F,00,873,0,0,40,40,00,00,1
881,428,B,00,02,DATA,02,00,874,0,0,40,40,00,00,1
882,428,A,FF,00,DATA,FF,00,875,0,0,40,40,00,00,1
883,428,B,00,21,DATA,21,00,876,0,0,40,40,00,00,1
884,428,A,DF,00,DATA,DF,00,877,0,0,40,40,00,00,1
885,428,B,00,02,DATA,02,00,878,0,0,40,40,00,00,1
886,428,A,FF,00,DATA,FF,00,879,0,0,40,40,00,00,1
887,428,B,00,77,DATA,77,00,880,0,0,40,40,00,00,1
888,428,A,FF,00,DATA,FF,00,881,0,0,40,40,00,00,1
889,428,B,00,BB,DATA,BB,00,882,0,0,40,40,00,00,1
890,428,A,FF,00,DATA,FF,00,883,0,0,40,40,00,00,1
891,428,B,00,55,DATA,55,00,884,0,0,40,40,00,00,1
892,428,A,FF,00,DATA,FF,00,885,0,0,40,40,00,00,1
893,444,B,00,FF,DATA,FF,00,886,0,0,40,40,00,00,1
894,444,A,FF,00,DATA,FF,00,887,0,0,40,40,00,00,1
895,444,B,00,55,DATA,55,00,888,0,0,40,40,00,00,1
896,444,A,FF,00,DATA,FF,00,889,0,0,40,40,00,00,1
897,444,B,00,3B,DATA,3B,00,890,0,0,40,40,00,00,1
898,444,A,FF,00,DATA,FF,00,891,0,0,40,40,00,00,1
899,444,B,00,55,DATA,55,00,892,0,0,40,40,00,00,1
900,444,A,FF,00,DATA,FF,00,893,0,0,40,40,00,00,1
901,444,B,00,FA,DATA,FA,00,894,0,0,40,40,00,00,1
902,444,A,FF,00,DATA,FF,00,895,0,0,40,40,00,00,1
903,444,B,00,FF,DATA,FF,00,896,0,0,40,40,00,00,1
904,444,A,FF,00,DATA,FF,00,897,0,0,40,40,00,00,1
905,444,B,00,FF,DATA,FF,00,898,0,0,40,40,00,00,1
906,444,A,FF,00,DATA,FF,00,899,0,0,40,40,00,00,1
907,444,B,00,5D,DATA,5D,00,900,0,0,40,40,00,00,1
908,444,A,FF,00,DATA,FF,00,901,0,0,40,40,00,00,1
909,444,B,00,FF,DATA,FF,00,902,0,0,40,40,00,00,1
910,444,A,FF,00,DATA,FF,00,903,0,0,40,40,00,00,1
911,444,B,00,55,DATA,55,00,904,0,0,40,40,00,00,1
912,444,A,FF,00,DATA,FF,00,905,0,0,40,40,00,00,1
913,444,B,00,BF,DATA,BF,00,906,0,0,40,40,00,00,1
914,444,A,FF,00,DATA,FF,00,907,0,0,40,40,00,00,1
915,444,B,00,7D,DATA,7D,00,908,0,0,40,40,00,00,1
916,444,A,FF,00,DATA,FF,00,909,0,0,40,40,00,00,1
917,444,B,00,FE,DATA,FE,00,910,0,0,40,40,00,00,1
918,444,A,FF,00,DATA,FF,00,911,0,0,40,40,00,00,1
919,444,B,00,77,DATA,77,00,912,0,0,40,40,00,00,1
920,444,A,FF,00,DATA,FF,00,913,0,0,40,40,00,00,1
921,444,B,00,FF,DATA,FF,00,914,0,0,40,40,00,00,1
922,444,A,FF,00,DATA,FF,00,915,0,0,40,40,00,00,1
923,444,B,00,DF,DATA,DF,00,916,0,0,40,40,00,00,1
924,444,A,FF,00,DATA,FF,00,917,0,0,40,40,00,00,1
925,444,B,00,FF,DATA,FF,00,918,0,0,40,40,00,00,1
926,444,A,FF,00,DATA,FF,00,919,0,0,40,40,00,00,1
927,444,B,00,55,DATA,55,00,920,0,0,40,40,00,00,1
928,444,A,FF,00,DATA,FF,00,921,0,0,40,40,00,00,1
929,444,B,00,AB,DATA,AB,00,922,0,0,40,40,00,00,1
930,444,A,FF,00,DATA,FF,00,923,0,0,40,40,00,00,1
931,444,B,00,55,DATA,55,00,924,0,0,40,40,00,00,1
932,444,A,FF,00,DATA,FF,00,925,0,0,40,40,00,00,1
933,444,B,00,FE,DATA,FE,00,926,0,0,40,40,00,00,1
934,444,A,FF,00,DATA,FF,00,927,0,0,40,40,00,00,1
935,444,B,00,7F,DATA,7F,00,928,0,0,40,40,00,00,1
936,444,A,F0,00,DATA,F0,00,929,0,0,40,40,00,00,1
937,444,B,00,EF,DATA,EF,00,930,0,0,40,40,00,00,1
938,444,A,F0,00,DATA,F0,00,931,0,0,40,40,00,00,1
939,444,B,00,D5,DATA,D5,00,932,0,0,40,40,00,00,1
940,444,A,F0,00,DATA,F0,00,933,0,0,40,40,00,00,1
941,444,B,00,EF,DATA,EF,00,934,0,0,40,40,00,00,1
942,444,A,F0,00,DATA,F0,00,935,0,0,40,40,00,00,1
943,444,B,00,45,DATA,45,00,936,0,0,40,40,00,00,1
944,444,A,F0,00,DATA,F0,00,937,0,0,40,40,00,00,1
945,444,B,00,9F,DATA,9F,00,938,0,0,40,40,00,00,1
946,444,A,E0,00,DATA,E0,00,939,0,0,40,40,00,00,1
947,444,B,00,7F,DATA,7F,00,940,0,0,40,40,00,00,1
948,444,A,C0,00,DATA,C0,00,941,0,0,40,40,00,00,1
949,444,B,00,FF,DATA,FF,00,942,0,0,40,40,00,00,1
950,444,A,C0,00,DATA,C0,00,943,0,0,40,40,00,00,1
951,444,B,00,55,DATA,55,00,944,0,0,40,40,00,00,1
952,444,A,00,00,DATA,00,00,945,0,0,40,40,00,00,1
953,444,B,00,FF,DATA,FF,00,946,0,0,40,40,00,00,1
954,444,A,00,00,DATA,00,00,947,0,0,40,40,00,00,1
955,444,B,00,5D,DATA,5D,00,948,0,0,40,40,00,00,1
956,444,A,00,00,DATA,00,00,949,0,0,40,40,00,00,1
957,444,B,00,FF,DATA,FF,00,950,0,0,40,40,00,00,1
958,444,A,00,00,DATA,00,00,951,0,0,40,40,00,00,1
959,444,B,00,55,DATA,55,00,952,0,0,40,40,00,00,1
960,444,A,00,00,DATA,00,00,953,0,0,40,40,00,00,1
961,444,B,00,FB,DATA,FB,00,954,0,0,40,40,00,00,1
962,444,A,00,00,DATA,00,00,955,0,0,40,40,00,00,1
963,444,B,00,55,DATA,55,00,956,0,0,40,40,00,00,1
964,444,A,00,00,DATA,00,00,957,0,0,40,40,00,00,1
965,444,B,00,FE,DATA,FE,00,958,0,0,40,40,00,00,1
966,444,A,00,00,DATA,00,00,959,0,0,40,40,00,00,1
967,444,B,00,55,DATA,55,00,960,0,0,40,40,00,00,1
968,444,A,00,00,DATA,00,00,961,0,0,40,40,00,00,1
969,444,B,00,A3,DATA,A3,00,962,0,0,40,40,00,00,1
970,444,A,00,00,DATA,00,00,963,0,0,40,40,00,00,1
971,444,B,00,55,DATA,55,00,964,0,0,40,40,00,00,1
972,444,A,00,00,DATA,00,00,965,0,0,40,40,00,00,1
973,444,B,00,EA,DATA,EA,00,966,0,0,40,40,00,00,1
974,444,A,00,00,DATA,00,00,967,0,0,40,40,00,00,1
975,444,B,00,55,DATA,55,00,968,0,0,40,40,00,00,1
976,444,A,00,00,DATA,00,00,969,0,0,40,40,00,00,1
977,444,B,00,AA,DATA,AA,00,970,0,0,40,40,00,00,1
978,444,A,00,00,DATA,00,00,971,0,0,40,40,00,00,1
979,444,B,00,55,DATA,55,00,972,0,0,40,40,00,00,1
980,444,A,00,00,DATA,00,00,973,0,0,40,40,00,00,1
981,444,B,00,FA,DATA,FA,00,974,0,0,40,40,00,00,1
982,444,A,00,00,DATA,00,00,975,0,0,40,40,00,00,1
983,444,B,00,55,DATA,55,00,976,0,0,40,40,00,00,1
984,444,A,00,00,DATA,00,00,977,0,0,40,40,00,00,1
985,444,B,00,A2,DATA,A2,00,978,0,0,40,40,00,00,1
986,444,A,00,00,DATA,00,00,979,0,0,40,40,00,00,1
987,444,B,00,55,DATA,55,00,980,0,0,40,40,00,00,1
988,444,A,00,00,DATA,00,00,981,0,0,40,40,00,00,1
989,444,B,00,AB,DATA,AB,00,982,0,0,40,40,00,00,1
990,444,A,00,00,DATA,00,00,983,0,0,40,40,00,00,1
991,444,B,00,57,DATA,57,00,984,0,0,40,40,00,00,1
992,444,A,00,00,DATA,00,00,985,0,0,40,40,00,00,1
993,444,B,00,BF,DATA,BF,00,986,0,0,40,40,00,00,1
994,444,A,00,00,DATA,00,00,987,0,0,40,40,00,00,1
995,444,B,00,55,DATA,55,00,988,0,0,40,40,00,00,1
996,444,A,00,00,DATA,00,00,989,0,0,40,40,00,00,1
997,444,B,00,FF,DATA,FF,00,990,0,0,40,40,00,00,1
998,444,A,00,00,DATA,00,00,991,0,0,40,40,00,00,1
999,444,B,00,5A,DATA,5A,00,992,0,0,40,40,00,00,1
1000,444,A,05,00,DATA,05,00,993,0,0,40,40,00,00,1
1001,444,B,00,BC,DATA,BC,00,994,0,0,40,40,00,00,1
1002,444,A,03,00,DATA,03,00,995,0,0,40,40,00,00,1
1003,444,B,00,6A,DATA,6A,00,996,0,0,40,40,00,00,1
1004,444,A,15,00,DATA,15,00,997,0,0,40,40,00,00,1
1005,444,B,00,F5,DATA,F5,00,998,0,0,40,40,00,00,1
1006,444,A,0A,00,DATA,0A,00,999,0,0,40,40,00,00,1
1007,444,B,00,7E,DATA,7E,00,1000,0,0,40,40,00,00,1
1008,444,A,01,00,DATA,01,00,1001,0,0,40,40,00,00,1
1009,444,B,00,FC,DATA,FC,00,1002,0,0,40,40,00,00,1
1010,444,A,03,00,DATA,03,00,1003,0,0,40,40,00,00,1
1011,444,B,00,DA,DATA,DA,00,1004,0,0,40,40,00,00,1
1012,444,A,05,00,DATA,05,00,1005,0,0,40,40,00,00,1
1013,444,B,00,FC,DATA,FC,00,1006,0,0,40,40,00,00,1
1014,444,A,03,00,DATA,03,00,1007,0,0,40,40,00,00,1
1015,444,B,00,82,DATA,82,00,1008,0,0,40,40,00,00,1
1016,444,A,7D,00,DATA,7D,00,1009,0,0,40,40,00,00,1
1017,444,B,00,00,DATA,00,00,1010,0,0,40,40,00,00,1
1018,444,A,FF,00,DATA,FF,00,1011,0,0,40,40,00,00,1
1019,444,B,00,8A,DATA,8A,00,1012,0,0,40,40,00,00,1
1020,444,A,75,00,DATA,75,00,1013,0,0,40,40,00,00,1
1021,444,B,00,01,DATA,01,00,1014,0,0,40,40,00,00,1
1022,444,A,FE,00,DATA,FE,00,1015,0,0,40,40,00,00,1
1023,444,B,00,88,DATA,88,00,1016,0,0,40,40,00,00,1
1024,444,A,77,00,DATA,77,00,1017,0,0,40,40,00,00,1
1025,444,B,00,05,DATA,05,00,1018,0,0,40,40,00,00,1
1026,444,A,FA,00,DATA,FA,00,1019,0,0,40,40,00,00,1
1027,444,B,00,2A,DATA,2A,00,1020,0,0,40,40,00,00,1
1028,444,A,D5,00,DATA,D5,00,1021,0,0,40,40,00,00,1
1029,444,B,00,51,DATA,51,00,1022,0,0,40,40,00,00,1
1030,444,A,AE,00,DATA,AE,00,1023,0,0,40,40,00,00,1
1031,444,B,00,51,DATA,51,00,1024,0,0,40,40,00,00,1
1032,444,A,00,00,DATA,00,00,1025,0,0,40,40,00,00,1
1033,444,B,00,00,DATA,00,00,1026,0,0,40,40,00,00,1
1034,444,A,00,00,DATA,00,00,1027,0,0,40,40,00,00,1
1035,444,B,00,55,DATA,55,00,1028,0,0,40,40,00,00,1
1036,444,A,00,00,DATA,00,00,1029,0,0,40,40,00,00,1
1037,444,B,00,08,DATA,08,00,1030,0,0,40,40,00,00,1
1038,444,A,00,00,DATA,00,00,1031,0,0,40,40,00,00,1
1039,444,B,00,55,DATA,55,00,1032,0,0,40,40,00,00,1
1040,444,A,00,00,DATA,00,00,1033,0,0,40,40,00,00,1
1041,444,B,00,22,DATA,22,00,1034,0,0,40,40,00,00,1
1042,444,A,00,00,DATA,00,00,1035,0,0,40,40,00,00,1
1043,444,B,00,55,DATA,55,00,1036,0,0,40,40,00,00,1
1044,444,A,00,00,DATA,00,00,1037,0,0,40,40,00,00,1
1045,444,B,00,EA,DATA,EA,00,1038,0,0,40,40,00,00,1
1046,444,A,00,00,DATA,00,00,1039,0,0,40,40,00,00,1
1047,444,B,00,11,DATA,11,00,1040,0,0,40,40,00,00,1
1048,444,A,00,00,DATA,00,00,1041,0,0,40,40,00,00,1
1049,444,B,00,00,DATA,00,00,1042,0,0,40,40,00,00,1
1050,444,A,00,00,DATA,00,00,1043,0,0,40,40,00,00,1
1051,444,B,00,55,DATA,55,00,1044,0,0,40,40,00,00,1
1052,444,A,00,00,DATA,00,00,1045,0,0,40,40,00,00,1
1053,444,B,00,00,DATA,00,00,1046,0,0,40,40,00,00,1
1054,444,A,00,00,DATA,00,00,1047,0,0,40,40,00,00,1
1055,444,B,00,55,DATA,55,00,1048,0,0,40,40,00,00,1
1056,444,A,00,00,DATA,00,00,1049,0,0,40,40,00,00,1
1057,444,B,00,22,DATA,22,00,1050,0,0,40,40,00,00,1
1058,444,A,00,00,DATA,00,00,1051,0,0,40,40,00,00,1
1059,444,B,00,55,DATA,55,00,1052,0,0,40,40,00,00,1
1060,444,A,00,00,DATA,00,00,1053,0,0,40,40,00,00,1
1061,444,B,00,EA,DATA,EA,00,1054,0,0,40,40,00,00,1
1062,444,A,00,00,DATA,00,00,1055,0,0,40,40,00,00,1
1063,444,B,00,14,DATA,14,00,1056,0,0,40,40,00,00,1
1064,444,A,00,00,DATA,00,00,1057,0,0,40,40,00,00,1
1065,444,B,00,02,DATA,02,00,1058,0,0,40,40,00,00,1
1066,444,A,00,00,DATA,00,00,1059,0,0,40,40,00,00,1
1067,444,B,00,55,DATA,55,00,1060,0,0,40,40,00,00,1
1068,444,A,00,00,DATA,00,00,1061,0,0,40,40,00,00,1
1069,444,B,00,00,DATA,00,00,1062,0,0,40,40,00,00,1
1070,444,A,00,00,DATA,00,00,1063,0,0,40,40,00,00,1
1071,444,B,00,55,DATA,55,00,1064,0,0,40,40,00,00,1
1072,444,A,00,00,DATA,00,00,1065,0,0,40,40,00,00,1
1073,444,B,00,22,DATA,22,00,1066,0,0,40,40,00,00,1
1074,444,A,00,00,DATA,00,00,1067,0,0,40,40,00,00,1
1075,444,B,00,55,DATA,55,00,1068,0,0,40,40,00,00,1
1076,444,A,00,00,DATA,00,00,1069,0,0,40,40,00,00,1
1077,444,B,00,AA,DATA,AA,00,1070,0,0,40,40,00,00,1
1078,444,A,00,00,DATA,00,00,1071,0,0,40,40,00,00,1
1079,444,B,00,08,DATA,08,00,1072,0,0,40,40,00,00,1
1080,444,A,77,00,DATA,77,00,1073,0,0,40,40,00,00,1
1081,460,B,00,28,DATA,28,00,1074,0,0,40,40,00,00,1
1082,460,A,1F,00,DATA,1F,00,1075,0,0,40,40,00,00,1
1083,460,B,00,50,DATA,50,00,1076,0,0,40,40,00,00,1
1084,460,A,07,00,DATA,07,00,1077,0,0,40,40,00,00,1
1085,460,B,00,8A,DATA,8A,00,1078,0,0,40,40,00,00,1
1086,460,A,01,00,DATA,01,00,1079,0,0,40,40,00,00,1
1087,460,B,00,55,DATA,55,00,1080,0,0,40,40,00,00,1
1088,460,A,00,00,DATA,00,00,1081,0,0,40,40,00,00,1
1089,460,B,00,2B,DATA,2B,00,1082,0,0,40,40,00,00,1
1090,460,A,00,00,DATA,00,00,1083,0,0,40,40,00,00,1
1091,460,B,00,55,DATA,55,00,1084,0,0,40,40,00,00,1
1092,460,A,00,00,DATA,00,00,1085,0,0,40,40,00,00,1
1093,460,B,00,AF,DATA,AF,00,1086,0,0,40,40,00,00,1
1094,460,A,00,00,DATA,00,00,1087,0,0,40,40,00,00,1
1095,460,B,00,99,DATA,99,00,1088,0,0,40,40,00,00,1
1096,460,A,77,00,DATA,77,00,1089,0,0,40,40,00,00,1
1097,460,B,00,00,DATA,00,00,1090,0,0,40,40,00,00,1
1098,460,A,FF,00,DATA,FF,00,1091,0,0,40,40,00,00,1
1099,460,B,00,00,DATA,00,00,1092,0,0,40,40,00,00,1
1100,460,A,FF,00,DATA,FF,00,1093,0,0,40,40,00,00,1
1101,460,B,00,80,DATA,80,00,1094,0,0,40,40,00,00,1
1102,460,A,FF,00,DATA,FF,00,1095,0,0,40,40,00,00,1
1103,460,B,00,59,DATA,59,00,1096,0,0,40,40,00,00,1
1104,460,A,77,00,DATA,77,00,1097,0,0,40,40,00,00,1
1105,460,B,00,B2,DATA,B2,00,1098,0,0,40,40,00,00,1
1106,460,A,0F,00,DATA,0F,00,1099,0,0,40,40,00,00,1
1107,460,B,00,56,DATA,56,00,1100,0,0,40,40,00,00,1
1108,460,A,01,00,DATA,01,00,1101,0,0,40,40,00,00,1
1109,460,B,00,FE,DATA,FE,00,1102,0,0,40,40,00,00,1
1110,460,A,00,00,DATA,00,00,1103,0,0,40,40,00,00,1
1111,460,B,00,54,DATA,54,00,1104,0,0,40,40,00,00,1
1112,460,A,FF,00,DATA,FF,00,1105,0,0,40,40,00,00,1
1113,460,B,00,00,DATA,00,00,1106,0,0,40,40,00,00,1
1114,460,A,FF,00,DATA,FF,00,1107,0,0,40,40,00,00,1
1115,460,B,00,14,DATA,14,00,1108,0,0,40,40,00,00,1
1116,460,A,FF,00,DATA,FF,00,1109,0,0,40,40,00,00,1
1117,460,B,00,0C,DATA,0C,00,1110,0,0,40,40,00,00,1
1118,460,A,FF,00,DATA,FF,00,1111,0,0,40,40,00,00,1
1119,460,B,00,10,DATA,10,00,1112,0,0,40,40,00,00,1
1120,460,A,FF,00,DATA,FF,00,1113,0,0,40,40,00,00,1
1121,460,B,00,02,DATA,02,00,1114,0,0,40,40,00,00,1
1122,460,A,FF,00,DATA,FF,00,1115,0,0,40,40,00,00,1
1123,460,B,00,D5,DATA,D5,00,1116,0,0,40,40,00,00,1
1124,460,A,FF,00,DATA,FF,00,1117,0,0,40,40,00,00,1
1125,460,B,00,E2,DATA,E2,00,1118,0,0,40,40,00,00,1
1126,460,A,1F,00,DATA,1F,00,1119,0,0,40,40,00,00,1
1127,460,B,00,81,DATA,81,00,1120,0,0,40,40,00,00,1
1128,460,A,7F,00,DATA,7F,00,1121,0,0,40,40,00,00,1
1129,460,B,00,41,DATA,41,00,1122,0,0,40,40,00,00,1
1130,460,A,BF,00,DATA,BF,00,1123,0,0,40,40,00,00,1
1131,460,B,00,B5,DATA,B5,00,1124,0,0,40,40,00,00,1
1132,460,A,5F,00,DATA,5F,00,1125,0,0,40,40,00,00,1
1133,460,B,00,00,DATA,00,00,1126,0,0,40,40,00,00,1
1134,460,A,FF,00,DATA,FF,00,1127,0,0,40,40,00,00,1
1135,460,B,00,91,DATA,91,00,1128,0,0,40,40,00,00,1
1136,460,A,7F,00,DATA,7F,00,1129,0,0,40,40,00,00,1
1137,460,B,00,03,DATA,03,00,1130,0,0,40,40,00,00,1
1138,460,A,FF,00,DATA,FF,00,1131,0,0,40,40,00,00,1
1139,460,B,00,85,DATA,85,00,1132,0,0,40,40,00,00,1
1140,460,A,7F,00,DATA,7F,00,1133,0,0,40,40,00,00,1
1141,460,B,00,02,DATA,02,00,1134,0,0,40,40,00,00,1
1142,460,A,FF,00,DATA,FF,00,1135,0,0,40,40,00,00,1
1143,460,B,00,55,DATA,55,00,1136,0,0,40,40,00,00,1
1144,460,A,FF,00,DATA,FF,00,1137,0,0,40,40,00,00,1
1145,460,B,00,AB,DATA,AB,00,1138,0,0,40,40,00,00,1
1146,460,A,FF,00,DATA,FF,00,1139,0,0,40,40,00,00,1
1147,460,B,00,55,DATA,55,00,1140,0,0,40,40,00,00,1
1148,460,A,FF,00,DATA,FF,00,1141,0,0,40,40,00,00,1
1149,460,B,00,AE,DATA,AE,00,1142,0,0,40,40,00,00,1
1150,460,A,FF,00,DATA,FF,00,1143,0,0,40,40,00,00,1
1151,460,B,00,55,DATA,55,00,1144,0,0,40,40,00,00,1
1152,460,A,FF,00,DATA,FF,00,1145,0,0,40,40,00,00,1
1153,460,B,00,FE,DATA,FE,00,1146,0,0,40,40,00,00,1
1154,460,A,FF,00,DATA,FF,00,1147,0,0,40,40,00,00,1
1155,460,B,00,5D,DATA,5D,00,1148,0,0,40,40,00,00,1
1156,460,A,FF,00,DATA,FF,00,1149,0,0,40,40,00,00,1
1157,460,B,00,7F,DATA,7F,00,1150,0,0,40,40,00,00,1
1158,460,A,FF,00,DATA,FF,00,1151,0,0,40,40,00,00,1
1159,460,B,00,55,DATA,55,00,1152,0,0,40,40,00,00,1
1160,460,A,FF,00,DATA,FF,00,1153,0,0,40,40,00,00,1
1161,460,B,00,FF,DATA,FF,00,1154,0,0,40,40,00,00,1
1162,460,A,FF,00,DATA,FF,00,1155,0,0,40,40,00,00,1
1163,460,B,00,55,DATA,55,00,1156,0,0,40,40,00,00,1
1164,460,A,FF,00,DATA,FF,00,1157,0,0,40,40,00,00,1
1165,460,B,00,EF,DATA,EF,00,1158,0,0,40,40,00,00,1
1166,460,A,FF,00,DATA,FF,00,1159,0,0,40,40,00,00,1
1167,460,B,00,75,DATA,75,00,1160,0,0,40,40,00,00,1
1168,460,A,FF,00,DATA,FF,00,1161,0,0,40,40,00,00,1
1169,460,B,00,BF,DATA,BF,00,1162,0,0,40,40,00,00,1
1170,460,A,FF,00,DATA,FF,00,1163,0,0,40,40,00,00,1
1171,460,B,00,55,DATA,55,00,1164,0,0,40,40,00,00,1
1172,460,A,FF,00,DATA,FF,00,1165,0,0,40,40,00,00,1
1173,460,B,00,FF,DATA,FF,00,1166,0,0,40,40,00,00,1
1174,460,A,FF,00,DATA,FF,00,1167,0,0,40,40,00,00,1
1175,460,B,00,57,DATA,57,00,1168,0,0,40,40,00,00,1
1176,460,A,FF,00,DATA,FF,00,1169,0,0,40,40,00,00,1
1177,460,B,00,AA,DATA,AA,00,1170,0,0,40,40,00,00,1
1178,460,A,FF,00,DATA,FF,00,1171,0,0,40,40,00,00,1
1179,460,B,00,55,DATA,55,00,1172,0,0,40,40,00,00,1
1180,460,A,FF,00,DATA,FF,00,1173,0,0,40,40,00,00,1
1181,460,B,00,FE,DATA,FE,00,1174,0,0,40,40,00,00,1
1182,460,A,FF,00,DATA,FF,00,1175,0,0,40,40,00,00,1
1183,460,B,00,55,DATA,55,00,1176,0,0,40,40,00,00,1
1184,460,A,FF,00,DATA,FF,00,1177,0,0,40,40,00,00,1
1185,460,B,00,BA,DATA,BA,00,1178,0,0,40,40,00,00,1
1186,460,A,FF,00,DATA,FF,00,1179,0,0,40,40,00,00,1
1187,460,B,00,5D,DATA,5D,00,1180,0,0,40,40,00,00,1
1188,460,A,FF,00,DATA,FF,00,1181,0,0,40,40,00,00,1
1189,460,B,00,FA,DATA,FA,00,1182,0,0,40,40,00,00,1
1190,460,A,FF,00,DATA,FF,00,1183,0,0,40,40,00,00,1
1191,460,B,00,75,DATA,75,00,1184,0,0,40,40,00,00,1
1192,460,A,C0,00,DATA,C0,00,1185,0,0,40,40,00,00,1
1193,460,B,00,3F,DATA,3F,00,1186,0,0,40,40,00,00,1
1194,460,A,C0,00,DATA,C0,00,1187,0,0,40,40,00,00,1
1195,460,B,00,75,DATA,75,00,1188,0,0,40,40,00,00,1
1196,460,A,C0,00,DATA,C0,00,1189,0,0,40,40,00,00,1
1197,460,B,00,FE,DATA,FE,00,1190,0,0,40,40,00,00,1
1198,460,A,C0,00,DATA,C0,00,1191,0,0,40,40,00,00,1
1199,460,B,00,75,DATA,75,00,1192,0,0,40,40,00,00,1
1200,460,A,C0,00,DATA,C0,00,1193,0,0,40,40,00,00,1
1201,460,B,00,1F,DATA,1F,00,1194,0,0,40,40,00,00,1
1202,460,A,E0,00,DATA,E0,00,1195,0,0,40,40,00,00,1
1203,460,B,00,4D,DATA,4D,00,1196,0,0,40,40,00,00,1
1204,460,A,F0,00,DATA,F0,00,1197,0,0,40,40,00,00,1
1205,460,B,00,1F,DATA,1F,00,1198,0,0,40,40,00,00,1
1206,460,A,E0,00,DATA,E0,00,1199,0,0,40,40,00,00,1
1207,460,B,00,75,DATA,75,00,1200,0,0,40,40,00,00,1
1208,460,A,00,00,DATA,00,00,1201,0,0,40,40,00,00,1
1209,460,B,00,FF,DATA,FF,00,1202,0,0,40,40,00,00,1
1210,460,A,00,00,DATA,00,00,1203,0,0,40,40,00,00,1
1211,460,B,00,55,DATA,55,00,1204,0,0,40,40,00,00,1
1212,460,A,00,00,DATA,00,00,1205,0,0,40,40,00,00,1
1213,460,B,00,EA,DATA,EA,00,1206,0,0,40,40,00,00,1
1214,460,A,00,00,DATA,00,00,1207,0,0,40,40,00,00,1
1215,460,B,00,55,DATA,55,00,1208,0,0,40,40,00,00,1
1216,460,A,00,00,DATA,00,00,1209,0,0,40,40,00,00,1
1217,460,B,00,BF,DATA,BF,00,1210,0,0,40,40,00,00,1
1218,460,A,00,00,DATA,00,00,1211,0,0,40,40,00,00,1
1219,460,B,00,5D,DATA,5D,00,1212,0,0,40,40,00,00,1
1220,460,A,00,00,DATA,00,00,1213,0,0,40,40,00,00,1
1221,460,B,00,FE,DATA,FE,00,1214,0,0,40,40,00,00,1
1222,460,A,00,00,DATA,00,00,1215,0,0,40,40,00,00,1
1223,460,B,00,55,DATA,55,00,1216,0,0,40,40,00,00,1
1224,460,A,00,00,DATA,00,00,1217,0,0,40,40,00,00,1
1225,460,B,00,AB,DATA,AB,00,1218,0,0,40,40,00,00,1
1226,460,A,00,00,DATA,00,00,1219,0,0,40,40,00,00,1
1227,460,B,00,5D,DATA,5D,00,1220,0,0,40,40,00,00,1
1228,460,A,00,00,DATA,00,00,1221,0,0,40,40,00,00,1
1229,460,B,00,FE,DATA,FE,00,1222,0,0,40,40,00,00,1
1230,460,A,00,00,DATA,00,00,1223,0,0,40,40,00,00,1
1231,460,B,00,55,DATA,55,00,1224,0,0,40,40,00,00,1
1232,460,A,00,00,DATA,00,00,1225,0,0,40,40,00,00,1
1233,460,B,00,EB,DATA,EB,00,1226,0,0,40,40,00,00,1
1234,460,A,00,00,DATA,00,00,1227,0,0,40,40,00,00,1
1235,460,B,00,55,DATA,55,00,1228,0,0,40,40,00,00,1
1236,460,A,00,00,DATA,00,00,1229,0,0,40,40,00,00,1
1237,460,B,00,AB,DATA,AB,00,1230,0,0,40,40,00,00,1
1238,460,A,00,00,DATA,00,00,1231,0,0,40,40,00,00,1
1239,460,B,00,57,DATA,57,00,1232,0,0,40,40,00,00,1
1240,460,A,00,00,DATA,00,00,1233,0,0,40,40,00,00,1
1241,460,B,00,FF,DATA,FF,00,1234,0,0,40,40,00,00,1
1242,460,A,00,00,DATA,00,00,1235,0,0,40,40,00,00,1
1243,460,B,00,5D,DATA,5D,00,1236,0,0,40,40,00,00,1
1244,460,A,00,00,DATA,00,00,1237,0,0,40,40,00,00,1
1245,460,B,00,FF,DATA,FF,00,1238,0,0,40,40,00,00,1
1246,460,A,00,00,DATA,00,00,1239,0,0,40,40,00,00,1
1247,460,B,00,75,DATA,75,00,1240,0,0,40,40,00,00,1
1248,460,A,00,00,DATA,00,00,1241,0,0,40,40,00,00,1
1249,460,B,00,BB,DATA,BB,00,1242,0,0,40,40,00,00,1
1250,460,A,00,00,DATA,00,00,1243,0,0,40,40,00,00,1
1251,460,B,00,55,DATA,55,00,1244,0,0,40,40,00,00,1
1252,460,A,00,00,DATA,00,00,1245,0,0,40,40,00,00,1
1253,460,B,00,EF,DATA,EF,00,1246,0,0,40,40,00,00,1
1254,460,A,00,00,DATA,00,00,1247,0,0,40,40,00,00,1
1255,460,B,00,78,DATA,78,00,1248,0,0,40,40,00,00,1
1256,460,A,07,00,DATA,07,00,1249,0,0,40,40,00,00,1
1257,460,B,00,FC,DATA,FC,00,1250,0,0,40,40,00,00,1
1258,460,A,03,00,DATA,03,00,1251,0,0,40,40,00,00,1
1259,460,B,00,7A,DATA,7A,00,1252,0,0,40,40,00,00,1
1260,460,A,05,00,DATA,05,00,1253,0,0,40,40,00,00,1
1261,460,B,00,F1,DATA,F1,00,1254,0,0,40,40,00,00,1
1262,460,A,0E,00,DATA,0E,00,1255,0,0,40,40,00,00,1
1263,460,B,00,6A,DATA,6A,00,1256,0,0,40,40,00,00,1
1264,460,A,15,00,DATA,15,00,1257,0,0,40,40,00,00,1
1265,460,B,00,DD,DATA,DD,00,1258,0,0,40,40,00,00,1
1266,460,A,22,00,DATA,22,00,1259,0,0,40,40,00,00,1
1267,460,B,00,EA,DATA,EA,00,1260,0,0,40,40,00,00,1
1268,460,A,15,00,DATA,15,00,1261,0,0,40,40,00,00,1
1269,476,B,00,FF,DATA,FF,00,1262,0,0,40,40,00,00,1
1270,476,A,00,00,DATA,00,00,1263,0,0,40,40,00,00,1
1271,476,B,00,AA,DATA,AA,00,1264,0,0,40,40,00,00,1
1272,476,A,55,00,DATA,55,00,1265,0,0,40,40,00,00,1
1273,476,B,00,44,DATA,44,00,1266,0,0,40,40,00,00,1
1274,476,A,BB,00,DATA,BB,00,1267,0,0,40,40,00,00,1
1275,476,B,00,AA,DATA,AA,00,1268,0,0,40,40,00,00,1
1276,476,A,55,00,DATA,55,00,1269,0,0,40,40,00,00,1
1277,476,B,00,01,DATA,01,00,1270,0,0,40,40,00,00,1
1278,476,A,FE,00,DATA,FE,00,1271,0,0,40,40,00,00,1
1279,476,B,00,A8,DATA,A8,00,1272,0,0,40,40,00,00,1
1280,476,A,57,00,DATA,57,00,1273,0,0,40,40,00,00,1
1281,476,B,00,C0,DATA,C0,00,1274,0,0,40,40,00,00,1
1282,476,A,3F,00,DATA,3F,00,1275,0,0,40,40,00,00,1
1283,476,B,00,A2,DATA,A2,00,1276,0,0,40,40,00,00,1
1284,476,A,5D,00,DATA,5D,00,1277,0,0,40,40,00,00,1
1285,476,B,00,41,DATA,41,00,1278,0,0,40,40,00,00,1
1286,476,A,BE,00,DATA,BE,00,1279,0,0,40,40,00,00,1
1287,476,B,00,55,DATA,55,00,1280,0,0,40,40,00,00,1
1288,476,A,00,00,DATA,00,00,1281,0,0,40,40,00,00,1
1289,476,B,00,FF,DATA,FF,00,1282,0,0,40,40,00,00,1
1290,476,A,00,00,DATA,00,00,1283,0,0,40,40,00,00,1
1291,476,B,00,55,DATA,55,00,1284,0,0,40,40,00,00,1
1292,476,A,00,00,DATA,00,00,1285,0,0,40,40,00,00,1
1293,476,B,00,FF,DATA,FF,00,1286,0,0,40,40,00,00,1
1294,476,A,00,00,DATA,00,00,1287,0,0,40,40,00,00,1
1295,476,B,00,77,DATA,77,00,1288,0,0,40,40,00,00,1
1296,476,A,00,00,DATA,00,00,1289,0,0,40,40,00,00,1
1297,476,B,00,FF,DATA,FF,00,1290,0,0,40,40,00,00,1
1298,476,A,00,00,DATA,00,00,1291,0,0,40,40,00,00,1
1299,476,B,00,BF,DATA,BF,00,1292,0,0,40,40,00,00,1
1300,476,A,40,00,DATA,40,00,1293,0,0,40,40,00,00,1
1301,476,B,00,FD,DATA,FD,00,1294,0,0,40,40,00,00,1
1302,476,A,02,00,DATA,02,00,1295,0,0,40,40,00,00,1
1303,476,B,00,55,DATA,55,00,1296,0,0,40,40,00,00,1
1304,476,A,00,00,DATA,00,00,1297,0,0,40,40,00,00,1
1305,476,B,00,FB,DATA,FB,00,1298,0,0,40,40,00,00,1
1306,476,A,00,00,DATA,00,00,1299,0,0,40,40,00,00,1
1307,476,B,00,55,DATA,55,00,1300,0,0,40,40,00,00,1
1308,476,A,00,00,DATA,00,00,1301,0,0,40,40,00,00,1
1309,476,B,00,FF,DATA,FF,00,1302,0,0,40,40,00,00,1
1310,476,A,00,00,DATA,00,00,1303,0,0,40,40,00,00,1
1311,476,B,00,F7,DATA,F7,00,1304,0,0,40,40,00,00,1
1312,476,A,00,00,DATA,00,00,1305,0,0,40,40,00,00,1
1313,476,B,00,FF,DATA,FF,00,1306,0,0,40,40,00,00,1
1314,476,A,00,00,DATA,00,00,1307,0,0,40,40,00,00,1
1315,476,B,00,AA,DATA,AA,00,1308,0,0,40,40,00,00,1
1316,476,A,55,00,DATA,55,00,1309,0,0,40,40,00,00,1
1317,476,B,00,00,DATA,00,00,1310,0,0,40,40,00,00,1
1318,476,A,FF,00,DATA,FF,00,1311,0,0,40,40,00,00,1
1319,476,B,00,55,DATA,55,00,1312,0,0,40,40,00,00,1
1320,476,A,00,00,DATA,00,00,1313,0,0,40,40,00,00,1
1321,476,B,00,BB,DATA,BB,00,1314,0,0,40,40,00,00,1
1322,476,A,00,00,DATA,00,00,1315,0,0,40,40,00,00,1
1323,476,B,00,55,DATA,55,00,1316,0,0,40,40,00,00,1
1324,476,A,00,00,DATA,00,00,1317,0,0,40,40,00,00,1
1325,476,B,00,FF,DATA,FF,00,1318,0,0,40,40,00,00,1
1326,476,A,00,00,DATA,00,00,1319,0,0,40,40,00,00,1
1327,476,B,00,67,DATA,67,00,1320,0,0,40,40,00,00,1
1328,476,A,10,00,DATA,10,00,1321,0,0,40,40,00,00,1
1329,476,B,00,FF,DATA,FF,00,1322,0,0,40,40,00,00,1
1330,476,A,00,00,DATA,00,00,1323,0,0,40,40,00,00,1
1331,476,B,00,A0,DATA,A0,00,1324,0,0,40,40,00,00,1
1332,476,A,5F,00,DATA,5F,00,1325,0,0,40,40,00,00,1
1333,476,B,00,00,DATA,00,00,1326,0,0,40,40,00,00,1
1334,476,A,FF,00,DATA,FF,00,1327,0,0,40,40,00,00,1
1335,476,B,00,55,DATA,55,00,1328,0,0,40,40,00,00,1
1336,476,A,00,00,DATA,00,00,1329,0,0,40,40,00,00,1
1337,476,B,00,BB,DATA,BB,00,1330,0,0,40,40,00,00,1
1338,476,A,00,00,DATA,00,00,1331,0,0,40,40,00,00,1
1339,476,B,00,55,DATA,55,00,1332,0,0,40,40,00,00,1
1340,476,A,00,00,DATA,00,00,1333,0,0,40,40,00,00,1
1341,476,B,00,FF,DATA,FF,00,1334,0,0,40,40,00,00,1
1342,476,A,00,00,DATA,00,00,1335,0,0,40,40,00,00,1
1343,476,B,00,77,DATA,77,00,1336,0,0,40,40,00,00,1
1344,476,A,00,00,DATA,00,00,1337,0,0,40,40,00,00,1
1345,476,B,00,DC,DATA,DC,00,1338,0,0,40,40,00,00,1
1346,476,A,23,00,DATA,23,00,1339,0,0,40,40,00,00,1
1347,476,B,00,2A,DATA,2A,00,1340,0,0,40,40,00,00,1
1348,476,A,D5,00,DATA,D5,00,1341,0,0,40,40,00,00,1
1349,476,B,00,00,DATA,00,00,1342,0,0,40,40,00,00,1
1350,476,A,FF,00,DATA,FF,00,1343,0,0,40,40,00,00,1
1351,476,B,00,55,DATA,55,00,1344,0,0,40,40,00,00,1
1352,476,A,00,00,DATA,00,00,1345,0,0,40,40,00,00,1
1353,476,B,00,FF,DATA,FF,00,1346,0,0,40,40,00,00,1
1354,476,A,00,00,DATA,00,00,1347,0,0,40,40,00,00,1
1355,476,B,00,D5,DATA,D5,00,1348,0,0,40,40,00,00,1
1356,476,A,00,00,DATA,00,00,1349,0,0,40,40,00,00,1
1357,476,B,00,FF,DATA,FF,00,1350,0,0,40,40,00,00,1
1358,476,A,00,00,DATA,00,00,1351,0,0,40,40,00,00,1
1359,476,B,00,67,DATA,67,00,1352,0,0,40,40,00,00,1
1360,476,A,10,00,DATA,10,00,1353,0,0,40,40,00,00,1
1361,476,B,00,DC,DATA,DC,00,1354,0,0,40,40,00,00,1
1362,476,A,23,00,DATA,23,00,1355,0,0,40,40,00,00,1
1363,476,B,00,9D,DATA,9D,00,1356,0,0,40,40,00,00,1
1364,476,A,77,00,DATA,77,00,1357,0,0,40,40,00,00,1
1365,476,B,00,00,DATA,00,00,1358,0,0,40,40,00,00,1
1366,476,A,FF,00,DATA,FF,00,1359,0,0,40,40,00,00,1
1367,476,B,00,55,DATA,55,00,1360,0,0,40,40,00,00,1
1368,476,A,1F,00,DATA,1F,00,1361,0,0,40,40,00,00,1
1369,476,B,00,AF,DATA,AF,00,1362,0,0,40,40,00,00,1
1370,476,A,1F,00,DATA,1F,00,1363,0,0,40,40,00,00,1
1371,476,B,00,45,DATA,45,00,1364,0,0,40,40,00,00,1
1372,476,A,1F,00,DATA,1F,00,1365,0,0,40,40,00,00,1
1373,476,B,00,EF,DATA,EF,00,1366,0,0,40,40,00,00,1
1374,476,A,1F,00,DATA,1F,00,1367,0,0,40,40,00,00,1
1375,476,B,00,97,DATA,97,00,1368,0,0,40,40,00,00,1
1376,476,A,7F,00,DATA,7F,00,1369,0,0,40,40,00,00,1
1377,476,B,00,13,DATA,13,00,1370,0,0,40,40,00,00,1
1378,476,A,FF,00,DATA,FF,00,1371,0,0,40,40,00,00,1
1379,476,B,00,55,DATA,55,00,1372,0,0,40,40,00,00,1
1380,476,A,FF,00,DATA,FF,00,1373,0,0,40,40,00,00,1
1381,476,B,00,BF,DATA,BF,00,1374,0,0,40,40,00,00,1
1382,476,A,FF,00,DATA,FF,00,1375,0,0,40,40,00,00,1
1383,476,B,00,15,DATA,15,00,1376,0,0,40,40,00,00,1
1384,476,A,FF,00,DATA,FF,00,1377,0,0,40,40,00,00,1
1385,476,B,00,22,DATA,22,00,1378,0,0,40,40,00,00,1
1386,476,A,FF,00,DATA,FF,00,1379,0,0,40,40,00,00,1
1387,476,B,00,55,DATA,55,00,1380,0,0,40,40,00,00,1
1388,476,A,FF,00,DATA,FF,00,1381,0,0,40,40,00,00,1
1389,476,B,00,FF,DATA,FF,00,1382,0,0,40,40,00,00,1
1390,476,A,FF,00,DATA,FF,00,1383,0,0,40,40,00,00,1
1391,476,B,00,D5,DATA,D5,00,1384,0,0,40,40,00,00,1
1392,476,A,FF,00,DATA,FF,00,1385,0,0,40,40,00,00,1
1393,476,B,00,FF,DATA,FF,00,1386,0,0,40,40,00,00,1
1394,476,A,FF,00,DATA,FF,00,1387,0,0,40,40,00,00,1
1395,476,B,00,7D,DATA,7D,00,1388,0,0,40,40,00,00,1
1396,476,A,FF,00,DATA,FF,00,1389,0,0,40,40,00,00,1
1397,476,B,00,FF,DATA,FF,00,1390,0,0,40,40,00,00,1
1398,476,A,FF,00,DATA,FF,00,1391,0,0,40,40,00,00,1
1399,476,B,00,7D,DATA,7D,00,1392,0,0,40,40,00,00,1
1400,476,A,FF,00,DATA,FF,00,1393,0,0,40,40,00,00,1
1401,476,B,00,3F,DATA,3F,00,1394,0,0,40,40,00,00,1
1402,476,A,FF,00,DATA,FF,00,1395,0,0,40,40,00,00,1
1403,476,B,00,DD,DATA,DD,00,1396,0,0,40,40,00,00,1
1404,476,A,FF,00,DATA,FF,00,1397,0,0,40,40,00,00,1
1405,476,B,00,FF,DATA,FF,00,1398,0,0,40,40,00,00,1
1406,476,A,FF,00,DATA,FF,00,1399,0,0,40,40,00,00,1
1407,476,B,00,FF,DATA,FF,00,1400,0,0,40,40,00,00,1
1408,476,A,FF,00,DATA,FF,00,1401,0,0,40,40,00,00,1
1409,476,B,00,FF,DATA,FF,00,1402,0,0,40,40,00,00,1
1410,476,A,FF,00,DATA,FF,00,1403,0,0,40,40,00,00,1
1411,476,B,00,FF,DATA,FF,00,1404,0,0,40,40,00,00,1
1412,476,A,FF,00,DATA,FF,00,1405,0,0,40,40,00,00,1
1413,476,B,00,FE,DATA,FE,00,1406,0,0,40,40,00,00,1
1414,476,A,FF,00,DATA,FF,00,1407,0,0,40,40,00,00,1
1415,476,B,00,57,DATA,57,00,1408,0,0,40,40,00,00,1
1416,476,A,FF,00,DATA,FF,00,1409,0,0,40,40,00,00,1
1417,476,B,00,F7,DATA,F7,00,1410,0,0,40,40,00,00,1
1418,476,A,FF,00,DATA,FF,00,1411,0,0,40,40,00,00,1
1419,476,B,00,5F,DATA,5F,00,1412,0,0,40,40,00,00,1
1420,476,A,FF,00,DATA,FF,00,1413,0,0,40,40,00,00,1
1421,476,B,00,DF,DATA,DF,00,1414,0,0,40,40,00,00,1
1422,476,A,FF,00,DATA,FF,00,1415,0,0,40,40,00,00,1
1423,476,B,00,55,DATA,55,00,1416,0,0,40,40,00,00,1
1424,476,A,FF,00,DATA,FF,00,1417,0,0,40,40,00,00,1
1425,476,B,00,FF,DATA,FF,00,1418,0,0,40,40,00,00,1
1426,476,A,FF,00,DATA,FF,00,1419,0,0,40,40,00,00,1
1427,476,B,00,D5,DATA,D5,00,1420,0,0,40,40,00,00,1
1428,476,A,FF,00,DATA,FF,00,1421,0,0,40,40,00,00,1
1429,476,B,00,FF,DATA,FF,00,1422,0,0,40,40,00,00,1
1430,476,A,FF,00,DATA,FF,00,1423,0,0,40,40,00,00,1
1431,476,B,00,55,DATA,55,00,1424,0,0,40,40,00,00,1
1432,476,A,FF,00,DATA,FF,00,1425,0,0,40,40,00,00,1
1433,476,B,00,FB,DATA,FB,00,1426,0,0,40,40,00,00,1
1434,476,A,FF,00,DATA,FF,00,1427,0,0,40,40,00,00,1
1435,476,B,00,D5,DATA,D5,00,1428,0,0,40,40,00,00,1
1436,476,A,FF,00,DATA,FF,00,1429,0,0,40,40,00,00,1
1437,476,B,00,F8,DATA,F8,00,1430,0,0,40,40,00,00,1
1438,476,A,FF,00,DATA,FF,00,1431,0,0,40,40,00,00,1
1439,476,B,00,55,DATA,55,00,1432,0,0,40,40,00,00,1
1440,476,A,FF,00,DATA,FF,00,1433,0,0,40,40,00,00,1
1441,476,B,00,FB,DATA,FB,00,1434,0,0,40,40,00,00,1
1442,476,A,FF,00,DATA,FF,00,1435,0,0,40,40,00,00,1
1443,476,B,00,55,DATA,55,00,1436,0,0,40,40,00,00,1
1444,476,A,FF,00,DATA,FF,00,1437,0,0,40,40,00,00,1
1445,476,B,00,FE,DATA,FE,00,1438,0,0,40,40,00,00,1
1446,476,A,FF,00,DATA,FF,00,1439,0,0,40,40,00,00,1
1447,476,B,00,45,DATA,45,00,1440,0,0,40,40,00,00,1
1448,476,A,F0,00,DATA,F0,00,1441,0,0,40,40,00,00,1
1449,476,B,00,1F,DATA,1F,00,1442,0,0,40,40,00,00,1
1450,476,A,E0,00,DATA,E0,00,1443,0,0,40,40,00,00,1
1451,476,B,00,6D,DATA,6D,00,1444,0,0,40,40,00,00,1
1452,476,A,D0,00,DATA,D0,00,1445,0,0,40,40,00,00,1
1453,476,B,00,1E,DATA,1E,00,1446,0,0,40,40,00,00,1
1454,476,A,E0,00,DATA,E0,00,1447,0,0,40,40,00,00,1
1455,476,B,00,4D,DATA,4D,00,1448,0,0,40,40,00,00,1
1456,476,A,F0,00,DATA,F0,00,1449,0,0,40,40,00,00,1
1457,492,B,00,1F,DATA,1F,00,1450,0,0,40,40,00,00,1
1458,492,A,E0,00,DATA,E0,00,1451,0,0,40,40,00,00,1
1459,492,B,00,4D,DATA,4D,00,1452,0,0,40,40,00,00,1
1460,492,A,F0,00,DATA,F0,00,1453,0,0,40,40,00,00,1
1461,492,B,00,2F,DATA,2F,00,1454,0,0,40,40,00,00,1
1462,492,A,F0,00,DATA,F0,00,1455,0,0,40,40,00,00,1
1463,492,B,00,55,DATA,55,00,1456,0,0,40,40,00,00,1
1464,492,A,00,00,DATA,00,00,1457,0,0,40,40,00,00,1
1465,492,B,00,BA,DATA,BA,00,1458,0,0,40,40,00,00,1
1466,492,A,00,00,DATA,00,00,1459,0,0,40,40,00,00,1
1467,492,B,00,55,DATA,55,00,1460,0,0,40,40,00,00,1
1468,492,A,00,00,DATA,00,00,1461,0,0,40,40,00,00,1
1469,492,B,00,E8,DATA,E8,00,1462,0,0,40,40,00,00,1
1470,492,A,00,00,DATA,00,00,1463,0,0,40,40,00,00,1
1471,492,B,00,51,DATA,51,00,1464,0,0,40,40,00,00,1
1472,492,A,00,00,DATA,00,00,1465,0,0,40,40,00,00,1
1473,492,B,00,80,DATA,80,00,1466,0,0,40,40,00,00,1
1474,492,A,00,00,DATA,00,00,1467,0,0,40,40,00,00,1
1475,492,B,00,40,DATA,40,00,1468,0,0,40,40,00,00,1
1476,492,A,00,00,DATA,00,00,1469,0,0,40,40,00,00,1
1477,492,B,00,80,DATA,80,00,1470,0,0,40,40,00,00,1
1478,492,A,00,00,DATA,00,00,1471,0,0,40,40,00,00,1
1479,492,B,00,55,DATA,55,00,1472,0,0,40,40,00,00,1
1480,492,A,00,00,DATA,00,00,1473,0,0,40,40,00,00,1
1481,492,B,00,2B,DATA,2B,00,1474,0,0,40,40,00,00,1
1482,492,A,00,00,DATA,00,00,1475,0,0,40,40,00,00,1
1483,492,B,00,55,DATA,55,00,1476,0,0,40,40,00,00,1
1484,492,A,00,00,DATA,00,00,1477,0,0,40,40,00,00,1
1485,492,B,00,0A,DATA,0A,00,1478,0,0,40,40,00,00,1
1486,492,A,00,00,DATA,00,00,1479,0,0,40,40,00,00,1
1487,492,B,00,01,DATA,01,00,1480,0,0,40,40,00,00,1
1488,492,A,00,00,DATA,00,00,1481,0,0,40,40,00,00,1
1489,492,B,00,00,DATA,00,00,1482,0,0,40,40,00,00,1
1490,492,A,00,00,DATA,00,00,1483,0,0,40,40,00,00,1
1491,492,B,00,00,DATA,00,00,1484,0,0,40,40,00,00,1
1492,492,A,00,00,DATA,00,00,1485,0,0,40,40,00,00,1
1493,492,B,00,00,DATA,00,00,1486,0,0,40,40,00,00,1
1494,492,A,00,00,DATA,00,00,1487,0,0,40,40,00,00,1
1495,492,B,00,57,DATA,57,00,1488,0,0,40,40,00,00,1
1496,492,A,00,00,DATA,00,00,1489,0,0,40,40,00,00,1
1497,492,B,00,BB,DATA,BB,00,1490,0,0,40,40,00,00,1
1498,492,A,00,00,DATA,00,00,1491,0,0,40,40,00,00,1
1499,492,B,00,55,DATA,55,00,1492,0,0,40,40,00,00,1
1500,492,A,00,00,DATA,00,00,1493,0,0,40,40,00,00,1
1501,492,B,00,AF,DATA,AF,00,1494,0,0,40,40,00,00,1
1502,492,A,00,00,DATA,00,00,1495,0,0,40,40,00,00,1
1503,492,B,00,55,DATA,55,00,1496,0,0,40,40,00,00,1
1504,492,A,00,00,DATA,00,00,1497,0,0,40,40,00,00,1
1505,492,B,00,3B,DATA,3B,00,1498,0,0,40,40,00,00,1
1506,492,A,00,00,DATA,00,00,1499,0,0,40,40,00,00,1
1507,492,B,00,15,DATA,15,00,1500,0,0,40,40,00,00,1
1508,492,A,00,00,DATA,00,00,1501,0,0,40,40,00,00,1
1509,492,B,00,0B,DATA,0B,00,1502,0,0,40,40,00,00,1
1510,492,A,00,00,DATA,00,00,1503,0,0,40,40,00,00,1
1511,492,B,00,FA,DATA,FA,00,1504,0,0,40,40,00,00,1
1512,492,A,05,00,DATA,05,00,1505,0,0,40,40,00,00,1
1513,492,B,00,FD,DATA,FD,00,1506,0,0,40,40,00,00,1
1514,492,A,02,00,DATA,02,00,1507,0,0,40,40,00,00,1
1515,492,B,00,DA,DATA,DA,00,1508,0,0,40,40,00,00,1
1516,492,A,05,00,DATA,05,00,1509,0,0,40,40,00,00,1
1517,492,B,00,FF,DATA,FF,00,1510,0,0,40,40,00,00,1
1518,492,A,00,00,DATA,00,00,1511,0,0,40,40,00,00,1
1519,492,B,00,56,DATA,56,00,1512,0,0,40,40,00,00,1
1520,492,A,01,00,DATA,01,00,1513,0,0,40,40,00,00,1
1521,492,B,00,BF,DATA,BF,00,1514,0,0,40,40,00,00,1
1522,492,A,00,00,DATA,00,00,1515,0,0,40,40,00,00,1
1523,492,B,00,5F,DATA,5F,00,1516,0,0,40,40,00,00,1
1524,492,A,00,00,DATA,00,00,1517,0,0,40,40,00,00,1
1525,492,B,00,FF,DATA,FF,00,1518,0,0,40,40,00,00,1
1526,492,A,00,00,DATA,00,00,1519,0,0,40,40,00,00,1
1527,492,B,00,AA,DATA,AA,00,1520,0,0,40,40,00,00,1
1528,492,A,55,00,DATA,55,00,1521,0,0,40,40,00,00,1
1529,492,B,00,40,DATA,40,00,1522,0,0,40,40,00,00,1
1530,492,A,BF,00,DATA,BF,00,1523,0,0,40,40,00,00,1
1531,492,B,00,AA,DATA,AA,00,1524,0,0,40,40,00,00,1
1532,492,A,55,00,DATA,55,00,1525,0,0,40,40,00,00,1
1533,492,B,00,55,DATA,55,00,1526,0,0,40,40,00,00,1
1534,492,A,AA,00,DATA,AA,00,1527,0,0,40,40,00,00,1
1535,492,B,00,A8,DATA,A8,00,1528,0,0,40,40,00,00,1
1536,492,A,57,00,DATA,57,00,1529,0,0,40,40,00,00,1
1537,492,B,00,F5,DATA,F5,00,1530,0,0,40,40,00,00,1
1538,492,A,0A,00,DATA,0A,00,1531,0,0,40,40,00,00,1
1539,492,B,00,AA,DATA,AA,00,1532,0,0,40,40,00,00,1
1540,492,A,55,00,DATA,55,00,1533,0,0,40,40,00,00,1
1541,492,B,00,F4,DATA,F4,00,1534,0,0,40,40,00,00,1
1542,492,A,0B,00,DATA,0B,00,1535,0,0,40,40,00,00,1
1543,492,B,00,AA,DATA,AA,00,1536,0,0,40,40,00,00,1
1544,492,A,55,00,DATA,55,00,1537,0,0,40,40,00,00,1
1545,492,B,00,CC,DATA,CC,00,1538,0,0,40,40,00,00,1
1546,492,A,33,00,DATA,33,00,1539,0,0,40,40,00,00,1
1547,492,B,00,AA,DATA,AA,00,1540,0,0,40,40,00,00,1
1548,492,A,55,00,DATA,55,00,1541,0,0,40,40,00,00,1
1549,492,B,00,00,DATA,00,00,1542,0,0,40,40,00,00,1
1550,492,A,FF,00,DATA,FF,00,1543,0,0,40,40,00,00,1
1551,492,B,00,8A,DATA,8A,00,1544,0,0,40,40,00,00,1
1552,492,A,75,00,DATA,75,00,1545,0,0,40,40,00,00,1
1553,492,B,00,00,DATA,00,00,1546,0,0,40,40,00,00,1
1554,492,A,FF,00,DATA,FF,00,1547,0,0,40,40,00,00,1
1555,492,B,00,AA,DATA,AA,00,1548,0,0,40,40,00,00,1
1556,492,A,55,00,DATA,55,00,1549,0,0,40,40,00,00,1
1557,492,B,00,80,DATA,80,00,1550,0,0,40,40,00,00,1
1558,492,A,7F,00,DATA,7F,00,1551,0,0,40,40,00,00,1
1559,492,B,00,AA,DATA,AA,00,1552,0,0,40,40,00,00,1
1560,492,A,55,00,DATA,55,00,1553,0,0,40,40,00,00,1
1561,492,B,00,40,DATA,40,00,1554,0,0,40,40,00,00,1
1562,492,A,BF,00,DATA,BF,00,1555,0,0,40,40,00,00,1
1563,492,B,00,02,DATA,02,00,1556,0,0,40,40,00,00,1
1564,492,A,FD,00,DATA,FD,00,1557,0,0,40,40,00,00,1
1565,492,B,00,00,DATA,00,00,1558,0,0,40,40,00,00,1
1566,492,A,FF,00,DATA,FF,00,1559,0,0,40,40,00,00,1
1567,492,B,00,A8,DATA,A8,00,1560,0,0,40,40,00,00,1
1568,492,A,57,00,DATA,57,00,1561,0,0,40,40,00,00,1
1569,492,B,00,00,DATA,00,00,1562,0,0,40,40,00,00,1
1570,492,A,FF,00,DATA,FF,00,1563,0,0,40,40,00,00,1
1571,492,B,00,92,DATA,92,00,1564,0,0,40,40,00,00,1
1572,492,A,7D,00,DATA,7D,00,1565,0,0,40,40,00,00,1
1573,492,B,00,00,DATA,00,00,1566,0,0,40,40,00,00,1
1574,492,A,FF,00,DATA,FF,00,1567,0,0,40,40,00,00,1
1575,492,B,00,AA,DATA,AA,00,1568,0,0,40,40,00,00,1
1576,492,A,55,00,DATA,55,00,1569,0,0,40,40,00,00,1
1577,492,B,00,00,DATA,00,00,1570,0,0,40,40,00,00,1
1578,492,A,FF,00,DATA,FF,00,1571,0,0,40,40,00,00,1
1579,492,B,00,AA,DATA,AA,00,1572,0,0,40,40,00,00,1
1580,492,A,55,00,DATA,55,00,1573,0,0,40,40,00,00,1
1581,492,B,00,00,DATA,00,00,1574,0,0,40,40,00,00,1
1582,492,A,FF,00,DATA,FF,00,1575,0,0,40,40,00,00,1
1583,492,B,00,88,DATA,88,00,1576,0,0,40,40,00,00,1
1584,492,A,77,00,DATA,77,00,1577,0,0,40,40,00,00,1
1585,492,B,00,40,DATA,40,00,1578,0,0,40,40,00,00,1
1586,492,A,BF,00,DATA,BF,00,1579,0,0,40,40,00,00,1
1587,492,B,00,AA,DATA,AA,00,1580,0,0,40,40,00,00,1
1588,492,A,55,00,DATA,55,00,1581,0,0,40,40,00,00,1
1589,492,B,00,00,DATA,00,00,1582,0,0,40,40,00,00,1
1590,492,A,FF,00,DATA,FF,00,1583,0,0,40,40,00,00,1
1591,492,B,00,B8,DATA,B8,00,1584,0,0,40,40,00,00,1
1592,492,A,57,00,DATA,57,00,1585,0,0,40,40,00,00,1
1593,492,B,00,01,DATA,01,00,1586,0,0,40,40,00,00,1
1594,492,A,FE,00,DATA,FE,00,1587,0,0,40,40,00,00,1
1595,492,B,00,12,DATA,12,00,1588,0,0,40,40,00,00,1
1596,492,A,FD,00,DATA,FD,00,1589,0,0,40,40,00,00,1
1597,492,B,00,00,DATA,00,00,1590,0,0,40,40,00,00,1
1598,492,A,FF,00,DATA,FF,00,1591,0,0,40,40,00,00,1
1599,492,B,00,AA,DATA,AA,00,1592,0,0,40,40,00,00,1
1600,492,A,55,00,DATA,55,00,1593,0,0,40,40,00,00,1
1601,492,B,00,44,DATA,44,00,1594,0,0,40,40,00,00,1
1602,492,A,BB,00,DATA,BB,00,1595,0,0,40,40,00,00,1
1603,492,B,00,AA,DATA,AA,00,1596,0,0,40,40,00,00,1
1604,492,A,55,00,DATA,55,00,1597,0,0,40,40,00,00,1
1605,492,B,00,00,DATA,00,00,1598,0,0,40,40,00,00,1
1606,492,A,FF,00,DATA,FF,00,1599,0,0,40,40,00,00,1
1607,492,B,00,55,DATA,55,00,1600,0,0,40,40,00,00,1
1608,492,A,FF,00,DATA,FF,00,1601,0,0,40,40,00,00,1
1609,492,B,00,03,DATA,03,00,1602,0,0,40,40,00,00,1
1610,492,A,FF,00,DATA,FF,00,1603,0,0,40,40,00,00,1
1611,492,B,00,15,DATA,15,00,1604,0,0,40,40,00,00,1
1612,492,A,FF,00,DATA,FF,00,1605,0,0,40,40,00,00,1
1613,492,B,00,0E,DATA,0E,00,1606,0,0,40,40,00,00,1
1614,492,A,FF,00,DATA,FF,00,1607,0,0,40,40,00,00,1
1615,492,B,00,56,DATA,56,00,1608,0,0,40,40,00,00,1
1616,492,A,FD,00,DATA,FD,00,1609,0,0,40,40,00,00,1
1617,492,B,00,33,DATA,33,00,1610,0,0,40,40,00,00,1
1618,492,A,FC,00,DATA,FC,00,1611,0,0,40,40,00,00,1
1619,492,B,00,52,DATA,52,00,1612,0,0,40,40,00,00,1
1620,492,A,FD,00,DATA,FD,00,1613,0,0,40,40,00,00,1
1621,492,B,00,2F,DATA,2F,00,1614,0,0,40,40,00,00,1
1622,492,A,F0,00,DATA,F0,00,1615,0,0,40,40,00,00,1
1623,492,B,00,55,DATA,55,00,1616,0,0,40,40,00,00,1
1624,492,A,FF,00,DATA,FF,00,1617,0,0,40,40,00,00,1
1625,492,B,00,C0,DATA,C0,00,1618,0,0,40,40,00,00,1
1626,492,A,FF,00,DATA,FF,00,1619,0,0,40,40,00,00,1
1627,492,B,00,21,DATA,21,00,1620,0,0,40,40,00,00,1
1628,492,A,DF,00,DATA,DF,00,1621,0,0,40,40,00,00,1
1629,492,B,00,00,DATA,00,00,1622,0,0,40,40,00,00,1
1630,492,A,FF,00,DATA,FF,00,1623,0,0,40,40,00,00,1
1631,492,B,00,88,DATA,88,00,1624,0,0,40,40,00,00,1
1632,492,A,77,00,DATA,77,00,1625,0,0,40,40,00,00,1
1633,492,B,00,40,DATA,40,00,1626,0,0,40,40,00,00,1
1634,492,A,BF,00,DATA,BF,00,1627,0,0,40,40,00,00,1
1635,492,B,00,A1,DATA,A1,00,1628,0,0,40,40,00,00,1
1636,492,A,5F,00,DATA,5F,00,1629,0,0,40,40,00,00,1
1637,492,B,00,C0,DATA,C0,00,1630,0,0,40,40,00,00,1
1638,492,A,3F,00,DATA,3F,00,1631,0,0,40,40,00,00,1
1639,492,B,00,7F,DATA,7F,00,1632,0,0,40,40,00,00,1
1640,492,A,FF,00,DATA,FF,00,1633,0,0,40,40,00,00,1
1641,492,B,00,7F,DATA,7F,00,1634,0,0,40,40,00,00,1
1642,492,A,FF,00,DATA,FF,00,1635,0,0,40,40,00,00,1
1643,492,B,00,55,DATA,55,00,1636,0,0,40,40,00,00,1
1644,492,A,FF,00,DATA,FF,00,1637,0,0,40,40,00,00,1
1645,508,B,00,20,DATA,20,00,1638,0,0,40,40,00,00,1
1646,508,A,FF,00,DATA,FF,00,1639,0,0,40,40,00,00,1
1647,508,B,00,55,DATA,55,00,1640,0,0,40,40,00,00,1
1648,508,A,FF,00,DATA,FF,00,1641,0,0,40,40,00,00,1
1649,508,B,00,08,DATA,08,00,1642,0,0,40,40,00,00,1
1650,508,A,FF,00,DATA,FF,00,1643,0,0,40,40,00,00,1
1651,508,B,00,14,DATA,14,00,1644,0,0,40,40,00,00,1
1652,508,A,FF,00,DATA,FF,00,1645,0,0,40,40,00,00,1
1653,508,B,00,18,DATA,18,00,1646,0,0,40,40,00,00,1
1654,508,A,FF,00,DATA,FF,00,1647,0,0,40,40,00,00,1
1655,508,B,00,FF,DATA,FF,00,1648,0,0,40,40,00,00,1
1656,508,A,FF,00,DATA,FF,00,1649,0,0,40,40,00,00,1
1657,508,B,00,FF,DATA,FF,00,1650,0,0,40,40,00,00,1
1658,508,A,FF,00,DATA,FF,00,1651,0,0,40,40,00,00,1
1659,508,B,00,57,DATA,57,00,1652,0,0,40,40,00,00,1
1660,508,A,FF,00,DATA,FF,00,1653,0,0,40,40,00,00,1
1661,508,B,00,07,DATA,07,00,1654,0,0,40,40,00,00,1
1662,508,A,FF,00,DATA,FF,00,1655,0,0,40,40,00,00,1
1663,508,B,00,95,DATA,95,00,1656,0,0,40,40,00,00,1
1664,508,A,7F,00,DATA,7F,00,1657,0,0,40,40,00,00,1
1665,508,B,00,00,DATA,00,00,1658,0,0,40,40,00,00,1
1666,508,A,FF,00,DATA,FF,00,1659,0,0,40,40,00,00,1
1667,508,B,00,A1,DATA,A1,00,1660,0,0,40,40,00,00,1
1668,508,A,5F,00,DATA,5F,00,1661,0,0,40,40,00,00,1
1669,508,B,00,00,DATA,00,00,1662,0,0,40,40,00,00,1
1670,508,A,FF,00,DATA,FF,00,1663,0,0,40,40,00,00,1
1671,508,B,00,F7,DATA,F7,00,1664,0,0,40,40,00,00,1
1672,508,A,FF,00,DATA,FF,00,1665,0,0,40,40,00,00,1
1673,508,B,00,E7,DATA,E7,00,1666,0,0,40,40,00,00,1
1674,508,A,FF,00,DATA,FF,00,1667,0,0,40,40,00,00,1
1675,508,B,00,D5,DATA,D5,00,1668,0,0,40,40,00,00,1
1676,508,A,FF,00,DATA,FF,00,1669,0,0,40,40,00,00,1
1677,508,B,00,E1,DATA,E1,00,1670,0,0,40,40,00,00,1
1678,508,A,FF,00,DATA,FF,00,1671,0,0,40,40,00,00,1
1679,508,B,00,55,DATA,55,00,1672,0,0,40,40,00,00,1
1680,508,A,FF,00,DATA,FF,00,1673,0,0,40,40,00,00,1
1681,508,B,00,7A,DATA,7A,00,1674,0,0,40,40,00,00,1
1682,508,A,FF,00,DATA,FF,00,1675,0,0,40,40,00,00,1
1683,508,B,00,55,DATA,55,00,1676,0,0,40,40,00,00,1
1684,508,A,FF,00,DATA,FF,00,1677,0,0,40,40,00,00,1
1685,508,B,00,00,DATA,00,00,1678,0,0,40,40,00,00,1
1686,508,A,FF,00,DATA,FF,00,1679,0,0,40,40,00,00,1
1687,508,B,00,F5,DATA,F5,00,1680,0,0,40,40,00,00,1
1688,508,A,FF,00,DATA,FF,00,1681,0,0,40,40,00,00,1
1689,508,B,00,FE,DATA,FE,00,1682,0,0,40,40,00,00,1
1690,508,A,FF,00,DATA,FF,00,1683,0,0,40,40,00,00,1
1691,508,B,00,D6,DATA,D6,00,1684,0,0,40,40,00,00,1
1692,508,A,FD,00,DATA,FD,00,1685,0,0,40,40,00,00,1
1693,508,B,00,F9,DATA,F9,00,1686,0,0,40,40,00,00,1
1694,508,A,FE,00,DATA,FE,00,1687,0,0,40,40,00,00,1
1695,508,B,00,7A,DATA,7A,00,1688,0,0,40,40,00,00,1
1696,508,A,FD,00,DATA,FD,00,1689,0,0,40,40,00,00,1
1697,508,B,00,38,DATA,38,00,1690,0,0,40,40,00,00,1
1698,508,A,FF,00,DATA,FF,00,1691,0,0,40,40,00,00,1
1699,508,B,00,7E,DATA,7E,00,1692,0,0,40,40,00,00,1
1700,508,A,FD,00,DATA,FD,00,1693,0,0,40,40,00,00,1
1701,508,B,00,7D,DATA,7D,00,1694,0,0,40,40,00,00,1
1702,508,A,FE,00,DATA,FE,00,1695,0,0,40,40,00,00,1
1703,508,B,00,47,DATA,47,00,1696,0,0,40,40,00,00,1
1704,508,A,F0,00,DATA,F0,00,1697,0,0,40,40,00,00,1
1705,508,B,00,5F,DATA,5F,00,1698,0,0,40,40,00,00,1
1706,508,A,A0,00,DATA,A0,00,1699,0,0,40,40,00,00,1
1707,508,B,00,BD,DATA,BD,00,1700,0,0,40,40,00,00,1
1708,508,A,40,00,DATA,40,00,1701,0,0,40,40,00,00,1
1709,508,B,00,7E,DATA,7E,00,1702,0,0,40,40,00,00,1
1710,508,A,80,00,DATA,80,00,1703,0,0,40,40,00,00,1
1711,508,B,00,AF,DATA,AF,00,1704,0,0,40,40,00,00,1
1712,508,A,50,00,DATA,50,00,1705,0,0,40,40,00,00,1
1713,508,B,00,47,DATA,47,00,1706,0,0,40,40,00,00,1
1714,508,A,B8,00,DATA,B8,00,1707,0,0,40,40,00,00,1
1715,508,B,00,AB,DATA,AB,00,1708,0,0,40,40,00,00,1
1716,508,A,54,00,DATA,54,00,1709,0,0,40,40,00,00,1
1717,508,B,00,13,DATA,13,00,1710,0,0,40,40,00,00,1
1718,508,A,EC,00,DATA,EC,00,1711,0,0,40,40,00,00,1
1719,508,B,00,50,DATA,50,00,1712,0,0,40,40,00,00,1
1720,508,A,00,00,DATA,00,00,1713,0,0,40,40,00,00,1
1721,508,B,00,A0,DATA,A0,00,1714,0,0,40,40,00,00,1
1722,508,A,00,00,DATA,00,00,1715,0,0,40,40,00,00,1
1723,508,B,00,54,DATA,54,00,1716,0,0,40,40,00,00,1
1724,508,A,00,00,DATA,00,00,1717,0,0,40,40,00,00,1
1725,508,B,00,A8,DATA,A8,00,1718,0,0,40,40,00,00,1
1726,508,A,00,00,DATA,00,00,1719,0,0,40,40,00,00,1
1727,508,B,00,55,DATA,55,00,1720,0,0,40,40,00,00,1
1728,508,A,00,00,DATA,00,00,1721,0,0,40,40,00,00,1
1729,508,B,00,E0,DATA,E0,00,1722,0,0,40,40,00,00,1
1730,508,A,00,00,DATA,00,00,1723,0,0,40,40,00,00,1
1731,508,B,00,55,DATA,55,00,1724,0,0,40,40,00,00,1
1732,508,A,00,00,DATA,00,00,1725,0,0,40,40,00,00,1
1733,508,B,00,E8,DATA,E8,00,1726,0,0,40,40,00,00,1
1734,508,A,00,00,DATA,00,00,1727,0,0,40,40,00,00,1
1735,508,B,00,00,DATA,00,00,1728,0,0,40,40,00,00,1
1736,508,A,00,00,DATA,00,00,1729,0,0,40,40,00,00,1
1737,508,B,00,00,DATA,00,00,1730,0,0,40,40,00,00,1
1738,508,A,00,00,DATA,00,00,1731,0,0,40,40,00,00,1
1739,508,B,00,00,DATA,00,00,1732,0,0,40,40,00,00,1
1740,508,A,00,00,DATA,00,00,1733,0,0,40,40,00,00,1
1741,508,B,00,00,DATA,00,00,1734,0,0,40,40,00,00,1
1742,508,A,00,00,DATA,00,00,1735,0,0,40,40,00,00,1
1743,508,B,00,00,DATA,00,00,1736,0,0,40,40,00,00,1
1744,508,A,00,00,DATA,00,00,1737,0,0,40,40,00,00,1
1745,508,B,00,00,DATA,00,00,1738,0,0,40,40,00,00,1
1746,508,A,00,00,DATA,00,00,1739,0,0,40,40,00,00,1
1747,508,B,00,40,DATA,40,00,1740,0,0,40,40,00,00,1
1748,508,A,00,00,DATA,00,00,1741,0,0,40,40,00,00,1
1749,508,B,00,00,DATA,00,00,1742,0,0,40,40,00,00,1
1750,508,A,00,00,DATA,00,00,1743,0,0,40,40,00,00,1
1751,508,B,00,05,DATA,05,00,1744,0,0,40,40,00,00,1
1752,508,A,00,00,DATA,00,00,1745,0,0,40,40,00,00,1
1753,508,B,00,03,DATA,03,00,1746,0,0,40,40,00,00,1
1754,508,A,00,00,DATA,00,00,1747,0,0,40,40,00,00,1
1755,508,B,00,05,DATA,05,00,1748,0,0,40,40,00,00,1
1756,508,A,00,00,DATA,00,00,1749,0,0,40,40,00,00,1
1757,508,B,00,0B,DATA,0B,00,1750,0,0,40,40,00,00,1
1758,508,A,00,00,DATA,00,00,1751,0,0,40,40,00,00,1
1759,508,B,00,15,DATA,15,00,1752,0,0,40,40,00,00,1
1760,508,A,00,00,DATA,00,00,1753,0,0,40,40,00,00,1
1761,508,B,00,03,DATA,03,00,1754,0,0,40,40,00,00,1
1762,508,A,00,00,DATA,00,00,1755,0,0,40,40,00,00,1
1763,508,B,00,05,DATA,05,00,1756,0,0,40,40,00,00,1
1764,508,A,00,00,DATA,00,00,1757,0,0,40,40,00,00,1
1765,508,B,00,02,DATA,02,00,1758,0,0,40,40,00,00,1
1766,508,A,00,00,DATA,00,00,1759,0,0,40,40,00,00,1
1767,508,B,00,7F,DATA,7F,00,1760,0,0,40,40,00,00,1
1768,508,A,00,00,DATA,00,00,1761,0,0,40,40,00,00,1
1769,508,B,00,BF,DATA,BF,00,1762,0,0,40,40,00,00,1
1770,508,A,00,00,DATA,00,00,1763,0,0,40,40,00,00,1
1771,508,B,00,5F,DATA,5F,00,1764,0,0,40,40,00,00,1
1772,508,A,00,00,DATA,00,00,1765,0,0,40,40,00,00,1
1773,508,B,00,FF,DATA,FF,00,1766,0,0,40,40,00,00,1
1774,508,A,00,00,DATA,00,00,1767,0,0,40,40,00,00,1
1775,508,B,00,76,DATA,76,00,1768,0,0,40,40,00,00,1
1776,508,A,01,00,DATA,01,00,1769,0,0,40,40,00,00,1
1777,508,B,00,FF,DATA,FF,00,1770,0,0,40,40,00,00,1
1778,508,A,00,00,DATA,00,00,1771,0,0,40,40,00,00,1
1779,508,B,00,7F,DATA,7F,00,1772,0,0,40,40,00,00,1
1780,508,A,00,00,DATA,00,00,1773,0,0,40,40,00,00,1
1781,508,B,00,FF,DATA,FF,00,1774,0,0,40,40,00,00,1
1782,508,A,00,00,DATA,00,00,1775,0,0,40,40,00,00,1
1783,508,B,00,E8,DATA,E8,00,1776,0,0,40,40,00,00,1
1784,508,A,17,00,DATA,17,00,1777,0,0,40,40,00,00,1
1785,508,B,00,F5,DATA,F5,00,1778,0,0,40,40,00,00,1
1786,508,A,0A,00,DATA,0A,00,1779,0,0,40,40,00,00,1
1787,508,B,00,AA,DATA,AA,00,1780,0,0,40,40,00,00,1
1788,508,A,55,00,DATA,55,00,1781,0,0,40,40,00,00,1
1789,508,B,00,F5,DATA,F5,00,1782,0,0,40,40,00,00,1
1790,508,A,0A,00,DATA,0A,00,1783,0,0,40,40,00,00,1
1791,508,B,00,EA,DATA,EA,00,1784,0,0,40,40,00,00,1
1792,508,A,15,00,DATA,15,00,1785,0,0,40,40,00,00,1
1793,508,B,00,F4,DATA,F4,00,1786,0,0,40,40,00,00,1
1794,508,A,0B,00,DATA,0B,00,1787,0,0,40,40,00,00,1
1795,508,B,00,EA,DATA,EA,00,1788,0,0,40,40,00,00,1
1796,508,A,15,00,DATA,15,00,1789,0,0,40,40,00,00,1
1797,508,B,00,F5,DATA,F5,00,1790,0,0,40,40,00,00,1
1798,508,A,0A,00,DATA,0A,00,1791,0,0,40,40,00,00,1
1799,508,B,00,AA,DATA,AA,00,1792,0,0,40,40,00,00,1
1800,508,A,55,00,DATA,55,00,1793,0,0,40,40,00,00,1
1801,508,B,00,CC,DATA,CC,00,1794,0,0,40,40,00,00,1
1802,508,A,33,00,DATA,33,00,1795,0,0,40,40,00,00,1
1803,508,B,00,AA,DATA,AA,00,1796,0,0,40,40,00,00,1
1804,508,A,55,00,DATA,55,00,1797,0,0,40,40,00,00,1
1805,508,B,00,FF,DATA,FF,00,1798,0,0,40,40,00,00,1
1806,508,A,00,00,DATA,00,00,1799,0,0,40,40,00,00,1
1807,508,B,00,76,DATA,76,00,1800,0,0,40,40,00,00,1
1808,508,A,01,00,DATA,01,00,1801,0,0,40,40,00,00,1
1809,508,B,00,FF,DATA,FF,00,1802,0,0,40,40,00,00,1
1810,508,A,00,00,DATA,00,00,1803,0,0,40,40,00,00,1
1811,508,B,00,5D,DATA,5D,00,1804,0,0,40,40,00,00,1
1812,508,A,00,00,DATA,00,00,1805,0,0,40,40,00,00,1
1813,508,B,00,FF,DATA,FF,00,1806,0,0,40,40,00,00,1
1814,508,A,00,00,DATA,00,00,1807,0,0,40,40,00,00,1
1815,508,B,00,80,DATA,80,00,1808,0,0,40,40,00,00,1
1816,508,A,7F,00,DATA,7F,00,1809,0,0,40,40,00,00,1
1817,508,B,00,80,DATA,80,00,1810,0,0,40,40,00,00,1
1818,508,A,7F,00,DATA,7F,00,1811,0,0,40,40,00,00,1
1819,508,B,00,A2,DATA,A2,00,1812,0,0,40,40,00,00,1
1820,508,A,5D,00,DATA,5D,00,1813,0,0,40,40,00,00,1
1821,508,B,00,00,DATA,00,00,1814,0,0,40,40,00,00,1
1822,508,A,FF,00,DATA,FF,00,1815,0,0,40,40,00,00,1
1823,508,B,00,A9,DATA,A9,00,1816,0,0,40,40,00,00,1
1824,508,A,57,00,DATA,57,00,1817,0,0,40,40,00,00,1
1825,508,B,00,FC,DATA,FC,00,1818,0,0,40,40,00,00,1
1826,508,A,03,00,DATA,03,00,1819,0,0,40,40,00,00,1
1827,508,B,00,EA,DATA,EA,00,1820,0,0,40,40,00,00,1
1828,508,A,15,00,DATA,15,00,1821,0,0,40,40,00,00,1
1829,508,B,00,FF,DATA,FF,00,1822,0,0,40,40,00,00,1
1830,508,A,00,00,DATA,00,00,1823,0,0,40,40,00,00,1
1831,508,B,00,08,DATA,08,00,1824,0,0,40,40,00,00,1
1832,508,A,F7,00,DATA,F7,00,1825,0,0,40,40,00,00,1
1833,524,B,00,00,DATA,00,00,1826,0,0,40,40,00,00,1
1834,524,A,FF,00,DATA,FF,00,1827,0,0,40,40,00,00,1
1835,524,B,00,A8,DATA,A8,00,1828,0,0,40,40,00,00,1
1836,524,A,57,00,DATA,57,00,1829,0,0,40,40,00,00,1
1837,524,B,00,00,DATA,00,00,1830,0,0,40,40,00,00,1
1838,524,A,FF,00,DATA,FF,00,1831,0,0,40,40,00,00,1
1839,524,B,00,55,DATA,55,00,1832,0,0,40,40,00,00,1
1840,524,A,FF,00,DATA,FF,00,1833,0,0,40,40,00,00,1
1841,524,B,00,02,DATA,02,00,1834,0,0,40,40,00,00,1
1842,524,A,FF,00,DATA,FF,00,1835,0,0,40,40,00,00,1
1843,524,B,00,AB,DATA,AB,00,1836,0,0,40,40,00,00,1
1844,524,A,55,00,DATA,55,00,1837,0,0,40,40,00,00,1
1845,524,B,00,FF,DATA,FF,00,1838,0,0,40,40,00,00,1
1846,524,A,00,00,DATA,00,00,1839,0,0,40,40,00,00,1
1847,524,B,00,A9,DATA,A9,00,1840,0,0,40,40,00,00,1
1848,524,A,57,00,DATA,57,00,1841,0,0,40,40,00,00,1
1849,524,B,00,00,DATA,00,00,1842,0,0,40,40,00,00,1
1850,524,A,FF,00,DATA,FF,00,1843,0,0,40,40,00,00,1
1851,524,B,00,40,DATA,40,00,1844,0,0,40,40,00,00,1
1852,524,A,FF,00,DATA,FF,00,1845,0,0,40,40,00,00,1
1853,524,B,00,00,DATA,00,00,1846,0,0,40,40,00,00,1
1854,524,A,FF,00,DATA,FF,00,1847,0,0,40,40,00,00,1
1855,524,B,00,99,DATA,99,00,1848,0,0,40,40,00,00,1
1856,524,A,77,00,DATA,77,00,1849,0,0,40,40,00,00,1
1857,524,B,00,E0,DATA,E0,00,1850,0,0,40,40,00,00,1
1858,524,A,FF,00,DATA,FF,00,1851,0,0,40,40,00,00,1
1859,524,B,00,11,DATA,11,00,1852,0,0,40,40,00,00,1
1860,524,A,FF,00,DATA,FF,00,1853,0,0,40,40,00,00,1
1861,524,B,00,00,DATA,00,00,1854,0,0,40,40,00,00,1
1862,524,A,FF,00,DATA,FF,00,1855,0,0,40,40,00,00,1
1863,524,B,00,46,DATA,46,00,1856,0,0,40,40,00,00,1
1864,524,A,F1,00,DATA,F1,00,1857,0,0,40,40,00,00,1
1865,524,B,00,1F,DATA,1F,00,1858,0,0,40,40,00,00,1
1866,524,A,E0,00,DATA,E0,00,1859,0,0,40,40,00,00,1
1867,524,B,00,6F,DATA,6F,00,1860,0,0,40,40,00,00,1
1868,524,A,D0,00,DATA,D0,00,1861,0,0,40,40,00,00,1
1869,524,B,00,3F,DATA,3F,00,1862,0,0,40,40,00,00,1
1870,524,A,C0,00,DATA,C0,00,1863,0,0,40,40,00,00,1
1871,524,B,00,37,DATA,37,00,1864,0,0,40,40,00,00,1
1872,524,A,C0,00,DATA,C0,00,1865,0,0,40,40,00,00,1
1873,524,B,00,7F,DATA,7F,00,1866,0,0,40,40,00,00,1
1874,524,A,80,00,DATA,80,00,1867,0,0,40,40,00,00,1
1875,524,B,00,15,DATA,15,00,1868,0,0,40,40,00,00,1
1876,524,A,C0,00,DATA,C0,00,1869,0,0,40,40,00,00,1
1877,524,B,00,7F,DATA,7F,00,1870,0,0,40,40,00,00,1
1878,524,A,80,00,DATA,80,00,1871,0,0,40,40,00,00,1
1879,524,B,00,6D,DATA,6D,00,1872,0,0,40,40,00,00,1
1880,524,A,17,00,DATA,17,00,1873,0,0,40,40,00,00,1
1881,524,B,00,C0,DATA,C0,00,1874,0,0,40,40,00,00,1
1882,524,A,3F,00,DATA,3F,00,1875,0,0,40,40,00,00,1
1883,524,B,00,E9,DATA,E9,00,1876,0,0,40,40,00,00,1
1884,524,A,17,00,DATA,17,00,1877,0,0,40,40,00,00,1
1885,524,B,00,F0,DATA,F0,00,1878,0,0,40,40,00,00,1
1886,524,A,0F,00,DATA,0F,00,1879,0,0,40,40,00,00,1
1887,524,B,00,6A,DATA,6A,00,1880,0,0,40,40,00,00,1
1888,524,A,15,00,DATA,15,00,1881,0,0,40,40,00,00,1
1889,524,B,00,FF,DATA,FF,00,1882,0,0,40,40,00,00,1
1890,524,A,00,00,DATA,00,00,1883,0,0,40,40,00,00,1
1891,524,B,00,F5,DATA,F5,00,1884,0,0,40,40,00,00,1
1892,524,A,00,00,DATA,00,00,1885,0,0,40,40,00,00,1
1893,524,B,00,F8,DATA,F8,00,1886,0,0,40,40,00,00,1
1894,524,A,00,00,DATA,00,00,1887,0,0,40,40,00,00,1
1895,524,B,00,12,DATA,12,00,1888,0,0,40,40,00,00,1
1896,524,A,FD,00,DATA,FD,00,1889,0,0,40,40,00,00,1
1897,524,B,00,00,DATA,00,00,1890,0,0,40,40,00,00,1
1898,524,A,FF,00,DATA,FF,00,1891,0,0,40,40,00,00,1
1899,524,B,00,12,DATA,12,00,1892,0,0,40,40,00,00,1
1900,524,A,FD,00,DATA,FD,00,1893,0,0,40,40,00,00,1
1901,524,B,00,01,DATA,01,00,1894,0,0,40,40,00,00,1
1902,524,A,FE,00,DATA,FE,00,1895,0,0,40,40,00,00,1
1903,524,B,00,AA,DATA,AA,00,1896,0,0,40,40,00,00,1
1904,524,A,55,00,DATA,55,00,1897,0,0,40,40,00,00,1
1905,524,B,00,05,DATA,05,00,1898,0,0,40,40,00,00,1
1906,524,A,FA,00,DATA,FA,00,1899,0,0,40,40,00,00,1
1907,524,B,00,AA,DATA,AA,00,1900,0,0,40,40,00,00,1
1908,524,A,55,00,DATA,55,00,1901,0,0,40,40,00,00,1
1909,524,B,00,F4,DATA,F4,00,1902,0,0,40,40,00,00,1
1910,524,A,0B,00,DATA,0B,00,1903,0,0,40,40,00,00,1
1911,524,B,00,A9,DATA,A9,00,1904,0,0,40,40,00,00,1
1912,524,A,57,00,DATA,57,00,1905,0,0,40,40,00,00,1
1913,524,B,00,40,DATA,40,00,1906,0,0,40,40,00,00,1
1914,524,A,BF,00,DATA,BF,00,1907,0,0,40,40,00,00,1
1915,524,B,00,A8,DATA,A8,00,1908,0,0,40,40,00,00,1
1916,524,A,57,00,DATA,57,00,1909,0,0,40,40,00,00,1
1917,524,B,00,50,DATA,50,00,1910,0,0,40,40,00,00,1
1918,524,A,AF,00,DATA,AF,00,1911,0,0,40,40,00,00,1
1919,524,B,00,E9,DATA,E9,00,1912,0,0,40,40,00,00,1
1920,524,A,17,00,DATA,17,00,1913,0,0,40,40,00,00,1
1921,524,B,00,70,DATA,70,00,1914,0,0,40,40,00,00,1
1922,524,A,8F,00,DATA,8F,00,1915,0,0,40,40,00,00,1
1923,524,B,00,D9,DATA,D9,00,1916,0,0,40,40,00,00,1
1924,524,A,07,00,DATA,07,00,1917,0,0,40,40,00,00,1
1925,524,B,00,4C,DATA,4C,00,1918,0,0,40,40,00,00,1
1926,524,A,83,00,DATA,83,00,1919,0,0,40,40,00,00,1
1927,524,B,00,51,DATA,51,00,1920,0,0,40,40,00,00,1
1928,524,A,FF,00,DATA,FF,00,1921,0,0,40,40,00,00,1
1929,524,B,00,02,DATA,02,00,1922,0,0,40,40,00,00,1
1930,524,A,FF,00,DATA,FF,00,1923,0,0,40,40,00,00,1
1931,524,B,00,40,DATA,40,00,1924,0,0,40,40,00,00,1
1932,524,A,FF,00,DATA,FF,00,1925,0,0,40,40,00,00,1
1933,524,B,00,00,DATA,00,00,1926,0,0,40,40,00,00,1
1934,524,A,FF,00,DATA,FF,00,1927,0,0,40,40,00,00,1
1935,524,B,00,55,DATA,55,00,1928,0,0,40,40,00,00,1
1936,524,A,FF,00,DATA,FF,00,1929,0,0,40,40,00,00,1
1937,524,B,00,20,DATA,20,00,1930,0,0,40,40,00,00,1
1938,524,A,FF,00,DATA,FF,00,1931,0,0,40,40,00,00,1
1939,524,B,00,50,DATA,50,00,1932,0,0,40,40,00,00,1
1940,524,A,FF,00,DATA,FF,00,1933,0,0,40,40,00,00,1
1941,524,B,00,00,DATA,00,00,1934,0,0,40,40,00,00,1
1942,524,A,FF,00,DATA,FF,00,1935,0,0,40,40,00,00,1
1943,524,B,00,5E,DATA,5E,00,1936,0,0,40,40,00,00,1
1944,524,A,FD,00,DATA,FD,00,1937,0,0,40,40,00,00,1
1945,524,B,00,7D,DATA,7D,00,1938,0,0,40,40,00,00,1
1946,524,A,FE,00,DATA,FE,00,1939,0,0,40,40,00,00,1
1947,524,B,00,55,DATA,55,00,1940,0,0,40,40,00,00,1
1948,524,A,FE,00,DATA,FE,00,1941,0,0,40,40,00,00,1
1949,524,B,00,20,DATA,20,00,1942,0,0,40,40,00,00,1
1950,524,A,FF,00,DATA,FF,00,1943,0,0,40,40,00,00,1
1951,524,B,00,55,DATA,55,00,1944,0,0,40,40,00,00,1
1952,524,A,FF,00,DATA,FF,00,1945,0,0,40,40,00,00,1
1953,524,B,00,00,DATA,00,00,1946,0,0,40,40,00,00,1
1954,524,A,FF,00,DATA,FF,00,1947,0,0,40,40,00,00,1
1955,524,B,00,54,DATA,54,00,1948,0,0,40,40,00,00,1
1956,524,A,FF,00,DATA,FF,00,1949,0,0,40,40,00,00,1
1957,524,B,00,00,DATA,00,00,1950,0,0,40,40,00,00,1
1958,524,A,FF,00,DATA,FF,00,1951,0,0,40,40,00,00,1
1959,524,B,00,8A,DATA,8A,00,1952,0,0,40,40,00,00,1
1960,524,A,75,00,DATA,75,00,1953,0,0,40,40,00,00,1
1961,524,B,00,C1,DATA,C1,00,1954,0,0,40,40,00,00,1
1962,524,A,3E,00,DATA,3E,00,1955,0,0,40,40,00,00,1
1963,524,B,00,A2,DATA,A2,00,1956,0,0,40,40,00,00,1
1964,524,A,5D,00,DATA,5D,00,1957,0,0,40,40,00,00,1
1965,524,B,00,F1,DATA,F1,00,1958,0,0,40,40,00,00,1
1966,524,A,0E,00,DATA,0E,00,1959,0,0,40,40,00,00,1
1967,524,B,00,FA,DATA,FA,00,1960,0,0,40,40,00,00,1
1968,524,A,05,00,DATA,05,00,1961,0,0,40,40,00,00,1
1969,524,B,00,7D,DATA,7D,00,1962,0,0,40,40,00,00,1
1970,524,A,82,00,DATA,82,00,1963,0,0,40,40,00,00,1
1971,524,B,00,FF,DATA,FF,00,1964,0,0,40,40,00,00,1
1972,524,A,00,00,DATA,00,00,1965,0,0,40,40,00,00,1
1973,524,B,00,7F,DATA,7F,00,1966,0,0,40,40,00,00,1
1974,524,A,80,00,DATA,80,00,1967,0,0,40,40,00,00,1
1975,524,B,00,55,DATA,55,00,1968,0,0,40,40,00,00,1
1976,524,A,00,00,DATA,00,00,1969,0,0,40,40,00,00,1
1977,524,B,00,E2,DATA,E2,00,1970,0,0,40,40,00,00,1
1978,524,A,00,00,DATA,00,00,1971,0,0,40,40,00,00,1
1979,524,B,00,D5,DATA,D5,00,1972,0,0,40,40,00,00,1
1980,524,A,00,00,DATA,00,00,1973,0,0,40,40,00,00,1
1981,524,B,00,E8,DATA,E8,00,1974,0,0,40,40,00,00,1
1982,524,A,00,00,DATA,00,00,1975,0,0,40,40,00,00,1
1983,524,B,00,55,DATA,55,00,1976,0,0,40,40,00,00,1
1984,524,A,00,00,DATA,00,00,1977,0,0,40,40,00,00,1
1985,524,B,00,F8,DATA,F8,00,1978,0,0,40,40,00,00,1
1986,524,A,00,00,DATA,00,00,1979,0,0,40,40,00,00,1
1987,524,B,00,D4,DATA,D4,00,1980,0,0,40,40,00,00,1
1988,524,A,00,00,DATA,00,00,1981,0,0,40,40,00,00,1
1989,524,B,00,E8,DATA,E8,00,1982,0,0,40,40,00,00,1
1990,524,A,00,00,DATA,00,00,1983,0,0,40,40,00,00,1
1991,524,B,00,00,DATA,00,00,1984,0,0,40,40,00,00,1
1992,524,A,00,00,DATA,00,00,1985,0,0,40,40,00,00,1
1993,524,B,00,00,DATA,00,00,1986,0,0,40,40,00,00,1
1994,524,A,00,00,DATA,00,00,1987,0,0,40,40,00,00,1
1995,524,B,00,01,DATA,01,00,1988,0,0,40,40,00,00,1
1996,524,A,00,00,DATA,00,00,1989,0,0,40,40,00,00,1
1997,524,B,00,00,DATA,00,00,1990,0,0,40,40,00,00,1
1998,524,A,00,00,DATA,00,00,1991,0,0,40,40,00,00,1
1999,524,B,00,10,DATA,10,00,1992,0,0,40,40,00,00,1
2000,524,A,00,00,DATA,00,00,1993,0,0,40,40,00,00,1
2001,524,B,00,00,DATA,00,00,1994,0,0,40,40,00,00,1
2002,524,A,00,00,DATA,00,00,1995,0,0,40,40,00,00,1
2003,524,B,00,40,DATA,40,00,1996,0,0,40,40,00,00,1
2004,524,A,00,00,DATA,00,00,1997,0,0,40,40,00,00,1
2005,524,B,00,00,DATA,00,00,1998,0,0,40,40,00,00,1
2006,524,A,00,00,DATA,00,00,1999,0,0,40,40,00,00,1
2007,524,B,00,05,DATA,05,00,2000,0,0,40,40,00,00,1
2008,524,A,00,00,DATA,00,00,2001,0,0,40,40,00,00,1
2009,524,B,00,03,DATA,03,00,2002,0,0,40,40,00,00,1
2010,524,A,00,00,DATA,00,00,2003,0,0,40,40,00,00,1
2011,524,B,00,55,DATA,55,00,2004,0,0,40,40,00,00,1
2012,524,A,00,00,DATA,00,00,2005,0,0,40,40,00,00,1
2013,524,B,00,0A,DATA,0A,00,2006,0,0,40,40,00,00,1
2014,524,A,00,00,DATA,00,00,2007,0,0,40,40,00,00,1
2015,524,B,00,15,DATA,15,00,2008,0,0,40,40,00,00,1
2016,524,A,00,00,DATA,00,00,2009,0,0,40,40,00,00,1
2017,524,B,00,03,DATA,03,00,2010,0,0,40,40,00,00,1
2018,524,A,00,00,DATA,00,00,2011,0,0,40,40,00,00,1
2019,524,B,00,15,DATA,15,00,2012,0,0,40,40,00,00,1
2020,524,A,00,00,DATA,00,00,2013,0,0,40,40,00,00,1
2021,540,B,00,0A,DATA,0A,00,2014,0,0,40,40,00,00,1
2022,540,A,00,00,DATA,00,00,2015,0,0,40,40,00,00,1
2023,540,B,00,77,DATA,77,00,2016,0,0,40,40,00,00,1
2024,540,A,00,00,DATA,00,00,2017,0,0,40,40,00,00,1
2025,540,B,00,FF,DATA,FF,00,2018,0,0,40,40,00,00,1
2026,540,A,00,00,DATA,00,00,2019,0,0,40,40,00,00,1
2027,540,B,00,5F,DATA,5F,00,2020,0,0,40,40,00,00,1
2028,540,A,00,00,DATA,00,00,2021,0,0,40,40,00,00,1
2029,540,B,00,FF,DATA,FF,00,2022,0,0,40,40,00,00,1
2030,540,A,00,00,DATA,00,00,2023,0,0,40,40,00,00,1
2031,540,B,00,76,DATA,76,00,2024,0,0,40,40,00,00,1
2032,540,A,01,00,DATA,01,00,2025,0,0,40,40,00,00,1
2033,540,B,00,FF,DATA,FF,00,2026,0,0,40,40,00,00,1
2034,540,A,00,00,DATA,00,00,2027,0,0,40,40,00,00,1
2035,540,B,00,5F,DATA,5F,00,2028,0,0,40,40,00,00,1
2036,540,A,00,00,DATA,00,00,2029,0,0,40,40,00,00,1
2037,540,B,00,FF,DATA,FF,00,2030,0,0,40,40,00,00,1
2038,540,A,00,00,DATA,00,00,2031,0,0,40,40,00,00,1
2039,540,B,00,EA,DATA,EA,00,2032,0,0,40,40,00,00,1
2040,540,A,15,00,DATA,15,00,2033,0,0,40,40,00,00,1
2041,540,B,00,FC,DATA,FC,00,2034,0,0,40,40,00,00,1
2042,540,A,03,00,DATA,03,00,2035,0,0,40,40,00,00,1
2043,540,B,00,EA,DATA,EA,00,2036,0,0,40,40,00,00,1
2044,540,A,15,00,DATA,15,00,2037,0,0,40,40,00,00,1
2045,540,B,00,F1,DATA,F1,00,2038,0,0,40,40,00,00,1
2046,540,A,0E,00,DATA,0E,00,2039,0,0,40,40,00,00,1
2047,540,B,00,EA,DATA,EA,00,2040,0,0,40,40,00,00,1
2048,540,A,15,00,DATA,15,00,2041,0,0,40,40,00,00,1
2049,540,B,00,DD,DATA,DD,00,2042,0,0,40,40,00,00,1
2050,540,A,22,00,DATA,22,00,2043,0,0,40,40,00,00,1
2051,540,B,00,AA,DATA,AA,00,2044,0,0,40,40,00,00,1
2052,540,A,55,00,DATA,55,00,2045,0,0,40,40,00,00,1
2053,540,B,00,F5,DATA,F5,00,2046,0,0,40,40,00,00,1
2054,540,A,0A,00,DATA,0A,00,2047,0,0,40,40,00,00,1
2055,540,B,00,77,DATA,77,00,2048,0,0,40,40,00,00,1
2056,540,A,00,00,DATA,00,00,2049,0,0,40,40,00,00,1
2057,540,B,00,FF,DATA,FF,00,2050,0,0,40,40,00,00,1
2058,540,A,00,00,DATA,00,00,2051,0,0,40,40,00,00,1
2059,540,B,00,55,DATA,55,00,2052,0,0,40,40,00,00,1
2060,540,A,00,00,DATA,00,00,2053,0,0,40,40,00,00,1
2061,540,B,00,FF,DATA,FF,00,2054,0,0,40,40,00,00,1
2062,540,A,00,00,DATA,00,00,2055,0,0,40,40,00,00,1
2063,540,B,00,55,DATA,55,00,2056,0,0,40,40,00,00,1
2064,540,A,00,00,DATA,00,00,2057,0,0,40,40,00,00,1
2065,540,B,00,7F,DATA,7F,00,2058,0,0,40,40,00,00,1
2066,540,A,00,00,DATA,00,00,2059,0,0,40,40,00,00,1
2067,540,B,00,55,DATA,55,00,2060,0,0,40,40,00,00,1
2068,540,A,00,00,DATA,00,00,2061,0,0,40,40,00,00,1
2069,540,B,00,2A,DATA,2A,00,2062,0,0,40,40,00,00,1
2070,540,A,00,00,DATA,00,00,2063,0,0,40,40,00,00,1
2071,540,B,00,77,DATA,77,00,2064,0,0,40,40,00,00,1
2072,540,A,00,00,DATA,00,00,2065,0,0,40,40,00,00,1
2073,540,B,00,FF,DATA,FF,00,2066,0,0,40,40,00,00,1
2074,540,A,00,00,DATA,00,00,2067,0,0,40,40,00,00,1
2075,540,B,00,55,DATA,55,00,2068,0,0,40,40,00,00,1
2076,540,A,00,00,DATA,00,00,2069,0,0,40,40,00,00,1
2077,540,B,00,FF,DATA,FF,00,2070,0,0,40,40,00,00,1
2078,540,A,00,00,DATA,00,00,2071,0,0,40,40,00,00,1
2079,540,B,00,55,DATA,55,00,2072,0,0,40,40,00,00,1
2080,540,A,00,00,DATA,00,00,2073,0,0,40,40,00,00,1
2081,540,B,00,FF,DATA,FF,00,2074,0,0,40,40,00,00,1
2082,540,A,00,00,DATA,00,00,2075,0,0,40,40,00,00,1
2083,540,B,00,55,DATA,55,00,2076,0,0,40,40,00,00,1
2084,540,A,00,00,DATA,00,00,2077,0,0,40,40,00,00,1
2085,540,B,00,FF,DATA,FF,00,2078,0,0,40,40,00,00,1
2086,540,A,00,00,DATA,00,00,2079,0,0,40,40,00,00,1
2087,540,B,00,6E,DATA,6E,00,2080,0,0,40,40,00,00,1
2088,540,A,11,00,DATA,11,00,2081,0,0,40,40,00,00,1
2089,540,B,00,FF,DATA,FF,00,2082,0,0,40,40,00,00,1
2090,540,A,00,00,DATA,00,00,2083,0,0,40,40,00,00,1
2091,540,B,00,5D,DATA,5D,00,2084,0,0,40,40,00,00,1
2092,540,A,00,00,DATA,00,00,2085,0,0,40,40,00,00,1
2093,540,B,00,FF,DATA,FF,00,2086,0,0,40,40,00,00,1
2094,540,A,00,00,DATA,00,00,2087,0,0,40,40,00,00,1
2095,540,B,00,55,DATA,55,00,2088,0,0,40,40,00,00,1
2096,540,A,00,00,DATA,00,00,2089,0,0,40,40,00,00,1
2097,540,B,00,FF,DATA,FF,00,2090,0,0,40,40,00,00,1
2098,540,A,00,00,DATA,00,00,2091,0,0,40,40,00,00,1
2099,540,B,00,55,DATA,55,00,2092,0,0,40,40,00,00,1
2100,540,A,00,00,DATA,00,00,2093,0,0,40,40,00,00,1
2101,540,B,00,FF,DATA,FF,00,2094,0,0,40,40,00,00,1
2102,540,A,00,00,DATA,00,00,2095,0,0,40,40,00,00,1
2103,540,B,00,A8,DATA,A8,00,2096,0,0,40,40,00,00,1
2104,540,A,57,00,DATA,57,00,2097,0,0,40,40,00,00,1
2105,540,B,00,F0,DATA,F0,00,2098,0,0,40,40,00,00,1
2106,540,A,0F,00,DATA,0F,00,2099,0,0,40,40,00,00,1
2107,540,B,00,FA,DATA,FA,00,2100,0,0,40,40,00,00,1
2108,540,A,05,00,DATA,05,00,2101,0,0,40,40,00,00,1
2109,540,B,00,FC,DATA,FC,00,2102,0,0,40,40,00,00,1
2110,540,A,03,00,DATA,03,00,2103,0,0,40,40,00,00,1
2111,540,B,00,72,DATA,72,00,2104,0,0,40,40,00,00,1
2112,540,A,05,00,DATA,05,00,2105,0,0,40,40,00,00,1
2113,540,B,00,FD,DATA,FD,00,2106,0,0,40,40,00,00,1
2114,540,A,02,00,DATA,02,00,2107,0,0,40,40,00,00,1
2115,540,B,00,5E,DATA,5E,00,2108,0,0,40,40,00,00,1
2116,540,A,01,00,DATA,01,00,2109,0,0,40,40,00,00,1
2117,540,B,00,FF,DATA,FF,00,2110,0,0,40,40,00,00,1
2118,540,A,00,00,DATA,00,00,2111,0,0,40,40,00,00,1
2119,540,B,00,D7,DATA,D7,00,2112,0,0,40,40,00,00,1
2120,540,A,00,00,DATA,00,00,2113,0,0,40,40,00,00,1
2121,540,B,00,7B,DATA,7B,00,2114,0,0,40,40,00,00,1
2122,540,A,80,00,DATA,80,00,2115,0,0,40,40,00,00,1
2123,540,B,00,D6,DATA,D6,00,2116,0,0,40,40,00,00,1
2124,540,A,01,00,DATA,01,00,2117,0,0,40,40,00,00,1
2125,540,B,00,4B,DATA,4B,00,2118,0,0,40,40,00,00,1
2126,540,A,80,00,DATA,80,00,2119,0,0,40,40,00,00,1
2127,540,B,00,D6,DATA,D6,00,2120,0,0,40,40,00,00,1
2128,540,A,01,00,DATA,01,00,2121,0,0,40,40,00,00,1
2129,540,B,00,43,DATA,43,00,2122,0,0,40,40,00,00,1
2130,540,A,80,00,DATA,80,00,2123,0,0,40,40,00,00,1
2131,540,B,00,95,DATA,95,00,2124,0,0,40,40,00,00,1
2132,540,A,40,00,DATA,40,00,2125,0,0,40,40,00,00,1
2133,540,B,00,2B,DATA,2B,00,2126,0,0,40,40,00,00,1
2134,540,A,C0,00,DATA,C0,00,2127,0,0,40,40,00,00,1
2135,540,B,00,ED,DATA,ED,00,2128,0,0,40,40,00,00,1
2136,540,A,10,00,DATA,10,00,2129,0,0,40,40,00,00,1
2137,540,B,00,DE,DATA,DE,00,2130,0,0,40,40,00,00,1
2138,540,A,20,00,DATA,20,00,2131,0,0,40,40,00,00,1
2139,540,B,00,AB,DATA,AB,00,2132,0,0,40,40,00,00,1
2140,540,A,54,00,DATA,54,00,2133,0,0,40,40,00,00,1
2141,540,B,00,C1,DATA,C1,00,2134,0,0,40,40,00,00,1
2142,540,A,3E,00,DATA,3E,00,2135,0,0,40,40,00,00,1
2143,540,B,00,AA,DATA,AA,00,2136,0,0,40,40,00,00,1
2144,540,A,55,00,DATA,55,00,2137,0,0,40,40,00,00,1
2145,540,B,00,D9,DATA,D9,00,2138,0,0,40,40,00,00,1
2146,540,A,26,00,DATA,26,00,2139,0,0,40,40,00,00,1
2147,540,B,00,BE,DATA,BE,00,2140,0,0,40,40,00,00,1
2148,540,A,45,00,DATA,45,00,2141,0,0,40,40,00,00,1
2149,540,B,00,F1,DATA,F1,00,2142,0,0,40,40,00,00,1
2150,540,A,0E,00,DATA,0E,00,2143,0,0,40,40,00,00,1
2151,540,B,00,7A,DATA,7A,00,2144,0,0,40,40,00,00,1
2152,540,A,05,00,DATA,05,00,2145,0,0,40,40,00,00,1
2153,540,B,00,3C,DATA,3C,00,2146,0,0,40,40,00,00,1
2154,540,A,03,00,DATA,03,00,2147,0,0,40,40,00,00,1
2155,540,B,00,16,DATA,16,00,2148,0,0,40,40,00,00,1
2156,540,A,01,00,DATA,01,00,2149,0,0,40,40,00,00,1
2157,540,B,00,08,DATA,08,00,2150,0,0,40,40,00,00,1
2158,540,A,07,00,DATA,07,00,2151,0,0,40,40,00,00,1
2159,540,B,00,16,DATA,16,00,2152,0,0,40,40,00,00,1
2160,540,A,01,00,DATA,01,00,2153,0,0,40,40,00,00,1
2161,540,B,00,A3,DATA,A3,00,2154,0,0,40,40,00,00,1
2162,540,A,00,00,DATA,00,00,2155,0,0,40,40,00,00,1
2163,540,B,00,55,DATA,55,00,2156,0,0,40,40,00,00,1
2164,540,A,00,00,DATA,00,00,2157,0,0,40,40,00,00,1
2165,540,B,00,EF,DATA,EF,00,2158,0,0,40,40,00,00,1
2166,540,A,00,00,DATA,00,00,2159,0,0,40,40,00,00,1
2167,540,B,00,46,DATA,46,00,2160,0,0,40,40,00,00,1
2168,540,A,F1,00,DATA,F1,00,2161,0,0,40,40,00,00,1
2169,540,B,00,0F,DATA,0F,00,2162,0,0,40,40,00,00,1
2170,540,A,F0,00,DATA,F0,00,2163,0,0,40,40,00,00,1
2171,540,B,00,AA,DATA,AA,00,2164,0,0,40,40,00,00,1
2172,540,A,55,00,DATA,55,00,2165,0,0,40,40,00,00,1
2173,540,B,00,0C,DATA,0C,00,2166,0,0,40,40,00,00,1
2174,540,A,F3,00,DATA,F3,00,2167,0,0,40,40,00,00,1
2175,540,B,00,88,DATA,88,00,2168,0,0,40,40,00,00,1
2176,540,A,77,00,DATA,77,00,2169,0,0,40,40,00,00,1
2177,540,B,00,D8,DATA,D8,00,2170,0,0,40,40,00,00,1
2178,540,A,27,00,DATA,27,00,2171,0,0,40,40,00,00,1
2179,540,B,00,F8,DATA,F8,00,2172,0,0,40,40,00,00,1
2180,540,A,07,00,DATA,07,00,2173,0,0,40,40,00,00,1
2181,540,B,00,F3,DATA,F3,00,2174,0,0,40,40,00,00,1
2182,540,A,0C,00,DATA,0C,00,2175,0,0,40,40,00,00,1
2183,540,B,00,91,DATA,91,00,2176,0,0,40,40,00,00,1
2184,540,A,7F,00,DATA,7F,00,2177,0,0,40,40,00,00,1
2185,540,B,00,00,DATA,00,00,2178,0,0,40,40,00,00,1
2186,540,A,FF,00,DATA,FF,00,2179,0,0,40,40,00,00,1
2187,540,B,00,A4,DATA,A4,00,2180,0,0,40,40,00,00,1
2188,540,A,5F,00,DATA,5F,00,2181,0,0,40,40,00,00,1
2189,540,B,00,00,DATA,00,00,2182,0,0,40,40,00,00,1
2190,540,A,FF,00,DATA,FF,00,2183,0,0,40,40,00,00,1
2191,540,B,00,81,DATA,81,00,2184,0,0,40,40,00,00,1
2192,540,A,7F,00,DATA,7F,00,2185,0,0,40,40,00,00,1
2193,540,B,00,80,DATA,80,00,2186,0,0,40,40,00,00,1
2194,540,A,7F,00,DATA,7F,00,2187,0,0,40,40,00,00,1
2195,540,B,00,88,DATA,88,00,2188,0,0,40,40,00,00,1
2196,540,A,77,00,DATA,77,00,2189,0,0,40,40,00,00,1
2197,540,B,00,10,DATA,10,00,2190,0,0,40,40,00,00,1
2198,540,A,EF,00,DATA,EF,00,2191,0,0,40,40,00,00,1
2199,540,B,00,90,DATA,90,00,2192,0,0,40,40,00,00,1
2200,540,A,7F,00,DATA,7F,00,2193,0,0,40,40,00,00,1
2201,540,B,00,00,DATA,00,00,2194,0,0,40,40,00,00,1
2202,540,A,FF,00,DATA,FF,00,2195,0,0,40,40,00,00,1
2203,540,B,00,00,DATA,00,00,2196,0,0,40,40,00,00,1
2204,540,A,FF,00,DATA,FF,00,2197,0,0,40,40,00,00,1
2205,540,B,00,00,DATA,00,00,2198,0,0,40,40,00,00,1
2206,540,A,FF,00,DATA,FF,00,2199,0,0,40,40,00,00,1
2207,540,B,00,0A,DATA,0A,00,2200,0,0,40,40,00,00,1
2208,540,A,F5,00,DATA,F5,00,2201,0,0,40,40,00,00,1
2209,556,B,00,00,DATA,00,00,2202,0,0,40,40,00,00,1
2210,556,A,FF,00,DATA,FF,00,2203,0,0,40,40,00,00,1
2211,556,B,00,2A,DATA,2A,00,2204,0,0,40,40,00,00,1
2212,556,A,D5,00,DATA,D5,00,2205,0,0,40,40,00,00,1
2213,556,B,00,05,DATA,05,00,2206,0,0,40,40,00,00,1
2214,556,A,FA,00,DATA,FA,00,2207,0,0,40,40,00,00,1
2215,556,B,00,37,DATA,37,00,2208,0,0,40,40,00,00,1
2216,556,A,C0,00,DATA,C0,00,2209,0,0,40,40,00,00,1
2217,556,B,00,3F,DATA,3F,00,2210,0,0,40,40,00,00,1
2218,556,A,C0,00,DATA,C0,00,2211,0,0,40,40,00,00,1
2219,556,B,00,35,DATA,35,00,2212,0,0,40,40,00,00,1
2220,556,A,C0,00,DATA,C0,00,2213,0,0,40,40,00,00,1
2221,556,B,00,1E,DATA,1E,00,2214,0,0,40,40,00,00,1
2222,556,A,E0,00,DATA,E0,00,2215,0,0,40,40,00,00,1
2223,556,B,00,AF,DATA,AF,00,2216,0,0,40,40,00,00,1
2224,556,A,50,00,DATA,50,00,2217,0,0,40,40,00,00,1
2225,556,B,00,1F,DATA,1F,00,2218,0,0,40,40,00,00,1
2226,556,A,E0,00,DATA,E0,00,2219,0,0,40,40,00,00,1
2227,556,B,00,AD,DATA,AD,00,2220,0,0,40,40,00,00,1
2228,556,A,50,00,DATA,50,00,2221,0,0,40,40,00,00,1
2229,556,B,00,7E,DATA,7E,00,2222,0,0,40,40,00,00,1
2230,556,A,80,00,DATA,80,00,2223,0,0,40,40,00,00,1
2231,556,B,00,55,DATA,55,00,2224,0,0,40,40,00,00,1
2232,556,A,00,00,DATA,00,00,2225,0,0,40,40,00,00,1
2233,556,B,00,BA,DATA,BA,00,2226,0,0,40,40,00,00,1
2234,556,A,00,00,DATA,00,00,2227,0,0,40,40,00,00,1
2235,556,B,00,55,DATA,55,00,2228,0,0,40,40,00,00,1
2236,556,A,00,00,DATA,00,00,2229,0,0,40,40,00,00,1
2237,556,B,00,00,DATA,00,00,2230,0,0,40,40,00,00,1
2238,556,A,00,00,DATA,00,00,2231,0,0,40,40,00,00,1
2239,556,B,00,51,DATA,51,00,2232,0,0,40,40,00,00,1
2240,556,A,00,00,DATA,00,00,2233,0,0,40,40,00,00,1
2241,556,B,00,00,DATA,00,00,2234,0,0,40,40,00,00,1
2242,556,A,00,00,DATA,00,00,2235,0,0,40,40,00,00,1
2243,556,B,00,45,DATA,45,00,2236,0,0,40,40,00,00,1
2244,556,A,00,00,DATA,00,00,2237,0,0,40,40,00,00,1
2245,556,B,00,00,DATA,00,00,2238,0,0,40,40,00,00,1
2246,556,A,00,00,DATA,00,00,2239,0,0,40,40,00,00,1
2247,556,B,00,10,DATA,10,00,2240,0,0,40,40,00,00,1
2248,556,A,00,00,DATA,00,00,2241,0,0,40,40,00,00,1
2249,556,B,00,00,DATA,00,00,2242,0,0,40,40,00,00,1
2250,556,A,00,00,DATA,00,00,2243,0,0,40,40,00,00,1
2251,556,B,00,40,DATA,40,00,2244,0,0,40,40,00,00,1
2252,556,A,00,00,DATA,00,00,2245,0,0,40,40,00,00,1
2253,556,B,00,00,DATA,00,00,2246,0,0,40,40,00,00,1
2254,556,A,00,00,DATA,00,00,2247,0,0,40,40,00,00,1
2255,556,B,00,15,DATA,15,00,2248,0,0,40,40,00,00,1
2256,556,A,00,00,DATA,00,00,2249,0,0,40,40,00,00,1
2257,556,B,00,00,DATA,00,00,2250,0,0,40,40,00,00,1
2258,556,A,00,00,DATA,00,00,2251,0,0,40,40,00,00,1
2259,556,B,00,54,DATA,54,00,2252,0,0,40,40,00,00,1
2260,556,A,00,00,DATA,00,00,2253,0,0,40,40,00,00,1
2261,556,B,00,80,DATA,80,00,2254,0,0,40,40,00,00,1
2262,556,A,00,00,DATA,00,00,2255,0,0,40,40,00,00,1
2263,556,B,00,15,DATA,15,00,2256,0,0,40,40,00,00,1
2264,556,A,00,00,DATA,00,00,2257,0,0,40,40,00,00,1
2265,556,B,00,02,DATA,02,00,2258,0,0,40,40,00,00,1
2266,556,A,00,00,DATA,00,00,2259,0,0,40,40,00,00,1
2267,556,B,00,55,DATA,55,00,2260,0,0,40,40,00,00,1
2268,556,A,00,00,DATA,00,00,2261,0,0,40,40,00,00,1
2269,556,B,00,8A,DATA,8A,00,2262,0,0,40,40,00,00,1
2270,556,A,00,00,DATA,00,00,2263,0,0,40,40,00,00,1
2271,556,B,00,15,DATA,15,00,2264,0,0,40,40,00,00,1
2272,556,A,00,00,DATA,00,00,2265,0,0,40,40,00,00,1
2273,556,B,00,02,DATA,02,00,2266,0,0,40,40,00,00,1
2274,556,A,00,00,DATA,00,00,2267,0,0,40,40,00,00,1
2275,556,B,00,55,DATA,55,00,2268,0,0,40,40,00,00,1
2276,556,A,00,00,DATA,00,00,2269,0,0,40,40,00,00,1
2277,556,B,00,08,DATA,08,00,2270,0,0,40,40,00,00,1
2278,556,A,00,00,DATA,00,00,2271,0,0,40,40,00,00,1
2279,556,B,00,56,DATA,56,00,2272,0,0,40,40,00,00,1
2280,556,A,01,00,DATA,01,00,2273,0,0,40,40,00,00,1
2281,556,B,00,BF,DATA,BF,00,2274,0,0,40,40,00,00,1
2282,556,A,00,00,DATA,00,00,2275,0,0,40,40,00,00,1
2283,556,B,00,5F,DATA,5F,00,2276,0,0,40,40,00,00,1
2284,556,A,00,00,DATA,00,00,2277,0,0,40,40,00,00,1
2285,556,B,00,FF,DATA,FF,00,2278,0,0,40,40,00,00,1
2286,556,A,00,00,DATA,00,00,2279,0,0,40,40,00,00,1
2287,556,B,00,56,DATA,56,00,2280,0,0,40,40,00,00,1
2288,556,A,01,00,DATA,01,00,2281,0,0,40,40,00,00,1
2289,556,B,00,BF,DATA,BF,00,2282,0,0,40,40,00,00,1
2290,556,A,00,00,DATA,00,00,2283,0,0,40,40,00,00,1
2291,556,B,00,5F,DATA,5F,00,2284,0,0,40,40,00,00,1
2292,556,A,00,00,DATA,00,00,2285,0,0,40,40,00,00,1
2293,556,B,00,FF,DATA,FF,00,2286,0,0,40,40,00,00,1
2294,556,A,00,00,DATA,00,00,2287,0,0,40,40,00,00,1
2295,556,B,00,AA,DATA,AA,00,2288,0,0,40,40,00,00,1
2296,556,A,55,00,DATA,55,00,2289,0,0,40,40,00,00,1
2297,556,B,00,DD,DATA,DD,00,2290,0,0,40,40,00,00,1
2298,556,A,22,00,DATA,22,00,2291,0,0,40,40,00,00,1
2299,556,B,00,AA,DATA,AA,00,2292,0,0,40,40,00,00,1
2300,556,A,55,00,DATA,55,00,2293,0,0,40,40,00,00,1
2301,556,B,00,FD,DATA,FD,00,2294,0,0,40,40,00,00,1
2302,556,A,02,00,DATA,02,00,2295,0,0,40,40,00,00,1
2303,556,B,00,EA,DATA,EA,00,2296,0,0,40,40,00,00,1
2304,556,A,15,00,DATA,15,00,2297,0,0,40,40,00,00,1
2305,556,B,00,DD,DATA,DD,00,2298,0,0,40,40,00,00,1
2306,556,A,22,00,DATA,22,00,2299,0,0,40,40,00,00,1
2307,556,B,00,AA,DATA,AA,00,2300,0,0,40,40,00,00,1
2308,556,A,55,00,DATA,55,00,2301,0,0,40,40,00,00,1
2309,556,B,00,D5,DATA,D5,00,2302,0,0,40,40,00,00,1
2310,556,A,2A,00,DATA,2A,00,2303,0,0,40,40,00,00,1
2311,556,B,00,55,DATA,55,00,2304,0,0,40,40,00,00,1
2312,556,A,00,00,DATA,00,00,2305,0,0,40,40,00,00,1
2313,556,B,00,2B,DATA,2B,00,2306,0,0,40,40,00,00,1
2314,556,A,00,00,DATA,00,00,2307,0,0,40,40,00,00,1
2315,556,B,00,55,DATA,55,00,2308,0,0,40,40,00,00,1
2316,556,A,00,00,DATA,00,00,2309,0,0,40,40,00,00,1
2317,556,B,00,FF,DATA,FF,00,2310,0,0,40,40,00,00,1
2318,556,A,00,00,DATA,00,00,2311,0,0,40,40,00,00,1
2319,556,B,00,57,DATA,57,00,2312,0,0,40,40,00,00,1
2320,556,A,00,00,DATA,00,00,2313,0,0,40,40,00,00,1
2321,556,B,00,B0,DATA,B0,00,2314,0,0,40,40,00,00,1
2322,556,A,FF,00,DATA,FF,00,2315,0,0,40,40,00,00,1
2323,556,B,00,5F,DATA,5F,00,2316,0,0,40,40,00,00,1
2324,556,A,FF,00,DATA,FF,00,2317,0,0,40,40,00,00,1
2325,556,B,00,FF,DATA,FF,00,2318,0,0,40,40,00,00,1
2326,556,A,FF,00,DATA,FF,00,2319,0,0,40,40,00,00,1
2327,556,B,00,77,DATA,77,00,2320,0,0,40,40,00,00,1
2328,556,A,00,00,DATA,00,00,2321,0,0,40,40,00,00,1
2329,556,B,00,FF,DATA,FF,00,2322,0,0,40,40,00,00,1
2330,556,A,00,00,DATA,00,00,2323,0,0,40,40,00,00,1
2331,556,B,00,5B,DATA,5B,00,2324,0,0,40,40,00,00,1
2332,556,A,04,00,DATA,04,00,2325,0,0,40,40,00,00,1
2333,556,B,00,FF,DATA,FF,00,2326,0,0,40,40,00,00,1
2334,556,A,00,00,DATA,00,00,2327,0,0,40,40,00,00,1
2335,556,B,00,6A,DATA,6A,00,2328,0,0,40,40,00,00,1
2336,556,A,15,00,DATA,15,00,2329,0,0,40,40,00,00,1
2337,556,B,00,54,DATA,54,00,2330,0,0,40,40,00,00,1
2338,556,A,AB,00,DATA,AB,00,2331,0,0,40,40,00,00,1
2339,556,B,00,D5,DATA,D5,00,2332,0,0,40,40,00,00,1
2340,556,A,FF,00,DATA,FF,00,2333,0,0,40,40,00,00,1
2341,556,B,00,FA,DATA,FA,00,2334,0,0,40,40,00,00,1
2342,556,A,FF,00,DATA,FF,00,2335,0,0,40,40,00,00,1
2343,556,B,00,75,DATA,75,00,2336,0,0,40,40,00,00,1
2344,556,A,00,00,DATA,00,00,2337,0,0,40,40,00,00,1
2345,556,B,00,FB,DATA,FB,00,2338,0,0,40,40,00,00,1
2346,556,A,00,00,DATA,00,00,2339,0,0,40,40,00,00,1
2347,556,B,00,FD,DATA,FD,00,2340,0,0,40,40,00,00,1
2348,556,A,00,00,DATA,00,00,2341,0,0,40,40,00,00,1
2349,556,B,00,FF,DATA,FF,00,2342,0,0,40,40,00,00,1
2350,556,A,00,00,DATA,00,00,2343,0,0,40,40,00,00,1
2351,556,B,00,AD,DATA,AD,00,2344,0,0,40,40,00,00,1
2352,556,A,50,00,DATA,50,00,2345,0,0,40,40,00,00,1
2353,556,B,00,40,DATA,40,00,2346,0,0,40,40,00,00,1
2354,556,A,B8,00,DATA,B8,00,2347,0,0,40,40,00,00,1
2355,556,B,00,5C,DATA,5C,00,2348,0,0,40,40,00,00,1
2356,556,A,F0,00,DATA,F0,00,2349,0,0,40,40,00,00,1
2357,556,B,00,60,DATA,60,00,2350,0,0,40,40,00,00,1
2358,556,A,F8,00,DATA,F8,00,2351,0,0,40,40,00,00,1
2359,556,B,00,56,DATA,56,00,2352,0,0,40,40,00,00,1
2360,556,A,01,00,DATA,01,00,2353,0,0,40,40,00,00,1
2361,556,B,00,FF,DATA,FF,00,2354,0,0,40,40,00,00,1
2362,556,A,00,00,DATA,00,00,2355,0,0,40,40,00,00,1
2363,556,B,00,55,DATA,55,00,2356,0,0,40,40,00,00,1
2364,556,A,00,00,DATA,00,00,2357,0,0,40,40,00,00,1
2365,556,B,00,EF,DATA,EF,00,2358,0,0,40,40,00,00,1
2366,556,A,00,00,DATA,00,00,2359,0,0,40,40,00,00,1
2367,556,B,00,55,DATA,55,00,2360,0,0,40,40,00,00,1
2368,556,A,00,00,DATA,00,00,2361,0,0,40,40,00,00,1
2369,556,B,00,00,DATA,00,00,2362,0,0,40,40,00,00,1
2370,556,A,00,00,DATA,00,00,2363,0,0,40,40,00,00,1
2371,556,B,00,00,DATA,00,00,2364,0,0,40,40,00,00,1
2372,556,A,00,00,DATA,00,00,2365,0,0,40,40,00,00,1
2373,556,B,00,00,DATA,00,00,2366,0,0,40,40,00,00,1
2374,556,A,00,00,DATA,00,00,2367,0,0,40,40,00,00,1
2375,556,B,00,B5,DATA,B5,00,2368,0,0,40,40,00,00,1
2376,556,A,40,00,DATA,40,00,2369,0,0,40,40,00,00,1
2377,556,B,00,D2,DATA,D2,00,2370,0,0,40,40,00,00,1
2378,556,A,20,00,DATA,20,00,2371,0,0,40,40,00,00,1
2379,556,B,00,A5,DATA,A5,00,2372,0,0,40,40,00,00,1
2380,556,A,50,00,DATA,50,00,2373,0,0,40,40,00,00,1
2381,556,B,00,C7,DATA,C7,00,2374,0,0,40,40,00,00,1
2382,556,A,38,00,DATA,38,00,2375,0,0,40,40,00,00,1
2383,556,B,00,2A,DATA,2A,00,2376,0,0,40,40,00,00,1
2384,556,A,55,00,DATA,55,00,2377,0,0,40,40,00,00,1
2385,556,B,00,40,DATA,40,00,2378,0,0,40,40,00,00,1
2386,556,A,3F,00,DATA,3F,00,2379,0,0,40,40,00,00,1
2387,556,B,00,61,DATA,61,00,2380,0,0,40,40,00,00,1
2388,556,A,1F,00,DATA,1F,00,2381,0,0,40,40,00,00,1
2389,556,B,00,20,DATA,20,00,2382,0,0,40,40,00,00,1
2390,556,A,1F,00,DATA,1F,00,2383,0,0,40,40,00,00,1
2391,556,B,00,7F,DATA,7F,00,2384,0,0,40,40,00,00,1
2392,556,A,04,00,DATA,04,00,2385,0,0,40,40,00,00,1
2393,556,B,00,BF,DATA,BF,00,2386,0,0,40,40,00,00,1
2394,556,A,00,00,DATA,00,00,2387,0,0,40,40,00,00,1
2395,556,B,00,59,DATA,59,00,2388,0,0,40,40,00,00,1
2396,556,A,04,00,DATA,04,00,2389,0,0,40,40,00,00,1
2397,572,B,00,DE,DATA,DE,00,2390,0,0,40,40,00,00,1
2398,572,A,00,00,DATA,00,00,2391,0,0,40,40,00,00,1
2399,572,B,00,D5,DATA,D5,00,2392,0,0,40,40,00,00,1
2400,572,A,00,00,DATA,00,00,2393,0,0,40,40,00,00,1
2401,572,B,00,12,DATA,12,00,2394,0,0,40,40,00,00,1
2402,572,A,E0,00,DATA,E0,00,2395,0,0,40,40,00,00,1
2403,572,B,00,2D,DATA,2D,00,2396,0,0,40,40,00,00,1
2404,572,A,D0,00,DATA,D0,00,2397,0,0,40,40,00,00,1
2405,572,B,00,04,DATA,04,00,2398,0,0,40,40,00,00,1
2406,572,A,F8,00,DATA,F8,00,2399,0,0,40,40,00,00,1
2407,572,B,00,57,DATA,57,00,2400,0,0,40,40,00,00,1
2408,572,A,00,00,DATA,00,00,2401,0,0,40,40,00,00,1
2409,572,B,00,AF,DATA,AF,00,2402,0,0,40,40,00,00,1
2410,572,A,00,00,DATA,00,00,2403,0,0,40,40,00,00,1
2411,572,B,00,55,DATA,55,00,2404,0,0,40,40,00,00,1
2412,572,A,00,00,DATA,00,00,2405,0,0,40,40,00,00,1
2413,572,B,00,AE,DATA,AE,00,2406,0,0,40,40,00,00,1
2414,572,A,00,00,DATA,00,00,2407,0,0,40,40,00,00,1
2415,572,B,00,55,DATA,55,00,2408,0,0,40,40,00,00,1
2416,572,A,00,00,DATA,00,00,2409,0,0,40,40,00,00,1
2417,572,B,00,2B,DATA,2B,00,2410,0,0,40,40,00,00,1
2418,572,A,00,00,DATA,00,00,2411,0,0,40,40,00,00,1
2419,572,B,00,55,DATA,55,00,2412,0,0,40,40,00,00,1
2420,572,A,00,00,DATA,00,00,2413,0,0,40,40,00,00,1
2421,572,B,00,0B,DATA,0B,00,2414,0,0,40,40,00,00,1
2422,572,A,00,00,DATA,00,00,2415,0,0,40,40,00,00,1
2423,572,B,00,79,DATA,79,00,2416,0,0,40,40,00,00,1
2424,572,A,04,00,DATA,04,00,2417,0,0,40,40,00,00,1
2425,572,B,00,FF,DATA,FF,00,2418,0,0,40,40,00,00,1
2426,572,A,00,00,DATA,00,00,2419,0,0,40,40,00,00,1
2427,572,B,00,5D,DATA,5D,00,2420,0,0,40,40,00,00,1
2428,572,A,00,00,DATA,00,00,2421,0,0,40,40,00,00,1
2429,572,B,00,BE,DATA,BE,00,2422,0,0,40,40,00,00,1
2430,572,A,00,00,DATA,00,00,2423,0,0,40,40,00,00,1
2431,572,B,00,5B,DATA,5B,00,2424,0,0,40,40,00,00,1
2432,572,A,04,00,DATA,04,00,2425,0,0,40,40,00,00,1
2433,572,B,00,AF,DATA,AF,00,2426,0,0,40,40,00,00,1
2434,572,A,00,00,DATA,00,00,2427,0,0,40,40,00,00,1
2435,572,B,00,55,DATA,55,00,2428,0,0,40,40,00,00,1
2436,572,A,00,00,DATA,00,00,2429,0,0,40,40,00,00,1
2437,572,B,00,EA,DATA,EA,00,2430,0,0,40,40,00,00,1
2438,572,A,00,00,DATA,00,00,2431,0,0,40,40,00,00,1
2439,572,B,00,AA,DATA,AA,00,2432,0,0,40,40,00,00,1
2440,572,A,55,00,DATA,55,00,2433,0,0,40,40,00,00,1
2441,572,B,00,DC,DATA,DC,00,2434,0,0,40,40,00,00,1
2442,572,A,23,00,DATA,23,00,2435,0,0,40,40,00,00,1
2443,572,B,00,DA,DATA,DA,00,2436,0,0,40,40,00,00,1
2444,572,A,05,00,DATA,05,00,2437,0,0,40,40,00,00,1
2445,572,B,00,FF,DATA,FF,00,2438,0,0,40,40,00,00,1
2446,572,A,00,00,DATA,00,00,2439,0,0,40,40,00,00,1
2447,572,B,00,56,DATA,56,00,2440,0,0,40,40,00,00,1
2448,572,A,01,00,DATA,01,00,2441,0,0,40,40,00,00,1
2449,572,B,00,BB,DATA,BB,00,2442,0,0,40,40,00,00,1
2450,572,A,00,00,DATA,00,00,2443,0,0,40,40,00,00,1
2451,572,B,00,55,DATA,55,00,2444,0,0,40,40,00,00,1
2452,572,A,00,00,DATA,00,00,2445,0,0,40,40,00,00,1
2453,572,B,00,AF,DATA,AF,00,2446,0,0,40,40,00,00,1
2454,572,A,00,00,DATA,00,00,2447,0,0,40,40,00,00,1
2455,572,B,00,AA,DATA,AA,00,2448,0,0,40,40,00,00,1
2456,572,A,55,00,DATA,55,00,2449,0,0,40,40,00,00,1
2457,572,B,00,0F,DATA,0F,00,2450,0,0,40,40,00,00,1
2458,572,A,F0,00,DATA,F0,00,2451,0,0,40,40,00,00,1
2459,572,B,00,AA,DATA,AA,00,2452,0,0,40,40,00,00,1
2460,572,A,55,00,DATA,55,00,2453,0,0,40,40,00,00,1
2461,572,B,00,DF,DATA,DF,00,2454,0,0,40,40,00,00,1
2462,572,A,20,00,DATA,20,00,2455,0,0,40,40,00,00,1
2463,572,B,00,AA,DATA,AA,00,2456,0,0,40,40,00,00,1
2464,572,A,55,00,DATA,55,00,2457,0,0,40,40,00,00,1
2465,572,B,00,FF,DATA,FF,00,2458,0,0,40,40,00,00,1
2466,572,A,00,00,DATA,00,00,2459,0,0,40,40,00,00,1
2467,572,B,00,AF,DATA,AF,00,2460,0,0,40,40,00,00,1
2468,572,A,50,00,DATA,50,00,2461,0,0,40,40,00,00,1
2469,572,B,00,FF,DATA,FF,00,2462,0,0,40,40,00,00,1
2470,572,A,00,00,DATA,00,00,2463,0,0,40,40,00,00,1
2471,572,B,00,A7,DATA,A7,00,2464,0,0,40,40,00,00,1
2472,572,A,50,00,DATA,50,00,2465,0,0,40,40,00,00,1
2473,572,B,00,FE,DATA,FE,00,2466,0,0,40,40,00,00,1
2474,572,A,00,00,DATA,00,00,2467,0,0,40,40,00,00,1
2475,572,B,00,FC,DATA,FC,00,2468,0,0,40,40,00,00,1
2476,572,A,00,00,DATA,00,00,2469,0,0,40,40,00,00,1
2477,572,B,00,FE,DATA,FE,00,2470,0,0,40,40,00,00,1
2478,572,A,00,00,DATA,00,00,2471,0,0,40,40,00,00,1
2479,572,B,00,77,DATA,77,00,2472,0,0,40,40,00,00,1
2480,572,A,00,00,DATA,00,00,2473,0,0,40,40,00,00,1
2481,572,B,00,FE,DATA,FE,00,2474,0,0,40,40,00,00,1
2482,572,A,00,00,DATA,00,00,2475,0,0,40,40,00,00,1
2483,572,B,00,55,DATA,55,00,2476,0,0,40,40,00,00,1
2484,572,A,00,00,DATA,00,00,2477,0,0,40,40,00,00,1
2485,572,B,00,EA,DATA,EA,00,2478,0,0,40,40,00,00,1
2486,572,A,00,00,DATA,00,00,2479,0,0,40,40,00,00,1
2487,572,B,00,55,DATA,55,00,2480,0,0,40,40,00,00,1
2488,572,A,00,00,DATA,00,00,2481,0,0,40,40,00,00,1
2489,572,B,00,00,DATA,00,00,2482,0,0,40,40,00,00,1
2490,572,A,00,00,DATA,00,00,2483,0,0,40,40,00,00,1
2491,572,B,00,45,DATA,45,00,2484,0,0,40,40,00,00,1
2492,572,A,00,00,DATA,00,00,2485,0,0,40,40,00,00,1
2493,572,B,00,00,DATA,00,00,2486,0,0,40,40,00,00,1
2494,572,A,00,00,DATA,00,00,2487,0,0,40,40,00,00,1
2495,572,B,00,41,DATA,41,00,2488,0,0,40,40,00,00,1
2496,572,A,00,00,DATA,00,00,2489,0,0,40,40,00,00,1
2497,572,B,00,00,DATA,00,00,2490,0,0,40,40,00,00,1
2498,572,A,00,00,DATA,00,00,2491,0,0,40,40,00,00,1
2499,572,B,00,44,DATA,44,00,2492,0,0,40,40,00,00,1
2500,572,A,00,00,DATA,00,00,2493,0,0,40,40,00,00,1
2501,572,B,00,80,DATA,80,00,2494,0,0,40,40,00,00,1
2502,572,A,00,00,DATA,00,00,2495,0,0,40,40,00,00,1
2503,572,B,00,51,DATA,51,00,2496,0,0,40,40,00,00,1
2504,572,A,00,00,DATA,00,00,2497,0,0,40,40,00,00,1
2505,572,B,00,00,DATA,00,00,2498,0,0,40,40,00,00,1
2506,572,A,00,00,DATA,00,00,2499,0,0,40,40,00,00,1
2507,572,B,00,54,DATA,54,00,2500,0,0,40,40,00,00,1
2508,572,A,00,00,DATA,00,00,2501,0,0,40,40,00,00,1
2509,572,B,00,00,DATA,00,00,2502,0,0,40,40,00,00,1
2510,572,A,00,00,DATA,00,00,2503,0,0,40,40,00,00,1
2511,572,B,00,11,DATA,11,00,2504,0,0,40,40,00,00,1
2512,572,A,00,00,DATA,00,00,2505,0,0,40,40,00,00,1
2513,572,B,00,00,DATA,00,00,2506,0,0,40,40,00,00,1
2514,572,A,00,00,DATA,00,00,2507,0,0,40,40,00,00,1
2515,572,B,00,54,DATA,54,00,2508,0,0,40,40,00,00,1
2516,572,A,00,00,DATA,00,00,2509,0,0,40,40,00,00,1
2517,572,B,00,00,DATA,00,00,2510,0,0,40,40,00,00,1
2518,572,A,00,00,DATA,00,00,2511,0,0,40,40,00,00,1
2519,572,B,00,15,DATA,15,00,2512,0,0,40,40,00,00,1
2520,572,A,00,00,DATA,00,00,2513,0,0,40,40,00,00,1
2521,572,B,00,22,DATA,22,00,2514,0,0,40,40,00,00,1
2522,572,A,00,00,DATA,00,00,2515,0,0,40,40,00,00,1
2523,572,B,00,55,DATA,55,00,2516,0,0,40,40,00,00,1
2524,572,A,00,00,DATA,00,00,2517,0,0,40,40,00,00,1
2525,572,B,00,00,DATA,00,00,2518,0,0,40,40,00,00,1
2526,572,A,00,00,DATA,00,00,2519,0,0,40,40,00,00,1
2527,572,B,00,15,DATA,15,00,2520,0,0,40,40,00,00,1
2528,572,A,00,00,DATA,00,00,2521,0,0,40,40,00,00,1
2529,572,B,00,02,DATA,02,00,2522,0,0,40,40,00,00,1
2530,572,A,00,00,DATA,00,00,2523,0,0,40,40,00,00,1
2531,572,B,00,55,DATA,55,00,2524,0,0,40,40,00,00,1
2532,572,A,00,00,DATA,00,00,2525,0,0,40,40,00,00,1
2533,572,B,00,00,DATA,00,00,2526,0,0,40,40,00,00,1
2534,572,A,00,00,DATA,00,00,2527,0,0,40,40,00,00,1
2535,572,B,00,56,DATA,56,00,2528,0,0,40,40,00,00,1
2536,572,A,01,00,DATA,01,00,2529,0,0,40,40,00,00,1
2537,572,B,00,BF,DATA,BF,00,2530,0,0,40,40,00,00,1
2538,572,A,00,00,DATA,00,00,2531,0,0,40,40,00,00,1
2539,572,B,00,57,DATA,57,00,2532,0,0,40,40,00,00,1
2540,572,A,00,00,DATA,00,00,2533,0,0,40,40,00,00,1
2541,572,B,00,FF,DATA,FF,00,2534,0,0,40,40,00,00,1
2542,572,A,00,00,DATA,00,00,2535,0,0,40,40,00,00,1
2543,572,B,00,56,DATA,56,00,2536,0,0,40,40,00,00,1
2544,572,A,01,00,DATA,01,00,2537,0,0,40,40,00,00,1
2545,572,B,00,BF,DATA,BF,00,2538,0,0,40,40,00,00,1
2546,572,A,00,00,DATA,00,00,2539,0,0,40,40,00,00,1
2547,572,B,00,56,DATA,56,00,2540,0,0,40,40,00,00,1
2548,572,A,01,00,DATA,01,00,2541,0,0,40,40,00,00,1
2549,572,B,00,AF,DATA,AF,00,2542,0,0,40,40,00,00,1
2550,572,A,00,00,DATA,00,00,2543,0,0,40,40,00,00,1
2551,572,B,00,AA,DATA,AA,00,2544,0,0,40,40,00,00,1
2552,572,A,55,00,DATA,55,00,2545,0,0,40,40,00,00,1
2553,572,B,00,D4,DATA,D4,00,2546,0,0,40,40,00,00,1
2554,572,A,2B,00,DATA,2B,00,2547,0,0,40,40,00,00,1
2555,572,B,00,AA,DATA,AA,00,2548,0,0,40,40,00,00,1
2556,572,A,55,00,DATA,55,00,2549,0,0,40,40,00,00,1
2557,572,B,00,51,DATA,51,00,2550,0,0,40,40,00,00,1
2558,572,A,AE,00,DATA,AE,00,2551,0,0,40,40,00,00,1
2559,572,B,00,AA,DATA,AA,00,2552,0,0,40,40,00,00,1
2560,572,A,55,00,DATA,55,00,2553,0,0,40,40,00,00,1
2561,572,B,00,C4,DATA,C4,00,2554,0,0,40,40,00,00,1
2562,572,A,3B,00,DATA,3B,00,2555,0,0,40,40,00,00,1
2563,572,B,00,AA,DATA,AA,00,2556,0,0,40,40,00,00,1
2564,572,A,55,00,DATA,55,00,2557,0,0,40,40,00,00,1
2565,572,B,00,50,DATA,50,00,2558,0,0,40,40,00,00,1
2566,572,A,AF,00,DATA,AF,00,2559,0,0,40,40,00,00,1
2567,572,B,00,5F,DATA,5F,00,2560,0,0,40,40,00,00,1
2568,572,A,FF,00,DATA,FF,00,2561,0,0,40,40,00,00,1
2569,572,B,00,FF,DATA,FF,00,2562,0,0,40,40,00,00,1
2570,572,A,FF,00,DATA,FF,00,2563,0,0,40,40,00,00,1
2571,572,B,00,5F,DATA,5F,00,2564,0,0,40,40,00,00,1
2572,572,A,FF,00,DATA,FF,00,2565,0,0,40,40,00,00,1
2573,572,B,00,FF,DATA,FF,00,2566,0,0,40,40,00,00,1
2574,572,A,FF,00,DATA,FF,00,2567,0,0,40,40,00,00,1
2575,572,B,00,DF,DATA,DF,00,2568,0,0,40,40,00,00,1
2576,572,A,FF,00,DATA,FF,00,2569,0,0,40,40,00,00,1
2577,572,B,00,FF,DATA,FF,00,2570,0,0,40,40,00,00,1
2578,572,A,FF,00,DATA,FF,00,2571,0,0,40,40,00,00,1
2579,572,B,00,FF,DATA,FF,00,2572,0,0,40,40,00,00,1
2580,572,A,FF,00,DATA,FF,00,2573,0,0,40,40,00,00,1
2581,572,B,00,FF,DATA,FF,00,2574,0,0,40,40,00,00,1
2582,572,A,FF,00,DATA,FF,00,2575,0,0,40,40,00,00,1
2583,572,B,00,F5,DATA,F5,00,2576,0,0,40,40,00,00,1
2584,572,A,FF,00,DATA,FF,00,2577,0,0,40,40,00,00,1
2585,588,B,00,FB,DATA,FB,00,2578,0,0,40,40,00,00,1
2586,588,A,FF,00,DATA,FF,00,2579,0,0,40,40,00,00,1
2587,588,B,00,F5,DATA,F5,00,2580,0,0,40,40,00,00,1
2588,588,A,FF,00,DATA,FF,00,2581,0,0,40,40,00,00,1
2589,588,B,00,FC,DATA,FC,00,2582,0,0,40,40,00,00,1
2590,588,A,FF,00,DATA,FF,00,2583,0,0,40,40,00,00,1
2591,588,B,00,FD,DATA,FD,00,2584,0,0,40,40,00,00,1
2592,588,A,FF,00,DATA,FF,00,2585,0,0,40,40,00,00,1
2593,588,B,00,FA,DATA,FA,00,2586,0,0,40,40,00,00,1
2594,588,A,FF,00,DATA,FF,00,2587,0,0,40,40,00,00,1
2595,588,B,00,75,DATA,75,00,2588,0,0,40,40,00,00,1
2596,588,A,FF,00,DATA,FF,00,2589,0,0,40,40,00,00,1
2597,588,B,00,FC,DATA,FC,00,2590,0,0,40,40,00,00,1
2598,588,A,FF,00,DATA,FF,00,2591,0,0,40,40,00,00,1
2599,588,B,00,54,DATA,54,00,2592,0,0,40,40,00,00,1
2600,588,A,F8,00,DATA,F8,00,2593,0,0,40,40,00,00,1
2601,588,B,00,30,DATA,30,00,2594,0,0,40,40,00,00,1
2602,588,A,F8,00,DATA,F8,00,2595,0,0,40,40,00,00,1
2603,588,B,00,5A,DATA,5A,00,2596,0,0,40,40,00,00,1
2604,588,A,F4,00,DATA,F4,00,2597,0,0,40,40,00,00,1
2605,588,B,00,52,DATA,52,00,2598,0,0,40,40,00,00,1
2606,588,A,FC,00,DATA,FC,00,2599,0,0,40,40,00,00,1
2607,588,B,00,17,DATA,17,00,2600,0,0,40,40,00,00,1
2608,588,A,FC,00,DATA,FC,00,2601,0,0,40,40,00,00,1
2609,588,B,00,61,DATA,61,00,2602,0,0,40,40,00,00,1
2610,588,A,FF,00,DATA,FF,00,2603,0,0,40,40,00,00,1
2611,588,B,00,57,DATA,57,00,2604,0,0,40,40,00,00,1
2612,588,A,FD,00,DATA,FD,00,2605,0,0,40,40,00,00,1
2613,588,B,00,29,DATA,29,00,2606,0,0,40,40,00,00,1
2614,588,A,FF,00,DATA,FF,00,2607,0,0,40,40,00,00,1
2615,588,B,00,00,DATA,00,00,2608,0,0,40,40,00,00,1
2616,588,A,00,00,DATA,00,00,2609,0,0,40,40,00,00,1
2617,588,B,00,00,DATA,00,00,2610,0,0,40,40,00,00,1
2618,588,A,00,00,DATA,00,00,2611,0,0,40,40,00,00,1
2619,588,B,00,00,DATA,00,00,2612,0,0,40,40,00,00,1
2620,588,A,00,00,DATA,00,00,2613,0,0,40,40,00,00,1
2621,588,B,00,00,DATA,00,00,2614,0,0,40,40,00,00,1
2622,588,A,00,00,DATA,00,00,2615,0,0,40,40,00,00,1
2623,588,B,00,00,DATA,00,00,2616,0,0,40,40,00,00,1
2624,588,A,00,00,DATA,00,00,2617,0,0,40,40,00,00,1
2625,588,B,00,84,DATA,84,00,2618,0,0,40,40,00,00,1
2626,588,A,FB,00,DATA,FB,00,2619,0,0,40,40,00,00,1
2627,588,B,00,55,DATA,55,00,2620,0,0,40,40,00,00,1
2628,588,A,FF,00,DATA,FF,00,2621,0,0,40,40,00,00,1
2629,588,B,00,80,DATA,80,00,2622,0,0,40,40,00,00,1
2630,588,A,FF,00,DATA,FF,00,2623,0,0,40,40,00,00,1
2631,588,B,00,0A,DATA,0A,00,2624,0,0,40,40,00,00,1
2632,588,A,15,00,DATA,15,00,2625,0,0,40,40,00,00,1
2633,588,B,00,10,DATA,10,00,2626,0,0,40,40,00,00,1
2634,588,A,0F,00,DATA,0F,00,2627,0,0,40,40,00,00,1
2635,588,B,00,52,DATA,52,00,2628,0,0,40,40,00,00,1
2636,588,A,05,00,DATA,05,00,2629,0,0,40,40,00,00,1
2637,588,B,00,48,DATA,48,00,2630,0,0,40,40,00,00,1
2638,588,A,27,00,DATA,27,00,2631,0,0,40,40,00,00,1
2639,588,B,00,3A,DATA,3A,00,2632,0,0,40,40,00,00,1
2640,588,A,45,00,DATA,45,00,2633,0,0,40,40,00,00,1
2641,588,B,00,28,DATA,28,00,2634,0,0,40,40,00,00,1
2642,588,A,D7,00,DATA,D7,00,2635,0,0,40,40,00,00,1
2643,588,B,00,2A,DATA,2A,00,2636,0,0,40,40,00,00,1
2644,588,A,D5,00,DATA,D5,00,2637,0,0,40,40,00,00,1
2645,588,B,00,00,DATA,00,00,2638,0,0,40,40,00,00,1
2646,588,A,FF,00,DATA,FF,00,2639,0,0,40,40,00,00,1
2647,588,B,00,8B,DATA,8B,00,2640,0,0,40,40,00,00,1
2648,588,A,74,00,DATA,74,00,2641,0,0,40,40,00,00,1
2649,588,B,00,01,DATA,01,00,2642,0,0,40,40,00,00,1
2650,588,A,FE,00,DATA,FE,00,2643,0,0,40,40,00,00,1
2651,588,B,00,82,DATA,82,00,2644,0,0,40,40,00,00,1
2652,588,A,7D,00,DATA,7D,00,2645,0,0,40,40,00,00,1
2653,588,B,00,00,DATA,00,00,2646,0,0,40,40,00,00,1
2654,588,A,FF,00,DATA,FF,00,2647,0,0,40,40,00,00,1
2655,588,B,00,88,DATA,88,00,2648,0,0,40,40,00,00,1
2656,588,A,77,00,DATA,77,00,2649,0,0,40,40,00,00,1
2657,588,B,00,00,DATA,00,00,2650,0,0,40,40,00,00,1
2658,588,A,FF,00,DATA,FF,00,2651,0,0,40,40,00,00,1
2659,588,B,00,AA,DATA,AA,00,2652,0,0,40,40,00,00,1
2660,588,A,55,00,DATA,55,00,2653,0,0,40,40,00,00,1
2661,588,B,00,60,DATA,60,00,2654,0,0,40,40,00,00,1
2662,588,A,9F,00,DATA,9F,00,2655,0,0,40,40,00,00,1
2663,588,B,00,15,DATA,15,00,2656,0,0,40,40,00,00,1
2664,588,A,00,00,DATA,00,00,2657,0,0,40,40,00,00,1
2665,588,B,00,82,DATA,82,00,2658,0,0,40,40,00,00,1
2666,588,A,00,00,DATA,00,00,2659,0,0,40,40,00,00,1
2667,588,B,00,D5,DATA,D5,00,2660,0,0,40,40,00,00,1
2668,588,A,00,00,DATA,00,00,2661,0,0,40,40,00,00,1
2669,588,B,00,1E,DATA,1E,00,2662,0,0,40,40,00,00,1
2670,588,A,E0,00,DATA,E0,00,2663,0,0,40,40,00,00,1
2671,588,B,00,2D,DATA,2D,00,2664,0,0,40,40,00,00,1
2672,588,A,D0,00,DATA,D0,00,2665,0,0,40,40,00,00,1
2673,588,B,00,5E,DATA,5E,00,2666,0,0,40,40,00,00,1
2674,588,A,A0,00,DATA,A0,00,2667,0,0,40,40,00,00,1
2675,588,B,00,F5,DATA,F5,00,2668,0,0,40,40,00,00,1
2676,588,A,00,00,DATA,00,00,2669,0,0,40,40,00,00,1
2677,588,B,00,6C,DATA,6C,00,2670,0,0,40,40,00,00,1
2678,588,A,80,00,DATA,80,00,2671,0,0,40,40,00,00,1
2679,588,B,00,55,DATA,55,00,2672,0,0,40,40,00,00,1
2680,588,A,00,00,DATA,00,00,2673,0,0,40,40,00,00,1
2681,588,B,00,3B,DATA,3B,00,2674,0,0,40,40,00,00,1
2682,588,A,00,00,DATA,00,00,2675,0,0,40,40,00,00,1
2683,588,B,00,55,DATA,55,00,2676,0,0,40,40,00,00,1
2684,588,A,00,00,DATA,00,00,2677,0,0,40,40,00,00,1
2685,588,B,00,8A,DATA,8A,00,2678,0,0,40,40,00,00,1
2686,588,A,00,00,DATA,00,00,2679,0,0,40,40,00,00,1
2687,588,B,00,15,DATA,15,00,2680,0,0,40,40,00,00,1
2688,588,A,00,00,DATA,00,00,2681,0,0,40,40,00,00,1
2689,588,B,00,8D,DATA,8D,00,2682,0,0,40,40,00,00,1
2690,588,A,02,00,DATA,02,00,2683,0,0,40,40,00,00,1
2691,588,B,00,D4,DATA,D4,00,2684,0,0,40,40,00,00,1
2692,588,A,03,00,DATA,03,00,2685,0,0,40,40,00,00,1
2693,588,B,00,C4,DATA,C4,00,2686,0,0,40,40,00,00,1
2694,588,A,03,00,DATA,03,00,2687,0,0,40,40,00,00,1
2695,588,B,00,55,DATA,55,00,2688,0,0,40,40,00,00,1
2696,588,A,00,00,DATA,00,00,2689,0,0,40,40,00,00,1
2697,588,B,00,BB,DATA,BB,00,2690,0,0,40,40,00,00,1
2698,588,A,00,00,DATA,00,00,2691,0,0,40,40,00,00,1
2699,588,B,00,55,DATA,55,00,2692,0,0,40,40,00,00,1
2700,588,A,00,00,DATA,00,00,2693,0,0,40,40,00,00,1
2701,588,B,00,FF,DATA,FF,00,2694,0,0,40,40,00,00,1
2702,588,A,00,00,DATA,00,00,2695,0,0,40,40,00,00,1
2703,588,B,00,55,DATA,55,00,2696,0,0,40,40,00,00,1
2704,588,A,00,00,DATA,00,00,2697,0,0,40,40,00,00,1
2705,588,B,00,FF,DATA,FF,00,2698,0,0,40,40,00,00,1
2706,588,A,00,00,DATA,00,00,2699,0,0,40,40,00,00,1
2707,588,B,00,0A,DATA,0A,00,2700,0,0,40,40,00,00,1
2708,588,A,F5,00,DATA,F5,00,2701,0,0,40,40,00,00,1
2709,588,B,00,00,DATA,00,00,2702,0,0,40,40,00,00,1
2710,588,A,FF,00,DATA,FF,00,2703,0,0,40,40,00,00,1
2711,588,B,00,77,DATA,77,00,2704,0,0,40,40,00,00,1
2712,588,A,00,00,DATA,00,00,2705,0,0,40,40,00,00,1
2713,588,B,00,FB,DATA,FB,00,2706,0,0,40,40,00,00,1
2714,588,A,00,00,DATA,00,00,2707,0,0,40,40,00,00,1
2715,588,B,00,D5,DATA,D5,00,2708,0,0,40,40,00,00,1
2716,588,A,00,00,DATA,00,00,2709,0,0,40,40,00,00,1
2717,588,B,00,EA,DATA,EA,00,2710,0,0,40,40,00,00,1
2718,588,A,00,00,DATA,00,00,2711,0,0,40,40,00,00,1
2719,588,B,00,55,DATA,55,00,2712,0,0,40,40,00,00,1
2720,588,A,00,00,DATA,00,00,2713,0,0,40,40,00,00,1
2721,588,B,00,E2,DATA,E2,00,2714,0,0,40,40,00,00,1
2722,588,A,00,00,DATA,00,00,2715,0,0,40,40,00,00,1
2723,588,B,00,A4,DATA,A4,00,2716,0,0,40,40,00,00,1
2724,588,A,50,00,DATA,50,00,2717,0,0,40,40,00,00,1
2725,588,B,00,06,DATA,06,00,2718,0,0,40,40,00,00,1
2726,588,A,F8,00,DATA,F8,00,2719,0,0,40,40,00,00,1
2727,588,B,00,55,DATA,55,00,2720,0,0,40,40,00,00,1
2728,588,A,00,00,DATA,00,00,2721,0,0,40,40,00,00,1
2729,588,B,00,AB,DATA,AB,00,2722,0,0,40,40,00,00,1
2730,588,A,00,00,DATA,00,00,2723,0,0,40,40,00,00,1
2731,588,B,00,15,DATA,15,00,2724,0,0,40,40,00,00,1
2732,588,A,00,00,DATA,00,00,2725,0,0,40,40,00,00,1
2733,588,B,00,2A,DATA,2A,00,2726,0,0,40,40,00,00,1
2734,588,A,00,00,DATA,00,00,2727,0,0,40,40,00,00,1
2735,588,B,00,55,DATA,55,00,2728,0,0,40,40,00,00,1
2736,588,A,00,00,DATA,00,00,2729,0,0,40,40,00,00,1
2737,588,B,00,3B,DATA,3B,00,2730,0,0,40,40,00,00,1
2738,588,A,00,00,DATA,00,00,2731,0,0,40,40,00,00,1
2739,588,B,00,55,DATA,55,00,2732,0,0,40,40,00,00,1
2740,588,A,00,00,DATA,00,00,2733,0,0,40,40,00,00,1
2741,588,B,00,2A,DATA,2A,00,2734,0,0,40,40,00,00,1
2742,588,A,00,00,DATA,00,00,2735,0,0,40,40,00,00,1
2743,588,B,00,51,DATA,51,00,2736,0,0,40,40,00,00,1
2744,588,A,00,00,DATA,00,00,2737,0,0,40,40,00,00,1
2745,588,B,00,80,DATA,80,00,2738,0,0,40,40,00,00,1
2746,588,A,00,00,DATA,00,00,2739,0,0,40,40,00,00,1
2747,588,B,00,45,DATA,45,00,2740,0,0,40,40,00,00,1
2748,588,A,00,00,DATA,00,00,2741,0,0,40,40,00,00,1
2749,588,B,00,80,DATA,80,00,2742,0,0,40,40,00,00,1
2750,588,A,00,00,DATA,00,00,2743,0,0,40,40,00,00,1
2751,588,B,00,15,DATA,15,00,2744,0,0,40,40,00,00,1
2752,588,A,00,00,DATA,00,00,2745,0,0,40,40,00,00,1
2753,588,B,00,00,DATA,00,00,2746,0,0,40,40,00,00,1
2754,588,A,00,00,DATA,00,00,2747,0,0,40,40,00,00,1
2755,588,B,00,55,DATA,55,00,2748,0,0,40,40,00,00,1
2756,588,A,00,00,DATA,00,00,2749,0,0,40,40,00,00,1
2757,588,B,00,00,DATA,00,00,2750,0,0,40,40,00,00,1
2758,588,A,00,00,DATA,00,00,2751,0,0,40,40,00,00,1
2759,588,B,00,50,DATA,50,00,2752,0,0,40,40,00,00,1
2760,588,A,00,00,DATA,00,00,2753,0,0,40,40,00,00,1
2761,588,B,00,00,DATA,00,00,2754,0,0,40,40,00,00,1
2762,588,A,00,00,DATA,00,00,2755,0,0,40,40,00,00,1
2763,588,B,00,40,DATA,40,00,2756,0,0,40,40,00,00,1
2764,588,A,00,00,DATA,00,00,2757,0,0,40,40,00,00,1
2765,588,B,00,00,DATA,00,00,2758,0,0,40,40,00,00,1
2766,588,A,00,00,DATA,00,00,2759,0,0,40,40,00,00,1
2767,588,B,00,00,DATA,00,00,2760,0,0,40,40,00,00,1
2768,588,A,00,00,DATA,00,00,2761,0,0,40,40,00,00,1
2769,588,B,00,00,DATA,00,00,2762,0,0,40,40,00,00,1
2770,588,A,00,00,DATA,00,00,2763,0,0,40,40,00,00,1
2771,588,B,00,40,DATA,40,00,2764,0,0,40,40,00,00,1
2772,604,A,00,00,DATA,00,00,2765,0,0,40,40,00,00,1
2773,604,B,00,00,DATA,00,00,2766,0,0,40,40,00,00,1
2774,604,A,00,00,DATA,00,00,2767,0,0,40,40,00,00,1
2775,604,B,00,11,DATA,11,00,2768,0,0,40,40,00,00,1
2776,604,A,00,00,DATA,00,00,2769,0,0,40,40,00,00,1
2777,604,B,00,00,DATA,00,00,2770,0,0,40,40,00,00,1
2778,604,A,00,00,DATA,00,00,2771,0,0,40,40,00,00,1
2779,604,B,00,15,DATA,15,00,2772,0,0,40,40,00,00,1
2780,604,A,00,00,DATA,00,00,2773,0,0,40,40,00,00,1
2781,604,B,00,00,DATA,00,00,2774,0,0,40,40,00,00,1
2782,604,A,00,00,DATA,00,00,2775,0,0,40,40,00,00,1
2783,604,B,00,11,DATA,11,00,2776,0,0,40,40,00,00,1
2784,604,A,00,00,DATA,00,00,2777,0,0,40,40,00,00,1
2785,604,B,00,00,DATA,00,00,2778,0,0,40,40,00,00,1
2786,604,A,00,00,DATA,00,00,2779,0,0,40,40,00,00,1
2787,604,B,00,00,DATA,00,00,2780,0,0,40,40,00,00,1
2788,604,A,00,00,DATA,00,00,2781,0,0,40,40,00,00,1
2789,604,B,00,00,DATA,00,00,2782,0,0,40,40,00,00,1
2790,604,A,00,00,DATA,00,00,2783,0,0,40,40,00,00,1
2791,604,B,00,57,DATA,57,00,2784,0,0,40,40,00,00,1
2792,604,A,00,00,DATA,00,00,2785,0,0,40,40,00,00,1
2793,604,B,00,3F,DATA,3F,00,2786,0,0,40,40,00,00,1
2794,604,A,00,00,DATA,00,00,2787,0,0,40,40,00,00,1
2795,604,B,00,55,DATA,55,00,2788,0,0,40,40,00,00,1
2796,604,A,00,00,DATA,00,00,2789,0,0,40,40,00,00,1
2797,604,B,00,AF,DATA,AF,00,2790,0,0,40,40,00,00,1
2798,604,A,00,00,DATA,00,00,2791,0,0,40,40,00,00,1
2799,604,B,00,57,DATA,57,00,2792,0,0,40,40,00,00,1
2800,604,A,00,00,DATA,00,00,2793,0,0,40,40,00,00,1
2801,604,B,00,2B,DATA,2B,00,2794,0,0,40,40,00,00,1
2802,604,A,00,00,DATA,00,00,2795,0,0,40,40,00,00,1
2803,604,B,00,55,DATA,55,00,2796,0,0,40,40,00,00,1
2804,604,A,00,00,DATA,00,00,2797,0,0,40,40,00,00,1
2805,604,B,00,0B,DATA,0B,00,2798,0,0,40,40,00,00,1
2806,604,A,00,00,DATA,00,00,2799,0,0,40,40,00,00,1
2807,604,B,00,A8,DATA,A8,00,2800,0,0,40,40,00,00,1
2808,604,A,57,00,DATA,57,00,2801,0,0,40,40,00,00,1
2809,604,B,00,C0,DATA,C0,00,2802,0,0,40,40,00,00,1
2810,604,A,3F,00,DATA,3F,00,2803,0,0,40,40,00,00,1
2811,604,B,00,AA,DATA,AA,00,2804,0,0,40,40,00,00,1
2812,604,A,55,00,DATA,55,00,2805,0,0,40,40,00,00,1
2813,604,B,00,D1,DATA,D1,00,2806,0,0,40,40,00,00,1
2814,604,A,2E,00,DATA,2E,00,2807,0,0,40,40,00,00,1
2815,604,B,00,E8,DATA,E8,00,2808,0,0,40,40,00,00,1
2816,604,A,17,00,DATA,17,00,2809,0,0,40,40,00,00,1
2817,604,B,00,D5,DATA,D5,00,2810,0,0,40,40,00,00,1
2818,604,A,2A,00,DATA,2A,00,2811,0,0,40,40,00,00,1
2819,604,B,00,EA,DATA,EA,00,2812,0,0,40,40,00,00,1
2820,604,A,15,00,DATA,15,00,2813,0,0,40,40,00,00,1
2821,604,B,00,F0,DATA,F0,00,2814,0,0,40,40,00,00,1
2822,604,A,0F,00,DATA,0F,00,2815,0,0,40,40,00,00,1
2823,604,B,00,FF,DATA,FF,00,2816,0,0,40,40,00,00,1
2824,604,A,FF,00,DATA,FF,00,2817,0,0,40,40,00,00,1
2825,604,B,00,FF,DATA,FF,00,2818,0,0,40,40,00,00,1
2826,604,A,FF,00,DATA,FF,00,2819,0,0,40,40,00,00,1
2827,604,B,00,FF,DATA,FF,00,2820,0,0,40,40,00,00,1
2828,604,A,FF,00,DATA,FF,00,2821,0,0,40,40,00,00,1
2829,604,B,00,EE,DATA,EE,00,2822,0,0,40,40,00,00,1
2830,604,A,FF,00,DATA,FF,00,2823,0,0,40,40,00,00,1
2831,604,B,00,55,DATA,55,00,2824,0,0,40,40,00,00,1
2832,604,A,FF,00,DATA,FF,00,2825,0,0,40,40,00,00,1
2833,604,B,00,00,DATA,00,00,2826,0,0,40,40,00,00,1
2834,604,A,FF,00,DATA,FF,00,2827,0,0,40,40,00,00,1
2835,604,B,00,50,DATA,50,00,2828,0,0,40,40,00,00,1
2836,604,A,FF,00,DATA,FF,00,2829,0,0,40,40,00,00,1
2837,604,B,00,00,DATA,00,00,2830,0,0,40,40,00,00,1
2838,604,A,FF,00,DATA,FF,00,2831,0,0,40,40,00,00,1
2839,604,B,00,F5,DATA,F5,00,2832,0,0,40,40,00,00,1
2840,604,A,FF,00,DATA,FF,00,2833,0,0,40,40,00,00,1
2841,604,B,00,FA,DATA,FA,00,2834,0,0,40,40,00,00,1
2842,604,A,FF,00,DATA,FF,00,2835,0,0,40,40,00,00,1
2843,604,B,00,F5,DATA,F5,00,2836,0,0,40,40,00,00,1
2844,604,A,FF,00,DATA,FF,00,2837,0,0,40,40,00,00,1
2845,604,B,00,FE,DATA,FE,00,2838,0,0,40,40,00,00,1
2846,604,A,FF,00,DATA,FF,00,2839,0,0,40,40,00,00,1
2847,604,B,00,55,DATA,55,00,2840,0,0,40,40,00,00,1
2848,604,A,FF,00,DATA,FF,00,2841,0,0,40,40,00,00,1
2849,604,B,00,00,DATA,00,00,2842,0,0,40,40,00,00,1
2850,604,A,FF,00,DATA,FF,00,2843,0,0,40,40,00,00,1
2851,604,B,00,A2,DATA,A2,00,2844,0,0,40,40,00,00,1
2852,604,A,5D,00,DATA,5D,00,2845,0,0,40,40,00,00,1
2853,604,B,00,00,DATA,00,00,2846,0,0,40,40,00,00,1
2854,604,A,FF,00,DATA,FF,00,2847,0,0,40,40,00,00,1
2855,604,B,00,51,DATA,51,00,2848,0,0,40,40,00,00,1
2856,604,A,FF,00,DATA,FF,00,2849,0,0,40,40,00,00,1
2857,604,B,00,33,DATA,33,00,2850,0,0,40,40,00,00,1
2858,604,A,FF,00,DATA,FF,00,2851,0,0,40,40,00,00,1
2859,604,B,00,51,DATA,51,00,2852,0,0,40,40,00,00,1
2860,604,A,FF,00,DATA,FF,00,2853,0,0,40,40,00,00,1
2861,604,B,00,EA,DATA,EA,00,2854,0,0,40,40,00,00,1
2862,604,A,FF,00,DATA,FF,00,2855,0,0,40,40,00,00,1
2863,604,B,00,55,DATA,55,00,2856,0,0,40,40,00,00,1
2864,604,A,FF,00,DATA,FF,00,2857,0,0,40,40,00,00,1
2865,604,B,00,00,DATA,00,00,2858,0,0,40,40,00,00,1
2866,604,A,FF,00,DATA,FF,00,2859,0,0,40,40,00,00,1
2867,604,B,00,AA,DATA,AA,00,2860,0,0,40,40,00,00,1
2868,604,A,55,00,DATA,55,00,2861,0,0,40,40,00,00,1
2869,604,B,00,08,DATA,08,00,2862,0,0,40,40,00,00,1
2870,604,A,F7,00,DATA,F7,00,2863,0,0,40,40,00,00,1
2871,604,B,00,55,DATA,55,00,2864,0,0,40,40,00,00,1
2872,604,A,FF,00,DATA,FF,00,2865,0,0,40,40,00,00,1
2873,604,B,00,F8,DATA,F8,00,2866,0,0,40,40,00,00,1
2874,604,A,FF,00,DATA,FF,00,2867,0,0,40,40,00,00,1
2875,604,B,00,56,DATA,56,00,2868,0,0,40,40,00,00,1
2876,604,A,FD,00,DATA,FD,00,2869,0,0,40,40,00,00,1
2877,604,B,00,F8,DATA,F8,00,2870,0,0,40,40,00,00,1
2878,604,A,FF,00,DATA,FF,00,2871,0,0,40,40,00,00,1
2879,604,B,00,76,DATA,76,00,2872,0,0,40,40,00,00,1
2880,604,A,FD,00,DATA,FD,00,2873,0,0,40,40,00,00,1
2881,604,B,00,00,DATA,00,00,2874,0,0,40,40,00,00,1
2882,604,A,FF,00,DATA,FF,00,2875,0,0,40,40,00,00,1
2883,604,B,00,AA,DATA,AA,00,2876,0,0,40,40,00,00,1
2884,604,A,55,00,DATA,55,00,2877,0,0,40,40,00,00,1
2885,604,B,00,3F,DATA,3F,00,2878,0,0,40,40,00,00,1
2886,604,A,C0,00,DATA,C0,00,2879,0,0,40,40,00,00,1
2887,604,B,00,AA,DATA,AA,00,2880,0,0,40,40,00,00,1
2888,604,A,55,00,DATA,55,00,2881,0,0,40,40,00,00,1
2889,604,B,00,40,DATA,40,00,2882,0,0,40,40,00,00,1
2890,604,A,BF,00,DATA,BF,00,2883,0,0,40,40,00,00,1
2891,604,B,00,AA,DATA,AA,00,2884,0,0,40,40,00,00,1
2892,604,A,55,00,DATA,55,00,2885,0,0,40,40,00,00,1
2893,604,B,00,01,DATA,01,00,2886,0,0,40,40,00,00,1
2894,604,A,FE,00,DATA,FE,00,2887,0,0,40,40,00,00,1
2895,604,B,00,AA,DATA,AA,00,2888,0,0,40,40,00,00,1
2896,604,A,55,00,DATA,55,00,2889,0,0,40,40,00,00,1
2897,604,B,00,47,DATA,47,00,2890,0,0,40,40,00,00,1
2898,604,A,B8,00,DATA,B8,00,2891,0,0,40,40,00,00,1
2899,604,B,00,AB,DATA,AB,00,2892,0,0,40,40,00,00,1
2900,604,A,54,00,DATA,54,00,2893,0,0,40,40,00,00,1
2901,604,B,00,FF,DATA,FF,00,2894,0,0,40,40,00,00,1
2902,604,A,00,00,DATA,00,00,2895,0,0,40,40,00,00,1
2903,604,B,00,E8,DATA,E8,00,2896,0,0,40,40,00,00,1
2904,604,A,17,00,DATA,17,00,2897,0,0,40,40,00,00,1
2905,604,B,00,D4,DATA,D4,00,2898,0,0,40,40,00,00,1
2906,604,A,2B,00,DATA,2B,00,2899,0,0,40,40,00,00,1
2907,604,B,00,FA,DATA,FA,00,2900,0,0,40,40,00,00,1
2908,604,A,05,00,DATA,05,00,2901,0,0,40,40,00,00,1
2909,604,B,00,FF,DATA,FF,00,2902,0,0,40,40,00,00,1
2910,604,A,00,00,DATA,00,00,2903,0,0,40,40,00,00,1
2911,604,B,00,16,DATA,16,00,2904,0,0,40,40,00,00,1
2912,604,A,41,00,DATA,41,00,2905,0,0,40,40,00,00,1
2913,604,B,00,FF,DATA,FF,00,2906,0,0,40,40,00,00,1
2914,604,A,00,00,DATA,00,00,2907,0,0,40,40,00,00,1
2915,604,B,00,F5,DATA,F5,00,2908,0,0,40,40,00,00,1
2916,604,A,00,00,DATA,00,00,2909,0,0,40,40,00,00,1
2917,604,B,00,BF,DATA,BF,00,2910,0,0,40,40,00,00,1
2918,604,A,40,00,DATA,40,00,2911,0,0,40,40,00,00,1
2919,604,B,00,A5,DATA,A5,00,2912,0,0,40,40,00,00,1
2920,604,A,50,00,DATA,50,00,2913,0,0,40,40,00,00,1
2921,604,B,00,4F,DATA,4F,00,2914,0,0,40,40,00,00,1
2922,604,A,B0,00,DATA,B0,00,2915,0,0,40,40,00,00,1
2923,604,B,00,AA,DATA,AA,00,2916,0,0,40,40,00,00,1
2924,604,A,55,00,DATA,55,00,2917,0,0,40,40,00,00,1
2925,604,B,00,01,DATA,01,00,2918,0,0,40,40,00,00,1
2926,604,A,FE,00,DATA,FE,00,2919,0,0,40,40,00,00,1
2927,604,B,00,2A,DATA,2A,00,2920,0,0,40,40,00,00,1
2928,604,A,55,00,DATA,55,00,2921,0,0,40,40,00,00,1
2929,604,B,00,ED,DATA,ED,00,2922,0,0,40,40,00,00,1
2930,604,A,12,00,DATA,12,00,2923,0,0,40,40,00,00,1
2931,604,B,00,EA,DATA,EA,00,2924,0,0,40,40,00,00,1
2932,604,A,15,00,DATA,15,00,2925,0,0,40,40,00,00,1
2933,604,B,00,FF,DATA,FF,00,2926,0,0,40,40,00,00,1
2934,604,A,00,00,DATA,00,00,2927,0,0,40,40,00,00,1
2935,604,B,00,55,DATA,55,00,2928,0,0,40,40,00,00,1
2936,604,A,03,00,DATA,03,00,2929,0,0,40,40,00,00,1
2937,604,B,00,B2,DATA,B2,00,2930,0,0,40,40,00,00,1
2938,604,A,0F,00,DATA,0F,00,2931,0,0,40,40,00,00,1
2939,604,B,00,A0,DATA,A0,00,2932,0,0,40,40,00,00,1
2940,604,A,5F,00,DATA,5F,00,2933,0,0,40,40,00,00,1
2941,604,B,00,00,DATA,00,00,2934,0,0,40,40,00,00,1
2942,604,A,FF,00,DATA,FF,00,2935,0,0,40,40,00,00,1
2943,604,B,00,A8,DATA,A8,00,2936,0,0,40,40,00,00,1
2944,604,A,57,00,DATA,57,00,2937,0,0,40,40,00,00,1
2945,604,B,00,40,DATA,40,00,2938,0,0,40,40,00,00,1
2946,604,A,BF,00,DATA,BF,00,2939,0,0,40,40,00,00,1
2947,604,B,00,AA,DATA,AA,00,2940,0,0,40,40,00,00,1
2948,604,A,55,00,DATA,55,00,2941,0,0,40,40,00,00,1
2949,604,B,00,C0,DATA,C0,00,2942,0,0,40,40,00,00,1
2950,604,A,3F,00,DATA,3F,00,2943,0,0,40,40,00,00,1
2951,604,B,00,00,DATA,00,00,2944,0,0,40,40,00,00,1
2952,604,A,FF,00,DATA,FF,00,2945,0,0,40,40,00,00,1
2953,604,B,00,00,DATA,00,00,2946,0,0,40,40,00,00,1
2954,604,A,FF,00,DATA,FF,00,2947,0,0,40,40,00,00,1
2955,604,B,00,C2,DATA,C2,00,2948,0,0,40,40,00,00,1
2956,604,A,7D,00,DATA,7D,00,2949,0,0,40,40,00,00,1
2957,604,B,00,00,DATA,00,00,2950,0,0,40,40,00,00,1
2958,604,A,FF,00,DATA,FF,00,2951,0,0,40,40,00,00,1
2959,604,B,00,28,DATA,28,00,2952,0,0,40,40,00,00,1
2960,604,A,D7,00,DATA,D7,00,2953,0,0,40,40,00,00,1
2961,620,B,00,00,DATA,00,00,2954,0,0,40,40,00,00,1
2962,620,A,FF,00,DATA,FF,00,2955,0,0,40,40,00,00,1
2963,620,B,00,A2,DATA,A2,00,2956,0,0,40,40,00,00,1
2964,620,A,5D,00,DATA,5D,00,2957,0,0,40,40,00,00,1
2965,620,B,00,00,DATA,00,00,2958,0,0,40,40,00,00,1
2966,620,A,FF,00,DATA,FF,00,2959,0,0,40,40,00,00,1
2967,620,B,00,8C,DATA,8C,00,2960,0,0,40,40,00,00,1
2968,620,A,70,00,DATA,70,00,2961,0,0,40,40,00,00,1
2969,620,B,00,08,DATA,08,00,2962,0,0,40,40,00,00,1
2970,620,A,F0,00,DATA,F0,00,2963,0,0,40,40,00,00,1
2971,620,B,00,A0,DATA,A0,00,2964,0,0,40,40,00,00,1
2972,620,A,50,00,DATA,50,00,2965,0,0,40,40,00,00,1
2973,620,B,00,08,DATA,08,00,2966,0,0,40,40,00,00,1
2974,620,A,F0,00,DATA,F0,00,2967,0,0,40,40,00,00,1
2975,620,B,00,AD,DATA,AD,00,2968,0,0,40,40,00,00,1
2976,620,A,50,00,DATA,50,00,2969,0,0,40,40,00,00,1
2977,620,B,00,4D,DATA,4D,00,2970,0,0,40,40,00,00,1
2978,620,A,B2,00,DATA,B2,00,2971,0,0,40,40,00,00,1
2979,620,B,00,AA,DATA,AA,00,2972,0,0,40,40,00,00,1
2980,620,A,55,00,DATA,55,00,2973,0,0,40,40,00,00,1
2981,620,B,00,07,DATA,07,00,2974,0,0,40,40,00,00,1
2982,620,A,F8,00,DATA,F8,00,2975,0,0,40,40,00,00,1
2983,620,B,00,10,DATA,10,00,2976,0,0,40,40,00,00,1
2984,620,A,00,00,DATA,00,00,2977,0,0,40,40,00,00,1
2985,620,B,00,00,DATA,00,00,2978,0,0,40,40,00,00,1
2986,620,A,00,00,DATA,00,00,2979,0,0,40,40,00,00,1
2987,620,B,00,00,DATA,00,00,2980,0,0,40,40,00,00,1
2988,620,A,00,00,DATA,00,00,2981,0,0,40,40,00,00,1
2989,620,B,00,00,DATA,00,00,2982,0,0,40,40,00,00,1
2990,620,A,00,00,DATA,00,00,2983,0,0,40,40,00,00,1
2991,620,B,00,00,DATA,00,00,2984,0,0,40,40,00,00,1
2992,620,A,00,00,DATA,00,00,2985,0,0,40,40,00,00,1
2993,620,B,00,C0,DATA,C0,00,2986,0,0,40,40,00,00,1
2994,620,A,00,00,DATA,00,00,2987,0,0,40,40,00,00,1
2995,620,B,00,D0,DATA,D0,00,2988,0,0,40,40,00,00,1
2996,620,A,00,00,DATA,00,00,2989,0,0,40,40,00,00,1
2997,620,B,00,C0,DATA,C0,00,2990,0,0,40,40,00,00,1
2998,620,A,00,00,DATA,00,00,2991,0,0,40,40,00,00,1
2999,620,B,00,11,DATA,11,00,2992,0,0,40,40,00,00,1
3000,620,A,00,00,DATA,00,00,2993,0,0,40,40,00,00,1
3001,620,B,00,02,DATA,02,00,2994,0,0,40,40,00,00,1
3002,620,A,00,00,DATA,00,00,2995,0,0,40,40,00,00,1
3003,620,B,00,55,DATA,55,00,2996,0,0,40,40,00,00,1
3004,620,A,00,00,DATA,00,00,2997,0,0,40,40,00,00,1
3005,620,B,00,00,DATA,00,00,2998,0,0,40,40,00,00,1
3006,620,A,00,00,DATA,00,00,2999,0,0,40,40,00,00,1
3007,620,B,00,15,DATA,15,00,3000,0,0,40,40,00,00,1
3008,620,A,00,00,DATA,00,00,3001,0,0,40,40,00,00,1
3009,620,B,00,00,DATA,00,00,3002,0,0,40,40,00,00,1
3010,620,A,00,00,DATA,00,00,3003,0,0,40,40,00,00,1
3011,620,B,00,15,DATA,15,00,3004,0,0,40,40,00,00,1
3012,620,A,00,00,DATA,00,00,3005,0,0,40,40,00,00,1
3013,620,B,00,00,DATA,00,00,3006,0,0,40,40,00,00,1
3014,620,A,00,00,DATA,00,00,3007,0,0,40,40,00,00,1
3015,620,B,00,00,DATA,00,00,3008,0,0,40,40,00,00,1
3016,620,A,00,00,DATA,00,00,3009,0,0,40,40,00,00,1
3017,620,B,00,00,DATA,00,00,3010,0,0,40,40,00,00,1
3018,620,A,00,00,DATA,00,00,3011,0,0,40,40,00,00,1
3019,620,B,00,40,DATA,40,00,3012,0,0,40,40,00,00,1
3020,620,A,00,00,DATA,00,00,3013,0,0,40,40,00,00,1
3021,620,B,00,00,DATA,00,00,3014,0,0,40,40,00,00,1
3022,620,A,00,00,DATA,00,00,3015,0,0,40,40,00,00,1
3023,620,B,00,01,DATA,01,00,3016,0,0,40,40,00,00,1
3024,620,A,00,00,DATA,00,00,3017,0,0,40,40,00,00,1
3025,620,B,00,00,DATA,00,00,3018,0,0,40,40,00,00,1
3026,620,A,00,00,DATA,00,00,3019,0,0,40,40,00,00,1
3027,620,B,00,00,DATA,00,00,3020,0,0,40,40,00,00,1
3028,620,A,00,00,DATA,00,00,3021,0,0,40,40,00,00,1
3029,620,B,00,00,DATA,00,00,3022,0,0,40,40,00,00,1
3030,620,A,00,00,DATA,00,00,3023,0,0,40,40,00,00,1
3031,620,B,00,11,DATA,11,00,3024,0,0,40,40,00,00,1
3032,620,A,00,00,DATA,00,00,3025,0,0,40,40,00,00,1
3033,620,B,00,00,DATA,00,00,3026,0,0,40,40,00,00,1
3034,620,A,00,00,DATA,00,00,3027,0,0,40,40,00,00,1
3035,620,B,00,54,DATA,54,00,3028,0,0,40,40,00,00,1
3036,620,A,00,00,DATA,00,00,3029,0,0,40,40,00,00,1
3037,620,B,00,08,DATA,08,00,3030,0,0,40,40,00,00,1
3038,620,A,00,00,DATA,00,00,3031,0,0,40,40,00,00,1
3039,620,B,00,55,DATA,55,00,3032,0,0,40,40,00,00,1
3040,620,A,00,00,DATA,00,00,3033,0,0,40,40,00,00,1
3041,620,B,00,22,DATA,22,00,3034,0,0,40,40,00,00,1
3042,620,A,00,00,DATA,00,00,3035,0,0,40,40,00,00,1
3043,620,B,00,55,DATA,55,00,3036,0,0,40,40,00,00,1
3044,620,A,00,00,DATA,00,00,3037,0,0,40,40,00,00,1
3045,620,B,00,AA,DATA,AA,00,3038,0,0,40,40,00,00,1
3046,620,A,00,00,DATA,00,00,3039,0,0,40,40,00,00,1
3047,620,B,00,15,DATA,15,00,3040,0,0,40,40,00,00,1
3048,620,A,00,00,DATA,00,00,3041,0,0,40,40,00,00,1
3049,620,B,00,03,DATA,03,00,3042,0,0,40,40,00,00,1
3050,620,A,00,00,DATA,00,00,3043,0,0,40,40,00,00,1
3051,620,B,00,15,DATA,15,00,3044,0,0,40,40,00,00,1
3052,620,A,00,00,DATA,00,00,3045,0,0,40,40,00,00,1
3053,620,B,00,00,DATA,00,00,3046,0,0,40,40,00,00,1
3054,620,A,00,00,DATA,00,00,3047,0,0,40,40,00,00,1
3055,620,B,00,15,DATA,15,00,3048,0,0,40,40,00,00,1
3056,620,A,00,00,DATA,00,00,3049,0,0,40,40,00,00,1
3057,620,B,00,02,DATA,02,00,3050,0,0,40,40,00,00,1
3058,620,A,00,00,DATA,00,00,3051,0,0,40,40,00,00,1
3059,620,B,00,55,DATA,55,00,3052,0,0,40,40,00,00,1
3060,620,A,00,00,DATA,00,00,3053,0,0,40,40,00,00,1
3061,620,B,00,02,DATA,02,00,3054,0,0,40,40,00,00,1
3062,620,A,00,00,DATA,00,00,3055,0,0,40,40,00,00,1
3063,620,B,00,6A,DATA,6A,00,3056,0,0,40,40,00,00,1
3064,620,A,15,00,DATA,15,00,3057,0,0,40,40,00,00,1
3065,620,B,00,F4,DATA,F4,00,3058,0,0,40,40,00,00,1
3066,620,A,0B,00,DATA,0B,00,3059,0,0,40,40,00,00,1
3067,620,B,00,6A,DATA,6A,00,3060,0,0,40,40,00,00,1
3068,620,A,15,00,DATA,15,00,3061,0,0,40,40,00,00,1
3069,620,B,00,FD,DATA,FD,00,3062,0,0,40,40,00,00,1
3070,620,A,02,00,DATA,02,00,3063,0,0,40,40,00,00,1
3071,620,B,00,6A,DATA,6A,00,3064,0,0,40,40,00,00,1
3072,620,A,15,00,DATA,15,00,3065,0,0,40,40,00,00,1
3073,620,B,00,BD,DATA,BD,00,3066,0,0,40,40,00,00,1
3074,620,A,02,00,DATA,02,00,3067,0,0,40,40,00,00,1
3075,620,B,00,5A,DATA,5A,00,3068,0,0,40,40,00,00,1
3076,620,A,05,00,DATA,05,00,3069,0,0,40,40,00,00,1
3077,620,B,00,BF,DATA,BF,00,3070,0,0,40,40,00,00,1
3078,620,A,00,00,DATA,00,00,3071,0,0,40,40,00,00,1
3079,620,B,00,98,DATA,98,00,3072,0,0,40,40,00,00,1
3080,620,A,77,00,DATA,77,00,3073,0,0,40,40,00,00,1
3081,620,B,00,00,DATA,00,00,3074,0,0,40,40,00,00,1
3082,620,A,FF,00,DATA,FF,00,3075,0,0,40,40,00,00,1
3083,620,B,00,AA,DATA,AA,00,3076,0,0,40,40,00,00,1
3084,620,A,55,00,DATA,55,00,3077,0,0,40,40,00,00,1
3085,620,B,00,00,DATA,00,00,3078,0,0,40,40,00,00,1
3086,620,A,FF,00,DATA,FF,00,3079,0,0,40,40,00,00,1
3087,620,B,00,10,DATA,10,00,3080,0,0,40,40,00,00,1
3088,620,A,FF,00,DATA,FF,00,3081,0,0,40,40,00,00,1
3089,620,B,00,00,DATA,00,00,3082,0,0,40,40,00,00,1
3090,620,A,FF,00,DATA,FF,00,3083,0,0,40,40,00,00,1
3091,620,B,00,5A,DATA,5A,00,3084,0,0,40,40,00,00,1
3092,620,A,F5,00,DATA,F5,00,3085,0,0,40,40,00,00,1
3093,620,B,00,00,DATA,00,00,3086,0,0,40,40,00,00,1
3094,620,A,FF,00,DATA,FF,00,3087,0,0,40,40,00,00,1
3095,620,B,00,10,DATA,10,00,3088,0,0,40,40,00,00,1
3096,620,A,FF,00,DATA,FF,00,3089,0,0,40,40,00,00,1
3097,620,B,00,04,DATA,04,00,3090,0,0,40,40,00,00,1
3098,620,A,FB,00,DATA,FB,00,3091,0,0,40,40,00,00,1
3099,620,B,00,AA,DATA,AA,00,3092,0,0,40,40,00,00,1
3100,620,A,55,00,DATA,55,00,3093,0,0,40,40,00,00,1
3101,620,B,00,00,DATA,00,00,3094,0,0,40,40,00,00,1
3102,620,A,FF,00,DATA,FF,00,3095,0,0,40,40,00,00,1
3103,620,B,00,AA,DATA,AA,00,3096,0,0,40,40,00,00,1
3104,620,A,55,00,DATA,55,00,3097,0,0,40,40,00,00,1
3105,620,B,00,04,DATA,04,00,3098,0,0,40,40,00,00,1
3106,620,A,FB,00,DATA,FB,00,3099,0,0,40,40,00,00,1
3107,620,B,00,2A,DATA,2A,00,3100,0,0,40,40,00,00,1
3108,620,A,D5,00,DATA,D5,00,3101,0,0,40,40,00,00,1
3109,620,B,00,00,DATA,00,00,3102,0,0,40,40,00,00,1
3110,620,A,FF,00,DATA,FF,00,3103,0,0,40,40,00,00,1
3111,620,B,00,AA,DATA,AA,00,3104,0,0,40,40,00,00,1
3112,620,A,55,00,DATA,55,00,3105,0,0,40,40,00,00,1
3113,620,B,00,4F,DATA,4F,00,3106,0,0,40,40,00,00,1
3114,620,A,B0,00,DATA,B0,00,3107,0,0,40,40,00,00,1
3115,620,B,00,AA,DATA,AA,00,3108,0,0,40,40,00,00,1
3116,620,A,55,00,DATA,55,00,3109,0,0,40,40,00,00,1
3117,620,B,00,0F,DATA,0F,00,3110,0,0,40,40,00,00,1
3118,620,A,F0,00,DATA,F0,00,3111,0,0,40,40,00,00,1
3119,620,B,00,AA,DATA,AA,00,3112,0,0,40,40,00,00,1
3120,620,A,55,00,DATA,55,00,3113,0,0,40,40,00,00,1
3121,620,B,00,45,DATA,45,00,3114,0,0,40,40,00,00,1
3122,620,A,BA,00,DATA,BA,00,3115,0,0,40,40,00,00,1
3123,620,B,00,AA,DATA,AA,00,3116,0,0,40,40,00,00,1
3124,620,A,55,00,DATA,55,00,3117,0,0,40,40,00,00,1
3125,620,B,00,07,DATA,07,00,3118,0,0,40,40,00,00,1
3126,620,A,F8,00,DATA,F8,00,3119,0,0,40,40,00,00,1
3127,620,B,00,AE,DATA,AE,00,3120,0,0,40,40,00,00,1
3128,620,A,51,00,DATA,51,00,3121,0,0,40,40,00,00,1
3129,620,B,00,FF,DATA,FF,00,3122,0,0,40,40,00,00,1
3130,620,A,00,00,DATA,00,00,3123,0,0,40,40,00,00,1
3131,620,B,00,AB,DATA,AB,00,3124,0,0,40,40,00,00,1
3132,620,A,54,00,DATA,54,00,3125,0,0,40,40,00,00,1
3133,620,B,00,FF,DATA,FF,00,3126,0,0,40,40,00,00,1
3134,620,A,00,00,DATA,00,00,3127,0,0,40,40,00,00,1
3135,620,B,00,AF,DATA,AF,00,3128,0,0,40,40,00,00,1
3136,620,A,50,00,DATA,50,00,3129,0,0,40,40,00,00,1
3137,620,B,00,DF,DATA,DF,00,3130,0,0,40,40,00,00,1
3138,620,A,20,00,DATA,20,00,3131,0,0,40,40,00,00,1
3139,620,B,00,BB,DATA,BB,00,3132,0,0,40,40,00,00,1
3140,620,A,44,00,DATA,44,00,3133,0,0,40,40,00,00,1
3141,620,B,00,FF,DATA,FF,00,3134,0,0,40,40,00,00,1
3142,620,A,00,00,DATA,00,00,3135,0,0,40,40,00,00,1
3143,620,B,00,7F,DATA,7F,00,3136,0,0,40,40,00,00,1
3144,620,A,00,00,DATA,00,00,3137,0,0,40,40,00,00,1
3145,620,B,00,FF,DATA,FF,00,3138,0,0,40,40,00,00,1
3146,620,A,00,00,DATA,00,00,3139,0,0,40,40,00,00,1
3147,620,B,00,DF,DATA,DF,00,3140,0,0,40,40,00,00,1
3148,620,A,00,00,DATA,00,00,3141,0,0,40,40,00,00,1
3149,636,B,00,FF,DATA,FF,00,3142,0,0,40,40,00,00,1
3150,636,A,00,00,DATA,00,00,3143,0,0,40,40,00,00,1
3151,636,B,00,77,DATA,77,00,3144,0,0,40,40,00,00,1
3152,636,A,00,00,DATA,00,00,3145,0,0,40,40,00,00,1
3153,636,B,00,FF,DATA,FF,00,3146,0,0,40,40,00,00,1
3154,636,A,00,00,DATA,00,00,3147,0,0,40,40,00,00,1
3155,636,B,00,D5,DATA,D5,00,3148,0,0,40,40,00,00,1
3156,636,A,00,00,DATA,00,00,3149,0,0,40,40,00,00,1
3157,636,B,00,FF,DATA,FF,00,3150,0,0,40,40,00,00,1
3158,636,A,00,00,DATA,00,00,3151,0,0,40,40,00,00,1
3159,636,B,00,B5,DATA,B5,00,3152,0,0,40,40,00,00,1
3160,636,A,40,00,DATA,40,00,3153,0,0,40,40,00,00,1
3161,636,B,00,73,DATA,73,00,3154,0,0,40,40,00,00,1
3162,636,A,80,00,DATA,80,00,3155,0,0,40,40,00,00,1
3163,636,B,00,B1,DATA,B1,00,3156,0,0,40,40,00,00,1
3164,636,A,40,00,DATA,40,00,3157,0,0,40,40,00,00,1
3165,636,B,00,41,DATA,41,00,3158,0,0,40,40,00,00,1
3166,636,A,A0,00,DATA,A0,00,3159,0,0,40,40,00,00,1
3167,636,B,00,F1,DATA,F1,00,3160,0,0,40,40,00,00,1
3168,636,A,00,00,DATA,00,00,3161,0,0,40,40,00,00,1
3169,636,B,00,C1,DATA,C1,00,3162,0,0,40,40,00,00,1
3170,636,A,20,00,DATA,20,00,3163,0,0,40,40,00,00,1
3171,636,B,00,F1,DATA,F1,00,3164,0,0,40,40,00,00,1
3172,636,A,00,00,DATA,00,00,3165,0,0,40,40,00,00,1
3173,636,B,00,F1,DATA,F1,00,3166,0,0,40,40,00,00,1
3174,636,A,00,00,DATA,00,00,3167,0,0,40,40,00,00,1
3175,636,B,00,77,DATA,77,00,3168,0,0,40,40,00,00,1
3176,636,A,00,00,DATA,00,00,3169,0,0,40,40,00,00,1
3177,636,B,00,FF,DATA,FF,00,3170,0,0,40,40,00,00,1
3178,636,A,00,00,DATA,00,00,3171,0,0,40,40,00,00,1
3179,636,B,00,55,DATA,55,00,3172,0,0,40,40,00,00,1
3180,636,A,00,00,DATA,00,00,3173,0,0,40,40,00,00,1
3181,636,B,00,EF,DATA,EF,00,3174,0,0,40,40,00,00,1
3182,636,A,10,00,DATA,10,00,3175,0,0,40,40,00,00,1
3183,636,B,00,AD,DATA,AD,00,3176,0,0,40,40,00,00,1
3184,636,A,50,00,DATA,50,00,3177,0,0,40,40,00,00,1
3185,636,B,00,45,DATA,45,00,3178,0,0,40,40,00,00,1
3186,636,A,BA,00,DATA,BA,00,3179,0,0,40,40,00,00,1
3187,636,B,00,B4,DATA,B4,00,3180,0,0,40,40,00,00,1
3188,636,A,5F,00,DATA,5F,00,3181,0,0,40,40,00,00,1
3189,636,B,00,00,DATA,00,00,3182,0,0,40,40,00,00,1
3190,636,A,FF,00,DATA,FF,00,3183,0,0,40,40,00,00,1
3191,636,B,00,2A,DATA,2A,00,3184,0,0,40,40,00,00,1
3192,636,A,55,00,DATA,55,00,3185,0,0,40,40,00,00,1
3193,636,B,00,FC,DATA,FC,00,3186,0,0,40,40,00,00,1
3194,636,A,03,00,DATA,03,00,3187,0,0,40,40,00,00,1
3195,636,B,00,EA,DATA,EA,00,3188,0,0,40,40,00,00,1
3196,636,A,15,00,DATA,15,00,3189,0,0,40,40,00,00,1
3197,636,B,00,FF,DATA,FF,00,3190,0,0,40,40,00,00,1
3198,636,A,00,00,DATA,00,00,3191,0,0,40,40,00,00,1
3199,636,B,00,56,DATA,56,00,3192,0,0,40,40,00,00,1
3200,636,A,01,00,DATA,01,00,3193,0,0,40,40,00,00,1
3201,636,B,00,BF,DATA,BF,00,3194,0,0,40,40,00,00,1
3202,636,A,00,00,DATA,00,00,3195,0,0,40,40,00,00,1
3203,636,B,00,97,DATA,97,00,3196,0,0,40,40,00,00,1
3204,636,A,40,00,DATA,40,00,3197,0,0,40,40,00,00,1
3205,636,B,00,2F,DATA,2F,00,3198,0,0,40,40,00,00,1
3206,636,A,C0,00,DATA,C0,00,3199,0,0,40,40,00,00,1
3207,636,B,00,AA,DATA,AA,00,3200,0,0,40,40,00,00,1
3208,636,A,55,00,DATA,55,00,3201,0,0,40,40,00,00,1
3209,636,B,00,04,DATA,04,00,3202,0,0,40,40,00,00,1
3210,636,A,FB,00,DATA,FB,00,3203,0,0,40,40,00,00,1
3211,636,B,00,A2,DATA,A2,00,3204,0,0,40,40,00,00,1
3212,636,A,5D,00,DATA,5D,00,3205,0,0,40,40,00,00,1
3213,636,B,00,00,DATA,00,00,3206,0,0,40,40,00,00,1
3214,636,A,FF,00,DATA,FF,00,3207,0,0,40,40,00,00,1
3215,636,B,00,AA,DATA,AA,00,3208,0,0,40,40,00,00,1
3216,636,A,55,00,DATA,55,00,3209,0,0,40,40,00,00,1
3217,636,B,00,85,DATA,85,00,3210,0,0,40,40,00,00,1
3218,636,A,7A,00,DATA,7A,00,3211,0,0,40,40,00,00,1
3219,636,B,00,AA,DATA,AA,00,3212,0,0,40,40,00,00,1
3220,636,A,55,00,DATA,55,00,3213,0,0,40,40,00,00,1
3221,636,B,00,F1,DATA,F1,00,3214,0,0,40,40,00,00,1
3222,636,A,0E,00,DATA,0E,00,3215,0,0,40,40,00,00,1
3223,636,B,00,AA,DATA,AA,00,3216,0,0,40,40,00,00,1
3224,636,A,55,00,DATA,55,00,3217,0,0,40,40,00,00,1
3225,636,B,00,45,DATA,45,00,3218,0,0,40,40,00,00,1
3226,636,A,BA,00,DATA,BA,00,3219,0,0,40,40,00,00,1
3227,636,B,00,AA,DATA,AA,00,3220,0,0,40,40,00,00,1
3228,636,A,55,00,DATA,55,00,3221,0,0,40,40,00,00,1
3229,636,B,00,15,DATA,15,00,3222,0,0,40,40,00,00,1
3230,636,A,EA,00,DATA,EA,00,3223,0,0,40,40,00,00,1
3231,636,B,00,AA,DATA,AA,00,3224,0,0,40,40,00,00,1
3232,636,A,55,00,DATA,55,00,3225,0,0,40,40,00,00,1
3233,636,B,00,5D,DATA,5D,00,3226,0,0,40,40,00,00,1
3234,636,A,A2,00,DATA,A2,00,3227,0,0,40,40,00,00,1
3235,636,B,00,AA,DATA,AA,00,3228,0,0,40,40,00,00,1
3236,636,A,55,00,DATA,55,00,3229,0,0,40,40,00,00,1
3237,636,B,00,11,DATA,11,00,3230,0,0,40,40,00,00,1
3238,636,A,EE,00,DATA,EE,00,3231,0,0,40,40,00,00,1
3239,636,B,00,C0,DATA,C0,00,3232,0,0,40,40,00,00,1
3240,636,A,00,00,DATA,00,00,3233,0,0,40,40,00,00,1
3241,636,B,00,80,DATA,80,00,3234,0,0,40,40,00,00,1
3242,636,A,00,00,DATA,00,00,3235,0,0,40,40,00,00,1
3243,636,B,00,C0,DATA,C0,00,3236,0,0,40,40,00,00,1
3244,636,A,00,00,DATA,00,00,3237,0,0,40,40,00,00,1
3245,636,B,00,C0,DATA,C0,00,3238,0,0,40,40,00,00,1
3246,636,A,00,00,DATA,00,00,3239,0,0,40,40,00,00,1
3247,636,B,00,C0,DATA,C0,00,3240,0,0,40,40,00,00,1
3248,636,A,00,00,DATA,00,00,3241,0,0,40,40,00,00,1
3249,636,B,00,C0,DATA,C0,00,3242,0,0,40,40,00,00,1
3250,636,A,00,00,DATA,00,00,3243,0,0,40,40,00,00,1
3251,636,B,00,C0,DATA,C0,00,3244,0,0,40,40,00,00,1
3252,636,A,00,00,DATA,00,00,3245,0,0,40,40,00,00,1
3253,636,B,00,C0,DATA,C0,00,3246,0,0,40,40,00,00,1
3254,636,A,00,00,DATA,00,00,3247,0,0,40,40,00,00,1
3255,636,B,00,15,DATA,15,00,3248,0,0,40,40,00,00,1
3256,636,A,00,00,DATA,00,00,3249,0,0,40,40,00,00,1
3257,636,B,00,00,DATA,00,00,3250,0,0,40,40,00,00,1
3258,636,A,00,00,DATA,00,00,3251,0,0,40,40,00,00,1
3259,636,B,00,05,DATA,05,00,3252,0,0,40,40,00,00,1
3260,636,A,00,00,DATA,00,00,3253,0,0,40,40,00,00,1
3261,636,B,00,00,DATA,00,00,3254,0,0,40,40,00,00,1
3262,636,A,00,00,DATA,00,00,3255,0,0,40,40,00,00,1
3263,636,B,00,01,DATA,01,00,3256,0,0,40,40,00,00,1
3264,636,A,00,00,DATA,00,00,3257,0,0,40,40,00,00,1
3265,636,B,00,00,DATA,00,00,3258,0,0,40,40,00,00,1
3266,636,A,00,00,DATA,00,00,3259,0,0,40,40,00,00,1
3267,636,B,00,01,DATA,01,00,3260,0,0,40,40,00,00,1
3268,636,A,00,00,DATA,00,00,3261,0,0,40,40,00,00,1
3269,636,B,00,00,DATA,00,00,3262,0,0,40,40,00,00,1
3270,636,A,00,00,DATA,00,00,3263,0,0,40,40,00,00,1
3271,636,B,00,01,DATA,01,00,3264,0,0,40,40,00,00,1
3272,636,A,00,00,DATA,00,00,3265,0,0,40,40,00,00,1
3273,636,B,00,00,DATA,00,00,3266,0,0,40,40,00,00,1
3274,636,A,00,00,DATA,00,00,3267,0,0,40,40,00,00,1
3275,636,B,00,01,DATA,01,00,3268,0,0,40,40,00,00,1
3276,636,A,00,00,DATA,00,00,3269,0,0,40,40,00,00,1
3277,636,B,00,00,DATA,00,00,3270,0,0,40,40,00,00,1
3278,636,A,00,00,DATA,00,00,3271,0,0,40,40,00,00,1
3279,636,B,00,01,DATA,01,00,3272,0,0,40,40,00,00,1
3280,636,A,00,00,DATA,00,00,3273,0,0,40,40,00,00,1
3281,636,B,00,02,DATA,02,00,3274,0,0,40,40,00,00,1
3282,636,A,00,00,DATA,00,00,3275,0,0,40,40,00,00,1
3283,636,B,00,41,DATA,41,00,3276,0,0,40,40,00,00,1
3284,636,A,00,00,DATA,00,00,3277,0,0,40,40,00,00,1
3285,636,B,00,00,DATA,00,00,3278,0,0,40,40,00,00,1
3286,636,A,00,00,DATA,00,00,3279,0,0,40,40,00,00,1
3287,636,B,00,55,DATA,55,00,3280,0,0,40,40,00,00,1
3288,636,A,00,00,DATA,00,00,3281,0,0,40,40,00,00,1
3289,636,B,00,2A,DATA,2A,00,3282,0,0,40,40,00,00,1
3290,636,A,00,00,DATA,00,00,3283,0,0,40,40,00,00,1
3291,636,B,00,55,DATA,55,00,3284,0,0,40,40,00,00,1
3292,636,A,00,00,DATA,00,00,3285,0,0,40,40,00,00,1
3293,636,B,00,AA,DATA,AA,00,3286,0,0,40,40,00,00,1
3294,636,A,00,00,DATA,00,00,3287,0,0,40,40,00,00,1
3295,636,B,00,55,DATA,55,00,3288,0,0,40,40,00,00,1
3296,636,A,00,00,DATA,00,00,3289,0,0,40,40,00,00,1
3297,636,B,00,3A,DATA,3A,00,3290,0,0,40,40,00,00,1
3298,636,A,00,00,DATA,00,00,3291,0,0,40,40,00,00,1
3299,636,B,00,55,DATA,55,00,3292,0,0,40,40,00,00,1
3300,636,A,00,00,DATA,00,00,3293,0,0,40,40,00,00,1
3301,636,B,00,AE,DATA,AE,00,3294,0,0,40,40,00,00,1
3302,636,A,00,00,DATA,00,00,3295,0,0,40,40,00,00,1
3303,636,B,00,15,DATA,15,00,3296,0,0,40,40,00,00,1
3304,636,A,00,00,DATA,00,00,3297,0,0,40,40,00,00,1
3305,636,B,00,02,DATA,02,00,3298,0,0,40,40,00,00,1
3306,636,A,00,00,DATA,00,00,3299,0,0,40,40,00,00,1
3307,636,B,00,45,DATA,45,00,3300,0,0,40,40,00,00,1
3308,636,A,00,00,DATA,00,00,3301,0,0,40,40,00,00,1
3309,636,B,00,82,DATA,82,00,3302,0,0,40,40,00,00,1
3310,636,A,00,00,DATA,00,00,3303,0,0,40,40,00,00,1
3311,636,B,00,55,DATA,55,00,3304,0,0,40,40,00,00,1
3312,636,A,00,00,DATA,00,00,3305,0,0,40,40,00,00,1
3313,636,B,00,22,DATA,22,00,3306,0,0,40,40,00,00,1
3314,636,A,00,00,DATA,00,00,3307,0,0,40,40,00,00,1
3315,636,B,00,55,DATA,55,00,3308,0,0,40,40,00,00,1
3316,636,A,00,00,DATA,00,00,3309,0,0,40,40,00,00,1
3317,636,B,00,A8,DATA,A8,00,3310,0,0,40,40,00,00,1
3318,636,A,00,00,DATA,00,00,3311,0,0,40,40,00,00,1
3319,636,B,00,5E,DATA,5E,00,3312,0,0,40,40,00,00,1
3320,636,A,01,00,DATA,01,00,3313,0,0,40,40,00,00,1
3321,636,B,00,BD,DATA,BD,00,3314,0,0,40,40,00,00,1
3322,636,A,02,00,DATA,02,00,3315,0,0,40,40,00,00,1
3323,636,B,00,5E,DATA,5E,00,3316,0,0,40,40,00,00,1
3324,636,A,01,00,DATA,01,00,3317,0,0,40,40,00,00,1
3325,636,B,00,AF,DATA,AF,00,3318,0,0,40,40,00,00,1
3326,636,A,00,00,DATA,00,00,3319,0,0,40,40,00,00,1
3327,636,B,00,57,DATA,57,00,3320,0,0,40,40,00,00,1
3328,636,A,00,00,DATA,00,00,3321,0,0,40,40,00,00,1
3329,636,B,00,BF,DATA,BF,00,3322,0,0,40,40,00,00,1
3330,636,A,00,00,DATA,00,00,3323,0,0,40,40,00,00,1
3331,636,B,00,57,DATA,57,00,3324,0,0,40,40,00,00,1
3332,636,A,00,00,DATA,00,00,3325,0,0,40,40,00,00,1
3333,636,B,00,AF,DATA,AF,00,3326,0,0,40,40,00,00,1
3334,636,A,00,00,DATA,00,00,3327,0,0,40,40,00,00,1
3335,636,B,00,98,DATA,98,00,3328,0,0,40,40,00,00,1
3336,636,A,77,00,DATA,77,00,3329,0,0,40,40,00,00,1
3337,652,B,00,00,DATA,00,00,3330,0,0,40,40,00,00,1
3338,652,A,FF,00,DATA,FF,00,3331,0,0,40,40,00,00,1
3339,652,B,00,54,DATA,54,00,3332,0,0,40,40,00,00,1
3340,652,A,FF,00,DATA,FF,00,3333,0,0,40,40,00,00,1
3341,652,B,00,00,DATA,00,00,3334,0,0,40,40,00,00,1
3342,652,A,FF,00,DATA,FF,00,3335,0,0,40,40,00,00,1
3343,652,B,00,08,DATA,08,00,3336,0,0,40,40,00,00,1
3344,652,A,F7,00,DATA,F7,00,3337,0,0,40,40,00,00,1
3345,652,B,00,00,DATA,00,00,3338,0,0,40,40,00,00,1
3346,652,A,FF,00,DATA,FF,00,3339,0,0,40,40,00,00,1
3347,652,B,00,96,DATA,96,00,3340,0,0,40,40,00,00,1
3348,652,A,7D,00,DATA,7D,00,3341,0,0,40,40,00,00,1
3349,652,B,00,00,DATA,00,00,3342,0,0,40,40,00,00,1
3350,652,A,FF,00,DATA,FF,00,3343,0,0,40,40,00,00,1
3351,652,B,00,AA,DATA,AA,00,3344,0,0,40,40,00,00,1
3352,652,A,55,00,DATA,55,00,3345,0,0,40,40,00,00,1
3353,652,B,00,00,DATA,00,00,3346,0,0,40,40,00,00,1
3354,652,A,FF,00,DATA,FF,00,3347,0,0,40,40,00,00,1
3355,652,B,00,AA,DATA,AA,00,3348,0,0,40,40,00,00,1
3356,652,A,55,00,DATA,55,00,3349,0,0,40,40,00,00,1
3357,652,B,00,10,DATA,10,00,3350,0,0,40,40,00,00,1
3358,652,A,EF,00,DATA,EF,00,3351,0,0,40,40,00,00,1
3359,652,B,00,AA,DATA,AA,00,3352,0,0,40,40,00,00,1
3360,652,A,55,00,DATA,55,00,3353,0,0,40,40,00,00,1
3361,652,B,00,0C,DATA,0C,00,3354,0,0,40,40,00,00,1
3362,652,A,F3,00,DATA,F3,00,3355,0,0,40,40,00,00,1
3363,652,B,00,AA,DATA,AA,00,3356,0,0,40,40,00,00,1
3364,652,A,55,00,DATA,55,00,3357,0,0,40,40,00,00,1
3365,652,B,00,00,DATA,00,00,3358,0,0,40,40,00,00,1
3366,652,A,FF,00,DATA,FF,00,3359,0,0,40,40,00,00,1
3367,652,B,00,AA,DATA,AA,00,3360,0,0,40,40,00,00,1
3368,652,A,55,00,DATA,55,00,3361,0,0,40,40,00,00,1
3369,652,B,00,4F,DATA,4F,00,3362,0,0,40,40,00,00,1
3370,652,A,B0,00,DATA,B0,00,3363,0,0,40,40,00,00,1
3371,652,B,00,AA,DATA,AA,00,3364,0,0,40,40,00,00,1
3372,652,A,55,00,DATA,55,00,3365,0,0,40,40,00,00,1
3373,652,B,00,1F,DATA,1F,00,3366,0,0,40,40,00,00,1
3374,652,A,E0,00,DATA,E0,00,3367,0,0,40,40,00,00,1
3375,652,B,00,AA,DATA,AA,00,3368,0,0,40,40,00,00,1
3376,652,A,55,00,DATA,55,00,3369,0,0,40,40,00,00,1
3377,652,B,00,1D,DATA,1D,00,3370,0,0,40,40,00,00,1
3378,652,A,E2,00,DATA,E2,00,3371,0,0,40,40,00,00,1
3379,652,B,00,AA,DATA,AA,00,3372,0,0,40,40,00,00,1
3380,652,A,55,00,DATA,55,00,3373,0,0,40,40,00,00,1
3381,652,B,00,17,DATA,17,00,3374,0,0,40,40,00,00,1
3382,652,A,E8,00,DATA,E8,00,3375,0,0,40,40,00,00,1
3383,652,B,00,AE,DATA,AE,00,3376,0,0,40,40,00,00,1
3384,652,A,51,00,DATA,51,00,3377,0,0,40,40,00,00,1
3385,652,B,00,FF,DATA,FF,00,3378,0,0,40,40,00,00,1
3386,652,A,00,00,DATA,00,00,3379,0,0,40,40,00,00,1
3387,652,B,00,BF,DATA,BF,00,3380,0,0,40,40,00,00,1
3388,652,A,40,00,DATA,40,00,3381,0,0,40,40,00,00,1
3389,652,B,00,FF,DATA,FF,00,3382,0,0,40,40,00,00,1
3390,652,A,00,00,DATA,00,00,3383,0,0,40,40,00,00,1
3391,652,B,00,E7,DATA,E7,00,3384,0,0,40,40,00,00,1
3392,652,A,10,00,DATA,10,00,3385,0,0,40,40,00,00,1
3393,652,B,00,FF,DATA,FF,00,3386,0,0,40,40,00,00,1
3394,652,A,00,00,DATA,00,00,3387,0,0,40,40,00,00,1
3395,652,B,00,AD,DATA,AD,00,3388,0,0,40,40,00,00,1
3396,652,A,50,00,DATA,50,00,3389,0,0,40,40,00,00,1
3397,652,B,00,FF,DATA,FF,00,3390,0,0,40,40,00,00,1
3398,652,A,00,00,DATA,00,00,3391,0,0,40,40,00,00,1
3399,652,B,00,74,DATA,74,00,3392,0,0,40,40,00,00,1
3400,652,A,01,00,DATA,01,00,3393,0,0,40,40,00,00,1
3401,652,B,00,FF,DATA,FF,00,3394,0,0,40,40,00,00,1
3402,652,A,00,00,DATA,00,00,3395,0,0,40,40,00,00,1
3403,652,B,00,D6,DATA,D6,00,3396,0,0,40,40,00,00,1
3404,652,A,01,00,DATA,01,00,3397,0,0,40,40,00,00,1
3405,652,B,00,FF,DATA,FF,00,3398,0,0,40,40,00,00,1
3406,652,A,00,00,DATA,00,00,3399,0,0,40,40,00,00,1
3407,652,B,00,77,DATA,77,00,3400,0,0,40,40,00,00,1
3408,652,A,00,00,DATA,00,00,3401,0,0,40,40,00,00,1
3409,652,B,00,F9,DATA,F9,00,3402,0,0,40,40,00,00,1
3410,652,A,02,00,DATA,02,00,3403,0,0,40,40,00,00,1
3411,652,B,00,D7,DATA,D7,00,3404,0,0,40,40,00,00,1
3412,652,A,00,00,DATA,00,00,3405,0,0,40,40,00,00,1
3413,652,B,00,FE,DATA,FE,00,3406,0,0,40,40,00,00,1
3414,652,A,00,00,DATA,00,00,3407,0,0,40,40,00,00,1
3415,652,B,00,11,DATA,11,00,3408,0,0,40,40,00,00,1
3416,652,A,40,00,DATA,40,00,3409,0,0,40,40,00,00,1
3417,652,B,00,C1,DATA,C1,00,3410,0,0,40,40,00,00,1
3418,652,A,00,00,DATA,00,00,3411,0,0,40,40,00,00,1
3419,652,B,00,01,DATA,01,00,3412,0,0,40,40,00,00,1
3420,652,A,40,00,DATA,40,00,3413,0,0,40,40,00,00,1
3421,652,B,00,C0,DATA,C0,00,3414,0,0,40,40,00,00,1
3422,652,A,00,00,DATA,00,00,3415,0,0,40,40,00,00,1
3423,652,B,00,41,DATA,41,00,3416,0,0,40,40,00,00,1
3424,652,A,00,00,DATA,00,00,3417,0,0,40,40,00,00,1
3425,652,B,00,80,DATA,80,00,3418,0,0,40,40,00,00,1
3426,652,A,00,00,DATA,00,00,3419,0,0,40,40,00,00,1
3427,652,B,00,81,DATA,81,00,3420,0,0,40,40,00,00,1
3428,652,A,00,00,DATA,00,00,3421,0,0,40,40,00,00,1
3429,652,B,00,80,DATA,80,00,3422,0,0,40,40,00,00,1
3430,652,A,00,00,DATA,00,00,3423,0,0,40,40,00,00,1
3431,652,B,00,B5,DATA,B5,00,3424,0,0,40,40,00,00,1
3432,652,A,5F,00,DATA,5F,00,3425,0,0,40,40,00,00,1
3433,652,B,00,0A,DATA,0A,00,3426,0,0,40,40,00,00,1
3434,652,A,FF,00,DATA,FF,00,3427,0,0,40,40,00,00,1
3435,652,B,00,A5,DATA,A5,00,3428,0,0,40,40,00,00,1
3436,652,A,5F,00,DATA,5F,00,3429,0,0,40,40,00,00,1
3437,652,B,00,00,DATA,00,00,3430,0,0,40,40,00,00,1
3438,652,A,FF,00,DATA,FF,00,3431,0,0,40,40,00,00,1
3439,652,B,00,95,DATA,95,00,3432,0,0,40,40,00,00,1
3440,652,A,7F,00,DATA,7F,00,3433,0,0,40,40,00,00,1
3441,652,B,00,42,DATA,42,00,3434,0,0,40,40,00,00,1
3442,652,A,BF,00,DATA,BF,00,3435,0,0,40,40,00,00,1
3443,652,B,00,94,DATA,94,00,3436,0,0,40,40,00,00,1
3444,652,A,7F,00,DATA,7F,00,3437,0,0,40,40,00,00,1
3445,652,B,00,00,DATA,00,00,3438,0,0,40,40,00,00,1
3446,652,A,FF,00,DATA,FF,00,3439,0,0,40,40,00,00,1
3447,652,B,00,B7,DATA,B7,00,3440,0,0,40,40,00,00,1
3448,652,A,40,00,DATA,40,00,3441,0,0,40,40,00,00,1
3449,652,B,00,0B,DATA,0B,00,3442,0,0,40,40,00,00,1
3450,652,A,F0,00,DATA,F0,00,3443,0,0,40,40,00,00,1
3451,652,B,00,3D,DATA,3D,00,3444,0,0,40,40,00,00,1
3452,652,A,D0,00,DATA,D0,00,3445,0,0,40,40,00,00,1
3453,652,B,00,01,DATA,01,00,3446,0,0,40,40,00,00,1
3454,652,A,FE,00,DATA,FE,00,3447,0,0,40,40,00,00,1
3455,652,B,00,10,DATA,10,00,3448,0,0,40,40,00,00,1
3456,652,A,FF,00,DATA,FF,00,3449,0,0,40,40,00,00,1
3457,652,B,00,00,DATA,00,00,3450,0,0,40,40,00,00,1
3458,652,A,FF,00,DATA,FF,00,3451,0,0,40,40,00,00,1
3459,652,B,00,45,DATA,45,00,3452,0,0,40,40,00,00,1
3460,652,A,FF,00,DATA,FF,00,3453,0,0,40,40,00,00,1
3461,652,B,00,00,DATA,00,00,3454,0,0,40,40,00,00,1
3462,652,A,FF,00,DATA,FF,00,3455,0,0,40,40,00,00,1
3463,652,B,00,EA,DATA,EA,00,3456,0,0,40,40,00,00,1
3464,652,A,15,00,DATA,15,00,3457,0,0,40,40,00,00,1
3465,652,B,00,FD,DATA,FD,00,3458,0,0,40,40,00,00,1
3466,652,A,02,00,DATA,02,00,3459,0,0,40,40,00,00,1
3467,652,B,00,7A,DATA,7A,00,3460,0,0,40,40,00,00,1
3468,652,A,05,00,DATA,05,00,3461,0,0,40,40,00,00,1
3469,652,B,00,FF,DATA,FF,00,3462,0,0,40,40,00,00,1
3470,652,A,00,00,DATA,00,00,3463,0,0,40,40,00,00,1
3471,652,B,00,FF,DATA,FF,00,3464,0,0,40,40,00,00,1
3472,652,A,00,00,DATA,00,00,3465,0,0,40,40,00,00,1
3473,652,B,00,7F,DATA,7F,00,3466,0,0,40,40,00,00,1
3474,652,A,80,00,DATA,80,00,3467,0,0,40,40,00,00,1
3475,652,B,00,4B,DATA,4B,00,3468,0,0,40,40,00,00,1
3476,652,A,F4,00,DATA,F4,00,3469,0,0,40,40,00,00,1
3477,652,B,00,03,DATA,03,00,3470,0,0,40,40,00,00,1
3478,652,A,FC,00,DATA,FC,00,3471,0,0,40,40,00,00,1
3479,652,B,00,AA,DATA,AA,00,3472,0,0,40,40,00,00,1
3480,652,A,55,00,DATA,55,00,3473,0,0,40,40,00,00,1
3481,652,B,00,DD,DATA,DD,00,3474,0,0,40,40,00,00,1
3482,652,A,22,00,DATA,22,00,3475,0,0,40,40,00,00,1
3483,652,B,00,AA,DATA,AA,00,3476,0,0,40,40,00,00,1
3484,652,A,55,00,DATA,55,00,3477,0,0,40,40,00,00,1
3485,652,B,00,FF,DATA,FF,00,3478,0,0,40,40,00,00,1
3486,652,A,00,00,DATA,00,00,3479,0,0,40,40,00,00,1
3487,652,B,00,AA,DATA,AA,00,3480,0,0,40,40,00,00,1
3488,652,A,55,00,DATA,55,00,3481,0,0,40,40,00,00,1
3489,652,B,00,FD,DATA,FD,00,3482,0,0,40,40,00,00,1
3490,652,A,02,00,DATA,02,00,3483,0,0,40,40,00,00,1
3491,652,B,00,EA,DATA,EA,00,3484,0,0,40,40,00,00,1
3492,652,A,15,00,DATA,15,00,3485,0,0,40,40,00,00,1
3493,652,B,00,FF,DATA,FF,00,3486,0,0,40,40,00,00,1
3494,652,A,00,00,DATA,00,00,3487,0,0,40,40,00,00,1
3495,652,B,00,C0,DATA,C0,00,3488,0,0,40,40,00,00,1
3496,652,A,00,00,DATA,00,00,3489,0,0,40,40,00,00,1
3497,652,B,00,C0,DATA,C0,00,3490,0,0,40,40,00,00,1
3498,652,A,00,00,DATA,00,00,3491,0,0,40,40,00,00,1
3499,652,B,00,80,DATA,80,00,3492,0,0,40,40,00,00,1
3500,652,A,40,00,DATA,40,00,3493,0,0,40,40,00,00,1
3501,652,B,00,C0,DATA,C0,00,3494,0,0,40,40,00,00,1
3502,652,A,00,00,DATA,00,00,3495,0,0,40,40,00,00,1
3503,652,B,00,E1,DATA,E1,00,3496,0,0,40,40,00,00,1
3504,652,A,00,00,DATA,00,00,3497,0,0,40,40,00,00,1
3505,652,B,00,E0,DATA,E0,00,3498,0,0,40,40,00,00,1
3506,652,A,00,00,DATA,00,00,3499,0,0,40,40,00,00,1
3507,652,B,00,B4,DATA,B4,00,3500,0,0,40,40,00,00,1
3508,652,A,40,00,DATA,40,00,3501,0,0,40,40,00,00,1
3509,652,B,00,E0,DATA,E0,00,3502,0,0,40,40,00,00,1
3510,652,A,00,00,DATA,00,00,3503,0,0,40,40,00,00,1
3511,652,B,00,10,DATA,10,00,3504,0,0,40,40,00,00,1
3512,652,A,00,00,DATA,00,00,3505,0,0,40,40,00,00,1
3513,652,B,00,00,DATA,00,00,3506,0,0,40,40,00,00,1
3514,652,A,00,00,DATA,00,00,3507,0,0,40,40,00,00,1
3515,652,B,00,15,DATA,15,00,3508,0,0,40,40,00,00,1
3516,652,A,00,00,DATA,00,00,3509,0,0,40,40,00,00,1
3517,652,B,00,00,DATA,00,00,3510,0,0,40,40,00,00,1
3518,652,A,00,00,DATA,00,00,3511,0,0,40,40,00,00,1
3519,652,B,00,15,DATA,15,00,3512,0,0,40,40,00,00,1
3520,652,A,00,00,DATA,00,00,3513,0,0,40,40,00,00,1
3521,652,B,00,00,DATA,00,00,3514,0,0,40,40,00,00,1
3522,652,A,00,00,DATA,00,00,3515,0,0,40,40,00,00,1
3523,652,B,00,05,DATA,05,00,3516,0,0,40,40,00,00,1
3524,652,A,00,00,DATA,00,00,3517,0,0,40,40,00,00,1
3525,668,B,00,00,DATA,00,00,3518,0,0,40,40,00,00,1
3526,668,A,00,00,DATA,00,00,3519,0,0,40,40,00,00,1
3527,668,B,00,01,DATA,01,00,3520,0,0,40,40,00,00,1
3528,668,A,00,00,DATA,00,00,3521,0,0,40,40,00,00,1
3529,668,B,00,00,DATA,00,00,3522,0,0,40,40,00,00,1
3530,668,A,00,00,DATA,00,00,3523,0,0,40,40,00,00,1
3531,668,B,00,51,DATA,51,00,3524,0,0,40,40,00,00,1
3532,668,A,00,00,DATA,00,00,3525,0,0,40,40,00,00,1
3533,668,B,00,00,DATA,00,00,3526,0,0,40,40,00,00,1
3534,668,A,00,00,DATA,00,00,3527,0,0,40,40,00,00,1
3535,668,B,00,51,DATA,51,00,3528,0,0,40,40,00,00,1
3536,668,A,00,00,DATA,00,00,3529,0,0,40,40,00,00,1
3537,668,B,00,00,DATA,00,00,3530,0,0,40,40,00,00,1
3538,668,A,00,00,DATA,00,00,3531,0,0,40,40,00,00,1
3539,668,B,00,51,DATA,51,00,3532,0,0,40,40,00,00,1
3540,668,A,00,00,DATA,00,00,3533,0,0,40,40,00,00,1
3541,668,B,00,00,DATA,00,00,3534,0,0,40,40,00,00,1
3542,668,A,00,00,DATA,00,00,3535,0,0,40,40,00,00,1
3543,668,B,00,55,DATA,55,00,3536,0,0,40,40,00,00,1
3544,668,A,00,00,DATA,00,00,3537,0,0,40,40,00,00,1
3545,668,B,00,AB,DATA,AB,00,3538,0,0,40,40,00,00,1
3546,668,A,00,00,DATA,00,00,3539,0,0,40,40,00,00,1
3547,668,B,00,55,DATA,55,00,3540,0,0,40,40,00,00,1
3548,668,A,00,00,DATA,00,00,3541,0,0,40,40,00,00,1
3549,668,B,00,AF,DATA,AF,00,3542,0,0,40,40,00,00,1
3550,668,A,00,00,DATA,00,00,3543,0,0,40,40,00,00,1
3551,668,B,00,55,DATA,55,00,3544,0,0,40,40,00,00,1
3552,668,A,00,00,DATA,00,00,3545,0,0,40,40,00,00,1
3553,668,B,00,AB,DATA,AB,00,3546,0,0,40,40,00,00,1
3554,668,A,00,00,DATA,00,00,3547,0,0,40,40,00,00,1
3555,668,B,00,55,DATA,55,00,3548,0,0,40,40,00,00,1
3556,668,A,00,00,DATA,00,00,3549,0,0,40,40,00,00,1
3557,668,B,00,AA,DATA,AA,00,3550,0,0,40,40,00,00,1
3558,668,A,00,00,DATA,00,00,3551,0,0,40,40,00,00,1
3559,668,B,00,55,DATA,55,00,3552,0,0,40,40,00,00,1
3560,668,A,00,00,DATA,00,00,3553,0,0,40,40,00,00,1
3561,668,B,00,A2,DATA,A2,00,3554,0,0,40,40,00,00,1
3562,668,A,00,00,DATA,00,00,3555,0,0,40,40,00,00,1
3563,668,B,00,55,DATA,55,00,3556,0,0,40,40,00,00,1
3564,668,A,00,00,DATA,00,00,3557,0,0,40,40,00,00,1
3565,668,B,00,88,DATA,88,00,3558,0,0,40,40,00,00,1
3566,668,A,00,00,DATA,00,00,3559,0,0,40,40,00,00,1
3567,668,B,00,55,DATA,55,00,3560,0,0,40,40,00,00,1
3568,668,A,00,00,DATA,00,00,3561,0,0,40,40,00,00,1
3569,668,B,00,AA,DATA,AA,00,3562,0,0,40,40,00,00,1
3570,668,A,00,00,DATA,00,00,3563,0,0,40,40,00,00,1
3571,668,B,00,55,DATA,55,00,3564,0,0,40,40,00,00,1
3572,668,A,00,00,DATA,00,00,3565,0,0,40,40,00,00,1
3573,668,B,00,EE,DATA,EE,00,3566,0,0,40,40,00,00,1
3574,668,A,00,00,DATA,00,00,3567,0,0,40,40,00,00,1
3575,668,B,00,57,DATA,57,00,3568,0,0,40,40,00,00,1
3576,668,A,00,00,DATA,00,00,3569,0,0,40,40,00,00,1
3577,668,B,00,BF,DATA,BF,00,3570,0,0,40,40,00,00,1
3578,668,A,00,00,DATA,00,00,3571,0,0,40,40,00,00,1
3579,668,B,00,57,DATA,57,00,3572,0,0,40,40,00,00,1
3580,668,A,00,00,DATA,00,00,3573,0,0,40,40,00,00,1
3581,668,B,00,BF,DATA,BF,00,3574,0,0,40,40,00,00,1
3582,668,A,00,00,DATA,00,00,3575,0,0,40,40,00,00,1
3583,668,B,00,57,DATA,57,00,3576,0,0,40,40,00,00,1
3584,668,A,00,00,DATA,00,00,3577,0,0,40,40,00,00,1
3585,668,B,00,BF,DATA,BF,00,3578,0,0,40,40,00,00,1
3586,668,A,00,00,DATA,00,00,3579,0,0,40,40,00,00,1
3587,668,B,00,55,DATA,55,00,3580,0,0,40,40,00,00,1
3588,668,A,00,00,DATA,00,00,3581,0,0,40,40,00,00,1
3589,668,B,00,AF,DATA,AF,00,3582,0,0,40,40,00,00,1
3590,668,A,00,00,DATA,00,00,3583,0,0,40,40,00,00,1
3591,668,B,00,FF,DATA,FF,00,3584,0,0,40,40,00,00,1
3592,668,A,FF,00,DATA,FF,00,3585,0,0,40,40,00,00,1
3593,668,B,00,D4,DATA,D4,00,3586,0,0,40,40,00,00,1
3594,668,A,FF,00,DATA,FF,00,3587,0,0,40,40,00,00,1
3595,668,B,00,80,DATA,80,00,3588,0,0,40,40,00,00,1
3596,668,A,FF,00,DATA,FF,00,3589,0,0,40,40,00,00,1
3597,668,B,00,80,DATA,80,00,3590,0,0,40,40,00,00,1
3598,668,A,FF,00,DATA,FF,00,3591,0,0,40,40,00,00,1
3599,668,B,00,C9,DATA,C9,00,3592,0,0,40,40,00,00,1
3600,668,A,B6,00,DATA,B6,00,3593,0,0,40,40,00,00,1
3601,668,B,00,A8,DATA,A8,00,3594,0,0,40,40,00,00,1
3602,668,A,97,00,DATA,97,00,3595,0,0,40,40,00,00,1
3603,668,B,00,8E,DATA,8E,00,3596,0,0,40,40,00,00,1
3604,668,A,81,00,DATA,81,00,3597,0,0,40,40,00,00,1
3605,668,B,00,86,DATA,86,00,3598,0,0,40,40,00,00,1
3606,668,A,81,00,DATA,81,00,3599,0,0,40,40,00,00,1
3607,668,B,00,FF,DATA,FF,00,3600,0,0,40,40,00,00,1
3608,668,A,FF,00,DATA,FF,00,3601,0,0,40,40,00,00,1
3609,668,B,00,55,DATA,55,00,3602,0,0,40,40,00,00,1
3610,668,A,FF,00,DATA,FF,00,3603,0,0,40,40,00,00,1
3611,668,B,00,05,DATA,05,00,3604,0,0,40,40,00,00,1
3612,668,A,FF,00,DATA,FF,00,3605,0,0,40,40,00,00,1
3613,668,B,00,57,DATA,57,00,3606,0,0,40,40,00,00,1
3614,668,A,FF,00,DATA,FF,00,3607,0,0,40,40,00,00,1
3615,668,B,00,8F,DATA,8F,00,3608,0,0,40,40,00,00,1
3616,668,A,7F,00,DATA,7F,00,3609,0,0,40,40,00,00,1
3617,668,B,00,85,DATA,85,00,3610,0,0,40,40,00,00,1
3618,668,A,7F,00,DATA,7F,00,3611,0,0,40,40,00,00,1
3619,668,B,00,00,DATA,00,00,3612,0,0,40,40,00,00,1
3620,668,A,FF,00,DATA,FF,00,3613,0,0,40,40,00,00,1
3621,668,B,00,A9,DATA,A9,00,3614,0,0,40,40,00,00,1
3622,668,A,57,00,DATA,57,00,3615,0,0,40,40,00,00,1
3623,668,B,00,FF,DATA,FF,00,3616,0,0,40,40,00,00,1
3624,668,A,FF,00,DATA,FF,00,3617,0,0,40,40,00,00,1
3625,668,B,00,FE,DATA,FE,00,3618,0,0,40,40,00,00,1
3626,668,A,FF,00,DATA,FF,00,3619,0,0,40,40,00,00,1
3627,668,B,00,FD,DATA,FD,00,3620,0,0,40,40,00,00,1
3628,668,A,FE,00,DATA,FE,00,3621,0,0,40,40,00,00,1
3629,668,B,00,FD,DATA,FD,00,3622,0,0,40,40,00,00,1
3630,668,A,FE,00,DATA,FE,00,3623,0,0,40,40,00,00,1
3631,668,B,00,F0,DATA,F0,00,3624,0,0,40,40,00,00,1
3632,668,A,FE,00,DATA,FE,00,3625,0,0,40,40,00,00,1
3633,668,B,00,F9,DATA,F9,00,3626,0,0,40,40,00,00,1
3634,668,A,FC,00,DATA,FC,00,3627,0,0,40,40,00,00,1
3635,668,B,00,00,DATA,00,00,3628,0,0,40,40,00,00,1
3636,668,A,F8,00,DATA,F8,00,3629,0,0,40,40,00,00,1
3637,668,B,00,55,DATA,55,00,3630,0,0,40,40,00,00,1
3638,668,A,F8,00,DATA,F8,00,3631,0,0,40,40,00,00,1
3639,668,B,00,FF,DATA,FF,00,3632,0,0,40,40,00,00,1
3640,668,A,FF,00,DATA,FF,00,3633,0,0,40,40,00,00,1
3641,668,B,00,6F,DATA,6F,00,3634,0,0,40,40,00,00,1
3642,668,A,11,00,DATA,11,00,3635,0,0,40,40,00,00,1
3643,668,B,00,3F,DATA,3F,00,3636,0,0,40,40,00,00,1
3644,668,A,01,00,DATA,01,00,3637,0,0,40,40,00,00,1
3645,668,B,00,77,DATA,77,00,3638,0,0,40,40,00,00,1
3646,668,A,01,00,DATA,01,00,3639,0,0,40,40,00,00,1
3647,668,B,00,03,DATA,03,00,3640,0,0,40,40,00,00,1
3648,668,A,01,00,DATA,01,00,3641,0,0,40,40,00,00,1
3649,668,B,00,57,DATA,57,00,3642,0,0,40,40,00,00,1
3650,668,A,01,00,DATA,01,00,3643,0,0,40,40,00,00,1
3651,668,B,00,07,DATA,07,00,3644,0,0,40,40,00,00,1
3652,668,A,01,00,DATA,01,00,3645,0,0,40,40,00,00,1
3653,668,B,00,57,DATA,57,00,3646,0,0,40,40,00,00,1
3654,668,A,01,00,DATA,01,00,3647,0,0,40,40,00,00,1
3655,668,B,00,81,DATA,81,00,3648,0,0,40,40,00,00,1
3656,668,A,80,00,DATA,80,00,3649,0,0,40,40,00,00,1
3657,668,B,00,81,DATA,81,00,3650,0,0,40,40,00,00,1
3658,668,A,80,00,DATA,80,00,3651,0,0,40,40,00,00,1
3659,668,B,00,80,DATA,80,00,3652,0,0,40,40,00,00,1
3660,668,A,80,00,DATA,80,00,3653,0,0,40,40,00,00,1
3661,668,B,00,FF,DATA,FF,00,3654,0,0,40,40,00,00,1
3662,668,A,80,00,DATA,80,00,3655,0,0,40,40,00,00,1
3663,668,B,00,FD,DATA,FD,00,3656,0,0,40,40,00,00,1
3664,668,A,82,00,DATA,82,00,3657,0,0,40,40,00,00,1
3665,668,B,00,AA,DATA,AA,00,3658,0,0,40,40,00,00,1
3666,668,A,D5,00,DATA,D5,00,3659,0,0,40,40,00,00,1
3667,668,B,00,FE,DATA,FE,00,3660,0,0,40,40,00,00,1
3668,668,A,81,00,DATA,81,00,3661,0,0,40,40,00,00,1
3669,668,B,00,E8,DATA,E8,00,3662,0,0,40,40,00,00,1
3670,668,A,97,00,DATA,97,00,3663,0,0,40,40,00,00,1
3671,668,B,00,08,DATA,08,00,3664,0,0,40,40,00,00,1
3672,668,A,F7,00,DATA,F7,00,3665,0,0,40,40,00,00,1
3673,668,B,00,89,DATA,89,00,3666,0,0,40,40,00,00,1
3674,668,A,77,00,DATA,77,00,3667,0,0,40,40,00,00,1
3675,668,B,00,20,DATA,20,00,3668,0,0,40,40,00,00,1
3676,668,A,1F,00,DATA,1F,00,3669,0,0,40,40,00,00,1
3677,668,B,00,97,DATA,97,00,3670,0,0,40,40,00,00,1
3678,668,A,7F,00,DATA,7F,00,3671,0,0,40,40,00,00,1
3679,668,B,00,00,DATA,00,00,3672,0,0,40,40,00,00,1
3680,668,A,FF,00,DATA,FF,00,3673,0,0,40,40,00,00,1
3681,668,B,00,22,DATA,22,00,3674,0,0,40,40,00,00,1
3682,668,A,DD,00,DATA,DD,00,3675,0,0,40,40,00,00,1
3683,668,B,00,E7,DATA,E7,00,3676,0,0,40,40,00,00,1
3684,668,A,18,00,DATA,18,00,3677,0,0,40,40,00,00,1
3685,668,B,00,FA,DATA,FA,00,3678,0,0,40,40,00,00,1
3686,668,A,05,00,DATA,05,00,3679,0,0,40,40,00,00,1
3687,668,B,00,08,DATA,08,00,3680,0,0,40,40,00,00,1
3688,668,A,F0,00,DATA,F0,00,3681,0,0,40,40,00,00,1
3689,668,B,00,5D,DATA,5D,00,3682,0,0,40,40,00,00,1
3690,668,A,F0,00,DATA,F0,00,3683,0,0,40,40,00,00,1
3691,668,B,00,08,DATA,08,00,3684,0,0,40,40,00,00,1
3692,668,A,F0,00,DATA,F0,00,3685,0,0,40,40,00,00,1
3693,668,B,00,54,DATA,54,00,3686,0,0,40,40,00,00,1
3694,668,A,F8,00,DATA,F8,00,3687,0,0,40,40,00,00,1
3695,668,B,00,08,DATA,08,00,3688,0,0,40,40,00,00,1
3696,668,A,F0,00,DATA,F0,00,3689,0,0,40,40,00,00,1
3697,668,B,00,0C,DATA,0C,00,3690,0,0,40,40,00,00,1
3698,668,A,F0,00,DATA,F0,00,3691,0,0,40,40,00,00,1
3699,668,B,00,0C,DATA,0C,00,3692,0,0,40,40,00,00,1
3700,668,A,F0,00,DATA,F0,00,3693,0,0,40,40,00,00,1
3701,668,B,00,0C,DATA,0C,00,3694,0,0,40,40,00,00,1
3702,668,A,F0,00,DATA,F0,00,3695,0,0,40,40,00,00,1
3703,668,B,00,07,DATA,07,00,3696,0,0,40,40,00,00,1
3704,668,A,01,00,DATA,01,00,3697,0,0,40,40,00,00,1
3705,668,B,00,5F,DATA,5F,00,3698,0,0,40,40,00,00,1
3706,668,A,01,00,DATA,01,00,3699,0,0,40,40,00,00,1
3707,668,B,00,07,DATA,07,00,3700,0,0,40,40,00,00,1
3708,668,A,01,00,DATA,01,00,3701,0,0,40,40,00,00,1
3709,668,B,00,17,DATA,17,00,3702,0,0,40,40,00,00,1
3710,668,A,01,00,DATA,01,00,3703,0,0,40,40,00,00,1
3711,668,B,00,07,DATA,07,00,3704,0,0,40,40,00,00,1
3712,668,A,01,00,DATA,01,00,3705,0,0,40,40,00,00,1
3713,684,B,00,07,DATA,07,00,3706,0,0,40,40,00,00,1
3714,684,A,01,00,DATA,01,00,3707,0,0,40,40,00,00,1
3715,684,B,00,03,DATA,03,00,3708,0,0,40,40,00,00,1
3716,684,A,01,00,DATA,01,00,3709,0,0,40,40,00,00,1
3717,684,B,00,17,DATA,17,00,3710,0,0,40,40,00,00,1
3718,684,A,01,00,DATA,01,00,3711,0,0,40,40,00,00,1
3719,684,B,00,87,DATA,87,00,3712,0,0,40,40,00,00,1
3720,684,A,80,00,DATA,80,00,3713,0,0,40,40,00,00,1
3721,684,B,00,D5,DATA,D5,00,3714,0,0,40,40,00,00,1
3722,684,A,80,00,DATA,80,00,3715,0,0,40,40,00,00,1
3723,684,B,00,90,DATA,90,00,3716,0,0,40,40,00,00,1
3724,684,A,80,00,DATA,80,00,3717,0,0,40,40,00,00,1
3725,684,B,00,84,DATA,84,00,3718,0,0,40,40,00,00,1
3726,684,A,F8,00,DATA,F8,00,3719,0,0,40,40,00,00,1
3727,684,B,00,E0,DATA,E0,00,3720,0,0,40,40,00,00,1
3728,684,A,F8,00,DATA,F8,00,3721,0,0,40,40,00,00,1
3729,684,B,00,D2,DATA,D2,00,3722,0,0,40,40,00,00,1
3730,684,A,FD,00,DATA,FD,00,3723,0,0,40,40,00,00,1
3731,684,B,00,A0,DATA,A0,00,3724,0,0,40,40,00,00,1
3732,684,A,FF,00,DATA,FF,00,3725,0,0,40,40,00,00,1
3733,684,B,00,82,DATA,82,00,3726,0,0,40,40,00,00,1
3734,684,A,FD,00,DATA,FD,00,3727,0,0,40,40,00,00,1
3735,684,B,00,37,DATA,37,00,3728,0,0,40,40,00,00,1
3736,684,A,00,00,DATA,00,00,3729,0,0,40,40,00,00,1
3737,684,B,00,66,DATA,66,00,3730,0,0,40,40,00,00,1
3738,684,A,11,00,DATA,11,00,3731,0,0,40,40,00,00,1
3739,684,B,00,90,DATA,90,00,3732,0,0,40,40,00,00,1
3740,684,A,00,00,DATA,00,00,3733,0,0,40,40,00,00,1
3741,684,B,00,B5,DATA,B5,00,3734,0,0,40,40,00,00,1
3742,684,A,40,00,DATA,40,00,3735,0,0,40,40,00,00,1
3743,684,B,00,70,DATA,70,00,3736,0,0,40,40,00,00,1
3744,684,A,00,00,DATA,00,00,3737,0,0,40,40,00,00,1
3745,684,B,00,AD,DATA,AD,00,3738,0,0,40,40,00,00,1
3746,684,A,50,00,DATA,50,00,3739,0,0,40,40,00,00,1
3747,684,B,00,FF,DATA,FF,00,3740,0,0,40,40,00,00,1
3748,684,A,00,00,DATA,00,00,3741,0,0,40,40,00,00,1
3749,684,B,00,FE,DATA,FE,00,3742,0,0,40,40,00,00,1
3750,684,A,01,00,DATA,01,00,3743,0,0,40,40,00,00,1
3751,684,B,00,88,DATA,88,00,3744,0,0,40,40,00,00,1
3752,684,A,70,00,DATA,70,00,3745,0,0,40,40,00,00,1
3753,684,B,00,AC,DATA,AC,00,3746,0,0,40,40,00,00,1
3754,684,A,50,00,DATA,50,00,3747,0,0,40,40,00,00,1
3755,684,B,00,F8,DATA,F8,00,3748,0,0,40,40,00,00,1
3756,684,A,00,00,DATA,00,00,3749,0,0,40,40,00,00,1
3757,684,B,00,74,DATA,74,00,3750,0,0,40,40,00,00,1
3758,684,A,00,00,DATA,00,00,3751,0,0,40,40,00,00,1
3759,684,B,00,00,DATA,00,00,3752,0,0,40,40,00,00,1
3760,684,A,00,00,DATA,00,00,3753,0,0,40,40,00,00,1
3761,684,B,00,F4,DATA,F4,00,3754,0,0,40,40,00,00,1
3762,684,A,00,00,DATA,00,00,3755,0,0,40,40,00,00,1
3763,684,B,00,60,DATA,60,00,3756,0,0,40,40,00,00,1
3764,684,A,80,00,DATA,80,00,3757,0,0,40,40,00,00,1
3765,684,B,00,B0,DATA,B0,00,3758,0,0,40,40,00,00,1
3766,684,A,40,00,DATA,40,00,3759,0,0,40,40,00,00,1
3767,684,B,00,07,DATA,07,00,3760,0,0,40,40,00,00,1
3768,684,A,01,00,DATA,01,00,3761,0,0,40,40,00,00,1
3769,684,B,00,07,DATA,07,00,3762,0,0,40,40,00,00,1
3770,684,A,01,00,DATA,01,00,3763,0,0,40,40,00,00,1
3771,684,B,00,03,DATA,03,00,3764,0,0,40,40,00,00,1
3772,684,A,01,00,DATA,01,00,3765,0,0,40,40,00,00,1
3773,684,B,00,07,DATA,07,00,3766,0,0,40,40,00,00,1
3774,684,A,01,00,DATA,01,00,3767,0,0,40,40,00,00,1
3775,684,B,00,03,DATA,03,00,3768,0,0,40,40,00,00,1
3776,684,A,01,00,DATA,01,00,3769,0,0,40,40,00,00,1
3777,684,B,00,07,DATA,07,00,3770,0,0,40,40,00,00,1
3778,684,A,01,00,DATA,01,00,3771,0,0,40,40,00,00,1
3779,684,B,00,03,DATA,03,00,3772,0,0,40,40,00,00,1
3780,684,A,01,00,DATA,01,00,3773,0,0,40,40,00,00,1
3781,684,B,00,01,DATA,01,00,3774,0,0,40,40,00,00,1
3782,684,A,01,00,DATA,01,00,3775,0,0,40,40,00,00,1
3783,684,B,00,FF,DATA,FF,00,3776,0,0,40,40,00,00,1
3784,684,A,80,00,DATA,80,00,3777,0,0,40,40,00,00,1
3785,684,B,00,AF,DATA,AF,00,3778,0,0,40,40,00,00,1
3786,684,A,D0,00,DATA,D0,00,3779,0,0,40,40,00,00,1
3787,684,B,00,BF,DATA,BF,00,3780,0,0,40,40,00,00,1
3788,684,A,C0,00,DATA,C0,00,3781,0,0,40,40,00,00,1
3789,684,B,00,FF,DATA,FF,00,3782,0,0,40,40,00,00,1
3790,684,A,FF,00,DATA,FF,00,3783,0,0,40,40,00,00,1
3791,684,B,00,00,DATA,00,00,3784,0,0,40,40,00,00,1
3792,684,A,00,00,DATA,00,00,3785,0,0,40,40,00,00,1
3793,684,B,00,00,DATA,00,00,3786,0,0,40,40,00,00,1
3794,684,A,00,00,DATA,00,00,3787,0,0,40,40,00,00,1
3795,684,B,00,00,DATA,00,00,3788,0,0,40,40,00,00,1
3796,684,A,00,00,DATA,00,00,3789,0,0,40,40,00,00,1
3797,684,B,00,00,DATA,00,00,3790,0,0,40,40,00,00,1
3798,684,A,00,00,DATA,00,00,3791,0,0,40,40,00,00,1
3799,684,B,00,63,DATA,63,00,3792,0,0,40,40,00,00,1
3800,684,A,00,00,DATA,00,00,3793,0,0,40,40,00,00,1
3801,684,B,00,69,DATA,69,00,3794,0,0,40,40,00,00,1
3802,684,A,04,00,DATA,04,00,3795,0,0,40,40,00,00,1
3803,684,B,00,0B,DATA,0B,00,3796,0,0,40,40,00,00,1
3804,684,A,04,00,DATA,04,00,3797,0,0,40,40,00,00,1
3805,684,B,00,FF,DATA,FF,00,3798,0,0,40,40,00,00,1
3806,684,A,FF,00,DATA,FF,00,3799,0,0,40,40,00,00,1
3807,684,B,00,00,DATA,00,00,3800,0,0,40,40,00,00,1
3808,684,A,00,00,DATA,00,00,3801,0,0,40,40,00,00,1
3809,684,B,00,00,DATA,00,00,3802,0,0,40,40,00,00,1
3810,684,A,00,00,DATA,00,00,3803,0,0,40,40,00,00,1
3811,684,B,00,00,DATA,00,00,3804,0,0,40,40,00,00,1
3812,684,A,00,00,DATA,00,00,3805,0,0,40,40,00,00,1
3813,684,B,00,00,DATA,00,00,3806,0,0,40,40,00,00,1
3814,684,A,00,00,DATA,00,00,3807,0,0,40,40,00,00,1
3815,684,B,00,F0,DATA,F0,00,3808,0,0,40,40,00,00,1
3816,684,A,00,00,DATA,00,00,3809,0,0,40,40,00,00,1
3817,684,B,00,A0,DATA,A0,00,3810,0,0,40,40,00,00,1
3818,684,A,50,00,DATA,50,00,3811,0,0,40,40,00,00,1
3819,684,B,00,F0,DATA,F0,00,3812,0,0,40,40,00,00,1
3820,684,A,00,00,DATA,00,00,3813,0,0,40,40,00,00,1
3821,684,B,00,FF,DATA,FF,00,3814,0,0,40,40,00,00,1
3822,684,A,FF,00,DATA,FF,00,3815,0,0,40,40,00,00,1
3823,684,B,00,00,DATA,00,00,3816,0,0,40,40,00,00,1
3824,684,A,00,00,DATA,00,00,3817,0,0,40,40,00,00,1
3825,684,B,00,00,DATA,00,00,3818,0,0,40,40,00,00,1
3826,684,A,00,00,DATA,00,00,3819,0,0,40,40,00,00,1
3827,684,B,00,00,DATA,00,00,3820,0,0,40,40,00,00,1
3828,684,A,00,00,DATA,00,00,3821,0,0,40,40,00,00,1
3829,684,B,00,00,DATA,00,00,3822,0,0,40,40,00,00,1
3830,684,A,00,00,DATA,00,00,3823,0,0,40,40,00,00,1
3831,684,B,00,01,DATA,01,00,3824,0,0,40,40,00,00,1
3832,684,A,01,00,DATA,01,00,3825,0,0,40,40,00,00,1
3833,684,B,00,11,DATA,11,00,3826,0,0,40,40,00,00,1
3834,684,A,01,00,DATA,01,00,3827,0,0,40,40,00,00,1
3835,684,B,00,01,DATA,01,00,3828,0,0,40,40,00,00,1
3836,684,A,01,00,DATA,01,00,3829,0,0,40,40,00,00,1
3837,684,B,00,FF,DATA,FF,00,3830,0,0,40,40,00,00,1
3838,684,A,FF,00,DATA,FF,00,3831,0,0,40,40,00,00,1
3839,684,B,00,00,DATA,00,00,3832,0,0,40,40,00,00,1
3840,684,A,00,00,DATA,00,00,3833,0,0,40,40,00,00,1
3841,684,B,00,00,DATA,00,00,3834,0,0,40,40,00,00,1
3842,684,A,00,00,DATA,00,00,3835,0,0,40,40,00,00,1
3843,684,B,00,00,DATA,00,00,3836,0,0,40,40,00,00,1
3844,684,A,00,00,DATA,00,00,3837,0,0,40,40,00,00,1
3845,684,B,00,00,DATA,00,00,3838,0,0,40,40,00,00,1
3846,684,A,00,00,DATA,00,00,3839,0,0,40,40,00,00,1
3847,684,B,00,44,DATA,44,00,3840,0,0,40,40,00,00,1
3848,684,A,23,00,DATA,23,00,3841,0,0,40,40,00,00,1
3849,684,B,00,37,DATA,37,00,3842,0,0,40,40,00,00,1
3850,684,A,92,00,DATA,92,00,3843,0,0,40,40,00,00,1
3851,684,B,00,56,DATA,56,00,3844,0,0,40,40,00,00,1
3852,684,A,61,00,DATA,61,00,3845,0,0,40,40,00,00,1
3853,684,B,00,5A,DATA,5A,00,3846,0,0,40,40,00,00,1
3854,684,A,6D,00,DATA,6D,00,3847,0,0,40,40,00,00,1
3855,684,B,00,56,DATA,56,00,3848,0,0,40,40,00,00,1
3856,684,A,63,00,DATA,63,00,3849,0,0,40,40,00,00,1
3857,684,B,00,59,DATA,59,00,3850,0,0,40,40,00,00,1
3858,684,A,67,00,DATA,67,00,3851,0,0,40,40,00,00,1
3859,684,B,00,5A,DATA,5A,00,3852,0,0,40,40,00,00,1
3860,684,A,01,00,DATA,01,00,3853,0,0,40,40,00,00,1
3861,684,B,00,2A,DATA,2A,00,3854,0,0,40,40,00,00,1
3862,684,A,A2,00,DATA,A2,00,3855,0,0,40,40,00,00,1
3863,684,B,00,41,DATA,41,00,3856,0,0,40,40,00,00,1
3864,684,A,14,00,DATA,14,00,3857,0,0,40,40,00,00,1
3865,684,B,00,00,DATA,00,00,3858,0,0,40,40,00,00,1
3866,684,A,00,00,DATA,00,00,3859,0,0,40,40,00,00,1
3867,684,B,00,00,DATA,00,00,3860,0,0,40,40,00,00,1
3868,684,A,00,00,DATA,00,00,3861,0,0,40,40,00,00,1
3869,684,B,00,00,DATA,00,00,3862,0,0,40,40,00,00,1
3870,684,A,00,00,DATA,00,00,3863,0,0,40,40,00,00,1
3871,684,B,00,00,DATA,00,00,3864,0,0,40,40,00,00,1
3872,684,A,00,00,DATA,00,00,3865,0,0,40,40,00,00,1
3873,684,B,00,00,DATA,00,00,3866,0,0,40,40,00,00,1
3874,684,A,00,00,DATA,00,00,3867,0,0,40,40,00,00,1
3875,684,B,00,00,DATA,00,00,3868,0,0,40,40,00,00,1
3876,684,A,00,00,DATA,00,00,3869,0,0,40,40,00,00,1
3877,684,B,00,00,DATA,00,00,3870,0,0,40,40,00,00,1
3878,684,A,00,00,DATA,00,00,3871,0,0,40,40,00,00,1
3879,684,B,00,00,DATA,00,00,3872,0,0,40,40,00,00,1
3880,684,A,00,00,DATA,00,00,3873,0,0,40,40,00,00,1
3881,684,B,00,00,DATA,00,00,3874,0,0,40,40,00,00,1
3882,684,A,00,00,DATA,00,00,3875,0,0,40,40,00,00,1
3883,684,B,00,00,DATA,00,00,3876,0,0,40,40,00,00,1
3884,684,A,00,00,DATA,00,00,3877,0,0,40,40,00,00,1
3885,684,B,00,00,DATA,00,00,3878,0,0,40,40,00,00,1
3886,684,A,00,00,DATA,00,00,3879,0,0,40,40,00,00,1
3887,684,B,00,00,DATA,00,00,3880,0,0,40,40,00,00,1
3888,684,A,00,00,DATA,00,00,3881,0,0,40,40,00,00,1
3889,684,B,00,00,DATA,00,00,3882,0,0,40,40,00,00,1
3890,684,A,00,00,DATA,00,00,3883,0,0,40,40,00,00,1
3891,684,B,00,00,DATA,00,00,3884,0,0,40,40,00,00,1
3892,684,A,00,00,DATA,00,00,3885,0,0,40,40,00,00,1
3893,684,B,00,00,DATA,00,00,3886,0,0,40,40,00,00,1
3894,684,A,00,00,DATA,00,00,3887,0,0,40,40,00,00,1
3895,684,B,00,00,DATA,00,00,3888,0,0,40,40,00,00,1
3896,684,A,00,00,DATA,00,00,3889,0,0,40,40,00,00,1
3897,684,B,00,00,DATA,00,00,3890,0,0,40,40,00,00,1
3898,684,A,00,00,DATA,00,00,3891,0,0,40,40,00,00,1
3899,684,B,00,15,DATA,15,00,3892,0,0,40,40,00,00,1
3900,684,A,19,00,DATA,19,00,3893,0,0,40,40,00,00,1
3901,700,B,00,00,DATA,00,00,3894,0,0,40,40,00,00,1
3902,700,A,00,00,DATA,00,00,3895,0,0,40,40,00,00,1
3903,700,B,00,00,DATA,00,00,3896,0,0,40,40,00,00,1
3904,700,A,00,00,DATA,00,00,3897,0,0,40,40,00,00,1
3905,700,B,00,00,DATA,00,00,3898,0,0,40,40,00,00,1
3906,700,A,00,00,DATA,00,00,3899,0,0,40,40,00,00,1
3907,700,B,00,00,DATA,00,00,3900,0,0,40,40,00,00,1
3908,700,A,00,00,DATA,00,00,3901,0,0,40,40,00,00,1
3909,700,B,00,00,DATA,00,00,3902,0,0,40,40,00,00,1
3910,700,A,00,00,DATA,00,00,3903,0,0,40,40,00,00,1
3911,700,B,00,00,DATA,00,00,3904,0,0,40,40,00,00,1
3912,700,A,00,00,DATA,00,00,3905,0,0,40,40,00,00,1
3913,700,B,00,00,DATA,00,00,3906,0,0,40,40,00,00,1
3914,700,A,00,00,DATA,00,00,3907,0,0,40,40,00,00,1
3915,700,B,00,00,DATA,00,00,3908,0,0,40,40,00,00,1
3916,700,A,00,00,DATA,00,00,3909,0,0,40,40,00,00,1
3917,700,B,00,00,DATA,00,00,3910,0,0,40,40,00,00,1
3918,700,A,00,00,DATA,00,00,3911,0,0,40,40,00,00,1
3919,700,B,00,00,DATA,00,00,3912,0,0,40,40,00,00,1
3920,700,A,00,00,DATA,00,00,3913,0,0,40,40,00,00,1
3921,700,B,00,00,DATA,00,00,3914,0,0,40,40,00,00,1
3922,700,A,00,00,DATA,00,00,3915,0,0,40,40,00,00,1
3923,700,B,00,00,DATA,00,00,3916,0,0,40,40,00,00,1
3924,700,A,00,00,DATA,00,00,3917,0,0,40,40,00,00,1
3925,700,B,00,00,DATA,00,00,3918,0,0,40,40,00,00,1
3926,700,A,00,00,DATA,00,00,3919,0,0,40,40,00,00,1
3927,700,B,00,00,DATA,00,00,3920,0,0,40,40,00,00,1
3928,700,A,00,00,DATA,00,00,3921,0,0,40,40,00,00,1
3929,700,B,00,00,DATA,00,00,3922,0,0,40,40,00,00,1
3930,700,A,00,00,DATA,00,00,3923,0,0,40,40,00,00,1
3931,700,B,00,00,DATA,00,00,3924,0,0,40,40,00,00,1
3932,700,A,4D,00,DATA,4D,00,3925,0,0,40,40,00,00,1
3933,700,B,00,61,DATA,61,00,3926,0,0,40,40,00,00,1
3934,700,A,67,00,DATA,67,00,3927,0,0,40,40,00,00,1
3935,700,B,00,69,DATA,69,00,3928,0,0,40,40,00,00,1
3936,700,A,63,00,DATA,63,00,3929,0,0,40,40,00,00,1
3937,700,B,00,00,DATA,00,00,3930,0,0,40,40,00,00,1
3938,700,A,56,00,DATA,56,00,3931,0,0,40,40,00,00,1
3939,700,B,00,44,DATA,44,00,3932,0,0,40,40,00,00,1
3940,700,A,23,00,DATA,23,00,3933,0,0,40,40,00,00,1
3941,700,B,00,37,DATA,37,00,3934,0,0,40,40,00,00,1
3942,700,A,92,00,DATA,92,00,3935,0,0,40,40,00,00,1
3943,700,B,00,56,DATA,56,00,3936,0,0,40,40,00,00,1
3944,700,A,61,00,DATA,61,00,3937,0,0,40,40,00,00,1
3945,700,B,00,5A,DATA,5A,00,3938,0,0,40,40,00,00,1
3946,700,A,6D,00,DATA,6D,00,3939,0,0,40,40,00,00,1
3947,700,B,00,56,DATA,56,00,3940,0,0,40,40,00,00,1
3948,700,A,63,00,DATA,63,00,3941,0,0,40,40,00,00,1
3949,700,B,00,59,DATA,59,00,3942,0,0,40,40,00,00,1
3950,700,A,67,00,DATA,67,00,3943,0,0,40,40,00,00,1
3951,700,B,00,5A,DATA,5A,00,3944,0,0,40,40,00,00,1
3952,700,A,01,00,DATA,01,00,3945,0,0,40,40,00,00,1
3953,700,B,00,2A,DATA,2A,00,3946,0,0,40,40,00,00,1
3954,700,A,A2,00,DATA,A2,00,3947,0,0,40,40,00,00,1
3955,700,B,00,41,DATA,41,00,3948,0,0,40,40,00,00,1
3956,700,A,14,00,DATA,14,00,3949,0,0,40,40,00,00,1
3957,700,B,00,00,DATA,00,00,3950,0,0,40,40,00,00,1
3958,700,A,00,00,DATA,00,00,3951,0,0,40,40,00,00,1
3959,700,B,00,00,DATA,00,00,3952,0,0,40,40,00,00,1
3960,700,A,00,00,DATA,00,00,3953,0,0,40,40,00,00,1
3961,700,B,00,00,DATA,00,00,3954,0,0,40,40,00,00,1
3962,700,A,00,00,DATA,00,00,3955,0,0,40,40,00,00,1
3963,700,B,00,00,DATA,00,00,3956,0,0,40,40,00,00,1
3964,700,A,00,00,DATA,00,00,3957,0,0,40,40,00,00,1
3965,700,B,00,00,DATA,00,00,3958,0,0,40,40,00,00,1
3966,700,A,00,00,DATA,00,00,3959,0,0,40,40,00,00,1
3967,700,B,00,00,DATA,00,00,3960,0,0,40,40,00,00,1
3968,700,A,00,00,DATA,00,00,3961,0,0,40,40,00,00,1
3969,700,B,00,00,DATA,00,00,3962,0,0,40,40,00,00,1
3970,700,A,00,00,DATA,00,00,3963,0,0,40,40,00,00,1
3971,700,B,00,00,DATA,00,00,3964,0,0,40,40,00,00,1
3972,700,A,00,00,DATA,00,00,3965,0,0,40,40,00,00,1
3973,700,B,00,00,DATA,00,00,3966,0,0,40,40,00,00,1
3974,700,A,00,00,DATA,00,00,3967,0,0,40,40,00,00,1
3975,700,B,00,00,DATA,00,00,3968,0,0,40,40,00,00,1
3976,700,A,00,00,DATA,00,00,3969,0,0,40,40,00,00,1
3977,700,B,00,00,DATA,00,00,3970,0,0,40,40,00,00,1
3978,700,A,00,00,DATA,00,00,3971,0,0,40,40,00,00,1
3979,700,B,00,00,DATA,00,00,3972,0,0,40,40,00,00,1
3980,700,A,00,00,DATA,00,00,3973,0,0,40,40,00,00,1
3981,700,B,00,00,DATA,00,00,3974,0,0,40,40,00,00,1
3982,700,A,00,00,DATA,00,00,3975,0,0,40,40,00,00,1
3983,700,B,00,00,DATA,00,00,3976,0,0,40,40,00,00,1
3984,700,A,00,00,DATA,00,00,3977,0,0,40,40,00,00,1
3985,700,B,00,00,DATA,00,00,3978,0,0,40,40,00,00,1
3986,700,A,00,00,DATA,00,00,3979,0,0,40,40,00,00,1
3987,700,B,00,00,DATA,00,00,3980,0,0,40,40,00,00,1
3988,700,A,00,00,DATA,00,00,3981,0,0,40,40,00,00,1
3989,700,B,00,00,DATA,00,00,3982,0,0,40,40,00,00,1
3990,700,A,00,00,DATA,00,00,3983,0,0,40,40,00,00,1
3991,700,B,00,15,DATA,15,00,3984,0,0,40,40,00,00,1
3992,700,A,19,00,DATA,19,00,3985,0,0,40,40,00,00,1
3993,700,B,00,00,DATA,00,00,3986,0,0,40,40,00,00,1
3994,700,A,00,00,DATA,00,00,3987,0,0,40,40,00,00,1
3995,700,B,00,00,DATA,00,00,3988,0,0,40,40,00,00,1
3996,700,A,00,00,DATA,00,00,3989,0,0,40,40,00,00,1
3997,700,B,00,00,DATA,00,00,3990,0,0,40,40,00,00,1
3998,700,A,00,00,DATA,00,00,3991,0,0,40,40,00,00,1
3999,700,B,00,00,DATA,00,00,3992,0,0,40,40,00,00,1
4000,700,A,00,00,DATA,00,00,3993,0,0,40,40,00,00,1
4001,700,B,00,00,DATA,00,00,3994,0,0,40,40,00,00,1
4002,700,A,00,00,DATA,00,00,3995,0,0,40,40,00,00,1
4003,700,B,00,00,DATA,00,00,3996,0,0,40,40,00,00,1
4004,700,A,00,00,DATA,00,00,3997,0,0,40,40,00,00,1
4005,700,B,00,00,DATA,00,00,3998,0,0,40,40,00,00,1
4006,700,A,00,00,DATA,00,00,3999,0,0,40,40,00,00,1
4007,700,B,00,00,DATA,00,00,4000,0,0,40,40,00,00,1
4008,700,A,00,00,DATA,00,00,4001,0,0,40,40,00,00,1
4009,700,B,00,00,DATA,00,00,4002,0,0,40,40,00,00,1
4010,700,A,00,00,DATA,00,00,4003,0,0,40,40,00,00,1
4011,700,B,00,00,DATA,00,00,4004,0,0,40,40,00,00,1
4012,700,A,00,00,DATA,00,00,4005,0,0,40,40,00,00,1
4013,700,B,00,00,DATA,00,00,4006,0,0,40,40,00,00,1
4014,700,A,00,00,DATA,00,00,4007,0,0,40,40,00,00,1
4015,700,B,00,00,DATA,00,00,4008,0,0,40,40,00,00,1
4016,700,A,00,00,DATA,00,00,4009,0,0,40,40,00,00,1
4017,700,B,00,00,DATA,00,00,4010,0,0,40,40,00,00,1
4018,700,A,00,00,DATA,00,00,4011,0,0,40,40,00,00,1
4019,700,B,00,00,DATA,00,00,4012,0,0,40,40,00,00,1
4020,700,A,00,00,DATA,00,00,4013,0,0,40,40,00,00,1
4021,700,B,00,00,DATA,00,00,4014,0,0,40,40,00,00,1
4022,700,A,00,00,DATA,00,00,4015,0,0,40,40,00,00,1
4023,700,B,00,00,DATA,00,00,4016,0,0,40,40,00,00,1
4024,700,A,4D,00,DATA,4D,00,4017,0,0,40,40,00,00,1
4025,700,B,00,61,DATA,61,00,4018,0,0,40,40,00,00,1
4026,700,A,67,00,DATA,67,00,4019,0,0,40,40,00,00,1
4027,700,B,00,69,DATA,69,00,4020,0,0,40,40,00,00,1
4028,700,A,63,00,DATA,63,00,4021,0,0,40,40,00,00,1
4029,700,B,00,00,DATA,00,00,4022,0,0,40,40,00,00,1
4030,700,A,56,00,DATA,56,00,4023,0,0,40,40,00,00,1
4031,700,B,00,00,DATA,00,00,4024,0,0,40,40,00,00,1
4032,700,A,00,00,DATA,00,00,4025,0,0,40,40,00,00,1
4033,700,B,00,00,DATA,00,00,4026,0,0,40,40,00,00,1
4034,700,A,00,00,DATA,00,00,4027,0,0,40,40,00,00,1
4035,700,B,00,00,DATA,00,00,4028,0,0,40,40,00,00,1
4036,700,A,00,00,DATA,00,00,4029,0,0,40,40,00,00,1
4037,700,B,00,00,DATA,00,00,4030,0,0,40,40,00,00,1
4038,700,A,00,00,DATA,00,00,4031,0,0,40,40,00,00,1
4039,700,B,00,00,DATA,00,00,4032,0,0,40,40,00,00,1
4040,700,A,00,00,DATA,00,00,4033,0,0,40,40,00,00,1
4041,700,B,00,00,DATA,00,00,4034,0,0,40,40,00,00,1
4042,700,A,00,00,DATA,00,00,4035,0,0,40,40,00,00,1
4043,700,B,00,00,DATA,00,00,4036,0,0,40,40,00,00,1
4044,700,A,00,00,DATA,00,00,4037,0,0,40,40,00,00,1
4045,700,B,00,00,DATA,00,00,4038,0,0,40,40,00,00,1
4046,700,A,00,00,DATA,00,00,4039,0,0,40,40,00,00,1
4047,700,B,00,00,DATA,00,00,4040,0,0,40,40,00,00,1
4048,700,A,00,00,DATA,00,00,4041,0,0,40,40,00,00,1
4049,700,B,00,00,DATA,00,00,4042,0,0,40,40,00,00,1
4050,700,A,00,00,DATA,00,00,4043,0,0,40,40,00,00,1
4051,700,B,00,00,DATA,00,00,4044,0,0,40,40,00,00,1
4052,700,A,00,00,DATA,00,00,4045,0,0,40,40,00,00,1
4053,700,B,00,00,DATA,00,00,4046,0,0,40,40,00,00,1
4054,700,A,00,00,DATA,00,00,4047,0,0,40,40,00,00,1
4055,700,B,00,00,DATA,00,00,4048,0,0,40,40,00,00,1
4056,700,A,00,00,DATA,00,00,4049,0,0,40,40,00,00,1
4057,700,B,00,00,DATA,00,00,4050,0,0,40,40,00,00,1
4058,700,A,00,00,DATA,00,00,4051,0,0,40,40,00,00,1
4059,700,B,00,00,DATA,00,00,4052,0,0,40,40,00,00,1
4060,700,A,00,00,DATA,00,00,4053,0,0,40,40,00,00,1
4061,700,B,00,00,DATA,00,00,4054,0,0,40,40,00,00,1
4062,700,A,00,00,DATA,00,00,4055,0,0,40,40,00,00,1
4063,700,B,00,00,DATA,00,00,4056,0,0,40,40,00,00,1
4064,700,A,00,00,DATA,00,00,4057,0,0,40,40,00,00,1
4065,700,B,00,00,DATA,00,00,4058,0,0,40,40,00,00,1
4066,700,A,00,00,DATA,00,00,4059,0,0,40,40,00,00,1
4067,700,B,00,00,DATA,00,00,4060,0,0,40,40,00,00,1
4068,700,A,00,00,DATA,00,00,4061,0,0,40,40,00,00,1
4069,700,B,00,00,DATA,00,00,4062,0,0,40,40,00,00,1
4070,700,A,00,00,DATA,00,00,4063,0,0,40,40,00,00,1
4071,700,B,00,00,DATA,00,00,4064,0,0,40,40,00,00,1
4072,700,A,00,00,DATA,00,00,4065,0,0,40,40,00,00,1
4073,700,B,00,00,DATA,00,00,4066,0,0,40,40,00,00,1
4074,700,A,00,00,DATA,00,00,4067,0,0,40,40,00,00,1
4075,700,B,00,00,DATA,00,00,4068,0,0,40,40,00,00,1
4076,700,A,00,00,DATA,00,00,4069,0,0,40,40,00,00,1
4077,700,B,00,00,DATA,00,00,4070,0,0,40,40,00,00,1
4078,700,A,00,00,DATA,00,00,4071,0,0,40,40,00,00,1
4079,700,B,00,00,DATA,00,00,4072,0,0,40,40,00,00,1
4080,700,A,00,00,DATA,00,00,4073,0,0,40,40,00,00,1
4081,700,B,00,00,DATA,00,00,4074,0,0,40,40,00,00,1
4082,700,A,00,00,DATA,00,00,4075,0,0,40,40,00,00,1
4083,700,B,00,00,DATA,00,00,4076,0,0,40,40,00,00,1
4084,700,A,00,00,DATA,00,00,4077,0,0,40,40,00,00,1
4085,700,B,00,00,DATA,00,00,4078,0,0,40,40,00,00,1
4086,700,A,00,00,DATA,00,00,4079,0,0,40,40,00,00,1
4087,700,B,00,00,DATA,00,00,4080,0,0,40,40,00,00,1
4088,700,A,00,00,DATA,00,00,4081,0,0,40,40,00,00,1
4089,716,B,00,00,DATA,00,00,4082,0,0,40,40,00,00,1
4090,716,A,00,00,DATA,00,00,4083,0,0,40,40,00,00,1
4091,716,B,00,00,DATA,00,00,4084,0,0,40,40,00,00,1
4092,716,A,00,00,DATA,00,00,4085,0,0,40,40,00,00,1
4093,716,B,00,00,DATA,00,00,4086,0,0,40,40,00,00,1
4094,716,A,00,00,DATA,00,00,4087,0,0,40,40,00,00,1
4095,716,B,00,00,DATA,00,00,4088,0,0,40,40,00,00,1
4096,716,A,00,00,DATA,00,00,4089,0,0,40,40,00,00,1
4097,716,B,00,00,DATA,00,00,4090,0,0,40,40,00,00,1
4098,716,A,00,00,DATA,00,00,4091,0,0,40,40,00,00,1
4099,716,B,00,00,DATA,00,00,4092,0,0,40,40,00,00,1
4100,716,A,00,00,DATA,00,00,4093,0,0,40,40,00,00,1
4101,716,B,00,00,DATA,00,00,4094,0,0,40,40,00,00,1
4102,716,A,01,00,DATA,01,00,4095,0,0,40,40,00,00,1
