n,frame,master,master_tx,master_rx,phase,initiator_tx,responder_tx,data_index,A_stage,B_stage,A_cmd,B_cmd_rx,A_ready,B_ready,delivered
0,268,A,29,12,HELLO,29,12,,0,0,00,00,00,00,1
1,268,B,1B,80,INFO,80,1B,,1,1,00,00,00,00,1
2,268,A,00,00,PRELUDE,00,00,,1,1,80,00,00,00,1
3,268,B,00,80,COMMAND,80,00,,2,2,80,00,00,00,1
4,268,A,00,00,SYNC,00,00,,3,3,80,80,00,00,1
5,268,B,00,00,SYNC,00,00,,3,3,80,80,00,00,1
6,268,A,00,00,SYNC,00,00,,3,3,80,80,00,00,1
7,268,B,00,00,SYNC,00,00,,3,3,80,80,00,00,1
8,268,A,00,00,SYNC,00,00,,3,3,80,80,00,00,1
9,268,B,00,00,SYNC,00,00,,3,3,80,80,00,00,1
10,268,A,00,00,SYNC,00,00,,3,3,80,80,00,00,1
11,268,B,00,00,SYNC,00,00,,3,3,80,80,00,00,1
12,268,A,00,00,SYNC,00,00,,3,3,80,80,00,00,1
13,268,B,00,00,SYNC,00,00,,3,3,80,80,00,00,1
14,268,A,00,00,SYNC,00,00,,3,3,80,80,00,00,1
15,268,B,00,00,SYNC,00,00,,3,3,80,80,00,00,1
16,268,A,00,00,SYNC,00,00,,3,3,80,80,00,00,1
17,268,B,00,00,SYNC,00,00,,3,3,80,80,00,00,1
18,268,A,00,00,SYNC,00,00,,3,3,80,80,00,00,1
19,268,B,00,00,SYNC,00,00,,3,3,80,80,00,00,1
20,268,A,00,00,SYNC,00,00,,3,3,80,80,00,00,1
21,268,B,00,00,SYNC,00,00,,3,3,80,80,00,00,1
22,268,A,00,00,SYNC,00,00,,3,3,80,80,00,00,1
23,268,B,00,00,SYNC,00,00,,3,3,80,80,00,00,1
24,268,A,00,01,SYNC,00,01,,3,3,80,80,00,01,1
25,268,B,00,01,DATA,01,00,first(not stored),0,0,80,80,00,00,1
26,268,A,00,FF,DATA,00,FF,0,0,0,80,80,00,00,1
27,268,B,FF,06,DATA,06,FF,1,0,0,80,80,00,00,1
28,268,A,01,D4,DATA,01,D4,2,0,0,80,80,00,00,1
29,268,B,FF,05,DATA,05,FF,3,0,0,80,80,00,00,1
30,268,A,02,80,DATA,02,80,4,0,0,80,80,00,00,1
31,268,B,FF,05,DATA,05,FF,5,0,0,80,80,00,00,1
32,268,A,03,80,DATA,03,80,6,0,0,80,80,00,00,1
33,268,B,FF,05,DATA,05,FF,7,0,0,80,80,00,00,1
34,268,A,02,C9,DATA,02,C9,8,0,0,80,80,00,00,1
35,268,B,B6,05,DATA,05,B6,9,0,0,80,80,00,00,1
36,268,A,01,A8,DATA,01,A8,10,0,0,80,80,00,00,1
37,268,B,97,05,DATA,05,97,11,0,0,80,80,00,00,1
38,268,A,00,8E,DATA,00,8E,12,0,0,80,80,00,00,1
39,268,B,81,06,DATA,06,81,13,0,0,80,80,00,00,1
40,268,A,04,86,DATA,04,86,14,0,0,80,80,00,00,1
41,268,B,81,05,DATA,05,81,15,0,0,80,80,00,00,1
42,268,A,05,FF,DATA,05,FF,16,0,0,80,80,00,00,1
43,268,B,FF,05,DATA,05,FF,17,0,0,80,80,00,00,1
44,268,A,06,55,DATA,06,55,18,0,0,80,80,00,00,1
45,268,B,FF,05,DATA,05,FF,19,0,0,80,80,00,00,1
46,268,A,05,05,DATA,05,05,20,0,0,80,80,00,00,1
47,268,B,FF,05,DATA,05,FF,21,0,0,80,80,00,00,1
48,268,A,04,57,DATA,04,57,22,0,0,80,80,00,00,1
49,268,B,FF,05,DATA,05,FF,23,0,0,80,80,00,00,1
50,268,A,FF,8F,DATA,FF,8F,24,0,0,80,80,00,00,1
51,268,B,7F,00,DATA,00,7F,25,0,0,80,80,00,00,1
52,268,A,FF,85,DATA,FF,85,26,0,0,80,80,00,00,1
53,268,B,7F,FF,DATA,FF,7F,27,0,0,80,80,00,00,1
54,268,A,FF,00,DATA,FF,00,28,0,0,80,80,00,00,1
55,268,B,FF,FF,DATA,FF,FF,29,0,0,80,80,00,00,1
56,268,A,FF,A9,DATA,FF,A9,30,0,0,80,80,00,00,1
57,268,B,57,FF,DATA,FF,57,31,0,0,80,80,00,00,1
58,268,A,FF,FF,DATA,FF,FF,32,0,0,80,80,00,00,1
59,268,B,FF,FF,DATA,FF,FF,33,0,0,80,80,00,00,1
60,268,A,FF,FE,DATA,FF,FE,34,0,0,80,80,00,00,1
61,268,B,FF,FF,DATA,FF,FF,35,0,0,80,80,00,00,1
62,268,A,FF,FD,DATA,FF,FD,36,0,0,80,80,00,00,1
63,268,B,FE,FF,DATA,FF,FE,37,0,0,80,80,00,00,1
64,268,A,FF,FD,DATA,FF,FD,38,0,0,80,80,00,00,1
65,268,B,FE,FF,DATA,FF,FE,39,0,0,80,80,00,00,1
66,268,A,FF,F0,DATA,FF,F0,40,0,0,80,80,00,00,1
67,268,B,FE,FF,DATA,FF,FE,41,0,0,80,80,00,00,1
68,268,A,FF,F9,DATA,FF,F9,42,0,0,80,80,00,00,1
69,268,B,FC,FF,DATA,FF,FC,43,0,0,80,80,00,00,1
70,268,A,FF,00,DATA,FF,00,44,0,0,80,80,00,00,1
71,268,B,F8,FF,DATA,FF,F8,45,0,0,80,80,00,00,1
72,268,A,FF,55,DATA,FF,55,46,0,0,80,80,00,00,1
73,268,B,F8,FF,DATA,FF,F8,47,0,0,80,80,00,00,1
74,268,A,FF,FF,DATA,FF,FF,48,0,0,80,80,00,00,1
75,268,B,FF,00,DATA,00,FF,49,0,0,80,80,00,00,1
76,268,A,00,6F,DATA,00,6F,50,0,0,80,80,00,00,1
77,268,B,11,00,DATA,00,11,51,0,0,80,80,00,00,1
78,268,A,00,3F,DATA,00,3F,52,0,0,80,80,00,00,1
79,268,B,01,00,DATA,00,01,53,0,0,80,80,00,00,1
80,268,A,00,77,DATA,00,77,54,0,0,80,80,00,00,1
81,268,B,01,00,DATA,00,01,55,0,0,80,80,00,00,1
82,268,A,00,03,DATA,00,03,56,0,0,80,80,00,00,1
83,268,B,01,00,DATA,00,01,57,0,0,80,80,00,00,1
84,268,A,00,57,DATA,00,57,58,0,0,80,80,00,00,1
85,268,B,01,00,DATA,00,01,59,0,0,80,80,00,00,1
86,268,A,00,07,DATA,00,07,60,0,0,80,80,00,00,1
87,268,B,01,00,DATA,00,01,61,0,0,80,80,00,00,1
88,268,A,00,57,DATA,00,57,62,0,0,80,80,00,00,1
89,268,B,01,00,DATA,00,01,63,0,0,80,80,00,00,1
90,268,A,00,81,DATA,00,81,64,0,0,80,80,00,00,1
91,268,B,80,00,DATA,00,80,65,0,0,80,80,00,00,1
92,268,A,00,81,DATA,00,81,66,0,0,80,80,00,00,1
93,268,B,80,00,DATA,00,80,67,0,0,80,80,00,00,1
94,268,A,00,80,DATA,00,80,68,0,0,80,80,00,00,1
95,268,B,80,00,DATA,00,80,69,0,0,80,80,00,00,1
96,268,A,00,FF,DATA,00,FF,70,0,0,80,80,00,00,1
97,268,B,80,00,DATA,00,80,71,0,0,80,80,00,00,1
98,268,A,00,FD,DATA,00,FD,72,0,0,80,80,00,00,1
99,268,B,82,00,DATA,00,82,73,0,0,80,80,00,00,1
100,268,A,00,AA,DATA,00,AA,74,0,0,80,80,00,00,1
101,268,B,D5,00,DATA,00,D5,75,0,0,80,80,00,00,1
102,268,A,00,FE,DATA,00,FE,76,0,0,80,80,00,00,1
103,268,B,81,00,DATA,00,81,77,0,0,80,80,00,00,1
104,268,A,00,E8,DATA,00,E8,78,0,0,80,80,00,00,1
105,268,B,97,00,DATA,00,97,79,0,0,80,80,00,00,1
106,268,A,00,08,DATA,00,08,80,0,0,80,80,00,00,1
107,268,B,F7,00,DATA,00,F7,81,0,0,80,80,00,00,1
108,268,A,00,89,DATA,00,89,82,0,0,80,80,00,00,1
109,268,B,77,00,DATA,00,77,83,0,0,80,80,00,00,1
110,268,A,00,20,DATA,00,20,84,0,0,80,80,00,00,1
111,268,B,1F,00,DATA,00,1F,85,0,0,80,80,00,00,1
112,268,A,00,97,DATA,00,97,86,0,0,80,80,00,00,1
113,268,B,7F,00,DATA,00,7F,87,0,0,80,80,00,00,1
114,268,A,00,00,DATA,00,00,88,0,0,80,80,00,00,1
115,268,B,FF,00,DATA,00,FF,89,0,0,80,80,00,00,1
116,268,A,00,22,DATA,00,22,90,0,0,80,80,00,00,1
117,268,B,DD,00,DATA,00,DD,91,0,0,80,80,00,00,1
118,268,A,00,E7,DATA,00,E7,92,0,0,80,80,00,00,1
119,268,B,18,00,DATA,00,18,93,0,0,80,80,00,00,1
120,268,A,00,FA,DATA,00,FA,94,0,0,80,80,00,00,1
121,268,B,05,00,DATA,00,05,95,0,0,80,80,00,00,1
122,268,A,00,08,DATA,00,08,96,0,0,80,80,00,00,1
123,268,B,F0,00,DATA,00,F0,97,0,0,80,80,00,00,1
124,268,A,00,5D,DATA,00,5D,98,0,0,80,80,00,00,1
125,268,B,F0,00,DATA,00,F0,99,0,0,80,80,00,00,1
126,268,A,00,08,DATA,00,08,100,0,0,80,80,00,00,1
127,268,B,F0,00,DATA,00,F0,101,0,0,80,80,00,00,1
128,268,A,00,54,DATA,00,54,102,0,0,80,80,00,00,1
129,268,B,F8,00,DATA,00,F8,103,0,0,80,80,00,00,1
130,268,A,00,08,DATA,00,08,104,0,0,80,80,00,00,1
131,268,B,F0,00,DATA,00,F0,105,0,0,80,80,00,00,1
132,268,A,00,0C,DATA,00,0C,106,0,0,80,80,00,00,1
133,268,B,F0,00,DATA,00,F0,107,0,0,80,80,00,00,1
134,268,A,00,0C,DATA,00,0C,108,0,0,80,80,00,00,1
135,268,B,F0,00,DATA,00,F0,109,0,0,80,80,00,00,1
136,268,A,00,0C,DATA,00,0C,110,0,0,80,80,00,00,1
137,268,B,F0,00,DATA,00,F0,111,0,0,80,80,00,00,1
138,268,A,00,07,DATA,00,07,112,0,0,80,80,00,00,1
139,268,B,01,00,DATA,00,01,113,0,0,80,80,00,00,1
140,268,A,00,5F,DATA,00,5F,114,0,0,80,80,00,00,1
141,268,B,01,00,DATA,00,01,115,0,0,80,80,00,00,1
142,268,A,00,07,DATA,00,07,116,0,0,80,80,00,00,1
143,268,B,01,00,DATA,00,01,117,0,0,80,80,00,00,1
144,268,A,00,17,DATA,00,17,118,0,0,80,80,00,00,1
145,268,B,01,00,DATA,00,01,119,0,0,80,80,00,00,1
146,268,A,00,07,DATA,00,07,120,0,0,80,80,00,00,1
147,268,B,01,00,DATA,00,01,121,0,0,80,80,00,00,1
148,268,A,00,07,DATA,00,07,122,0,0,80,80,00,00,1
149,268,B,01,00,DATA,00,01,123,0,0,80,80,00,00,1
150,268,A,00,03,DATA,00,03,124,0,0,80,80,00,00,1
151,268,B,01,00,DATA,00,01,125,0,0,80,80,00,00,1
152,268,A,00,17,DATA,00,17,126,0,0,80,80,00,00,1
153,268,B,01,00,DATA,00,01,127,0,0,80,80,00,00,1
154,268,A,00,87,DATA,00,87,128,0,0,80,80,00,00,1
155,268,B,80,00,DATA,00,80,129,0,0,80,80,00,00,1
156,268,A,00,D5,DATA,00,D5,130,0,0,80,80,00,00,1
157,268,B,80,00,DATA,00,80,131,0,0,80,80,00,00,1
158,268,A,00,90,DATA,00,90,132,0,0,80,80,00,00,1
159,268,B,80,00,DATA,00,80,133,0,0,80,80,00,00,1
160,268,A,00,84,DATA,00,84,134,0,0,80,80,00,00,1
161,268,B,F8,00,DATA,00,F8,135,0,0,80,80,00,00,1
162,268,A,00,E0,DATA,00,E0,136,0,0,80,80,00,00,1
163,268,B,F8,00,DATA,00,F8,137,0,0,80,80,00,00,1
164,268,A,00,D2,DATA,00,D2,138,0,0,80,80,00,00,1
165,268,B,FD,00,DATA,00,FD,139,0,0,80,80,00,00,1
166,268,A,00,A0,DATA,00,A0,140,0,0,80,80,00,00,1
167,268,B,FF,00,DATA,00,FF,141,0,0,80,80,00,00,1
168,268,A,00,82,DATA,00,82,142,0,0,80,80,00,00,1
169,268,B,FD,00,DATA,00,FD,143,0,0,80,80,00,00,1
170,268,A,00,37,DATA,00,37,144,0,0,80,80,00,00,1
171,268,B,00,00,DATA,00,00,145,0,0,80,80,00,00,1
172,268,A,00,66,DATA,00,66,146,0,0,80,80,00,00,1
173,268,B,11,00,DATA,00,11,147,0,0,80,80,00,00,1
174,268,A,00,90,DATA,00,90,148,0,0,80,80,00,00,1
175,268,B,00,00,DATA,00,00,149,0,0,80,80,00,00,1
176,268,A,00,B5,DATA,00,B5,150,0,0,80,80,00,00,1
177,268,B,40,00,DATA,00,40,151,0,0,80,80,00,00,1
178,268,A,00,70,DATA,00,70,152,0,0,80,80,00,00,1
179,268,B,00,00,DATA,00,00,153,0,0,80,80,00,00,1
180,268,A,00,AD,DATA,00,AD,154,0,0,80,80,00,00,1
181,268,B,50,00,DATA,00,50,155,0,0,80,80,00,00,1
182,268,A,00,FF,DATA,00,FF,156,0,0,80,80,00,00,1
183,268,B,00,00,DATA,00,00,157,0,0,80,80,00,00,1
184,268,A,00,FE,DATA,00,FE,158,0,0,80,80,00,00,1
185,268,B,01,00,DATA,00,01,159,0,0,80,80,00,00,1
186,268,A,00,88,DATA,00,88,160,0,0,80,80,00,00,1
187,268,B,70,00,DATA,00,70,161,0,0,80,80,00,00,1
188,268,A,00,AC,DATA,00,AC,162,0,0,80,80,00,00,1
189,268,B,50,00,DATA,00,50,163,0,0,80,80,00,00,1
190,268,A,00,F8,DATA,00,F8,164,0,0,80,80,00,00,1
191,268,B,00,00,DATA,00,00,165,0,0,80,80,00,00,1
192,268,A,00,74,DATA,00,74,166,0,0,80,80,00,00,1
193,268,B,00,00,DATA,00,00,167,0,0,80,80,00,00,1
194,268,A,00,00,DATA,00,00,168,0,0,80,80,00,00,1
195,268,B,00,00,DATA,00,00,169,0,0,80,80,00,00,1
196,268,A,00,F4,DATA,00,F4,170,0,0,80,80,00,00,1
197,268,B,00,00,DATA,00,00,171,0,0,80,80,00,00,1
198,268,A,00,60,DATA,00,60,172,0,0,80,80,00,00,1
199,268,B,80,00,DATA,00,80,173,0,0,80,80,00,00,1
200,268,A,00,B0,DATA,00,B0,174,0,0,80,80,00,00,1
201,268,B,40,00,DATA,00,40,175,0,0,80,80,00,00,1
202,268,A,00,07,DATA,00,07,176,0,0,80,80,00,00,1
203,268,B,01,00,DATA,00,01,177,0,0,80,80,00,00,1
204,268,A,00,07,DATA,00,07,178,0,0,80,80,00,00,1
205,268,B,01,00,DATA,00,01,179,0,0,80,80,00,00,1
206,268,A,00,03,DATA,00,03,180,0,0,80,80,00,00,1
207,268,B,01,00,DATA,00,01,181,0,0,80,80,00,00,1
208,268,A,00,07,DATA,00,07,182,0,0,80,80,00,00,1
209,268,B,01,00,DATA,00,01,183,0,0,80,80,00,00,1
210,268,A,00,03,DATA,00,03,184,0,0,80,80,00,00,1
211,268,B,01,00,DATA,00,01,185,0,0,80,80,00,00,1
212,268,A,00,07,DATA,00,07,186,0,0,80,80,00,00,1
213,268,B,01,00,DATA,00,01,187,0,0,80,80,00,00,1
214,268,A,00,03,DATA,00,03,188,0,0,80,80,00,00,1
215,268,B,01,00,DATA,00,01,189,0,0,80,80,00,00,1
216,268,A,00,01,DATA,00,01,190,0,0,80,80,00,00,1
217,268,B,01,00,DATA,00,01,191,0,0,80,80,00,00,1
218,268,A,00,FF,DATA,00,FF,192,0,0,80,80,00,00,1
219,268,B,80,00,DATA,00,80,193,0,0,80,80,00,00,1
220,268,A,00,AF,DATA,00,AF,194,0,0,80,80,00,00,1
221,268,B,D0,00,DATA,00,D0,195,0,0,80,80,00,00,1
222,268,A,00,BF,DATA,00,BF,196,0,0,80,80,00,00,1
223,268,B,C0,00,DATA,00,C0,197,0,0,80,80,00,00,1
224,268,A,00,FF,DATA,00,FF,198,0,0,80,80,00,00,1
225,268,B,FF,00,DATA,00,FF,199,0,0,80,80,00,00,1
226,268,A,00,00,DATA,00,00,200,0,0,80,80,00,00,1
227,268,B,00,00,DATA,00,00,201,0,0,80,80,00,00,1
228,268,A,00,00,DATA,00,00,202,0,0,80,80,00,00,1
229,268,B,00,00,DATA,00,00,203,0,0,80,80,00,00,1
230,268,A,00,00,DATA,00,00,204,0,0,80,80,00,00,1
231,268,B,00,00,DATA,00,00,205,0,0,80,80,00,00,1
232,268,A,00,00,DATA,00,00,206,0,0,80,80,00,00,1
233,268,B,00,00,DATA,00,00,207,0,0,80,80,00,00,1
234,268,A,00,63,DATA,00,63,208,0,0,80,80,00,00,1
235,268,B,00,00,DATA,00,00,209,0,0,80,80,00,00,1
236,268,A,00,69,DATA,00,69,210,0,0,80,80,00,00,1
237,268,B,04,00,DATA,00,04,211,0,0,80,80,00,00,1
238,268,A,00,0B,DATA,00,0B,212,0,0,80,80,00,00,1
239,268,B,04,00,DATA,00,04,213,0,0,80,80,00,00,1
240,268,A,00,FF,DATA,00,FF,214,0,0,80,80,00,00,1
241,268,B,FF,00,DATA,00,FF,215,0,0,80,80,00,00,1
242,268,A,00,00,DATA,00,00,216,0,0,80,80,00,00,1
243,268,B,00,00,DATA,00,00,217,0,0,80,80,00,00,1
244,268,A,00,00,DATA,00,00,218,0,0,80,80,00,00,1
245,268,B,00,00,DATA,00,00,219,0,0,80,80,00,00,1
246,268,A,00,00,DATA,00,00,220,0,0,80,80,00,00,1
247,268,B,00,00,DATA,00,00,221,0,0,80,80,00,00,1
248,268,A,00,00,DATA,00,00,222,0,0,80,80,00,00,1
249,268,B,00,00,DATA,00,00,223,0,0,80,80,00,00,1
250,268,A,00,F0,DATA,00,F0,224,0,0,80,80,00,00,1
251,268,B,00,00,DATA,00,00,225,0,0,80,80,00,00,1
252,268,A,00,A0,DATA,00,A0,226,0,0,80,80,00,00,1
253,268,B,50,00,DATA,00,50,227,0,0,80,80,00,00,1
254,268,A,00,F0,DATA,00,F0,228,0,0,80,80,00,00,1
255,268,B,00,00,DATA,00,00,229,0,0,80,80,00,00,1
256,268,A,00,FF,DATA,00,FF,230,0,0,80,80,00,00,1
257,268,B,FF,00,DATA,00,FF,231,0,0,80,80,00,00,1
258,268,A,00,00,DATA,00,00,232,0,0,80,80,00,00,1
259,268,B,00,00,DATA,00,00,233,0,0,80,80,00,00,1
260,268,A,00,00,DATA,00,00,234,0,0,80,80,00,00,1
261,268,B,00,00,DATA,00,00,235,0,0,80,80,00,00,1
262,268,A,00,00,DATA,00,00,236,0,0,80,80,00,00,1
263,268,B,00,00,DATA,00,00,237,0,0,80,80,00,00,1
264,268,A,00,00,DATA,00,00,238,0,0,80,80,00,00,1
265,268,B,00,00,DATA,00,00,239,0,0,80,80,00,00,1
266,268,A,00,01,DATA,00,01,240,0,0,80,80,00,00,1
267,268,B,01,00,DATA,00,01,241,0,0,80,80,00,00,1
268,268,A,00,11,DATA,00,11,242,0,0,80,80,00,00,1
269,268,B,01,00,DATA,00,01,243,0,0,80,80,00,00,1
270,268,A,00,01,DATA,00,01,244,0,0,80,80,00,00,1
271,268,B,01,00,DATA,00,01,245,0,0,80,80,00,00,1
272,268,A,00,FF,DATA,00,FF,246,0,0,80,80,00,00,1
273,268,B,FF,00,DATA,00,FF,247,0,0,80,80,00,00,1
274,268,A,00,00,DATA,00,00,248,0,0,80,80,00,00,1
275,268,B,00,00,DATA,00,00,249,0,0,80,80,00,00,1
276,268,A,00,00,DATA,00,00,250,0,0,80,80,00,00,1
277,268,B,00,00,DATA,00,00,251,0,0,80,80,00,00,1
278,268,A,00,00,DATA,00,00,252,0,0,80,80,00,00,1
279,268,B,00,00,DATA,00,00,253,0,0,80,80,00,00,1
280,268,A,00,00,DATA,00,00,254,0,0,80,80,00,00,1
281,268,B,00,00,DATA,00,00,255,0,0,80,80,00,00,1
282,268,A,00,FF,DATA,00,FF,256,0,0,80,80,00,00,1
283,268,B,FF,00,DATA,00,FF,257,0,0,80,80,00,00,1
284,268,A,00,B8,DATA,00,B8,258,0,0,80,80,00,00,1
285,268,B,C7,00,DATA,00,C7,259,0,0,80,80,00,00,1
286,268,A,00,F8,DATA,00,F8,260,0,0,80,80,00,00,1
287,268,B,87,00,DATA,00,87,261,0,0,80,80,00,00,1
288,268,A,00,E0,DATA,00,E0,262,0,0,80,80,00,00,1
289,268,B,9F,00,DATA,00,9F,263,0,0,80,80,00,00,1
290,268,A,00,F3,DATA,00,F3,264,0,0,80,80,00,00,1
291,268,B,8C,00,DATA,00,8C,265,0,0,80,80,00,00,1
292,268,A,00,E7,DATA,00,E7,266,0,0,80,80,00,00,1
293,268,B,98,00,DATA,00,98,267,0,0,80,80,00,00,1
294,268,A,00,F8,DATA,00,F8,268,0,0,80,80,00,00,1
295,268,B,80,00,DATA,00,80,269,0,0,80,80,00,00,1
296,268,A,00,ED,DATA,00,ED,270,0,0,80,80,00,00,1
297,268,B,90,00,DATA,00,90,271,0,0,80,80,00,00,1
298,268,A,00,FF,DATA,00,FF,272,0,0,80,80,00,00,1
299,268,B,FF,00,DATA,00,FF,273,0,0,80,80,00,00,1
300,268,A,00,11,DATA,00,11,274,0,0,80,80,00,00,1
301,268,B,FF,00,DATA,00,FF,275,0,0,80,80,00,00,1
302,268,A,00,00,DATA,00,00,276,0,0,80,80,00,00,1
303,268,B,FF,00,DATA,00,FF,277,0,0,80,80,00,00,1
304,268,A,00,28,DATA,00,28,278,0,0,80,80,00,00,1
305,268,B,D7,00,DATA,00,D7,279,0,0,80,80,00,00,1
306,268,A,00,F2,DATA,00,F2,280,0,0,80,80,00,00,1
307,268,B,01,00,DATA,00,01,281,0,0,80,80,00,00,1
308,268,A,00,57,DATA,00,57,282,0,0,80,80,00,00,1
309,268,B,00,00,DATA,00,00,283,0,0,80,80,00,00,1
310,268,A,00,01,DATA,00,01,284,0,0,80,80,00,00,1
311,268,B,00,00,DATA,00,00,285,0,0,80,80,00,00,1
312,268,A,00,55,DATA,00,55,286,0,0,80,80,00,00,1
313,268,B,00,00,DATA,00,00,287,0,0,80,80,00,00,1
314,268,A,00,FF,DATA,00,FF,288,0,0,80,80,00,00,1
315,268,B,FF,00,DATA,00,FF,289,0,0,80,80,00,00,1
316,268,A,00,5C,DATA,00,5C,290,0,0,80,80,00,00,1
317,268,B,FF,00,DATA,00,FF,291,0,0,80,80,00,00,1
318,268,A,00,20,DATA,00,20,292,0,0,80,80,00,00,1
319,268,B,FF,00,DATA,00,FF,293,0,0,80,80,00,00,1
320,268,A,00,54,DATA,00,54,294,0,0,80,80,00,00,1
321,268,B,FF,00,DATA,00,FF,295,0,0,80,80,00,00,1
322,268,A,00,00,DATA,00,00,296,0,0,80,80,00,00,1
323,268,B,FF,00,DATA,00,FF,297,0,0,80,80,00,00,1
324,268,A,00,95,DATA,00,95,298,0,0,80,80,00,00,1
325,268,B,7F,00,DATA,00,7F,299,0,0,80,80,00,00,1
326,268,A,00,C0,DATA,00,C0,300,0,0,80,80,00,00,1
327,268,B,3F,00,DATA,00,3F,301,0,0,80,80,00,00,1
328,268,A,00,E5,DATA,00,E5,302,0,0,80,80,00,00,1
329,268,B,1F,00,DATA,00,1F,303,0,0,80,80,00,00,1
330,268,A,00,FF,DATA,00,FF,304,0,0,80,80,00,00,1
331,268,B,FF,00,DATA,00,FF,305,0,0,80,80,00,00,1
332,268,A,00,57,DATA,00,57,306,0,0,80,80,00,00,1
333,268,B,01,00,DATA,00,01,307,0,0,80,80,00,00,1
334,268,A,00,C3,DATA,00,C3,308,0,0,80,80,00,00,1
335,268,B,01,00,DATA,00,01,309,0,0,80,80,00,00,1
336,268,A,00,55,DATA,00,55,310,0,0,80,80,00,00,1
337,268,B,81,00,DATA,00,81,311,0,0,80,80,00,00,1
338,268,A,00,41,DATA,00,41,312,0,0,80,80,00,00,1
339,268,B,81,00,DATA,00,81,313,0,0,80,80,00,00,1
340,268,A,00,55,DATA,00,55,314,0,0,80,80,00,00,1
341,268,B,81,00,DATA,00,81,315,0,0,80,80,00,00,1
342,268,A,00,41,DATA,00,41,316,0,0,80,80,00,00,1
343,268,B,81,00,DATA,00,81,317,0,0,80,80,00,00,1
344,268,A,00,15,DATA,00,15,318,0,0,80,80,00,00,1
345,268,B,C1,00,DATA,00,C1,319,0,0,80,80,00,00,1
346,268,A,00,F8,DATA,00,F8,320,0,0,80,80,00,00,1
347,268,B,80,00,DATA,00,80,321,0,0,80,80,00,00,1
348,268,A,00,FD,DATA,00,FD,322,0,0,80,80,00,00,1
349,268,B,80,00,DATA,00,80,323,0,0,80,80,00,00,1
350,268,A,00,C0,DATA,00,C0,324,0,0,80,80,00,00,1
351,268,B,80,00,DATA,00,80,325,0,0,80,80,00,00,1
352,268,A,00,F5,DATA,00,F5,326,0,0,80,80,00,00,1
353,268,B,80,00,DATA,00,80,327,0,0,80,80,00,00,1
354,268,A,00,C7,DATA,00,C7,328,0,0,80,80,00,00,1
355,268,B,80,00,DATA,00,80,329,0,0,80,80,00,00,1
356,268,A,00,F6,DATA,00,F6,330,0,0,80,80,00,00,1
357,268,B,81,00,DATA,00,81,331,0,0,80,80,00,00,1
358,268,A,00,C1,DATA,00,C1,332,0,0,80,80,00,00,1
359,268,B,80,00,DATA,00,80,333,0,0,80,80,00,00,1
360,268,A,00,F5,DATA,00,F5,334,0,0,80,80,00,00,1
361,268,B,80,00,DATA,00,80,335,0,0,80,80,00,00,1
362,268,A,00,00,DATA,00,00,336,0,0,80,80,00,00,1
363,268,B,00,00,DATA,00,00,337,0,0,80,80,00,00,1
364,268,A,00,57,DATA,00,57,338,0,0,80,80,00,00,1
365,268,B,00,00,DATA,00,00,339,0,0,80,80,00,00,1
366,268,A,00,0F,DATA,00,0F,340,0,0,80,80,00,00,1
367,268,B,00,00,DATA,00,00,341,0,0,80,80,00,00,1
368,268,A,00,5B,DATA,00,5B,342,0,0,80,80,00,00,1
369,268,B,04,00,DATA,00,04,343,0,0,80,80,00,00,1
370,268,A,00,9F,DATA,00,9F,344,0,0,80,80,00,00,1
371,268,B,00,00,DATA,00,00,345,0,0,80,80,00,00,1
372,268,A,00,DE,DATA,00,DE,346,0,0,80,80,00,00,1
373,268,B,01,00,DATA,00,01,347,0,0,80,80,00,00,1
374,268,A,00,48,DATA,00,48,348,0,0,80,80,00,00,1
375,268,B,80,00,DATA,00,80,349,0,0,80,80,00,00,1
376,268,A,00,D5,DATA,00,D5,350,0,0,80,80,00,00,1
377,268,B,00,00,DATA,00,00,351,0,0,80,80,00,00,1
378,268,A,00,70,DATA,00,70,352,0,0,80,80,00,00,1
379,268,B,0F,00,DATA,00,0F,353,0,0,80,80,00,00,1
380,268,A,00,F8,DATA,00,F8,354,0,0,80,80,00,00,1
381,268,B,07,00,DATA,00,07,355,0,0,80,80,00,00,1
382,268,A,00,FF,DATA,00,FF,356,0,0,80,80,00,00,1
383,268,B,00,00,DATA,00,00,357,0,0,80,80,00,00,1
384,268,A,00,F7,DATA,00,F7,358,0,0,80,80,00,00,1
385,268,B,00,00,DATA,00,00,359,0,0,80,80,00,00,1
386,268,A,00,C7,DATA,00,C7,360,0,0,80,80,00,00,1
387,268,B,00,00,DATA,00,00,361,0,0,80,80,00,00,1
388,268,A,00,D7,DATA,00,D7,362,0,0,80,80,00,00,1
389,268,B,00,00,DATA,00,00,363,0,0,80,80,00,00,1
390,268,A,00,07,DATA,00,07,364,0,0,80,80,00,00,1
391,268,B,00,00,DATA,00,00,365,0,0,80,80,00,00,1
392,268,A,00,56,DATA,00,56,366,0,0,80,80,00,00,1
393,268,B,01,00,DATA,00,01,367,0,0,80,80,00,00,1
394,268,A,00,E1,DATA,00,E1,368,0,0,80,80,00,00,1
395,268,B,01,00,DATA,00,01,369,0,0,80,80,00,00,1
396,268,A,00,95,DATA,00,95,370,0,0,80,80,00,00,1
397,268,B,41,00,DATA,00,41,371,0,0,80,80,00,00,1
398,268,A,00,C1,DATA,00,C1,372,0,0,80,80,00,00,1
399,268,B,01,00,DATA,00,01,373,0,0,80,80,00,00,1
400,268,A,00,B5,DATA,00,B5,374,0,0,80,80,00,00,1
401,268,B,41,00,DATA,00,41,375,0,0,80,80,00,00,1
402,268,A,00,FD,DATA,00,FD,376,0,0,80,80,00,00,1
403,268,B,01,00,DATA,00,01,377,0,0,80,80,00,00,1
404,268,A,00,BD,DATA,00,BD,378,0,0,80,80,00,00,1
405,268,B,41,00,DATA,00,41,379,0,0,80,80,00,00,1
406,268,A,00,F9,DATA,00,F9,380,0,0,80,80,00,00,1
407,268,B,01,00,DATA,00,01,381,0,0,80,80,00,00,1
408,268,A,00,D5,DATA,00,D5,382,0,0,80,80,00,00,1
409,268,B,01,00,DATA,00,01,383,0,0,80,80,00,00,1
410,268,A,00,E0,DATA,00,E0,384,0,0,80,80,00,00,1
411,268,B,80,00,DATA,00,80,385,0,0,80,80,00,00,1
412,268,A,00,B5,DATA,00,B5,386,0,0,80,80,00,00,1
413,268,B,C0,00,DATA,00,C0,387,0,0,80,80,00,00,1
414,268,A,00,80,DATA,00,80,388,0,0,80,80,00,00,1
415,268,B,E0,00,DATA,00,E0,389,0,0,80,80,00,00,1
416,268,A,00,D5,DATA,00,D5,390,0,0,80,80,00,00,1
417,268,B,E0,00,DATA,00,E0,391,0,0,80,80,00,00,1
418,268,A,00,90,DATA,00,90,392,0,0,80,80,00,00,1
419,268,B,E0,00,DATA,00,E0,393,0,0,80,80,00,00,1
420,268,A,00,D5,DATA,00,D5,394,0,0,80,80,00,00,1
421,268,B,E0,00,DATA,00,E0,395,0,0,80,80,00,00,1
422,268,A,00,98,DATA,00,98,396,0,0,80,80,00,00,1
423,268,B,E0,00,DATA,00,E0,397,0,0,80,80,00,00,1
424,268,A,00,C5,DATA,00,C5,398,0,0,80,80,00,00,1
425,268,B,F0,00,DATA,00,F0,399,0,0,80,80,00,00,1
426,268,A,00,00,DATA,00,00,400,0,0,80,80,00,00,1
427,268,B,00,00,DATA,00,00,401,0,0,80,80,00,00,1
428,268,A,00,57,DATA,00,57,402,0,0,80,80,00,00,1
429,268,B,00,00,DATA,00,00,403,0,0,80,80,00,00,1
430,268,A,00,1F,DATA,00,1F,404,0,0,80,80,00,00,1
431,268,B,00,00,DATA,00,00,405,0,0,80,80,00,00,1
432,268,A,00,57,DATA,00,57,406,0,0,80,80,00,00,1
433,268,B,00,00,DATA,00,00,407,0,0,80,80,00,00,1
434,268,A,00,03,DATA,00,03,408,0,0,80,80,00,00,1
435,268,B,00,00,DATA,00,00,409,0,0,80,80,00,00,1
436,268,A,00,55,DATA,00,55,410,0,0,80,80,00,00,1
437,268,B,00,00,DATA,00,00,411,0,0,80,80,00,00,1
438,268,A,00,01,DATA,00,01,412,0,0,80,80,00,00,1
439,268,B,00,00,DATA,00,00,413,0,0,80,80,00,00,1
440,268,A,00,55,DATA,00,55,414,0,0,80,80,00,00,1
441,268,B,00,00,DATA,00,00,415,0,0,80,80,00,00,1
442,268,A,00,03,DATA,00,03,416,0,0,80,80,00,00,1
443,268,B,00,00,DATA,00,00,417,0,0,80,80,00,00,1
444,268,A,00,57,DATA,00,57,418,0,0,80,80,00,00,1
445,268,B,00,00,DATA,00,00,419,0,0,80,80,00,00,1
446,268,A,00,87,DATA,00,87,420,0,0,80,80,00,00,1
447,268,B,00,00,DATA,00,00,421,0,0,80,80,00,00,1
448,268,A,00,FF,DATA,00,FF,422,0,0,80,80,00,00,1
449,268,B,00,00,DATA,00,00,423,0,0,80,80,00,00,1
450,268,A,00,FF,DATA,00,FF,424,0,0,80,80,00,00,1
451,268,B,00,00,DATA,00,00,425,0,0,80,80,00,00,1
452,268,A,00,FF,DATA,00,FF,426,0,0,80,80,00,00,1
453,268,B,00,00,DATA,00,00,427,0,0,80,80,00,00,1
454,268,A,00,FF,DATA,00,FF,428,0,0,80,80,00,00,1
455,268,B,00,00,DATA,00,00,429,0,0,80,80,00,00,1
456,268,A,00,FF,DATA,00,FF,430,0,0,80,80,00,00,1
457,268,B,00,00,DATA,00,00,431,0,0,80,80,00,00,1
458,268,A,00,81,DATA,00,81,432,0,0,80,80,00,00,1
459,268,B,01,00,DATA,00,01,433,0,0,80,80,00,00,1
460,268,A,00,D5,DATA,00,D5,434,0,0,80,80,00,00,1
461,268,B,01,00,DATA,00,01,435,0,0,80,80,00,00,1
462,268,A,00,81,DATA,00,81,436,0,0,80,80,00,00,1
463,268,B,01,00,DATA,00,01,437,0,0,80,80,00,00,1
464,268,A,00,D5,DATA,00,D5,438,0,0,80,80,00,00,1
465,268,B,01,00,DATA,00,01,439,0,0,80,80,00,00,1
466,268,A,00,F1,DATA,00,F1,440,0,0,80,80,00,00,1
467,268,B,01,00,DATA,00,01,441,0,0,80,80,00,00,1
468,268,A,00,FD,DATA,00,FD,442,0,0,80,80,00,00,1
469,268,B,01,00,DATA,00,01,443,0,0,80,80,00,00,1
470,268,A,00,F9,DATA,00,F9,444,0,0,80,80,00,00,1
471,268,B,01,00,DATA,00,01,445,0,0,80,80,00,00,1
472,268,A,00,F5,DATA,00,F5,446,0,0,80,80,00,00,1
473,268,B,01,00,DATA,00,01,447,0,0,80,80,00,00,1
474,268,A,00,90,DATA,00,90,448,0,0,80,80,00,00,1
475,268,B,E0,00,DATA,00,E0,449,0,0,80,80,00,00,1
476,268,A,00,D5,DATA,00,D5,450,0,0,80,80,00,00,1
477,268,B,E0,00,DATA,00,E0,451,0,0,80,80,00,00,1
478,268,A,00,91,DATA,00,91,452,0,0,80,80,00,00,1
479,268,B,E0,00,DATA,00,E0,453,0,0,80,80,00,00,1
480,268,A,00,FF,DATA,00,FF,454,0,0,80,80,00,00,1
481,268,B,FF,00,DATA,00,FF,455,0,0,80,80,00,00,1
482,268,A,00,00,DATA,00,00,456,0,0,80,80,00,00,1
483,268,B,00,00,DATA,00,00,457,0,0,80,80,00,00,1
484,268,A,00,00,DATA,00,00,458,0,0,80,80,00,00,1
485,268,B,00,00,DATA,00,00,459,0,0,80,80,00,00,1
486,268,A,00,00,DATA,00,00,460,0,0,80,80,00,00,1
487,268,B,00,00,DATA,00,00,461,0,0,80,80,00,00,1
488,268,A,00,00,DATA,00,00,462,0,0,80,80,00,00,1
489,268,B,00,00,DATA,00,00,463,0,0,80,80,00,00,1
490,268,A,00,E2,DATA,00,E2,464,0,0,80,80,00,00,1
491,268,B,00,00,DATA,00,00,465,0,0,80,80,00,00,1
492,268,A,00,AD,DATA,00,AD,466,0,0,80,80,00,00,1
493,268,B,50,00,DATA,00,50,467,0,0,80,80,00,00,1
494,268,A,00,FF,DATA,00,FF,468,0,0,80,80,00,00,1
495,268,B,00,00,DATA,00,00,469,0,0,80,80,00,00,1
496,268,A,00,FF,DATA,00,FF,470,0,0,80,80,00,00,1
497,268,B,FF,00,DATA,00,FF,471,0,0,80,80,00,00,1
498,268,A,00,00,DATA,00,00,472,0,0,80,80,00,00,1
499,268,B,00,00,DATA,00,00,473,0,0,80,80,00,00,1
500,268,A,00,00,DATA,00,00,474,0,0,80,80,00,00,1
501,268,B,00,00,DATA,00,00,475,0,0,80,80,00,00,1
502,268,A,00,00,DATA,00,00,476,0,0,80,80,00,00,1
503,268,B,00,00,DATA,00,00,477,0,0,80,80,00,00,1
504,268,A,00,00,DATA,00,00,478,0,0,80,80,00,00,1
505,268,B,00,00,DATA,00,00,479,0,0,80,80,00,00,1
506,268,A,00,FE,DATA,00,FE,480,0,0,80,80,00,00,1
507,268,B,00,00,DATA,00,00,481,0,0,80,80,00,00,1
508,268,A,00,AF,DATA,00,AF,482,0,0,80,80,00,00,1
509,268,B,50,00,DATA,00,50,483,0,0,80,80,00,00,1
510,268,A,00,FA,DATA,00,FA,484,0,0,80,80,00,00,1
511,268,B,00,00,DATA,00,00,485,0,0,80,80,00,00,1
512,268,A,00,FF,DATA,00,FF,486,0,0,80,80,00,00,1
513,268,B,FF,00,DATA,00,FF,487,0,0,80,80,00,00,1
514,268,A,00,00,DATA,00,00,488,0,0,80,80,00,00,1
515,268,B,00,00,DATA,00,00,489,0,0,80,80,00,00,1
516,268,A,00,00,DATA,00,00,490,0,0,80,80,00,00,1
517,268,B,00,00,DATA,00,00,491,0,0,80,80,00,00,1
518,268,A,00,00,DATA,00,00,492,0,0,80,80,00,00,1
519,268,B,00,00,DATA,00,00,493,0,0,80,80,00,00,1
520,268,A,00,00,DATA,00,00,494,0,0,80,80,00,00,1
521,268,B,00,00,DATA,00,00,495,0,0,80,80,00,00,1
522,268,A,00,E1,DATA,00,E1,496,0,0,80,80,00,00,1
523,268,B,01,00,DATA,00,01,497,0,0,80,80,00,00,1
524,268,A,00,F5,DATA,00,F5,498,0,0,80,80,00,00,1
525,268,B,01,00,DATA,00,01,499,0,0,80,80,00,00,1
526,268,A,00,21,DATA,00,21,500,0,0,80,80,00,00,1
527,268,B,01,00,DATA,00,01,501,0,0,80,80,00,00,1
528,268,A,00,FF,DATA,00,FF,502,0,0,80,80,00,00,1
529,268,B,FF,00,DATA,00,FF,503,0,0,80,80,00,00,1
530,268,A,00,00,DATA,00,00,504,0,0,80,80,00,00,1
531,268,B,00,00,DATA,00,00,505,0,0,80,80,00,00,1
532,268,A,00,00,DATA,00,00,506,0,0,80,80,00,00,1
533,268,B,00,00,DATA,00,00,507,0,0,80,80,00,00,1
534,268,A,00,00,DATA,00,00,508,0,0,80,80,00,00,1
535,268,B,00,00,DATA,00,00,509,0,0,80,80,00,00,1
536,268,A,00,00,DATA,00,00,510,0,0,80,80,00,00,1
537,268,B,00,00,DATA,00,00,511,0,0,80,80,00,00,1
538,268,A,00,FF,DATA,00,FF,512,0,0,80,80,00,00,1
539,268,B,FF,00,DATA,00,FF,513,0,0,80,80,00,00,1
540,268,A,00,C0,DATA,00,C0,514,0,0,80,80,00,00,1
541,268,B,80,00,DATA,00,80,515,0,0,80,80,00,00,1
542,268,A,00,C0,DATA,00,C0,516,0,0,80,80,00,00,1
543,268,B,80,00,DATA,00,80,517,0,0,80,80,00,00,1
544,268,A,00,C1,DATA,00,C1,518,0,0,80,80,00,00,1
545,268,B,80,00,DATA,00,80,519,0,0,80,80,00,00,1
546,268,A,00,80,DATA,00,80,520,0,0,80,80,00,00,1
547,268,B,80,00,DATA,00,80,521,0,0,80,80,00,00,1
548,268,A,00,C5,DATA,00,C5,522,0,0,80,80,00,00,1
549,268,B,80,00,DATA,00,80,523,0,0,80,80,00,00,1
550,268,A,00,80,DATA,00,80,524,0,0,80,80,00,00,1
551,268,B,80,00,DATA,00,80,525,0,0,80,80,00,00,1
552,268,A,00,85,DATA,00,85,526,0,0,80,80,00,00,1
553,268,B,80,00,DATA,00,80,527,0,0,80,80,00,00,1
554,268,A,00,FF,DATA,00,FF,528,0,0,80,80,00,00,1
555,268,B,FF,00,DATA,00,FF,529,0,0,80,80,00,00,1
556,268,A,00,55,DATA,00,55,530,0,0,80,80,00,00,1
557,268,B,00,00,DATA,00,00,531,0,0,80,80,00,00,1
558,268,A,00,01,DATA,00,01,532,0,0,80,80,00,00,1
559,268,B,00,00,DATA,00,00,533,0,0,80,80,00,00,1
560,268,A,00,5F,DATA,00,5F,534,0,0,80,80,00,00,1
561,268,B,00,00,DATA,00,00,535,0,0,80,80,00,00,1
562,268,A,00,0F,DATA,00,0F,536,0,0,80,80,00,00,1
563,268,B,00,00,DATA,00,00,537,0,0,80,80,00,00,1
564,268,A,00,5F,DATA,00,5F,538,0,0,80,80,00,00,1
565,268,B,00,00,DATA,00,00,539,0,0,80,80,00,00,1
566,268,A,00,0F,DATA,00,0F,540,0,0,80,80,00,00,1
567,268,B,00,00,DATA,00,00,541,0,0,80,80,00,00,1
568,268,A,00,5A,DATA,00,5A,542,0,0,80,80,00,00,1
569,268,B,05,00,DATA,00,05,543,0,0,80,80,00,00,1
570,268,A,00,FF,DATA,00,FF,544,0,0,80,80,00,00,1
571,268,B,FF,00,DATA,00,FF,545,0,0,80,80,00,00,1
572,268,A,00,D5,DATA,00,D5,546,0,0,80,80,00,00,1
573,268,B,00,00,DATA,00,00,547,0,0,80,80,00,00,1
574,268,A,00,C0,DATA,00,C0,548,0,0,80,80,00,00,1
575,268,B,00,00,DATA,00,00,549,0,0,80,80,00,00,1
576,268,A,00,B5,DATA,00,B5,550,0,0,80,80,00,00,1
577,268,B,40,00,DATA,00,40,551,0,0,80,80,00,00,1
578,268,A,00,FC,DATA,00,FC,552,0,0,80,80,00,00,1
579,268,B,00,00,DATA,00,00,553,0,0,80,80,00,00,1
580,268,A,00,AD,DATA,00,AD,554,0,0,80,80,00,00,1
581,268,B,50,00,DATA,00,50,555,0,0,80,80,00,00,1
582,268,A,00,FF,DATA,00,FF,556,0,0,80,80,00,00,1
583,268,B,00,00,DATA,00,00,557,0,0,80,80,00,00,1
584,268,A,00,AB,DATA,00,AB,558,0,0,80,80,00,00,1
585,268,B,54,00,DATA,00,54,559,0,0,80,80,00,00,1
586,268,A,00,FF,DATA,00,FF,560,0,0,80,80,00,00,1
587,268,B,FF,00,DATA,00,FF,561,0,0,80,80,00,00,1
588,268,A,00,45,DATA,00,45,562,0,0,80,80,00,00,1
589,268,B,01,00,DATA,00,01,563,0,0,80,80,00,00,1
590,268,A,00,01,DATA,00,01,564,0,0,80,80,00,00,1
591,268,B,01,00,DATA,00,01,565,0,0,80,80,00,00,1
592,268,A,00,55,DATA,00,55,566,0,0,80,80,00,00,1
593,268,B,01,00,DATA,00,01,567,0,0,80,80,00,00,1
594,268,A,00,01,DATA,00,01,568,0,0,80,80,00,00,1
595,268,B,01,00,DATA,00,01,569,0,0,80,80,00,00,1
596,268,A,00,55,DATA,00,55,570,0,0,80,80,00,00,1
597,268,B,01,00,DATA,00,01,571,0,0,80,80,00,00,1
598,268,A,00,E1,DATA,00,E1,572,0,0,80,80,00,00,1
599,268,B,01,00,DATA,00,01,573,0,0,80,80,00,00,1
600,268,A,00,B5,DATA,00,B5,574,0,0,80,80,00,00,1
601,268,B,41,00,DATA,00,41,575,0,0,80,80,00,00,1
602,268,A,00,80,DATA,00,80,576,0,0,80,80,00,00,1
603,268,B,80,00,DATA,00,80,577,0,0,80,80,00,00,1
604,268,A,00,85,DATA,00,85,578,0,0,80,80,00,00,1
605,268,B,80,00,DATA,00,80,579,0,0,80,80,00,00,1
606,268,A,00,80,DATA,00,80,580,0,0,80,80,00,00,1
607,268,B,80,00,DATA,00,80,581,0,0,80,80,00,00,1
608,268,A,00,81,DATA,00,81,582,0,0,80,80,00,00,1
609,268,B,80,00,DATA,00,80,583,0,0,80,80,00,00,1
610,268,A,00,80,DATA,00,80,584,0,0,80,80,00,00,1
611,268,B,80,00,DATA,00,80,585,0,0,80,80,00,00,1
612,268,A,00,80,DATA,00,80,586,0,0,80,80,00,00,1
613,268,B,80,00,DATA,00,80,587,0,0,80,80,00,00,1
614,268,A,00,80,DATA,00,80,588,0,0,80,80,00,00,1
615,268,B,80,00,DATA,00,80,589,0,0,80,80,00,00,1
616,268,A,00,94,DATA,00,94,590,0,0,80,80,00,00,1
617,268,B,80,00,DATA,00,80,591,0,0,80,80,00,00,1
618,268,A,00,1B,DATA,00,1B,592,0,0,80,80,00,00,1
619,268,B,04,00,DATA,00,04,593,0,0,80,80,00,00,1
620,268,A,00,5A,DATA,00,5A,594,0,0,80,80,00,00,1
621,268,B,05,00,DATA,00,05,595,0,0,80,80,00,00,1
622,268,A,00,0F,DATA,00,0F,596,0,0,80,80,00,00,1
623,268,B,00,00,DATA,00,00,597,0,0,80,80,00,00,1
624,268,A,00,16,DATA,00,16,598,0,0,80,80,00,00,1
625,268,B,01,00,DATA,00,01,599,0,0,80,80,00,00,1
626,268,A,00,03,DATA,00,03,600,0,0,80,80,00,00,1
627,268,B,00,00,DATA,00,00,601,0,0,80,80,00,00,1
628,268,A,00,05,DATA,00,05,602,0,0,80,80,00,00,1
629,268,B,00,00,DATA,00,00,603,0,0,80,80,00,00,1
630,268,A,00,00,DATA,00,00,604,0,0,80,80,00,00,1
631,268,B,00,00,DATA,00,00,605,0,0,80,80,00,00,1
632,268,A,00,01,DATA,00,01,606,0,0,80,80,00,00,1
633,268,B,00,00,DATA,00,00,607,0,0,80,80,00,00,1
634,268,A,00,FF,DATA,00,FF,608,0,0,80,80,00,00,1
635,268,B,00,00,DATA,00,00,609,0,0,80,80,00,00,1
636,268,A,00,8B,DATA,00,8B,610,0,0,80,80,00,00,1
637,268,B,74,00,DATA,00,74,611,0,0,80,80,00,00,1
638,268,A,00,FF,DATA,00,FF,612,0,0,80,80,00,00,1
639,268,B,00,00,DATA,00,00,613,0,0,80,80,00,00,1
640,268,A,00,8A,DATA,00,8A,614,0,0,80,80,00,00,1
641,268,B,75,00,DATA,00,75,615,0,0,80,80,00,00,1
642,268,A,00,07,DATA,00,07,616,0,0,80,80,00,00,1
643,268,B,F8,00,DATA,00,F8,617,0,0,80,80,00,00,1
644,268,A,00,80,DATA,00,80,618,0,0,80,80,00,00,1
645,268,B,7F,00,DATA,00,7F,619,0,0,80,80,00,00,1
646,268,A,00,F0,DATA,00,F0,620,0,0,80,80,00,00,1
647,268,B,0F,00,DATA,00,0F,621,0,0,80,80,00,00,1
648,268,A,00,A0,DATA,00,A0,622,0,0,80,80,00,00,1
649,268,B,5F,00,DATA,00,5F,623,0,0,80,80,00,00,1
650,268,A,00,F9,DATA,00,F9,624,0,0,80,80,00,00,1
651,268,B,01,00,DATA,00,01,625,0,0,80,80,00,00,1
652,268,A,00,BD,DATA,00,BD,626,0,0,80,80,00,00,1
653,268,B,41,00,DATA,00,41,627,0,0,80,80,00,00,1
654,268,A,00,F9,DATA,00,F9,628,0,0,80,80,00,00,1
655,268,B,01,00,DATA,00,01,629,0,0,80,80,00,00,1
656,268,A,00,AD,DATA,00,AD,630,0,0,80,80,00,00,1
657,268,B,51,00,DATA,00,51,631,0,0,80,80,00,00,1
658,268,A,00,FD,DATA,00,FD,632,0,0,80,80,00,00,1
659,268,B,01,00,DATA,00,01,633,0,0,80,80,00,00,1
660,268,A,00,2D,DATA,00,2D,634,0,0,80,80,00,00,1
661,268,B,D1,00,DATA,00,D1,635,0,0,80,80,00,00,1
662,268,A,00,79,DATA,00,79,636,0,0,80,80,00,00,1
663,268,B,81,00,DATA,00,81,637,0,0,80,80,00,00,1
664,268,A,00,FD,DATA,00,FD,638,0,0,80,80,00,00,1
665,268,B,01,00,DATA,00,01,639,0,0,80,80,00,00,1
666,268,A,00,84,DATA,00,84,640,0,0,80,80,00,00,1
667,268,B,80,00,DATA,00,80,641,0,0,80,80,00,00,1
668,268,A,00,DD,DATA,00,DD,642,0,0,80,80,00,00,1
669,268,B,80,00,DATA,00,80,643,0,0,80,80,00,00,1
670,268,A,00,BE,DATA,00,BE,644,0,0,80,80,00,00,1
671,268,B,80,00,DATA,00,80,645,0,0,80,80,00,00,1
672,268,A,00,FB,DATA,00,FB,646,0,0,80,80,00,00,1
673,268,B,84,00,DATA,00,84,647,0,0,80,80,00,00,1
674,268,A,00,FD,DATA,00,FD,648,0,0,80,80,00,00,1
675,268,B,82,00,DATA,00,82,649,0,0,80,80,00,00,1
676,268,A,00,F8,DATA,00,F8,650,0,0,80,80,00,00,1
677,268,B,87,00,DATA,00,87,651,0,0,80,80,00,00,1
678,268,A,00,F8,DATA,00,F8,652,0,0,80,80,00,00,1
679,268,B,87,00,DATA,00,87,653,0,0,80,80,00,00,1
680,268,A,00,A8,DATA,00,A8,654,0,0,80,80,00,00,1
681,268,B,D7,00,DATA,00,D7,655,0,0,80,80,00,00,1
682,268,A,00,00,DATA,00,00,656,0,0,80,80,00,00,1
683,268,B,00,00,DATA,00,00,657,0,0,80,80,00,00,1
684,268,A,00,01,DATA,00,01,658,0,0,80,80,00,00,1
685,268,B,00,00,DATA,00,00,659,0,0,80,80,00,00,1
686,268,A,00,00,DATA,00,00,660,0,0,80,80,00,00,1
687,268,B,00,00,DATA,00,00,661,0,0,80,80,00,00,1
688,268,A,00,51,DATA,00,51,662,0,0,80,80,00,00,1
689,268,B,00,00,DATA,00,00,663,0,0,80,80,00,00,1
690,268,A,00,80,DATA,00,80,664,0,0,80,80,00,00,1
691,268,B,00,00,DATA,00,00,665,0,0,80,80,00,00,1
692,268,A,00,B5,DATA,00,B5,666,0,0,80,80,00,00,1
693,268,B,40,00,DATA,00,40,667,0,0,80,80,00,00,1
694,268,A,00,E0,DATA,00,E0,668,0,0,80,80,00,00,1
695,268,B,00,00,DATA,00,00,669,0,0,80,80,00,00,1
696,268,A,00,B6,DATA,00,B6,670,0,0,80,80,00,00,1
697,268,B,41,00,DATA,00,41,671,0,0,80,80,00,00,1
698,268,A,00,FC,DATA,00,FC,672,0,0,80,80,00,00,1
699,268,B,03,00,DATA,00,03,673,0,0,80,80,00,00,1
700,268,A,00,6B,DATA,00,6B,674,0,0,80,80,00,00,1
701,268,B,14,00,DATA,00,14,675,0,0,80,80,00,00,1
702,268,A,00,7F,DATA,00,7F,676,0,0,80,80,00,00,1
703,268,B,00,00,DATA,00,00,677,0,0,80,80,00,00,1
704,268,A,00,EB,DATA,00,EB,678,0,0,80,80,00,00,1
705,268,B,14,00,DATA,00,14,679,0,0,80,80,00,00,1
706,268,A,00,7F,DATA,00,7F,680,0,0,80,80,00,00,1
707,268,B,00,00,DATA,00,00,681,0,0,80,80,00,00,1
708,268,A,00,FB,DATA,00,FB,682,0,0,80,80,00,00,1
709,268,B,04,00,DATA,00,04,683,0,0,80,80,00,00,1
710,268,A,00,FF,DATA,00,FF,684,0,0,80,80,00,00,1
711,268,B,00,00,DATA,00,00,685,0,0,80,80,00,00,1
712,268,A,00,AB,DATA,00,AB,686,0,0,80,80,00,00,1
713,268,B,54,00,DATA,00,54,687,0,0,80,80,00,00,1
714,268,A,00,B1,DATA,00,B1,688,0,0,80,80,00,00,1
715,268,B,01,00,DATA,00,01,689,0,0,80,80,00,00,1
716,268,A,00,75,DATA,00,75,690,0,0,80,80,00,00,1
717,268,B,01,00,DATA,00,01,691,0,0,80,80,00,00,1
718,268,A,00,C1,DATA,00,C1,692,0,0,80,80,00,00,1
719,268,B,01,00,DATA,00,01,693,0,0,80,80,00,00,1
720,268,A,00,D5,DATA,00,D5,694,0,0,80,80,00,00,1
721,268,B,01,00,DATA,00,01,695,0,0,80,80,00,00,1
722,268,A,00,01,DATA,00,01,696,0,0,80,80,00,00,1
723,268,B,01,00,DATA,00,01,697,0,0,80,80,00,00,1
724,268,A,00,57,DATA,00,57,698,0,0,80,80,00,00,1
725,268,B,01,00,DATA,00,01,699,0,0,80,80,00,00,1
726,268,A,00,0F,DATA,00,0F,700,0,0,80,80,00,00,1
727,268,B,01,00,DATA,00,01,701,0,0,80,80,00,00,1
728,268,A,00,F9,DATA,00,F9,702,0,0,80,80,00,00,1
729,268,B,07,00,DATA,00,07,703,0,0,80,80,00,00,1
730,268,A,00,FF,DATA,00,FF,704,0,0,80,80,00,00,1
731,268,B,80,00,DATA,00,80,705,0,0,80,80,00,00,1
732,268,A,00,AB,DATA,00,AB,706,0,0,80,80,00,00,1
733,268,B,D4,00,DATA,00,D4,707,0,0,80,80,00,00,1
734,268,A,00,FF,DATA,00,FF,708,0,0,80,80,00,00,1
735,268,B,80,00,DATA,00,80,709,0,0,80,80,00,00,1
736,268,A,00,FF,DATA,00,FF,710,0,0,80,80,00,00,1
737,268,B,FF,00,DATA,00,FF,711,0,0,80,80,00,00,1
738,268,A,00,00,DATA,00,00,712,0,0,80,80,00,00,1
739,268,B,00,00,DATA,00,00,713,0,0,80,80,00,00,1
740,268,A,00,00,DATA,00,00,714,0,0,80,80,00,00,1
741,268,B,00,00,DATA,00,00,715,0,0,80,80,00,00,1
742,268,A,00,00,DATA,00,00,716,0,0,80,80,00,00,1
743,268,B,00,00,DATA,00,00,717,0,0,80,80,00,00,1
744,268,A,00,00,DATA,00,00,718,0,0,80,80,00,00,1
745,268,B,00,00,DATA,00,00,719,0,0,80,80,00,00,1
746,268,A,00,FD,DATA,00,FD,720,0,0,80,80,00,00,1
747,268,B,02,00,DATA,00,02,721,0,0,80,80,00,00,1
748,268,A,00,FA,DATA,00,FA,722,0,0,80,80,00,00,1
749,268,B,05,00,DATA,00,05,723,0,0,80,80,00,00,1
750,268,A,00,FF,DATA,00,FF,724,0,0,80,80,00,00,1
751,268,B,00,00,DATA,00,00,725,0,0,80,80,00,00,1
752,268,A,00,FF,DATA,00,FF,726,0,0,80,80,00,00,1
753,268,B,FF,00,DATA,00,FF,727,0,0,80,80,00,00,1
754,268,A,00,00,DATA,00,00,728,0,0,80,80,00,00,1
755,268,B,00,00,DATA,00,00,729,0,0,80,80,00,00,1
756,268,A,00,00,DATA,00,00,730,0,0,80,80,00,00,1
757,268,B,00,00,DATA,00,00,731,0,0,80,80,00,00,1
758,268,A,00,00,DATA,00,00,732,0,0,80,80,00,00,1
759,268,B,00,00,DATA,00,00,733,0,0,80,80,00,00,1
760,268,A,00,00,DATA,00,00,734,0,0,80,80,00,00,1
761,268,B,00,00,DATA,00,00,735,0,0,80,80,00,00,1
762,268,A,00,AF,DATA,00,AF,736,0,0,80,80,00,00,1
763,268,B,50,00,DATA,00,50,737,0,0,80,80,00,00,1
764,268,A,00,4A,DATA,00,4A,738,0,0,80,80,00,00,1
765,268,B,F5,00,DATA,00,F5,739,0,0,80,80,00,00,1
766,268,A,00,8B,DATA,00,8B,740,0,0,80,80,00,00,1
767,268,B,74,00,DATA,00,74,741,0,0,80,80,00,00,1
768,268,A,00,FF,DATA,00,FF,742,0,0,80,80,00,00,1
769,268,B,FF,00,DATA,00,FF,743,0,0,80,80,00,00,1
770,268,A,00,00,DATA,00,00,744,0,0,80,80,00,00,1
771,268,B,00,00,DATA,00,00,745,0,0,80,80,00,00,1
772,268,A,00,00,DATA,00,00,746,0,0,80,80,00,00,1
773,268,B,00,00,DATA,00,00,747,0,0,80,80,00,00,1
774,268,A,00,00,DATA,00,00,748,0,0,80,80,00,00,1
775,268,B,00,00,DATA,00,00,749,0,0,80,80,00,00,1
776,268,A,00,00,DATA,00,00,750,0,0,80,80,00,00,1
777,268,B,00,00,DATA,00,00,751,0,0,80,80,00,00,1
778,268,A,00,F1,DATA,00,F1,752,0,0,80,80,00,00,1
779,268,B,0F,00,DATA,00,0F,753,0,0,80,80,00,00,1
780,268,A,00,FB,DATA,00,FB,754,0,0,80,80,00,00,1
781,268,B,05,00,DATA,00,05,755,0,0,80,80,00,00,1
782,268,A,00,FF,DATA,00,FF,756,0,0,80,80,00,00,1
783,268,B,01,00,DATA,00,01,757,0,0,80,80,00,00,1
784,268,A,00,FF,DATA,00,FF,758,0,0,80,80,00,00,1
785,268,B,FF,00,DATA,00,FF,759,0,0,80,80,00,00,1
786,268,A,00,00,DATA,00,00,760,0,0,80,80,00,00,1
787,268,B,00,00,DATA,00,00,761,0,0,80,80,00,00,1
788,268,A,00,00,DATA,00,00,762,0,0,80,80,00,00,1
789,268,B,00,00,DATA,00,00,763,0,0,80,80,00,00,1
790,268,A,00,00,DATA,00,00,764,0,0,80,80,00,00,1
791,268,B,00,00,DATA,00,00,765,0,0,80,80,00,00,1
792,268,A,00,00,DATA,00,00,766,0,0,80,80,00,00,1
793,268,B,00,00,DATA,00,00,767,0,0,80,80,00,00,1
794,268,A,00,FF,DATA,00,FF,768,0,0,80,80,00,00,1
795,268,B,FF,00,DATA,00,FF,769,0,0,80,80,00,00,1
796,268,A,00,D5,DATA,00,D5,770,0,0,80,80,00,00,1
797,268,B,FF,00,DATA,00,FF,771,0,0,80,80,00,00,1
798,268,A,00,CA,DATA,00,CA,772,0,0,80,80,00,00,1
799,268,B,FF,00,DATA,00,FF,773,0,0,80,80,00,00,1
800,268,A,00,DD,DATA,00,DD,774,0,0,80,80,00,00,1
801,268,B,FF,00,DATA,00,FF,775,0,0,80,80,00,00,1
802,268,A,00,80,DATA,00,80,776,0,0,80,80,00,00,1
803,268,B,FF,00,DATA,00,FF,777,0,0,80,80,00,00,1
804,268,A,00,D5,DATA,00,D5,778,0,0,80,80,00,00,1
805,268,B,FF,00,DATA,00,FF,779,0,0,80,80,00,00,1
806,268,A,00,C4,DATA,00,C4,780,0,0,80,80,00,00,1
807,268,B,FF,00,DATA,00,FF,781,0,0,80,80,00,00,1
808,268,A,00,F5,DATA,00,F5,782,0,0,80,80,00,00,1
809,268,B,FF,00,DATA,00,FF,783,0,0,80,80,00,00,1
810,268,A,00,FF,DATA,00,FF,784,0,0,80,80,00,00,1
811,268,B,FF,00,DATA,00,FF,785,0,0,80,80,00,00,1
812,268,A,00,53,DATA,00,53,786,0,0,80,80,00,00,1
813,268,B,FC,00,DATA,00,FC,787,0,0,80,80,00,00,1
814,268,A,00,05,DATA,00,05,788,0,0,80,80,00,00,1
815,268,B,FA,00,DATA,00,FA,789,0,0,80,80,00,00,1
816,268,A,00,40,DATA,00,40,790,0,0,80,80,00,00,1
817,268,B,FF,00,DATA,00,FF,791,0,0,80,80,00,00,1
818,268,A,00,04,DATA,00,04,792,0,0,80,80,00,00,1
819,268,B,FB,00,DATA,00,FB,793,0,0,80,80,00,00,1
820,268,A,00,50,DATA,00,50,794,0,0,80,80,00,00,1
821,268,B,FF,00,DATA,00,FF,795,0,0,80,80,00,00,1
822,268,A,00,04,DATA,00,04,796,0,0,80,80,00,00,1
823,268,B,FB,00,DATA,00,FB,797,0,0,80,80,00,00,1
824,268,A,00,42,DATA,00,42,798,0,0,80,80,00,00,1
825,268,B,FD,00,DATA,00,FD,799,0,0,80,80,00,00,1
826,268,A,00,FF,DATA,00,FF,800,0,0,80,80,00,00,1
827,268,B,FF,00,DATA,00,FF,801,0,0,80,80,00,00,1
828,268,A,00,46,DATA,00,46,802,0,0,80,80,00,00,1
829,268,B,01,00,DATA,00,01,803,0,0,80,80,00,00,1
830,268,A,00,02,DATA,00,02,804,0,0,80,80,00,00,1
831,268,B,01,00,DATA,00,01,805,0,0,80,80,00,00,1
832,268,A,00,C7,DATA,00,C7,806,0,0,80,80,00,00,1
833,268,B,01,00,DATA,00,01,807,0,0,80,80,00,00,1
834,268,A,00,C2,DATA,00,C2,808,0,0,80,80,00,00,1
835,268,B,01,00,DATA,00,01,809,0,0,80,80,00,00,1
836,268,A,00,34,DATA,00,34,810,0,0,80,80,00,00,1
837,268,B,C3,00,DATA,00,C3,811,0,0,80,80,00,00,1
838,268,A,00,FF,DATA,00,FF,812,0,0,80,80,00,00,1
839,268,B,00,00,DATA,00,00,813,0,0,80,80,00,00,1
840,268,A,00,FF,DATA,00,FF,814,0,0,80,80,00,00,1
841,268,B,00,00,DATA,00,00,815,0,0,80,80,00,00,1
842,268,A,00,FF,DATA,00,FF,816,0,0,80,80,00,00,1
843,268,B,FF,00,DATA,00,FF,817,0,0,80,80,00,00,1
844,268,A,00,15,DATA,00,15,818,0,0,80,80,00,00,1
845,268,B,E1,00,DATA,00,E1,819,0,0,80,80,00,00,1
846,268,A,00,23,DATA,00,23,820,0,0,80,80,00,00,1
847,268,B,C1,00,DATA,00,C1,821,0,0,80,80,00,00,1
848,268,A,00,37,DATA,00,37,822,0,0,80,80,00,00,1
849,268,B,C1,00,DATA,00,C1,823,0,0,80,80,00,00,1
850,268,A,00,43,DATA,00,43,824,0,0,80,80,00,00,1
851,268,B,81,00,DATA,00,81,825,0,0,80,80,00,00,1
852,268,A,00,D7,DATA,00,D7,826,0,0,80,80,00,00,1
853,268,B,01,00,DATA,00,01,827,0,0,80,80,00,00,1
854,268,A,00,9F,DATA,00,9F,828,0,0,80,80,00,00,1
855,268,B,01,00,DATA,00,01,829,0,0,80,80,00,00,1
856,268,A,00,5F,DATA,00,5F,830,0,0,80,80,00,00,1
857,268,B,01,00,DATA,00,01,831,0,0,80,80,00,00,1
858,268,A,00,80,DATA,00,80,832,0,0,80,80,00,00,1
859,268,B,FF,00,DATA,00,FF,833,0,0,80,80,00,00,1
860,268,A,00,80,DATA,00,80,834,0,0,80,80,00,00,1
861,268,B,FF,00,DATA,00,FF,835,0,0,80,80,00,00,1
862,268,A,00,80,DATA,00,80,836,0,0,80,80,00,00,1
863,268,B,FF,00,DATA,00,FF,837,0,0,80,80,00,00,1
864,268,A,00,C1,DATA,00,C1,838,0,0,80,80,00,00,1
865,268,B,FF,00,DATA,00,FF,839,0,0,80,80,00,00,1
866,268,A,00,88,DATA,00,88,840,0,0,80,80,00,00,1
867,268,B,F7,00,DATA,00,F7,841,0,0,80,80,00,00,1
868,268,A,00,C8,DATA,00,C8,842,0,0,80,80,00,00,1
869,268,B,F7,00,DATA,00,F7,843,0,0,80,80,00,00,1
870,268,A,00,9C,DATA,00,9C,844,0,0,80,80,00,00,1
871,268,B,E3,00,DATA,00,E3,845,0,0,80,80,00,00,1
872,268,A,00,AA,DATA,00,AA,846,0,0,80,80,00,00,1
873,268,B,D5,00,DATA,00,D5,847,0,0,80,80,00,00,1
874,268,A,00,17,DATA,00,17,848,0,0,80,80,00,00,1
875,268,B,E8,00,DATA,00,E8,849,0,0,80,80,00,00,1
876,268,A,00,AD,DATA,00,AD,850,0,0,80,80,00,00,1
877,268,B,50,00,DATA,00,50,851,0,0,80,80,00,00,1
878,268,A,00,3C,DATA,00,3C,852,0,0,80,80,00,00,1
879,268,B,C0,00,DATA,00,C0,853,0,0,80,80,00,00,1
880,268,A,00,4D,DATA,00,4D,854,0,0,80,80,00,00,1
881,268,B,F0,00,DATA,00,F0,855,0,0,80,80,00,00,1
882,268,A,00,03,DATA,00,03,856,0,0,80,80,00,00,1
883,268,B,FC,00,DATA,00,FC,857,0,0,80,80,00,00,1
884,268,A,00,0B,DATA,00,0B,858,0,0,80,80,00,00,1
885,268,B,F4,00,DATA,00,F4,859,0,0,80,80,00,00,1
886,268,A,00,9F,DATA,00,9F,860,0,0,80,80,00,00,1
887,268,B,60,00,DATA,00,60,861,0,0,80,80,00,00,1
888,268,A,00,BF,DATA,00,BF,862,0,0,80,80,00,00,1
889,268,B,40,00,DATA,00,40,863,0,0,80,80,00,00,1
890,268,A,00,FF,DATA,00,FF,864,0,0,80,80,00,00,1
891,268,B,00,00,DATA,00,00,865,0,0,80,80,00,00,1
892,268,A,00,FF,DATA,00,FF,866,0,0,80,80,00,00,1
893,268,B,00,00,DATA,00,00,867,0,0,80,80,00,00,1
894,268,A,00,DF,DATA,00,DF,868,0,0,80,80,00,00,1
895,268,B,00,00,DATA,00,00,869,0,0,80,80,00,00,1
896,268,A,00,DF,DATA,00,DF,870,0,0,80,80,00,00,1
897,268,B,00,00,DATA,00,00,871,0,0,80,80,00,00,1
898,268,A,00,CF,DATA,00,CF,872,0,0,80,80,00,00,1
899,268,B,00,00,DATA,00,00,873,0,0,80,80,00,00,1
900,268,A,00,D7,DATA,00,D7,874,0,0,80,80,00,00,1
901,268,B,00,00,DATA,00,00,875,0,0,80,80,00,00,1
902,268,A,00,80,DATA,00,80,876,0,0,80,80,00,00,1
903,268,B,00,00,DATA,00,00,877,0,0,80,80,00,00,1
904,268,A,00,D5,DATA,00,D5,878,0,0,80,80,00,00,1
905,268,B,00,00,DATA,00,00,879,0,0,80,80,00,00,1
906,268,A,00,DF,DATA,00,DF,880,0,0,80,80,00,00,1
907,268,B,01,00,DATA,00,01,881,0,0,80,80,00,00,1
908,268,A,00,FF,DATA,00,FF,882,0,0,80,80,00,00,1
909,268,B,01,00,DATA,00,01,883,0,0,80,80,00,00,1
910,268,A,00,DF,DATA,00,DF,884,0,0,80,80,00,00,1
911,268,B,01,00,DATA,00,01,885,0,0,80,80,00,00,1
912,268,A,00,AF,DATA,00,AF,886,0,0,80,80,00,00,1
913,268,B,51,00,DATA,00,51,887,0,0,80,80,00,00,1
914,268,A,00,FF,DATA,00,FF,888,0,0,80,80,00,00,1
915,268,B,01,00,DATA,00,01,889,0,0,80,80,00,00,1
916,268,A,00,EF,DATA,00,EF,890,0,0,80,80,00,00,1
917,268,B,11,00,DATA,00,11,891,0,0,80,80,00,00,1
918,268,A,00,7F,DATA,00,7F,892,0,0,80,80,00,00,1
919,268,B,01,00,DATA,00,01,893,0,0,80,80,00,00,1
920,268,A,00,5F,DATA,00,5F,894,0,0,80,80,00,00,1
921,268,B,01,00,DATA,00,01,895,0,0,80,80,00,00,1
922,268,A,00,FF,DATA,00,FF,896,0,0,80,80,00,00,1
923,268,B,80,00,DATA,00,80,897,0,0,80,80,00,00,1
924,268,A,00,EF,DATA,00,EF,898,0,0,80,80,00,00,1
925,268,B,90,00,DATA,00,90,899,0,0,80,80,00,00,1
926,268,A,00,FF,DATA,00,FF,900,0,0,80,80,00,00,1
927,268,B,80,00,DATA,00,80,901,0,0,80,80,00,00,1
928,268,A,00,BF,DATA,00,BF,902,0,0,80,80,00,00,1
929,268,B,C0,00,DATA,00,C0,903,0,0,80,80,00,00,1
930,268,A,00,FA,DATA,00,FA,904,0,0,80,80,00,00,1
931,268,B,80,00,DATA,00,80,905,0,0,80,80,00,00,1
932,268,A,00,F5,DATA,00,F5,906,0,0,80,80,00,00,1
933,268,B,80,00,DATA,00,80,907,0,0,80,80,00,00,1
934,268,A,00,E0,DATA,00,E0,908,0,0,80,80,00,00,1
935,268,B,80,00,DATA,00,80,909,0,0,80,80,00,00,1
936,268,A,00,D5,DATA,00,D5,910,0,0,80,80,00,00,1
937,268,B,80,00,DATA,00,80,911,0,0,80,80,00,00,1
938,268,A,00,FF,DATA,00,FF,912,0,0,80,80,00,00,1
939,268,B,00,00,DATA,00,00,913,0,0,80,80,00,00,1
940,268,A,00,BF,DATA,00,BF,914,0,0,80,80,00,00,1
941,268,B,40,00,DATA,00,40,915,0,0,80,80,00,00,1
942,268,A,00,F8,DATA,00,F8,916,0,0,80,80,00,00,1
943,268,B,00,00,DATA,00,00,917,0,0,80,80,00,00,1
944,268,A,00,F5,DATA,00,F5,918,0,0,80,80,00,00,1
945,268,B,00,00,DATA,00,00,919,0,0,80,80,00,00,1
946,268,A,00,10,DATA,00,10,920,0,0,80,80,00,00,1
947,268,B,00,00,DATA,00,00,921,0,0,80,80,00,00,1
948,268,A,00,55,DATA,00,55,922,0,0,80,80,00,00,1
949,268,B,00,00,DATA,00,00,923,0,0,80,80,00,00,1
950,268,A,00,00,DATA,00,00,924,0,0,80,80,00,00,1
951,268,B,00,00,DATA,00,00,925,0,0,80,80,00,00,1
952,268,A,00,55,DATA,00,55,926,0,0,80,80,00,00,1
953,268,B,00,00,DATA,00,00,927,0,0,80,80,00,00,1
954,268,A,00,00,DATA,00,00,928,0,0,80,80,00,00,1
955,268,B,00,00,DATA,00,00,929,0,0,80,80,00,00,1
956,268,A,00,55,DATA,00,55,930,0,0,80,80,00,00,1
957,268,B,00,00,DATA,00,00,931,0,0,80,80,00,00,1
958,268,A,00,00,DATA,00,00,932,0,0,80,80,00,00,1
959,268,B,00,00,DATA,00,00,933,0,0,80,80,00,00,1
960,268,A,00,55,DATA,00,55,934,0,0,80,80,00,00,1
961,268,B,00,00,DATA,00,00,935,0,0,80,80,00,00,1
962,268,A,00,00,DATA,00,00,936,0,0,80,80,00,00,1
963,268,B,00,00,DATA,00,00,937,0,0,80,80,00,00,1
964,268,A,00,55,DATA,00,55,938,0,0,80,80,00,00,1
965,268,B,00,00,DATA,00,00,939,0,0,80,80,00,00,1
966,268,A,00,00,DATA,00,00,940,0,0,80,80,00,00,1
967,268,B,00,00,DATA,00,00,941,0,0,80,80,00,00,1
968,268,A,00,55,DATA,00,55,942,0,0,80,80,00,00,1
969,268,B,00,00,DATA,00,00,943,0,0,80,80,00,00,1
970,268,A,00,01,DATA,00,01,944,0,0,80,80,00,00,1
971,268,B,01,00,DATA,00,01,945,0,0,80,80,00,00,1
972,268,A,00,57,DATA,00,57,946,0,0,80,80,00,00,1
973,268,B,01,00,DATA,00,01,947,0,0,80,80,00,00,1
974,268,A,00,03,DATA,00,03,948,0,0,80,80,00,00,1
975,268,B,01,00,DATA,00,01,949,0,0,80,80,00,00,1
976,268,A,00,57,DATA,00,57,950,0,0,80,80,00,00,1
977,268,B,01,00,DATA,00,01,951,0,0,80,80,00,00,1
978,268,A,00,01,DATA,00,01,952,0,0,80,80,00,00,1
979,268,B,01,00,DATA,00,01,953,0,0,80,80,00,00,1
980,268,A,00,55,DATA,00,55,954,0,0,80,80,00,00,1
981,268,B,01,00,DATA,00,01,955,0,0,80,80,00,00,1
982,268,A,00,01,DATA,00,01,956,0,0,80,80,00,00,1
983,268,B,01,00,DATA,00,01,957,0,0,80,80,00,00,1
984,268,A,00,55,DATA,00,55,958,0,0,80,80,00,00,1
985,268,B,01,00,DATA,00,01,959,0,0,80,80,00,00,1
986,268,A,00,E0,DATA,00,E0,960,0,0,80,80,00,00,1
987,268,B,80,00,DATA,00,80,961,0,0,80,80,00,00,1
988,268,A,00,F5,DATA,00,F5,962,0,0,80,80,00,00,1
989,268,B,80,00,DATA,00,80,963,0,0,80,80,00,00,1
990,268,A,00,80,DATA,00,80,964,0,0,80,80,00,00,1
991,268,B,80,00,DATA,00,80,965,0,0,80,80,00,00,1
992,268,A,00,FF,DATA,00,FF,966,0,0,80,80,00,00,1
993,268,B,FF,00,DATA,00,FF,967,0,0,80,80,00,00,1
994,268,A,00,00,DATA,00,00,968,0,0,80,80,00,00,1
995,268,B,00,00,DATA,00,00,969,0,0,80,80,00,00,1
996,268,A,00,00,DATA,00,00,970,0,0,80,80,00,00,1
997,268,B,00,00,DATA,00,00,971,0,0,80,80,00,00,1
998,268,A,00,00,DATA,00,00,972,0,0,80,80,00,00,1
999,268,B,00,00,DATA,00,00,973,0,0,80,80,00,00,1
1000,268,A,00,00,DATA,00,00,974,0,0,80,80,00,00,1
1001,268,B,00,00,DATA,00,00,975,0,0,80,80,00,00,1
1002,268,A,00,00,DATA,00,00,976,0,0,80,80,00,00,1
1003,268,B,00,00,DATA,00,00,977,0,0,80,80,00,00,1
1004,268,A,00,55,DATA,00,55,978,0,0,80,80,00,00,1
1005,268,B,00,00,DATA,00,00,979,0,0,80,80,00,00,1
1006,268,A,00,00,DATA,00,00,980,0,0,80,80,00,00,1
1007,268,B,00,00,DATA,00,00,981,0,0,80,80,00,00,1
1008,268,A,00,FF,DATA,00,FF,982,0,0,80,80,00,00,1
1009,268,B,FF,00,DATA,00,FF,983,0,0,80,80,00,00,1
1010,268,A,00,00,DATA,00,00,984,0,0,80,80,00,00,1
1011,268,B,00,00,DATA,00,00,985,0,0,80,80,00,00,1
1012,268,A,00,00,DATA,00,00,986,0,0,80,80,00,00,1
1013,268,B,00,00,DATA,00,00,987,0,0,80,80,00,00,1
1014,268,A,00,00,DATA,00,00,988,0,0,80,80,00,00,1
1015,268,B,00,00,DATA,00,00,989,0,0,80,80,00,00,1
1016,268,A,00,00,DATA,00,00,990,0,0,80,80,00,00,1
1017,268,B,00,00,DATA,00,00,991,0,0,80,80,00,00,1
1018,268,A,00,00,DATA,00,00,992,0,0,80,80,00,00,1
1019,268,B,00,00,DATA,00,00,993,0,0,80,80,00,00,1
1020,268,A,00,15,DATA,00,15,994,0,0,80,80,00,00,1
1021,268,B,00,00,DATA,00,00,995,0,0,80,80,00,00,1
1022,268,A,00,00,DATA,00,00,996,0,0,80,80,00,00,1
1023,268,B,00,00,DATA,00,00,997,0,0,80,80,00,00,1
1024,268,A,00,FF,DATA,00,FF,998,0,0,80,80,00,00,1
1025,268,B,FF,00,DATA,00,FF,999,0,0,80,80,00,00,1
1026,268,A,00,00,DATA,00,00,1000,0,0,80,80,00,00,1
1027,268,B,00,00,DATA,00,00,1001,0,0,80,80,00,00,1
1028,268,A,00,00,DATA,00,00,1002,0,0,80,80,00,00,1
1029,268,B,00,00,DATA,00,00,1003,0,0,80,80,00,00,1
1030,268,A,00,00,DATA,00,00,1004,0,0,80,80,00,00,1
1031,268,B,00,00,DATA,00,00,1005,0,0,80,80,00,00,1
1032,268,A,00,00,DATA,00,00,1006,0,0,80,80,00,00,1
1033,268,B,00,00,DATA,00,00,1007,0,0,80,80,00,00,1
1034,268,A,00,01,DATA,00,01,1008,0,0,80,80,00,00,1
1035,268,B,01,00,DATA,00,01,1009,0,0,80,80,00,00,1
1036,268,A,00,55,DATA,00,55,1010,0,0,80,80,00,00,1
1037,268,B,01,00,DATA,00,01,1011,0,0,80,80,00,00,1
1038,268,A,00,01,DATA,00,01,1012,0,0,80,80,00,00,1
1039,268,B,01,00,DATA,00,01,1013,0,0,80,80,00,00,1
1040,268,A,00,FF,DATA,00,FF,1014,0,0,80,80,00,00,1
1041,268,B,FF,00,DATA,00,FF,1015,0,0,80,80,00,00,1
1042,268,A,00,00,DATA,00,00,1016,0,0,80,80,00,00,1
1043,268,B,00,00,DATA,00,00,1017,0,0,80,80,00,00,1
1044,268,A,00,00,DATA,00,00,1018,0,0,80,80,00,00,1
1045,268,B,00,00,DATA,00,00,1019,0,0,80,80,00,00,1
1046,268,A,00,00,DATA,00,00,1020,0,0,80,80,00,00,1
1047,268,B,00,00,DATA,00,00,1021,0,0,80,80,00,00,1
1048,268,A,00,00,DATA,00,00,1022,0,0,80,80,00,00,1
1049,268,B,00,00,DATA,00,00,1023,0,0,80,80,00,00,1
1050,268,A,00,FF,DATA,00,FF,1024,0,0,80,80,00,00,1
1051,268,B,FF,00,DATA,00,FF,1025,0,0,80,80,00,00,1
1052,268,A,00,D5,DATA,00,D5,1026,0,0,80,80,00,00,1
1053,268,B,FF,00,DATA,00,FF,1027,0,0,80,80,00,00,1
1054,268,A,00,80,DATA,00,80,1028,0,0,80,80,00,00,1
1055,268,B,FF,00,DATA,00,FF,1029,0,0,80,80,00,00,1
1056,268,A,00,D5,DATA,00,D5,1030,0,0,80,80,00,00,1
1057,268,B,FF,00,DATA,00,FF,1031,0,0,80,80,00,00,1
1058,268,A,00,88,DATA,00,88,1032,0,0,80,80,00,00,1
1059,268,B,FF,00,DATA,00,FF,1033,0,0,80,80,00,00,1
1060,268,A,00,D5,DATA,00,D5,1034,0,0,80,80,00,00,1
1061,268,B,FF,00,DATA,00,FF,1035,0,0,80,80,00,00,1
1062,268,A,00,80,DATA,00,80,1036,0,0,80,80,00,00,1
1063,268,B,FF,00,DATA,00,FF,1037,0,0,80,80,00,00,1
1064,268,A,00,D4,DATA,00,D4,1038,0,0,80,80,00,00,1
1065,268,B,FF,00,DATA,00,FF,1039,0,0,80,80,00,00,1
1066,268,A,00,FF,DATA,00,FF,1040,0,0,80,80,00,00,1
1067,268,B,FF,00,DATA,00,FF,1041,0,0,80,80,00,00,1
1068,268,A,00,53,DATA,00,53,1042,0,0,80,80,00,00,1
1069,268,B,FC,00,DATA,00,FC,1043,0,0,80,80,00,00,1
1070,268,A,00,03,DATA,00,03,1044,0,0,80,80,00,00,1
1071,268,B,FC,00,DATA,00,FC,1045,0,0,80,80,00,00,1
1072,268,A,00,53,DATA,00,53,1046,0,0,80,80,00,00,1
1073,268,B,FC,00,DATA,00,FC,1047,0,0,80,80,00,00,1
1074,268,A,00,03,DATA,00,03,1048,0,0,80,80,00,00,1
1075,268,B,FC,00,DATA,00,FC,1049,0,0,80,80,00,00,1
1076,268,A,00,4F,DATA,00,4F,1050,0,0,80,80,00,00,1
1077,268,B,F0,00,DATA,00,F0,1051,0,0,80,80,00,00,1
1078,268,A,00,18,DATA,00,18,1052,0,0,80,80,00,00,1
1079,268,B,E0,00,DATA,00,E0,1053,0,0,80,80,00,00,1
1080,268,A,00,35,DATA,00,35,1054,0,0,80,80,00,00,1
1081,268,B,C0,00,DATA,00,C0,1055,0,0,80,80,00,00,1
1082,268,A,00,FF,DATA,00,FF,1056,0,0,80,80,00,00,1
1083,268,B,FF,00,DATA,00,FF,1057,0,0,80,80,00,00,1
1084,268,A,00,65,DATA,00,65,1058,0,0,80,80,00,00,1
1085,268,B,1F,00,DATA,00,1F,1059,0,0,80,80,00,00,1
1086,268,A,00,1E,DATA,00,1E,1060,0,0,80,80,00,00,1
1087,268,B,01,00,DATA,00,01,1061,0,0,80,80,00,00,1
1088,268,A,00,D7,DATA,00,D7,1062,0,0,80,80,00,00,1
1089,268,B,00,00,DATA,00,00,1063,0,0,80,80,00,00,1
1090,268,A,00,F3,DATA,00,F3,1064,0,0,80,80,00,00,1
1091,268,B,00,00,DATA,00,00,1065,0,0,80,80,00,00,1
1092,268,A,00,55,DATA,00,55,1066,0,0,80,80,00,00,1
1093,268,B,00,00,DATA,00,00,1067,0,0,80,80,00,00,1
1094,268,A,00,00,DATA,00,00,1068,0,0,80,80,00,00,1
1095,268,B,00,00,DATA,00,00,1069,0,0,80,80,00,00,1
1096,268,A,00,55,DATA,00,55,1070,0,0,80,80,00,00,1
1097,268,B,00,00,DATA,00,00,1071,0,0,80,80,00,00,1
1098,268,A,00,FF,DATA,00,FF,1072,0,0,80,80,00,00,1
1099,268,B,FF,00,DATA,00,FF,1073,0,0,80,80,00,00,1
1100,268,A,00,41,DATA,00,41,1074,0,0,80,80,00,00,1
1101,268,B,FF,00,DATA,00,FF,1075,0,0,80,80,00,00,1
1102,268,A,00,01,DATA,00,01,1076,0,0,80,80,00,00,1
1103,268,B,FF,00,DATA,00,FF,1077,0,0,80,80,00,00,1
1104,268,A,00,EB,DATA,00,EB,1078,0,0,80,80,00,00,1
1105,268,B,15,00,DATA,00,15,1079,0,0,80,80,00,00,1
1106,268,A,00,1F,DATA,00,1F,1080,0,0,80,80,00,00,1
1107,268,B,01,00,DATA,00,01,1081,0,0,80,80,00,00,1
1108,268,A,00,55,DATA,00,55,1082,0,0,80,80,00,00,1
1109,268,B,01,00,DATA,00,01,1083,0,0,80,80,00,00,1
1110,268,A,00,01,DATA,00,01,1084,0,0,80,80,00,00,1
1111,268,B,01,00,DATA,00,01,1085,0,0,80,80,00,00,1
1112,268,A,00,55,DATA,00,55,1086,0,0,80,80,00,00,1
1113,268,B,01,00,DATA,00,01,1087,0,0,80,80,00,00,1
1114,268,A,00,80,DATA,00,80,1088,0,0,80,80,00,00,1
1115,268,B,FF,00,DATA,00,FF,1089,0,0,80,80,00,00,1
1116,268,A,00,C2,DATA,00,C2,1090,0,0,80,80,00,00,1
1117,268,B,FD,00,DATA,00,FD,1091,0,0,80,80,00,00,1
1118,268,A,00,8B,DATA,00,8B,1092,0,0,80,80,00,00,1
1119,268,B,F4,00,DATA,00,F4,1093,0,0,80,80,00,00,1
1120,268,A,00,CB,DATA,00,CB,1094,0,0,80,80,00,00,1
1121,268,B,F4,00,DATA,00,F4,1095,0,0,80,80,00,00,1
1122,268,A,00,9E,DATA,00,9E,1096,0,0,80,80,00,00,1
1123,268,B,E0,00,DATA,00,E0,1097,0,0,80,80,00,00,1
1124,268,A,00,8D,DATA,00,8D,1098,0,0,80,80,00,00,1
1125,268,B,F0,00,DATA,00,F0,1099,0,0,80,80,00,00,1
1126,268,A,00,B0,DATA,00,B0,1100,0,0,80,80,00,00,1
1127,268,B,C0,00,DATA,00,C0,1101,0,0,80,80,00,00,1
1128,268,A,00,B5,DATA,00,B5,1102,0,0,80,80,00,00,1
1129,268,B,C0,00,DATA,00,C0,1103,0,0,80,80,00,00,1
1130,268,A,00,E0,DATA,00,E0,1104,0,0,80,80,00,00,1
1131,268,B,00,00,DATA,00,00,1105,0,0,80,80,00,00,1
1132,268,A,00,D5,DATA,00,D5,1106,0,0,80,80,00,00,1
1133,268,B,00,00,DATA,00,00,1107,0,0,80,80,00,00,1
1134,268,A,00,80,DATA,00,80,1108,0,0,80,80,00,00,1
1135,268,B,00,00,DATA,00,00,1109,0,0,80,80,00,00,1
1136,268,A,00,55,DATA,00,55,1110,0,0,80,80,00,00,1
1137,268,B,00,00,DATA,00,00,1111,0,0,80,80,00,00,1
1138,268,A,00,03,DATA,00,03,1112,0,0,80,80,00,00,1
1139,268,B,00,00,DATA,00,00,1113,0,0,80,80,00,00,1
1140,268,A,00,57,DATA,00,57,1114,0,0,80,80,00,00,1
1141,268,B,00,00,DATA,00,00,1115,0,0,80,80,00,00,1
1142,268,A,00,07,DATA,00,07,1116,0,0,80,80,00,00,1
1143,268,B,00,00,DATA,00,00,1117,0,0,80,80,00,00,1
1144,268,A,00,5A,DATA,00,5A,1118,0,0,80,80,00,00,1
1145,268,B,05,00,DATA,00,05,1119,0,0,80,80,00,00,1
1146,268,A,00,00,DATA,00,00,1120,0,0,80,80,00,00,1
1147,268,B,00,00,DATA,00,00,1121,0,0,80,80,00,00,1
1148,268,A,00,15,DATA,00,15,1122,0,0,80,80,00,00,1
1149,268,B,00,00,DATA,00,00,1123,0,0,80,80,00,00,1
1150,268,A,00,00,DATA,00,00,1124,0,0,80,80,00,00,1
1151,268,B,00,00,DATA,00,00,1125,0,0,80,80,00,00,1
1152,268,A,00,45,DATA,00,45,1126,0,0,80,80,00,00,1
1153,268,B,00,00,DATA,00,00,1127,0,0,80,80,00,00,1
1154,268,A,00,00,DATA,00,00,1128,0,0,80,80,00,00,1
1155,268,B,00,00,DATA,00,00,1129,0,0,80,80,00,00,1
1156,268,A,00,45,DATA,00,45,1130,0,0,80,80,00,00,1
1157,268,B,00,00,DATA,00,00,1131,0,0,80,80,00,00,1
1158,268,A,00,80,DATA,00,80,1132,0,0,80,80,00,00,1
1159,268,B,00,00,DATA,00,00,1133,0,0,80,80,00,00,1
1160,268,A,00,D5,DATA,00,D5,1134,0,0,80,80,00,00,1
1161,268,B,00,00,DATA,00,00,1135,0,0,80,80,00,00,1
1162,268,A,00,01,DATA,00,01,1136,0,0,80,80,00,00,1
1163,268,B,01,00,DATA,00,01,1137,0,0,80,80,00,00,1
1164,268,A,00,55,DATA,00,55,1138,0,0,80,80,00,00,1
1165,268,B,01,00,DATA,00,01,1139,0,0,80,80,00,00,1
1166,268,A,00,03,DATA,00,03,1140,0,0,80,80,00,00,1
1167,268,B,01,00,DATA,00,01,1141,0,0,80,80,00,00,1
1168,268,A,00,57,DATA,00,57,1142,0,0,80,80,00,00,1
1169,268,B,01,00,DATA,00,01,1143,0,0,80,80,00,00,1
1170,268,A,00,07,DATA,00,07,1144,0,0,80,80,00,00,1
1171,268,B,01,00,DATA,00,01,1145,0,0,80,80,00,00,1
1172,268,A,00,5F,DATA,00,5F,1146,0,0,80,80,00,00,1
1173,268,B,01,00,DATA,00,01,1147,0,0,80,80,00,00,1
1174,268,A,00,01,DATA,00,01,1148,0,0,80,80,00,00,1
1175,268,B,01,00,DATA,00,01,1149,0,0,80,80,00,00,1
1176,268,A,00,77,DATA,00,77,1150,0,0,80,80,00,00,1
1177,268,B,01,00,DATA,00,01,1151,0,0,80,80,00,00,1
1178,268,A,00,A0,DATA,00,A0,1152,0,0,80,80,00,00,1
1179,268,B,C0,00,DATA,00,C0,1153,0,0,80,80,00,00,1
1180,268,A,00,B5,DATA,00,B5,1154,0,0,80,80,00,00,1
1181,268,B,C0,00,DATA,00,C0,1155,0,0,80,80,00,00,1
1182,268,A,00,E0,DATA,00,E0,1156,0,0,80,80,00,00,1
1183,268,B,80,00,DATA,00,80,1157,0,0,80,80,00,00,1
1184,268,A,00,B5,DATA,00,B5,1158,0,0,80,80,00,00,1
1185,268,B,C0,00,DATA,00,C0,1159,0,0,80,80,00,00,1
1186,268,A,00,E0,DATA,00,E0,1160,0,0,80,80,00,00,1
1187,268,B,80,00,DATA,00,80,1161,0,0,80,80,00,00,1
1188,268,A,00,B5,DATA,00,B5,1162,0,0,80,80,00,00,1
1189,268,B,C0,00,DATA,00,C0,1163,0,0,80,80,00,00,1
1190,268,A,00,E0,DATA,00,E0,1164,0,0,80,80,00,00,1
1191,268,B,80,00,DATA,00,80,1165,0,0,80,80,00,00,1
1192,268,A,00,B7,DATA,00,B7,1166,0,0,80,80,00,00,1
1193,268,B,C0,00,DATA,00,C0,1167,0,0,80,80,00,00,1
1194,268,A,00,0F,DATA,00,0F,1168,0,0,80,80,00,00,1
1195,268,B,00,00,DATA,00,00,1169,0,0,80,80,00,00,1
1196,268,A,00,5B,DATA,00,5B,1170,0,0,80,80,00,00,1
1197,268,B,04,00,DATA,00,04,1171,0,0,80,80,00,00,1
1198,268,A,00,1F,DATA,00,1F,1172,0,0,80,80,00,00,1
1199,268,B,00,00,DATA,00,00,1173,0,0,80,80,00,00,1
1200,268,A,00,5F,DATA,00,5F,1174,0,0,80,80,00,00,1
1201,268,B,00,00,DATA,00,00,1175,0,0,80,80,00,00,1
1202,268,A,00,1C,DATA,00,1C,1176,0,0,80,80,00,00,1
1203,268,B,00,00,DATA,00,00,1177,0,0,80,80,00,00,1
1204,268,A,00,5D,DATA,00,5D,1178,0,0,80,80,00,00,1
1205,268,B,00,00,DATA,00,00,1179,0,0,80,80,00,00,1
1206,268,A,00,8F,DATA,00,8F,1180,0,0,80,80,00,00,1
1207,268,B,00,00,DATA,00,00,1181,0,0,80,80,00,00,1
1208,268,A,00,D5,DATA,00,D5,1182,0,0,80,80,00,00,1
1209,268,B,0F,00,DATA,00,0F,1183,0,0,80,80,00,00,1
1210,268,A,00,80,DATA,00,80,1184,0,0,80,80,00,00,1
1211,268,B,00,00,DATA,00,00,1185,0,0,80,80,00,00,1
1212,268,A,00,D5,DATA,00,D5,1186,0,0,80,80,00,00,1
1213,268,B,00,00,DATA,00,00,1187,0,0,80,80,00,00,1
1214,268,A,00,00,DATA,00,00,1188,0,0,80,80,00,00,1
1215,268,B,00,00,DATA,00,00,1189,0,0,80,80,00,00,1
1216,268,A,00,55,DATA,00,55,1190,0,0,80,80,00,00,1
1217,268,B,00,00,DATA,00,00,1191,0,0,80,80,00,00,1
1218,268,A,00,03,DATA,00,03,1192,0,0,80,80,00,00,1
1219,268,B,00,00,DATA,00,00,1193,0,0,80,80,00,00,1
1220,268,A,00,56,DATA,00,56,1194,0,0,80,80,00,00,1
1221,268,B,01,00,DATA,00,01,1195,0,0,80,80,00,00,1
1222,268,A,00,00,DATA,00,00,1196,0,0,80,80,00,00,1
1223,268,B,03,00,DATA,00,03,1197,0,0,80,80,00,00,1
1224,268,A,00,35,DATA,00,35,1198,0,0,80,80,00,00,1
1225,268,B,C3,00,DATA,00,C3,1199,0,0,80,80,00,00,1
1226,268,A,00,9F,DATA,00,9F,1200,0,0,80,80,00,00,1
1227,268,B,01,00,DATA,00,01,1201,0,0,80,80,00,00,1
1228,268,A,00,DF,DATA,00,DF,1202,0,0,80,80,00,00,1
1229,268,B,01,00,DATA,00,01,1203,0,0,80,80,00,00,1
1230,268,A,00,DF,DATA,00,DF,1204,0,0,80,80,00,00,1
1231,268,B,01,00,DATA,00,01,1205,0,0,80,80,00,00,1
1232,268,A,00,DF,DATA,00,DF,1206,0,0,80,80,00,00,1
1233,268,B,01,00,DATA,00,01,1207,0,0,80,80,00,00,1
1234,268,A,00,FF,DATA,00,FF,1208,0,0,80,80,00,00,1
1235,268,B,01,00,DATA,00,01,1209,0,0,80,80,00,00,1
1236,268,A,00,BF,DATA,00,BF,1210,0,0,80,80,00,00,1
1237,268,B,41,00,DATA,00,41,1211,0,0,80,80,00,00,1
1238,268,A,00,11,DATA,00,11,1212,0,0,80,80,00,00,1
1239,268,B,E1,00,DATA,00,E1,1213,0,0,80,80,00,00,1
1240,268,A,00,4D,DATA,00,4D,1214,0,0,80,80,00,00,1
1241,268,B,F1,00,DATA,00,F1,1215,0,0,80,80,00,00,1
1242,268,A,00,BF,DATA,00,BF,1216,0,0,80,80,00,00,1
1243,268,B,C0,00,DATA,00,C0,1217,0,0,80,80,00,00,1
1244,268,A,00,AE,DATA,00,AE,1218,0,0,80,80,00,00,1
1245,268,B,D1,00,DATA,00,D1,1219,0,0,80,80,00,00,1
1246,268,A,00,FF,DATA,00,FF,1220,0,0,80,80,00,00,1
1247,268,B,80,00,DATA,00,80,1221,0,0,80,80,00,00,1
1248,268,A,00,FF,DATA,00,FF,1222,0,0,80,80,00,00,1
1249,268,B,FF,00,DATA,00,FF,1223,0,0,80,80,00,00,1
1250,268,A,00,00,DATA,00,00,1224,0,0,80,80,00,00,1
1251,268,B,00,00,DATA,00,00,1225,0,0,80,80,00,00,1
1252,268,A,00,00,DATA,00,00,1226,0,0,80,80,00,00,1
1253,268,B,00,00,DATA,00,00,1227,0,0,80,80,00,00,1
1254,268,A,00,00,DATA,00,00,1228,0,0,80,80,00,00,1
1255,268,B,00,00,DATA,00,00,1229,0,0,80,80,00,00,1
1256,268,A,00,00,DATA,00,00,1230,0,0,80,80,00,00,1
1257,268,B,00,00,DATA,00,00,1231,0,0,80,80,00,00,1
1258,268,A,00,E0,DATA,00,E0,1232,0,0,80,80,00,00,1
1259,268,B,1F,00,DATA,00,1F,1233,0,0,80,80,00,00,1
1260,268,A,00,80,DATA,00,80,1234,0,0,80,80,00,00,1
1261,268,B,7F,00,DATA,00,7F,1235,0,0,80,80,00,00,1
1262,268,A,00,E0,DATA,00,E0,1236,0,0,80,80,00,00,1
1263,268,B,1F,00,DATA,00,1F,1237,0,0,80,80,00,00,1
1264,268,A,00,FF,DATA,00,FF,1238,0,0,80,80,00,00,1
1265,268,B,FF,00,DATA,00,FF,1239,0,0,80,80,00,00,1
1266,268,A,00,00,DATA,00,00,1240,0,0,80,80,00,00,1
1267,268,B,00,00,DATA,00,00,1241,0,0,80,80,00,00,1
1268,268,A,00,00,DATA,00,00,1242,0,0,80,80,00,00,1
1269,268,B,00,00,DATA,00,00,1243,0,0,80,80,00,00,1
1270,268,A,00,00,DATA,00,00,1244,0,0,80,80,00,00,1
1271,268,B,00,00,DATA,00,00,1245,0,0,80,80,00,00,1
1272,268,A,00,00,DATA,00,00,1246,0,0,80,80,00,00,1
1273,268,B,00,00,DATA,00,00,1247,0,0,80,80,00,00,1
1274,268,A,00,00,DATA,00,00,1248,0,0,80,80,00,00,1
1275,268,B,FF,00,DATA,00,FF,1249,0,0,80,80,00,00,1
1276,268,A,00,45,DATA,00,45,1250,0,0,80,80,00,00,1
1277,268,B,FF,00,DATA,00,FF,1251,0,0,80,80,00,00,1
1278,268,A,00,00,DATA,00,00,1252,0,0,80,80,00,00,1
1279,268,B,FF,00,DATA,00,FF,1253,0,0,80,80,00,00,1
1280,268,A,00,FF,DATA,00,FF,1254,0,0,80,80,00,00,1
1281,268,B,FF,00,DATA,00,FF,1255,0,0,80,80,00,00,1
1282,268,A,00,00,DATA,00,00,1256,0,0,80,80,00,00,1
1283,268,B,00,00,DATA,00,00,1257,0,0,80,80,00,00,1
1284,268,A,00,00,DATA,00,00,1258,0,0,80,80,00,00,1
1285,268,B,00,00,DATA,00,00,1259,0,0,80,80,00,00,1
1286,268,A,00,00,DATA,00,00,1260,0,0,80,80,00,00,1
1287,268,B,00,00,DATA,00,00,1261,0,0,80,80,00,00,1
1288,268,A,00,00,DATA,00,00,1262,0,0,80,80,00,00,1
1289,268,B,00,00,DATA,00,00,1263,0,0,80,80,00,00,1
1290,268,A,00,09,DATA,00,09,1264,0,0,80,80,00,00,1
1291,268,B,F1,00,DATA,00,F1,1265,0,0,80,80,00,00,1
1292,268,A,00,5D,DATA,00,5D,1266,0,0,80,80,00,00,1
1293,268,B,F1,00,DATA,00,F1,1267,0,0,80,80,00,00,1
1294,268,A,00,01,DATA,00,01,1268,0,0,80,80,00,00,1
1295,268,B,F9,00,DATA,00,F9,1269,0,0,80,80,00,00,1
1296,268,A,00,FF,DATA,00,FF,1270,0,0,80,80,00,00,1
1297,268,B,FF,00,DATA,00,FF,1271,0,0,80,80,00,00,1
1298,268,A,00,00,DATA,00,00,1272,0,0,80,80,00,00,1
1299,268,B,00,00,DATA,00,00,1273,0,0,80,80,00,00,1
1300,268,A,00,00,DATA,00,00,1274,0,0,80,80,00,00,1
1301,268,B,00,00,DATA,00,00,1275,0,0,80,80,00,00,1
1302,268,A,00,00,DATA,00,00,1276,0,0,80,80,00,00,1
1303,268,B,00,00,DATA,00,00,1277,0,0,80,80,00,00,1
1304,268,A,00,00,DATA,00,00,1278,0,0,80,80,00,00,1
1305,268,B,00,00,DATA,00,00,1279,0,0,80,80,00,00,1
1306,268,A,00,FF,DATA,00,FF,1280,0,0,80,80,00,00,1
1307,268,B,FF,00,DATA,00,FF,1281,0,0,80,80,00,00,1
1308,268,A,00,81,DATA,00,81,1282,0,0,80,80,00,00,1
1309,268,B,FE,00,DATA,00,FE,1283,0,0,80,80,00,00,1
1310,268,A,00,C3,DATA,00,C3,1284,0,0,80,80,00,00,1
1311,268,B,BC,00,DATA,00,BC,1285,0,0,80,80,00,00,1
1312,268,A,00,82,DATA,00,82,1286,0,0,80,80,00,00,1
1313,268,B,FD,00,DATA,00,FD,1287,0,0,80,80,00,00,1
1314,268,A,00,C3,DATA,00,C3,1288,0,0,80,80,00,00,1
1315,268,B,BC,00,DATA,00,BC,1289,0,0,80,80,00,00,1
1316,268,A,00,86,DATA,00,86,1290,0,0,80,80,00,00,1
1317,268,B,FD,00,DATA,00,FD,1291,0,0,80,80,00,00,1
1318,268,A,00,C3,DATA,00,C3,1292,0,0,80,80,00,00,1
1319,268,B,BC,00,DATA,00,BC,1293,0,0,80,80,00,00,1
1320,268,A,00,A6,DATA,00,A6,1294,0,0,80,80,00,00,1
1321,268,B,DD,00,DATA,00,DD,1295,0,0,80,80,00,00,1
1322,268,A,00,FF,DATA,00,FF,1296,0,0,80,80,00,00,1
1323,268,B,FF,00,DATA,00,FF,1297,0,0,80,80,00,00,1
1324,268,A,00,55,DATA,00,55,1298,0,0,80,80,00,00,1
1325,268,B,00,00,DATA,00,00,1299,0,0,80,80,00,00,1
1326,268,A,00,00,DATA,00,00,1300,0,0,80,80,00,00,1
1327,268,B,00,00,DATA,00,00,1301,0,0,80,80,00,00,1
1328,268,A,00,D5,DATA,00,D5,1302,0,0,80,80,00,00,1
1329,268,B,00,00,DATA,00,00,1303,0,0,80,80,00,00,1
1330,268,A,00,C3,DATA,00,C3,1304,0,0,80,80,00,00,1
1331,268,B,00,00,DATA,00,00,1305,0,0,80,80,00,00,1
1332,268,A,00,97,DATA,00,97,1306,0,0,80,80,00,00,1
1333,268,B,40,00,DATA,00,40,1307,0,0,80,80,00,00,1
1334,268,A,00,C3,DATA,00,C3,1308,0,0,80,80,00,00,1
1335,268,B,00,00,DATA,00,00,1309,0,0,80,80,00,00,1
1336,268,A,00,D5,DATA,00,D5,1310,0,0,80,80,00,00,1
1337,268,B,00,00,DATA,00,00,1311,0,0,80,80,00,00,1
1338,268,A,00,FF,DATA,00,FF,1312,0,0,80,80,00,00,1
1339,268,B,FF,00,DATA,00,FF,1313,0,0,80,80,00,00,1
1340,268,A,00,55,DATA,00,55,1314,0,0,80,80,00,00,1
1341,268,B,00,00,DATA,00,00,1315,0,0,80,80,00,00,1
1342,268,A,00,00,DATA,00,00,1316,0,0,80,80,00,00,1
1343,268,B,00,00,DATA,00,00,1317,0,0,80,80,00,00,1
1344,268,A,00,D5,DATA,00,D5,1318,0,0,80,80,00,00,1
1345,268,B,00,00,DATA,00,00,1319,0,0,80,80,00,00,1
1346,268,A,00,C0,DATA,00,C0,1320,0,0,80,80,00,00,1
1347,268,B,00,00,DATA,00,00,1321,0,0,80,80,00,00,1
1348,268,A,00,D5,DATA,00,D5,1322,0,0,80,80,00,00,1
1349,268,B,00,00,DATA,00,00,1323,0,0,80,80,00,00,1
1350,268,A,00,80,DATA,00,80,1324,0,0,80,80,00,00,1
1351,268,B,00,00,DATA,00,00,1325,0,0,80,80,00,00,1
1352,268,A,00,F5,DATA,00,F5,1326,0,0,80,80,00,00,1
1353,268,B,00,00,DATA,00,00,1327,0,0,80,80,00,00,1
1354,268,A,00,FF,DATA,00,FF,1328,0,0,80,80,00,00,1
1355,268,B,FF,00,DATA,00,FF,1329,0,0,80,80,00,00,1
1356,268,A,00,07,DATA,00,07,1330,0,0,80,80,00,00,1
1357,268,B,7F,00,DATA,00,7F,1331,0,0,80,80,00,00,1
1358,268,A,00,63,DATA,00,63,1332,0,0,80,80,00,00,1
1359,268,B,1F,00,DATA,00,1F,1333,0,0,80,80,00,00,1
1360,268,A,00,67,DATA,00,67,1334,0,0,80,80,00,00,1
1361,268,B,1F,00,DATA,00,1F,1335,0,0,80,80,00,00,1
1362,268,A,00,11,DATA,00,11,1336,0,0,80,80,00,00,1
1363,268,B,0F,00,DATA,00,0F,1337,0,0,80,80,00,00,1
1364,268,A,00,57,DATA,00,57,1338,0,0,80,80,00,00,1
1365,268,B,0F,00,DATA,00,0F,1339,0,0,80,80,00,00,1
1366,268,A,00,09,DATA,00,09,1340,0,0,80,80,00,00,1
1367,268,B,07,00,DATA,00,07,1341,0,0,80,80,00,00,1
1368,268,A,00,59,DATA,00,59,1342,0,0,80,80,00,00,1
1369,268,B,07,00,DATA,00,07,1343,0,0,80,80,00,00,1
1370,268,A,00,A1,DATA,00,A1,1344,0,0,80,80,00,00,1
1371,268,B,DE,00,DATA,00,DE,1345,0,0,80,80,00,00,1
1372,268,A,00,84,DATA,00,84,1346,0,0,80,80,00,00,1
1373,268,B,FF,00,DATA,00,FF,1347,0,0,80,80,00,00,1
1374,268,A,00,81,DATA,00,81,1348,0,0,80,80,00,00,1
1375,268,B,FE,00,DATA,00,FE,1349,0,0,80,80,00,00,1
1376,268,A,00,97,DATA,00,97,1350,0,0,80,80,00,00,1
1377,268,B,FC,00,DATA,00,FC,1351,0,0,80,80,00,00,1
1378,268,A,00,82,DATA,00,82,1352,0,0,80,80,00,00,1
1379,268,B,FC,00,DATA,00,FC,1353,0,0,80,80,00,00,1
1380,268,A,00,D7,DATA,00,D7,1354,0,0,80,80,00,00,1
1381,268,B,FC,00,DATA,00,FC,1355,0,0,80,80,00,00,1
1382,268,A,00,83,DATA,00,83,1356,0,0,80,80,00,00,1
1383,268,B,FC,00,DATA,00,FC,1357,0,0,80,80,00,00,1
1384,268,A,00,D7,DATA,00,D7,1358,0,0,80,80,00,00,1
1385,268,B,FC,00,DATA,00,FC,1359,0,0,80,80,00,00,1
1386,268,A,00,C1,DATA,00,C1,1360,0,0,80,80,00,00,1
1387,268,B,00,00,DATA,00,00,1361,0,0,80,80,00,00,1
1388,268,A,00,D5,DATA,00,D5,1362,0,0,80,80,00,00,1
1389,268,B,00,00,DATA,00,00,1363,0,0,80,80,00,00,1
1390,268,A,00,80,DATA,00,80,1364,0,0,80,80,00,00,1
1391,268,B,00,00,DATA,00,00,1365,0,0,80,80,00,00,1
1392,268,A,00,55,DATA,00,55,1366,0,0,80,80,00,00,1
1393,268,B,00,00,DATA,00,00,1367,0,0,80,80,00,00,1
1394,268,A,00,00,DATA,00,00,1368,0,0,80,80,00,00,1
1395,268,B,00,00,DATA,00,00,1369,0,0,80,80,00,00,1
1396,268,A,00,F5,DATA,00,F5,1370,0,0,80,80,00,00,1
1397,268,B,00,00,DATA,00,00,1371,0,0,80,80,00,00,1
1398,268,A,00,E0,DATA,00,E0,1372,0,0,80,80,00,00,1
1399,268,B,00,00,DATA,00,00,1373,0,0,80,80,00,00,1
1400,268,A,00,B5,DATA,00,B5,1374,0,0,80,80,00,00,1
1401,268,B,40,00,DATA,00,40,1375,0,0,80,80,00,00,1
1402,268,A,00,E0,DATA,00,E0,1376,0,0,80,80,00,00,1
1403,268,B,00,00,DATA,00,00,1377,0,0,80,80,00,00,1
1404,268,A,00,40,DATA,00,40,1378,0,0,80,80,00,00,1
1405,268,B,00,00,DATA,00,00,1379,0,0,80,80,00,00,1
1406,268,A,00,00,DATA,00,00,1380,0,0,80,80,00,00,1
1407,268,B,00,00,DATA,00,00,1381,0,0,80,80,00,00,1
1408,268,A,00,00,DATA,00,00,1382,0,0,80,80,00,00,1
1409,268,B,00,00,DATA,00,00,1383,0,0,80,80,00,00,1
1410,268,A,00,00,DATA,00,00,1384,0,0,80,80,00,00,1
1411,268,B,00,00,DATA,00,00,1385,0,0,80,80,00,00,1
1412,268,A,00,51,DATA,00,51,1386,0,0,80,80,00,00,1
1413,268,B,00,00,DATA,00,00,1387,0,0,80,80,00,00,1
1414,268,A,00,00,DATA,00,00,1388,0,0,80,80,00,00,1
1415,268,B,00,00,DATA,00,00,1389,0,0,80,80,00,00,1
1416,268,A,00,75,DATA,00,75,1390,0,0,80,80,00,00,1
1417,268,B,00,00,DATA,00,00,1391,0,0,80,80,00,00,1
1418,268,A,00,0F,DATA,00,0F,1392,0,0,80,80,00,00,1
1419,268,B,01,00,DATA,00,01,1393,0,0,80,80,00,00,1
1420,268,A,00,53,DATA,00,53,1394,0,0,80,80,00,00,1
1421,268,B,05,00,DATA,00,05,1395,0,0,80,80,00,00,1
1422,268,A,00,0F,DATA,00,0F,1396,0,0,80,80,00,00,1
1423,268,B,01,00,DATA,00,01,1397,0,0,80,80,00,00,1
1424,268,A,00,5F,DATA,00,5F,1398,0,0,80,80,00,00,1
1425,268,B,01,00,DATA,00,01,1399,0,0,80,80,00,00,1
1426,268,A,00,0F,DATA,00,0F,1400,0,0,80,80,00,00,1
1427,268,B,01,00,DATA,00,01,1401,0,0,80,80,00,00,1
1428,268,A,00,5D,DATA,00,5D,1402,0,0,80,80,00,00,1
1429,268,B,01,00,DATA,00,01,1403,0,0,80,80,00,00,1
1430,268,A,00,0D,DATA,00,0D,1404,0,0,80,80,00,00,1
1431,268,B,01,00,DATA,00,01,1405,0,0,80,80,00,00,1
1432,268,A,00,55,DATA,00,55,1406,0,0,80,80,00,00,1
1433,268,B,01,00,DATA,00,01,1407,0,0,80,80,00,00,1
1434,268,A,00,A1,DATA,00,A1,1408,0,0,80,80,00,00,1
1435,268,B,FE,00,DATA,00,FE,1409,0,0,80,80,00,00,1
1436,268,A,00,F4,DATA,00,F4,1410,0,0,80,80,00,00,1
1437,268,B,FF,00,DATA,00,FF,1411,0,0,80,80,00,00,1
1438,268,A,00,F8,DATA,00,F8,1412,0,0,80,80,00,00,1
1439,268,B,FF,00,DATA,00,FF,1413,0,0,80,80,00,00,1
1440,268,A,00,FD,DATA,00,FD,1414,0,0,80,80,00,00,1
1441,268,B,FF,00,DATA,00,FF,1415,0,0,80,80,00,00,1
1442,268,A,00,F8,DATA,00,F8,1416,0,0,80,80,00,00,1
1443,268,B,FF,00,DATA,00,FF,1417,0,0,80,80,00,00,1
1444,268,A,00,FD,DATA,00,FD,1418,0,0,80,80,00,00,1
1445,268,B,FF,00,DATA,00,FF,1419,0,0,80,80,00,00,1
1446,268,A,00,EC,DATA,00,EC,1420,0,0,80,80,00,00,1
1447,268,B,FF,00,DATA,00,FF,1421,0,0,80,80,00,00,1
1448,268,A,00,DF,DATA,00,DF,1422,0,0,80,80,00,00,1
1449,268,B,FF,00,DATA,00,FF,1423,0,0,80,80,00,00,1
1450,268,A,00,E0,DATA,00,E0,1424,0,0,80,80,00,00,1
1451,268,B,00,00,DATA,00,00,1425,0,0,80,80,00,00,1
1452,268,A,00,BD,DATA,00,BD,1426,0,0,80,80,00,00,1
1453,268,B,40,00,DATA,00,40,1427,0,0,80,80,00,00,1
1454,268,A,00,E0,DATA,00,E0,1428,0,0,80,80,00,00,1
1455,268,B,00,00,DATA,00,00,1429,0,0,80,80,00,00,1
1456,268,A,00,B7,DATA,00,B7,1430,0,0,80,80,00,00,1
1457,268,B,40,00,DATA,00,40,1431,0,0,80,80,00,00,1
1458,268,A,00,7C,DATA,00,7C,1432,0,0,80,80,00,00,1
1459,268,B,80,00,DATA,00,80,1433,0,0,80,80,00,00,1
1460,268,A,00,35,DATA,00,35,1434,0,0,80,80,00,00,1
1461,268,B,C0,00,DATA,00,C0,1435,0,0,80,80,00,00,1
1462,268,A,00,38,DATA,00,38,1436,0,0,80,80,00,00,1
1463,268,B,C0,00,DATA,00,C0,1437,0,0,80,80,00,00,1
1464,268,A,00,5D,DATA,00,5D,1438,0,0,80,80,00,00,1
1465,268,B,E0,00,DATA,00,E0,1439,0,0,80,80,00,00,1
1466,268,A,00,30,DATA,00,30,1440,0,0,80,80,00,00,1
1467,268,B,00,00,DATA,00,00,1441,0,0,80,80,00,00,1
1468,268,A,00,F5,DATA,00,F5,1442,0,0,80,80,00,00,1
1469,268,B,00,00,DATA,00,00,1443,0,0,80,80,00,00,1
1470,268,A,00,70,DATA,00,70,1444,0,0,80,80,00,00,1
1471,268,B,00,00,DATA,00,00,1445,0,0,80,80,00,00,1
1472,268,A,00,55,DATA,00,55,1446,0,0,80,80,00,00,1
1473,268,B,00,00,DATA,00,00,1447,0,0,80,80,00,00,1
1474,268,A,00,00,DATA,00,00,1448,0,0,80,80,00,00,1
1475,268,B,00,00,DATA,00,00,1449,0,0,80,80,00,00,1
1476,268,A,00,55,DATA,00,55,1450,0,0,80,80,00,00,1
1477,268,B,00,00,DATA,00,00,1451,0,0,80,80,00,00,1
1478,268,A,00,01,DATA,00,01,1452,0,0,80,80,00,00,1
1479,268,B,00,00,DATA,00,00,1453,0,0,80,80,00,00,1
1480,268,A,00,55,DATA,00,55,1454,0,0,80,80,00,00,1
1481,268,B,00,00,DATA,00,00,1455,0,0,80,80,00,00,1
1482,268,A,00,1D,DATA,00,1D,1456,0,0,80,80,00,00,1
1483,268,B,03,00,DATA,00,03,1457,0,0,80,80,00,00,1
1484,268,A,00,59,DATA,00,59,1458,0,0,80,80,00,00,1
1485,268,B,07,00,DATA,00,07,1459,0,0,80,80,00,00,1
1486,268,A,00,1D,DATA,00,1D,1460,0,0,80,80,00,00,1
1487,268,B,03,00,DATA,00,03,1461,0,0,80,80,00,00,1
1488,268,A,00,7D,DATA,00,7D,1462,0,0,80,80,00,00,1
1489,268,B,03,00,DATA,00,03,1463,0,0,80,80,00,00,1
1490,268,A,00,7D,DATA,00,7D,1464,0,0,80,80,00,00,1
1491,268,B,03,00,DATA,00,03,1465,0,0,80,80,00,00,1
1492,268,A,00,75,DATA,00,75,1466,0,0,80,80,00,00,1
1493,268,B,03,00,DATA,00,03,1467,0,0,80,80,00,00,1
1494,268,A,00,F5,DATA,00,F5,1468,0,0,80,80,00,00,1
1495,268,B,03,00,DATA,00,03,1469,0,0,80,80,00,00,1
1496,268,A,00,F5,DATA,00,F5,1470,0,0,80,80,00,00,1
1497,268,B,03,00,DATA,00,03,1471,0,0,80,80,00,00,1
1498,268,A,00,A0,DATA,00,A0,1472,0,0,80,80,00,00,1
1499,268,B,FF,00,DATA,00,FF,1473,0,0,80,80,00,00,1
1500,268,A,00,D5,DATA,00,D5,1474,0,0,80,80,00,00,1
1501,268,B,FF,00,DATA,00,FF,1475,0,0,80,80,00,00,1
1502,268,A,00,A0,DATA,00,A0,1476,0,0,80,80,00,00,1
1503,268,B,FF,00,DATA,00,FF,1477,0,0,80,80,00,00,1
1504,268,A,00,FF,DATA,00,FF,1478,0,0,80,80,00,00,1
1505,268,B,FF,00,DATA,00,FF,1479,0,0,80,80,00,00,1
1506,268,A,00,00,DATA,00,00,1480,0,0,80,80,00,00,1
1507,268,B,00,00,DATA,00,00,1481,0,0,80,80,00,00,1
1508,268,A,00,00,DATA,00,00,1482,0,0,80,80,00,00,1
1509,268,B,00,00,DATA,00,00,1483,0,0,80,80,00,00,1
1510,268,A,00,00,DATA,00,00,1484,0,0,80,80,00,00,1
1511,268,B,00,00,DATA,00,00,1485,0,0,80,80,00,00,1
1512,268,A,00,00,DATA,00,00,1486,0,0,80,80,00,00,1
1513,268,B,00,00,DATA,00,00,1487,0,0,80,80,00,00,1
1514,268,A,00,10,DATA,00,10,1488,0,0,80,80,00,00,1
1515,268,B,E0,00,DATA,00,E0,1489,0,0,80,80,00,00,1
1516,268,A,00,7D,DATA,00,7D,1490,0,0,80,80,00,00,1
1517,268,B,C0,00,DATA,00,C0,1491,0,0,80,80,00,00,1
1518,268,A,00,38,DATA,00,38,1492,0,0,80,80,00,00,1
1519,268,B,C0,00,DATA,00,C0,1493,0,0,80,80,00,00,1
1520,268,A,00,FF,DATA,00,FF,1494,0,0,80,80,00,00,1
1521,268,B,FF,00,DATA,00,FF,1495,0,0,80,80,00,00,1
1522,268,A,00,00,DATA,00,00,1496,0,0,80,80,00,00,1
1523,268,B,00,00,DATA,00,00,1497,0,0,80,80,00,00,1
1524,268,A,00,00,DATA,00,00,1498,0,0,80,80,00,00,1
1525,268,B,00,00,DATA,00,00,1499,0,0,80,80,00,00,1
1526,268,A,00,00,DATA,00,00,1500,0,0,80,80,00,00,1
1527,268,B,00,00,DATA,00,00,1501,0,0,80,80,00,00,1
1528,268,A,00,00,DATA,00,00,1502,0,0,80,80,00,00,1
1529,268,B,00,00,DATA,00,00,1503,0,0,80,80,00,00,1
1530,268,A,00,01,DATA,00,01,1504,0,0,80,80,00,00,1
1531,268,B,00,00,DATA,00,00,1505,0,0,80,80,00,00,1
1532,268,A,00,55,DATA,00,55,1506,0,0,80,80,00,00,1
1533,268,B,00,00,DATA,00,00,1507,0,0,80,80,00,00,1
1534,268,A,00,17,DATA,00,17,1508,0,0,80,80,00,00,1
1535,268,B,00,00,DATA,00,00,1509,0,0,80,80,00,00,1
1536,268,A,00,FF,DATA,00,FF,1510,0,0,80,80,00,00,1
1537,268,B,FF,00,DATA,00,FF,1511,0,0,80,80,00,00,1
1538,268,A,00,00,DATA,00,00,1512,0,0,80,80,00,00,1
1539,268,B,00,00,DATA,00,00,1513,0,0,80,80,00,00,1
1540,268,A,00,00,DATA,00,00,1514,0,0,80,80,00,00,1
1541,268,B,00,00,DATA,00,00,1515,0,0,80,80,00,00,1
1542,268,A,00,00,DATA,00,00,1516,0,0,80,80,00,00,1
1543,268,B,00,00,DATA,00,00,1517,0,0,80,80,00,00,1
1544,268,A,00,00,DATA,00,00,1518,0,0,80,80,00,00,1
1545,268,B,00,00,DATA,00,00,1519,0,0,80,80,00,00,1
1546,268,A,00,C5,DATA,00,C5,1520,0,0,80,80,00,00,1
1547,268,B,03,00,DATA,00,03,1521,0,0,80,80,00,00,1
1548,268,A,00,D1,DATA,00,D1,1522,0,0,80,80,00,00,1
1549,268,B,07,00,DATA,00,07,1523,0,0,80,80,00,00,1
1550,268,A,00,0D,DATA,00,0D,1524,0,0,80,80,00,00,1
1551,268,B,03,00,DATA,00,03,1525,0,0,80,80,00,00,1
1552,268,A,00,FF,DATA,00,FF,1526,0,0,80,80,00,00,1
1553,268,B,FF,00,DATA,00,FF,1527,0,0,80,80,00,00,1
1554,268,A,00,00,DATA,00,00,1528,0,0,80,80,00,00,1
1555,268,B,00,00,DATA,00,00,1529,0,0,80,80,00,00,1
1556,268,A,00,00,DATA,00,00,1530,0,0,80,80,00,00,1
1557,268,B,00,00,DATA,00,00,1531,0,0,80,80,00,00,1
1558,268,A,00,00,DATA,00,00,1532,0,0,80,80,00,00,1
1559,268,B,00,00,DATA,00,00,1533,0,0,80,80,00,00,1
1560,268,A,00,00,DATA,00,00,1534,0,0,80,80,00,00,1
1561,268,B,00,00,DATA,00,00,1535,0,0,80,80,00,00,1
1562,268,A,00,FF,DATA,00,FF,1536,0,0,80,80,00,00,1
1563,268,B,FF,00,DATA,00,FF,1537,0,0,80,80,00,00,1
1564,268,A,00,BF,DATA,00,BF,1538,0,0,80,80,00,00,1
1565,268,B,C0,00,DATA,00,C0,1539,0,0,80,80,00,00,1
1566,268,A,00,FF,DATA,00,FF,1540,0,0,80,80,00,00,1
1567,268,B,80,00,DATA,00,80,1541,0,0,80,80,00,00,1
1568,268,A,00,BE,DATA,00,BE,1542,0,0,80,80,00,00,1
1569,268,B,C1,00,DATA,00,C1,1543,0,0,80,80,00,00,1
1570,268,A,00,FD,DATA,00,FD,1544,0,0,80,80,00,00,1
1571,268,B,82,00,DATA,00,82,1545,0,0,80,80,00,00,1
1572,268,A,00,BE,DATA,00,BE,1546,0,0,80,80,00,00,1
1573,268,B,C1,00,DATA,00,C1,1547,0,0,80,80,00,00,1
1574,268,A,00,FF,DATA,00,FF,1548,0,0,80,80,00,00,1
1575,268,B,80,00,DATA,00,80,1549,0,0,80,80,00,00,1
1576,268,A,00,B3,DATA,00,B3,1550,0,0,80,80,00,00,1
1577,268,B,CC,00,DATA,00,CC,1551,0,0,80,80,00,00,1
1578,268,A,00,FF,DATA,00,FF,1552,0,0,80,80,00,00,1
1579,268,B,FF,00,DATA,00,FF,1553,0,0,80,80,00,00,1
1580,268,A,00,55,DATA,00,55,1554,0,0,80,80,00,00,1
1581,268,B,FF,00,DATA,00,FF,1555,0,0,80,80,00,00,1
1582,268,A,00,00,DATA,00,00,1556,0,0,80,80,00,00,1
1583,268,B,FF,00,DATA,00,FF,1557,0,0,80,80,00,00,1
1584,268,A,00,C0,DATA,00,C0,1558,0,0,80,80,00,00,1
1585,268,B,3F,00,DATA,00,3F,1559,0,0,80,80,00,00,1
1586,268,A,00,8F,DATA,00,8F,1560,0,0,80,80,00,00,1
1587,268,B,70,00,DATA,00,70,1561,0,0,80,80,00,00,1
1588,268,A,00,8F,DATA,00,8F,1562,0,0,80,80,00,00,1
1589,268,B,70,00,DATA,00,70,1563,0,0,80,80,00,00,1
1590,268,A,00,BE,DATA,00,BE,1564,0,0,80,80,00,00,1
1591,268,B,40,00,DATA,00,40,1565,0,0,80,80,00,00,1
1592,268,A,00,2D,DATA,00,2D,1566,0,0,80,80,00,00,1
1593,268,B,D0,00,DATA,00,D0,1567,0,0,80,80,00,00,1
1594,268,A,00,FF,DATA,00,FF,1568,0,0,80,80,00,00,1
1595,268,B,FF,00,DATA,00,FF,1569,0,0,80,80,00,00,1
1596,268,A,00,00,DATA,00,00,1570,0,0,80,80,00,00,1
1597,268,B,FF,00,DATA,00,FF,1571,0,0,80,80,00,00,1
1598,268,A,00,0E,DATA,00,0E,1572,0,0,80,80,00,00,1
1599,268,B,F1,00,DATA,00,F1,1573,0,0,80,80,00,00,1
1600,268,A,00,BD,DATA,00,BD,1574,0,0,80,80,00,00,1
1601,268,B,40,00,DATA,00,40,1575,0,0,80,80,00,00,1
1602,268,A,00,E0,DATA,00,E0,1576,0,0,80,80,00,00,1
1603,268,B,00,00,DATA,00,00,1577,0,0,80,80,00,00,1
1604,268,A,00,40,DATA,00,40,1578,0,0,80,80,00,00,1
1605,268,B,00,00,DATA,00,00,1579,0,0,80,80,00,00,1
1606,268,A,00,60,DATA,00,60,1580,0,0,80,80,00,00,1
1607,268,B,00,00,DATA,00,00,1581,0,0,80,80,00,00,1
1608,268,A,00,70,DATA,00,70,1582,0,0,80,80,00,00,1
1609,268,B,00,00,DATA,00,00,1583,0,0,80,80,00,00,1
1610,268,A,00,FF,DATA,00,FF,1584,0,0,80,80,00,00,1
1611,268,B,FF,00,DATA,00,FF,1585,0,0,80,80,00,00,1
1612,268,A,00,4F,DATA,00,4F,1586,0,0,80,80,00,00,1
1613,268,B,F1,00,DATA,00,F1,1587,0,0,80,80,00,00,1
1614,268,A,00,05,DATA,00,05,1588,0,0,80,80,00,00,1
1615,268,B,F9,00,DATA,00,F9,1589,0,0,80,80,00,00,1
1616,268,A,00,01,DATA,00,01,1590,0,0,80,80,00,00,1
1617,268,B,7D,00,DATA,00,7D,1591,0,0,80,80,00,00,1
1618,268,A,00,23,DATA,00,23,1592,0,0,80,80,00,00,1
1619,268,B,1D,00,DATA,00,1D,1593,0,0,80,80,00,00,1
1620,268,A,00,5B,DATA,00,5B,1594,0,0,80,80,00,00,1
1621,268,B,05,00,DATA,00,05,1595,0,0,80,80,00,00,1
1622,268,A,00,0F,DATA,00,0F,1596,0,0,80,80,00,00,1
1623,268,B,11,00,DATA,00,11,1597,0,0,80,80,00,00,1
1624,268,A,00,0D,DATA,00,0D,1598,0,0,80,80,00,00,1
1625,268,B,11,00,DATA,00,11,1599,0,0,80,80,00,00,1
1626,268,A,00,EF,DATA,00,EF,1600,0,0,80,80,00,00,1
1627,268,B,90,00,DATA,00,90,1601,0,0,80,80,00,00,1
1628,268,A,00,AA,DATA,00,AA,1602,0,0,80,80,00,00,1
1629,268,B,D5,00,DATA,00,D5,1603,0,0,80,80,00,00,1
1630,268,A,00,E6,DATA,00,E6,1604,0,0,80,80,00,00,1
1631,268,B,99,00,DATA,00,99,1605,0,0,80,80,00,00,1
1632,268,A,00,8A,DATA,00,8A,1606,0,0,80,80,00,00,1
1633,268,B,F5,00,DATA,00,F5,1607,0,0,80,80,00,00,1
1634,268,A,00,CF,DATA,00,CF,1608,0,0,80,80,00,00,1
1635,268,B,B0,00,DATA,00,B0,1609,0,0,80,80,00,00,1
1636,268,A,00,8D,DATA,00,8D,1610,0,0,80,80,00,00,1
1637,268,B,F0,00,DATA,00,F0,1611,0,0,80,80,00,00,1
1638,268,A,00,D9,DATA,00,D9,1612,0,0,80,80,00,00,1
1639,268,B,A0,00,DATA,00,A0,1613,0,0,80,80,00,00,1
1640,268,A,00,FF,DATA,00,FF,1614,0,0,80,80,00,00,1
1641,268,B,80,00,DATA,00,80,1615,0,0,80,80,00,00,1
1642,268,A,00,3C,DATA,00,3C,1616,0,0,80,80,00,00,1
1643,268,B,C0,00,DATA,00,C0,1617,0,0,80,80,00,00,1
1644,268,A,00,3D,DATA,00,3D,1618,0,0,80,80,00,00,1
1645,268,B,C0,00,DATA,00,C0,1619,0,0,80,80,00,00,1
1646,268,A,00,7C,DATA,00,7C,1620,0,0,80,80,00,00,1
1647,268,B,80,00,DATA,00,80,1621,0,0,80,80,00,00,1
1648,268,A,00,2F,DATA,00,2F,1622,0,0,80,80,00,00,1
1649,268,B,D0,00,DATA,00,D0,1623,0,0,80,80,00,00,1
1650,268,A,00,7F,DATA,00,7F,1624,0,0,80,80,00,00,1
1651,268,B,80,00,DATA,00,80,1625,0,0,80,80,00,00,1
1652,268,A,00,2B,DATA,00,2B,1626,0,0,80,80,00,00,1
1653,268,B,D4,00,DATA,00,D4,1627,0,0,80,80,00,00,1
1654,268,A,00,C1,DATA,00,C1,1628,0,0,80,80,00,00,1
1655,268,B,3E,00,DATA,00,3E,1629,0,0,80,80,00,00,1
1656,268,A,00,91,DATA,00,91,1630,0,0,80,80,00,00,1
1657,268,B,7E,00,DATA,00,7E,1631,0,0,80,80,00,00,1
1658,268,A,00,00,DATA,00,00,1632,0,0,80,80,00,00,1
1659,268,B,00,00,DATA,00,00,1633,0,0,80,80,00,00,1
1660,268,A,00,54,DATA,00,54,1634,0,0,80,80,00,00,1
1661,268,B,00,00,DATA,00,00,1635,0,0,80,80,00,00,1
1662,570,A,00,00,DATA,00,00,1636,0,0,80,80,00,00,1
1663,570,B,00,00,DATA,00,00,1637,0,0,80,80,00,00,1
1664,570,A,00,55,DATA,00,55,1638,0,0,80,80,00,00,1
1665,570,B,00,00,DATA,00,00,1639,0,0,80,80,00,00,1
1666,570,A,00,18,DATA,00,18,1640,0,0,80,80,00,00,1
1667,570,B,00,00,DATA,00,00,1641,0,0,80,80,00,00,1
1668,570,A,00,FF,DATA,00,FF,1642,0,0,80,80,00,00,1
1669,570,B,00,00,DATA,00,00,1643,0,0,80,80,00,00,1
1670,570,A,00,FF,DATA,00,FF,1644,0,0,80,80,00,00,1
1671,570,B,00,00,DATA,00,00,1645,0,0,80,80,00,00,1
1672,570,A,00,6B,DATA,00,6B,1646,0,0,80,80,00,00,1
1673,570,B,14,00,DATA,00,14,1647,0,0,80,80,00,00,1
1674,570,A,00,1D,DATA,00,1D,1648,0,0,80,80,00,00,1
1675,570,B,01,00,DATA,00,01,1649,0,0,80,80,00,00,1
1676,570,A,00,75,DATA,00,75,1650,0,0,80,80,00,00,1
1677,570,B,01,00,DATA,00,01,1651,0,0,80,80,00,00,1
1678,570,A,00,3F,DATA,00,3F,1652,0,0,80,80,00,00,1
1679,570,B,01,00,DATA,00,01,1653,0,0,80,80,00,00,1
1680,570,A,00,6B,DATA,00,6B,1654,0,0,80,80,00,00,1
1681,570,B,15,00,DATA,00,15,1655,0,0,80,80,00,00,1
1682,570,A,00,2D,DATA,00,2D,1656,0,0,80,80,00,00,1
1683,570,B,13,00,DATA,00,13,1657,0,0,80,80,00,00,1
1684,570,A,00,69,DATA,00,69,1658,0,0,80,80,00,00,1
1685,570,B,17,00,DATA,00,17,1659,0,0,80,80,00,00,1
1686,570,A,00,AF,DATA,00,AF,1660,0,0,80,80,00,00,1
1687,570,B,11,00,DATA,00,11,1661,0,0,80,80,00,00,1
1688,570,A,00,EB,DATA,00,EB,1662,0,0,80,80,00,00,1
1689,570,B,15,00,DATA,00,15,1663,0,0,80,80,00,00,1
1690,570,A,00,C1,DATA,00,C1,1664,0,0,80,80,00,00,1
1691,570,B,80,00,DATA,00,80,1665,0,0,80,80,00,00,1
1692,570,A,00,D6,DATA,00,D6,1666,0,0,80,80,00,00,1
1693,570,B,81,00,DATA,00,81,1667,0,0,80,80,00,00,1
1694,570,A,00,87,DATA,00,87,1668,0,0,80,80,00,00,1
1695,570,B,80,00,DATA,00,80,1669,0,0,80,80,00,00,1
1696,570,A,00,D7,DATA,00,D7,1670,0,0,80,80,00,00,1
1697,570,B,80,00,DATA,00,80,1671,0,0,80,80,00,00,1
1698,570,A,00,87,DATA,00,87,1672,0,0,80,80,00,00,1
1699,570,B,80,00,DATA,00,80,1673,0,0,80,80,00,00,1
1700,570,A,00,FC,DATA,00,FC,1674,0,0,80,80,00,00,1
1701,570,B,83,00,DATA,00,83,1675,0,0,80,80,00,00,1
1702,570,A,00,BD,DATA,00,BD,1676,0,0,80,80,00,00,1
1703,570,B,82,00,DATA,00,82,1677,0,0,80,80,00,00,1
1704,570,A,00,FA,DATA,00,FA,1678,0,0,80,80,00,00,1
1705,570,B,85,00,DATA,00,85,1679,0,0,80,80,00,00,1
1706,570,A,00,EE,DATA,00,EE,1680,0,0,80,80,00,00,1
1707,570,B,10,00,DATA,00,10,1681,0,0,80,80,00,00,1
1708,570,A,00,7E,DATA,00,7E,1682,0,0,80,80,00,00,1
1709,570,B,00,00,DATA,00,00,1683,0,0,80,80,00,00,1
1710,570,A,00,0C,DATA,00,0C,1684,0,0,80,80,00,00,1
1711,570,B,00,00,DATA,00,00,1685,0,0,80,80,00,00,1
1712,570,A,00,54,DATA,00,54,1686,0,0,80,80,00,00,1
1713,570,B,00,00,DATA,00,00,1687,0,0,80,80,00,00,1
1714,570,A,00,08,DATA,00,08,1688,0,0,80,80,00,00,1
1715,570,B,00,00,DATA,00,00,1689,0,0,80,80,00,00,1
1716,570,A,00,AC,DATA,00,AC,1690,0,0,80,80,00,00,1
1717,570,B,50,00,DATA,00,50,1691,0,0,80,80,00,00,1
1718,570,A,00,FF,DATA,00,FF,1692,0,0,80,80,00,00,1
1719,570,B,00,00,DATA,00,00,1693,0,0,80,80,00,00,1
1720,570,A,00,AA,DATA,00,AA,1694,0,0,80,80,00,00,1
1721,570,B,55,00,DATA,00,55,1695,0,0,80,80,00,00,1
1722,570,A,00,7F,DATA,00,7F,1696,0,0,80,80,00,00,1
1723,570,B,00,00,DATA,00,00,1697,0,0,80,80,00,00,1
1724,570,A,00,7C,DATA,00,7C,1698,0,0,80,80,00,00,1
1725,570,B,07,00,DATA,00,07,1699,0,0,80,80,00,00,1
1726,570,A,00,1F,DATA,00,1F,1700,0,0,80,80,00,00,1
1727,570,B,00,00,DATA,00,00,1701,0,0,80,80,00,00,1
1728,570,A,00,57,DATA,00,57,1702,0,0,80,80,00,00,1
1729,570,B,00,00,DATA,00,00,1703,0,0,80,80,00,00,1
1730,570,A,00,00,DATA,00,00,1704,0,0,80,80,00,00,1
1731,570,B,00,00,DATA,00,00,1705,0,0,80,80,00,00,1
1732,570,A,00,51,DATA,00,51,1706,0,0,80,80,00,00,1
1733,570,B,00,00,DATA,00,00,1707,0,0,80,80,00,00,1
1734,570,A,00,00,DATA,00,00,1708,0,0,80,80,00,00,1
1735,570,B,00,00,DATA,00,00,1709,0,0,80,80,00,00,1
1736,570,A,00,D5,DATA,00,D5,1710,0,0,80,80,00,00,1
1737,570,B,00,00,DATA,00,00,1711,0,0,80,80,00,00,1
1738,570,A,00,EF,DATA,00,EF,1712,0,0,80,80,00,00,1
1739,570,B,11,00,DATA,00,11,1713,0,0,80,80,00,00,1
1740,570,A,00,EB,DATA,00,EB,1714,0,0,80,80,00,00,1
1741,570,B,15,00,DATA,00,15,1715,0,0,80,80,00,00,1
1742,570,A,00,F7,DATA,00,F7,1716,0,0,80,80,00,00,1
1743,570,B,09,00,DATA,00,09,1717,0,0,80,80,00,00,1
1744,570,A,00,63,DATA,00,63,1718,0,0,80,80,00,00,1
1745,570,B,1D,00,DATA,00,1D,1719,0,0,80,80,00,00,1
1746,570,A,00,27,DATA,00,27,1720,0,0,80,80,00,00,1
1747,570,B,19,00,DATA,00,19,1721,0,0,80,80,00,00,1
1748,570,A,00,45,DATA,00,45,1722,0,0,80,80,00,00,1
1749,570,B,3F,00,DATA,00,3F,1723,0,0,80,80,00,00,1
1750,570,A,00,41,DATA,00,41,1724,0,0,80,80,00,00,1
1751,570,B,3F,00,DATA,00,3F,1725,0,0,80,80,00,00,1
1752,570,A,00,85,DATA,00,85,1726,0,0,80,80,00,00,1
1753,570,B,7F,00,DATA,00,7F,1727,0,0,80,80,00,00,1
1754,570,A,00,FF,DATA,00,FF,1728,0,0,80,80,00,00,1
1755,570,B,80,00,DATA,00,80,1729,0,0,80,80,00,00,1
1756,570,A,00,F8,DATA,00,F8,1730,0,0,80,80,00,00,1
1757,570,B,87,00,DATA,00,87,1731,0,0,80,80,00,00,1
1758,570,A,00,FD,DATA,00,FD,1732,0,0,80,80,00,00,1
1759,570,B,82,00,DATA,00,82,1733,0,0,80,80,00,00,1
1760,570,A,00,FF,DATA,00,FF,1734,0,0,80,80,00,00,1
1761,570,B,FF,00,DATA,00,FF,1735,0,0,80,80,00,00,1
1762,570,A,00,00,DATA,00,00,1736,0,0,80,80,00,00,1
1763,570,B,00,00,DATA,00,00,1737,0,0,80,80,00,00,1
1764,570,A,00,00,DATA,00,00,1738,0,0,80,80,00,00,1
1765,570,B,00,00,DATA,00,00,1739,0,0,80,80,00,00,1
1766,570,A,00,00,DATA,00,00,1740,0,0,80,80,00,00,1
1767,570,B,00,00,DATA,00,00,1741,0,0,80,80,00,00,1
1768,570,A,00,00,DATA,00,00,1742,0,0,80,80,00,00,1
1769,570,B,00,00,DATA,00,00,1743,0,0,80,80,00,00,1
1770,570,A,00,FB,DATA,00,FB,1744,0,0,80,80,00,00,1
1771,570,B,04,00,DATA,00,04,1745,0,0,80,80,00,00,1
1772,570,A,00,8B,DATA,00,8B,1746,0,0,80,80,00,00,1
1773,570,B,74,00,DATA,00,74,1747,0,0,80,80,00,00,1
1774,570,A,00,87,DATA,00,87,1748,0,0,80,80,00,00,1
1775,570,B,78,00,DATA,00,78,1749,0,0,80,80,00,00,1
1776,570,A,00,FF,DATA,00,FF,1750,0,0,80,80,00,00,1
1777,570,B,FF,00,DATA,00,FF,1751,0,0,80,80,00,00,1
1778,570,A,00,00,DATA,00,00,1752,0,0,80,80,00,00,1
1779,570,B,00,00,DATA,00,00,1753,0,0,80,80,00,00,1
1780,570,A,00,00,DATA,00,00,1754,0,0,80,80,00,00,1
1781,570,B,00,00,DATA,00,00,1755,0,0,80,80,00,00,1
1782,570,A,00,00,DATA,00,00,1756,0,0,80,80,00,00,1
1783,570,B,00,00,DATA,00,00,1757,0,0,80,80,00,00,1
1784,570,A,00,00,DATA,00,00,1758,0,0,80,80,00,00,1
1785,570,B,00,00,DATA,00,00,1759,0,0,80,80,00,00,1
1786,570,A,00,B1,DATA,00,B1,1760,0,0,80,80,00,00,1
1787,570,B,00,00,DATA,00,00,1761,0,0,80,80,00,00,1
1788,570,A,00,7F,DATA,00,7F,1762,0,0,80,80,00,00,1
1789,570,B,00,00,DATA,00,00,1763,0,0,80,80,00,00,1
1790,570,A,00,3F,DATA,00,3F,1764,0,0,80,80,00,00,1
1791,570,B,00,00,DATA,00,00,1765,0,0,80,80,00,00,1
1792,570,A,00,FF,DATA,00,FF,1766,0,0,80,80,00,00,1
1793,570,B,FF,00,DATA,00,FF,1767,0,0,80,80,00,00,1
1794,570,A,00,00,DATA,00,00,1768,0,0,80,80,00,00,1
1795,570,B,00,00,DATA,00,00,1769,0,0,80,80,00,00,1
1796,570,A,00,00,DATA,00,00,1770,0,0,80,80,00,00,1
1797,570,B,00,00,DATA,00,00,1771,0,0,80,80,00,00,1
1798,570,A,00,00,DATA,00,00,1772,0,0,80,80,00,00,1
1799,570,B,00,00,DATA,00,00,1773,0,0,80,80,00,00,1
1800,570,A,00,00,DATA,00,00,1774,0,0,80,80,00,00,1
1801,570,B,00,00,DATA,00,00,1775,0,0,80,80,00,00,1
1802,570,A,00,E1,DATA,00,E1,1776,0,0,80,80,00,00,1
1803,570,B,1F,00,DATA,00,1F,1777,0,0,80,80,00,00,1
1804,570,A,00,F1,DATA,00,F1,1778,0,0,80,80,00,00,1
1805,570,B,1F,00,DATA,00,1F,1779,0,0,80,80,00,00,1
1806,570,A,00,C1,DATA,00,C1,1780,0,0,80,80,00,00,1
1807,570,B,3F,00,DATA,00,3F,1781,0,0,80,80,00,00,1
1808,570,A,00,FF,DATA,00,FF,1782,0,0,80,80,00,00,1
1809,570,B,FF,00,DATA,00,FF,1783,0,0,80,80,00,00,1
1810,570,A,00,00,DATA,00,00,1784,0,0,80,80,00,00,1
1811,570,B,00,00,DATA,00,00,1785,0,0,80,80,00,00,1
1812,570,A,00,00,DATA,00,00,1786,0,0,80,80,00,00,1
1813,570,B,00,00,DATA,00,00,1787,0,0,80,80,00,00,1
1814,570,A,00,00,DATA,00,00,1788,0,0,80,80,00,00,1
1815,570,B,00,00,DATA,00,00,1789,0,0,80,80,00,00,1
1816,570,A,00,00,DATA,00,00,1790,0,0,80,80,00,00,1
1817,570,B,00,00,DATA,00,00,1791,0,0,80,80,00,00,1
1818,570,A,00,FF,DATA,00,FF,1792,0,0,80,80,00,00,1
1819,570,B,FF,00,DATA,00,FF,1793,0,0,80,80,00,00,1
1820,570,A,00,D0,DATA,00,D0,1794,0,0,80,80,00,00,1
1821,570,B,80,00,DATA,00,80,1795,0,0,80,80,00,00,1
1822,570,A,00,C0,DATA,00,C0,1796,0,0,80,80,00,00,1
1823,570,B,80,00,DATA,00,80,1797,0,0,80,80,00,00,1
1824,570,A,00,D0,DATA,00,D0,1798,0,0,80,80,00,00,1
1825,570,B,80,00,DATA,00,80,1799,0,0,80,80,00,00,1
1826,570,A,00,80,DATA,00,80,1800,0,0,80,80,00,00,1
1827,570,B,80,00,DATA,00,80,1801,0,0,80,80,00,00,1
1828,570,A,00,C0,DATA,00,C0,1802,0,0,80,80,00,00,1
1829,570,B,80,00,DATA,00,80,1803,0,0,80,80,00,00,1
1830,570,A,00,80,DATA,00,80,1804,0,0,80,80,00,00,1
1831,570,B,80,00,DATA,00,80,1805,0,0,80,80,00,00,1
1832,570,A,00,C0,DATA,00,C0,1806,0,0,80,80,00,00,1
1833,570,B,80,00,DATA,00,80,1807,0,0,80,80,00,00,1
1834,570,A,00,FF,DATA,00,FF,1808,0,0,80,80,00,00,1
1835,570,B,FF,00,DATA,00,FF,1809,0,0,80,80,00,00,1
1836,570,A,00,00,DATA,00,00,1810,0,0,80,80,00,00,1
1837,570,B,00,00,DATA,00,00,1811,0,0,80,80,00,00,1
1838,570,A,00,00,DATA,00,00,1812,0,0,80,80,00,00,1
1839,570,B,00,00,DATA,00,00,1813,0,0,80,80,00,00,1
1840,570,A,00,00,DATA,00,00,1814,0,0,80,80,00,00,1
1841,570,B,00,00,DATA,00,00,1815,0,0,80,80,00,00,1
1842,570,A,00,01,DATA,00,01,1816,0,0,80,80,00,00,1
1843,570,B,00,00,DATA,00,00,1817,0,0,80,80,00,00,1
1844,570,A,00,07,DATA,00,07,1818,0,0,80,80,00,00,1
1845,570,B,00,00,DATA,00,00,1819,0,0,80,80,00,00,1
1846,570,A,00,03,DATA,00,03,1820,0,0,80,80,00,00,1
1847,570,B,00,00,DATA,00,00,1821,0,0,80,80,00,00,1
1848,570,A,00,1D,DATA,00,1D,1822,0,0,80,80,00,00,1
1849,570,B,00,00,DATA,00,00,1823,0,0,80,80,00,00,1
1850,570,A,00,FF,DATA,00,FF,1824,0,0,80,80,00,00,1
1851,570,B,FF,00,DATA,00,FF,1825,0,0,80,80,00,00,1
1852,570,A,00,00,DATA,00,00,1826,0,0,80,80,00,00,1
1853,570,B,00,00,DATA,00,00,1827,0,0,80,80,00,00,1
1854,570,A,00,00,DATA,00,00,1828,0,0,80,80,00,00,1
1855,570,B,00,00,DATA,00,00,1829,0,0,80,80,00,00,1
1856,570,A,00,00,DATA,00,00,1830,0,0,80,80,00,00,1
1857,570,B,00,00,DATA,00,00,1831,0,0,80,80,00,00,1
1858,570,A,00,C0,DATA,00,C0,1832,0,0,80,80,00,00,1
1859,570,B,00,00,DATA,00,00,1833,0,0,80,80,00,00,1
1860,570,A,00,B0,DATA,00,B0,1834,0,0,80,80,00,00,1
1861,570,B,40,00,DATA,00,40,1835,0,0,80,80,00,00,1
1862,570,A,00,FE,DATA,00,FE,1836,0,0,80,80,00,00,1
1863,570,B,00,00,DATA,00,00,1837,0,0,80,80,00,00,1
1864,570,A,00,80,DATA,00,80,1838,0,0,80,80,00,00,1
1865,570,B,7F,00,DATA,00,7F,1839,0,0,80,80,00,00,1
1866,570,A,00,FF,DATA,00,FF,1840,0,0,80,80,00,00,1
1867,570,B,FF,00,DATA,00,FF,1841,0,0,80,80,00,00,1
1868,570,A,00,1F,DATA,00,1F,1842,0,0,80,80,00,00,1
1869,570,B,01,00,DATA,00,01,1843,0,0,80,80,00,00,1
1870,570,A,00,03,DATA,00,03,1844,0,0,80,80,00,00,1
1871,570,B,01,00,DATA,00,01,1845,0,0,80,80,00,00,1
1872,570,A,00,05,DATA,00,05,1846,0,0,80,80,00,00,1
1873,570,B,01,00,DATA,00,01,1847,0,0,80,80,00,00,1
1874,570,A,00,01,DATA,00,01,1848,0,0,80,80,00,00,1
1875,570,B,01,00,DATA,00,01,1849,0,0,80,80,00,00,1
1876,570,A,00,05,DATA,00,05,1850,0,0,80,80,00,00,1
1877,570,B,01,00,DATA,00,01,1851,0,0,80,80,00,00,1
1878,570,A,00,01,DATA,00,01,1852,0,0,80,80,00,00,1
1879,570,B,01,00,DATA,00,01,1853,0,0,80,80,00,00,1
1880,570,A,00,C1,DATA,00,C1,1854,0,0,80,80,00,00,1
1881,570,B,01,00,DATA,00,01,1855,0,0,80,80,00,00,1
1882,570,A,00,80,DATA,00,80,1856,0,0,80,80,00,00,1
1883,570,B,80,00,DATA,00,80,1857,0,0,80,80,00,00,1
1884,570,A,00,C1,DATA,00,C1,1858,0,0,80,80,00,00,1
1885,570,B,80,00,DATA,00,80,1859,0,0,80,80,00,00,1
1886,570,A,00,81,DATA,00,81,1860,0,0,80,80,00,00,1
1887,570,B,80,00,DATA,00,80,1861,0,0,80,80,00,00,1
1888,570,A,00,80,DATA,00,80,1862,0,0,80,80,00,00,1
1889,570,B,81,00,DATA,00,81,1863,0,0,80,80,00,00,1
1890,570,A,00,80,DATA,00,80,1864,0,0,80,80,00,00,1
1891,570,B,80,00,DATA,00,80,1865,0,0,80,80,00,00,1
1892,570,A,00,94,DATA,00,94,1866,0,0,80,80,00,00,1
1893,570,B,80,00,DATA,00,80,1867,0,0,80,80,00,00,1
1894,570,A,00,84,DATA,00,84,1868,0,0,80,80,00,00,1
1895,570,B,80,00,DATA,00,80,1869,0,0,80,80,00,00,1
1896,570,A,00,85,DATA,00,85,1870,0,0,80,80,00,00,1
1897,570,B,80,00,DATA,00,80,1871,0,0,80,80,00,00,1
1898,570,A,00,05,DATA,00,05,1872,0,0,80,80,00,00,1
1899,570,B,18,00,DATA,00,18,1873,0,0,80,80,00,00,1
1900,570,A,00,98,DATA,00,98,1874,0,0,80,80,00,00,1
1901,570,B,05,00,DATA,00,05,1875,0,0,80,80,00,00,1
1902,570,A,00,BF,DATA,00,BF,1876,0,0,80,80,00,00,1
1903,570,B,F8,00,DATA,00,F8,1877,0,0,80,80,00,00,1
1904,570,A,00,0E,DATA,00,0E,1878,0,0,80,80,00,00,1
1905,570,B,F1,00,DATA,00,F1,1879,0,0,80,80,00,00,1
1906,570,A,00,4B,DATA,00,4B,1880,0,0,80,80,00,00,1
1907,570,B,00,00,DATA,00,00,1881,0,0,80,80,00,00,1
1908,570,A,00,8E,DATA,00,8E,1882,0,0,80,80,00,00,1
1909,570,B,01,00,DATA,00,01,1883,0,0,80,80,00,00,1
1910,570,A,00,C7,DATA,00,C7,1884,0,0,80,80,00,00,1
1911,570,B,00,00,DATA,00,00,1885,0,0,80,80,00,00,1
1912,570,A,00,DA,DATA,00,DA,1886,0,0,80,80,00,00,1
1913,570,B,01,00,DATA,00,01,1887,0,0,80,80,00,00,1
1914,570,A,00,00,DATA,00,00,1888,0,0,80,80,00,00,1
1915,570,B,FF,00,DATA,00,FF,1889,0,0,80,80,00,00,1
1916,570,A,00,D4,DATA,00,D4,1890,0,0,80,80,00,00,1
1917,570,B,FF,00,DATA,00,FF,1891,0,0,80,80,00,00,1
1918,570,A,00,3C,DATA,00,3C,1892,0,0,80,80,00,00,1
1919,570,B,FF,00,DATA,00,FF,1893,0,0,80,80,00,00,1
1920,570,A,00,04,DATA,00,04,1894,0,0,80,80,00,00,1
1921,570,B,FF,00,DATA,00,FF,1895,0,0,80,80,00,00,1
1922,570,A,00,44,DATA,00,44,1896,0,0,80,80,00,00,1
1923,570,B,83,00,DATA,00,83,1897,0,0,80,80,00,00,1
1924,570,A,00,40,DATA,00,40,1898,0,0,80,80,00,00,1
1925,570,B,83,00,DATA,00,83,1899,0,0,80,80,00,00,1
1926,570,A,00,18,DATA,00,18,1900,0,0,80,80,00,00,1
1927,570,B,E7,00,DATA,00,E7,1901,0,0,80,80,00,00,1
1928,570,A,00,82,DATA,00,82,1902,0,0,80,80,00,00,1
1929,570,B,7D,00,DATA,00,7D,1903,0,0,80,80,00,00,1
1930,570,A,00,41,DATA,00,41,1904,0,0,80,80,00,00,1
1931,570,B,81,00,DATA,00,81,1905,0,0,80,80,00,00,1
1932,570,A,00,65,DATA,00,65,1906,0,0,80,80,00,00,1
1933,570,B,C1,00,DATA,00,C1,1907,0,0,80,80,00,00,1
1934,570,A,00,11,DATA,00,11,1908,0,0,80,80,00,00,1
1935,570,B,E1,00,DATA,00,E1,1909,0,0,80,80,00,00,1
1936,570,A,00,49,DATA,00,49,1910,0,0,80,80,00,00,1
1937,570,B,F1,00,DATA,00,F1,1911,0,0,80,80,00,00,1
1938,570,A,00,05,DATA,00,05,1912,0,0,80,80,00,00,1
1939,570,B,F9,00,DATA,00,F9,1913,0,0,80,80,00,00,1
1940,570,A,00,51,DATA,00,51,1914,0,0,80,80,00,00,1
1941,570,B,FD,00,DATA,00,FD,1915,0,0,80,80,00,00,1
1942,570,A,00,05,DATA,00,05,1916,0,0,80,80,00,00,1
1943,570,B,F9,00,DATA,00,F9,1917,0,0,80,80,00,00,1
1944,570,A,00,53,DATA,00,53,1918,0,0,80,80,00,00,1
1945,570,B,FD,00,DATA,00,FD,1919,0,0,80,80,00,00,1
1946,570,A,00,84,DATA,00,84,1920,0,0,80,80,00,00,1
1947,570,B,80,00,DATA,00,80,1921,0,0,80,80,00,00,1
1948,570,A,00,C5,DATA,00,C5,1922,0,0,80,80,00,00,1
1949,570,B,80,00,DATA,00,80,1923,0,0,80,80,00,00,1
1950,570,A,00,E6,DATA,00,E6,1924,0,0,80,80,00,00,1
1951,570,B,80,00,DATA,00,80,1925,0,0,80,80,00,00,1
1952,570,A,00,98,DATA,00,98,1926,0,0,80,80,00,00,1
1953,570,B,C4,00,DATA,00,C4,1927,0,0,80,80,00,00,1
1954,570,A,00,CC,DATA,00,CC,1928,0,0,80,80,00,00,1
1955,570,B,80,00,DATA,00,80,1929,0,0,80,80,00,00,1
1956,570,A,00,F5,DATA,00,F5,1930,0,0,80,80,00,00,1
1957,570,B,80,00,DATA,00,80,1931,0,0,80,80,00,00,1
1958,570,A,00,FF,DATA,00,FF,1932,0,0,80,80,00,00,1
1959,570,B,80,00,DATA,00,80,1933,0,0,80,80,00,00,1
1960,570,A,00,EF,DATA,00,EF,1934,0,0,80,80,00,00,1
1961,570,B,90,00,DATA,00,90,1935,0,0,80,80,00,00,1
1962,570,A,00,83,DATA,00,83,1936,0,0,80,80,00,00,1
1963,570,B,00,00,DATA,00,00,1937,0,0,80,80,00,00,1
1964,570,A,00,42,DATA,00,42,1938,0,0,80,80,00,00,1
1965,570,B,01,00,DATA,00,01,1939,0,0,80,80,00,00,1
1966,570,A,00,E8,DATA,00,E8,1940,0,0,80,80,00,00,1
1967,570,B,07,00,DATA,00,07,1941,0,0,80,80,00,00,1
1968,570,A,00,78,DATA,00,78,1942,0,0,80,80,00,00,1
1969,570,B,07,00,DATA,00,07,1943,0,0,80,80,00,00,1
1970,570,A,00,70,DATA,00,70,1944,0,0,80,80,00,00,1
1971,570,B,0F,00,DATA,00,0F,1945,0,0,80,80,00,00,1
1972,570,A,00,63,DATA,00,63,1946,0,0,80,80,00,00,1
1973,570,B,1C,00,DATA,00,1C,1947,0,0,80,80,00,00,1
1974,570,A,00,23,DATA,00,23,1948,0,0,80,80,00,00,1
1975,570,B,1C,00,DATA,00,1C,1949,0,0,80,80,00,00,1
1976,570,A,00,E5,DATA,00,E5,1950,0,0,80,80,00,00,1
1977,570,B,1E,00,DATA,00,1E,1951,0,0,80,80,00,00,1
1978,570,A,00,0C,DATA,00,0C,1952,0,0,80,80,00,00,1
1979,570,B,F3,00,DATA,00,F3,1953,0,0,80,80,00,00,1
1980,570,A,00,41,DATA,00,41,1954,0,0,80,80,00,00,1
1981,570,B,FF,00,DATA,00,FF,1955,0,0,80,80,00,00,1
1982,570,A,00,00,DATA,00,00,1956,0,0,80,80,00,00,1
1983,570,B,FF,00,DATA,00,FF,1957,0,0,80,80,00,00,1
1984,570,A,00,55,DATA,00,55,1958,0,0,80,80,00,00,1
1985,570,B,FF,00,DATA,00,FF,1959,0,0,80,80,00,00,1
1986,570,A,00,00,DATA,00,00,1960,0,0,80,80,00,00,1
1987,570,B,FF,00,DATA,00,FF,1961,0,0,80,80,00,00,1
1988,570,A,00,95,DATA,00,95,1962,0,0,80,80,00,00,1
1989,570,B,7F,00,DATA,00,7F,1963,0,0,80,80,00,00,1
1990,570,A,00,C2,DATA,00,C2,1964,0,0,80,80,00,00,1
1991,570,B,3F,00,DATA,00,3F,1965,0,0,80,80,00,00,1
1992,570,A,00,D5,DATA,00,D5,1966,0,0,80,80,00,00,1
1993,570,B,7F,00,DATA,00,7F,1967,0,0,80,80,00,00,1
1994,570,A,00,0F,DATA,00,0F,1968,0,0,80,80,00,00,1
1995,570,B,F1,00,DATA,00,F1,1969,0,0,80,80,00,00,1
1996,570,A,00,4B,DATA,00,4B,1970,0,0,80,80,00,00,1
1997,570,B,F5,00,DATA,00,F5,1971,0,0,80,80,00,00,1
1998,570,A,00,07,DATA,00,07,1972,0,0,80,80,00,00,1
1999,570,B,F1,00,DATA,00,F1,1973,0,0,80,80,00,00,1
2000,570,A,00,47,DATA,00,47,1974,0,0,80,80,00,00,1
2001,570,B,F1,00,DATA,00,F1,1975,0,0,80,80,00,00,1
2002,570,A,00,13,DATA,00,13,1976,0,0,80,80,00,00,1
2003,570,B,E1,00,DATA,00,E1,1977,0,0,80,80,00,00,1
2004,570,A,00,57,DATA,00,57,1978,0,0,80,80,00,00,1
2005,570,B,E1,00,DATA,00,E1,1979,0,0,80,80,00,00,1
2006,570,A,00,31,DATA,00,31,1980,0,0,80,80,00,00,1
2007,570,B,C1,00,DATA,00,C1,1981,0,0,80,80,00,00,1
2008,570,A,00,75,DATA,00,75,1982,0,0,80,80,00,00,1
2009,570,B,C1,00,DATA,00,C1,1983,0,0,80,80,00,00,1
2010,570,A,00,FF,DATA,00,FF,1984,0,0,80,80,00,00,1
2011,570,B,80,00,DATA,00,80,1985,0,0,80,80,00,00,1
2012,570,A,00,FA,DATA,00,FA,1986,0,0,80,80,00,00,1
2013,570,B,85,00,DATA,00,85,1987,0,0,80,80,00,00,1
2014,570,A,00,F8,DATA,00,F8,1988,0,0,80,80,00,00,1
2015,570,B,87,00,DATA,00,87,1989,0,0,80,80,00,00,1
2016,570,A,00,FF,DATA,00,FF,1990,0,0,80,80,00,00,1
2017,570,B,FF,00,DATA,00,FF,1991,0,0,80,80,00,00,1
2018,570,A,00,00,DATA,00,00,1992,0,0,80,80,00,00,1
2019,570,B,00,00,DATA,00,00,1993,0,0,80,80,00,00,1
2020,570,A,00,00,DATA,00,00,1994,0,0,80,80,00,00,1
2021,570,B,00,00,DATA,00,00,1995,0,0,80,80,00,00,1
2022,570,A,00,00,DATA,00,00,1996,0,0,80,80,00,00,1
2023,570,B,00,00,DATA,00,00,1997,0,0,80,80,00,00,1
2024,570,A,00,00,DATA,00,00,1998,0,0,80,80,00,00,1
2025,570,B,00,00,DATA,00,00,1999,0,0,80,80,00,00,1
2026,570,A,00,A0,DATA,00,A0,2000,0,0,80,80,00,00,1
2027,570,B,1F,00,DATA,00,1F,2001,0,0,80,80,00,00,1
2028,570,A,00,15,DATA,00,15,2002,0,0,80,80,00,00,1
2029,570,B,FF,00,DATA,00,FF,2003,0,0,80,80,00,00,1
2030,570,A,00,00,DATA,00,00,2004,0,0,80,80,00,00,1
2031,570,B,FF,00,DATA,00,FF,2005,0,0,80,80,00,00,1
2032,570,A,00,FF,DATA,00,FF,2006,0,0,80,80,00,00,1
2033,570,B,FF,00,DATA,00,FF,2007,0,0,80,80,00,00,1
2034,570,A,00,00,DATA,00,00,2008,0,0,80,80,00,00,1
2035,570,B,00,00,DATA,00,00,2009,0,0,80,80,00,00,1
2036,570,A,00,00,DATA,00,00,2010,0,0,80,80,00,00,1
2037,570,B,00,00,DATA,00,00,2011,0,0,80,80,00,00,1
2038,570,A,00,00,DATA,00,00,2012,0,0,80,80,00,00,1
2039,570,B,00,00,DATA,00,00,2013,0,0,80,80,00,00,1
2040,570,A,00,00,DATA,00,00,2014,0,0,80,80,00,00,1
2041,570,B,00,00,DATA,00,00,2015,0,0,80,80,00,00,1
2042,570,A,00,00,DATA,00,00,2016,0,0,80,80,00,00,1
2043,570,B,FF,00,DATA,00,FF,2017,0,0,80,80,00,00,1
2044,570,A,00,55,DATA,00,55,2018,0,0,80,80,00,00,1
2045,570,B,FF,00,DATA,00,FF,2019,0,0,80,80,00,00,1
2046,570,A,00,00,DATA,00,00,2020,0,0,80,80,00,00,1
2047,570,B,FF,00,DATA,00,FF,2021,0,0,80,80,00,00,1
2048,570,A,00,FF,DATA,00,FF,2022,0,0,80,80,00,00,1
2049,570,B,FF,00,DATA,00,FF,2023,0,0,80,80,00,00,1
2050,570,A,00,00,DATA,00,00,2024,0,0,80,80,00,00,1
2051,570,B,00,00,DATA,00,00,2025,0,0,80,80,00,00,1
2052,570,A,00,00,DATA,00,00,2026,0,0,80,80,00,00,1
2053,570,B,00,00,DATA,00,00,2027,0,0,80,80,00,00,1
2054,570,A,00,00,DATA,00,00,2028,0,0,80,80,00,00,1
2055,570,B,00,00,DATA,00,00,2029,0,0,80,80,00,00,1
2056,570,A,00,00,DATA,00,00,2030,0,0,80,80,00,00,1
2057,570,B,00,00,DATA,00,00,2031,0,0,80,80,00,00,1
2058,570,A,00,33,DATA,00,33,2032,0,0,80,80,00,00,1
2059,570,B,C1,00,DATA,00,C1,2033,0,0,80,80,00,00,1
2060,570,A,00,37,DATA,00,37,2034,0,0,80,80,00,00,1
2061,570,B,C1,00,DATA,00,C1,2035,0,0,80,80,00,00,1
2062,570,A,00,21,DATA,00,21,2036,0,0,80,80,00,00,1
2063,570,B,C3,00,DATA,00,C3,2037,0,0,80,80,00,00,1
2064,570,A,00,FF,DATA,00,FF,2038,0,0,80,80,00,00,1
2065,570,B,FF,00,DATA,00,FF,2039,0,0,80,80,00,00,1
2066,570,A,00,00,DATA,00,00,2040,0,0,80,80,00,00,1
2067,570,B,00,00,DATA,00,00,2041,0,0,80,80,00,00,1
2068,570,A,00,00,DATA,00,00,2042,0,0,80,80,00,00,1
2069,570,B,00,00,DATA,00,00,2043,0,0,80,80,00,00,1
2070,570,A,00,00,DATA,00,00,2044,0,0,80,80,00,00,1
2071,570,B,00,00,DATA,00,00,2045,0,0,80,80,00,00,1
2072,570,A,00,00,DATA,00,00,2046,0,0,80,80,00,00,1
2073,570,B,00,00,DATA,00,00,2047,0,0,80,80,00,00,1
2074,698,A,00,00,PRELUDE,00,00,,1,1,99,00,00,00,1
2075,698,B,00,99,COMMAND,99,00,,2,2,99,00,00,00,1
2076,698,A,00,00,SYNC,00,00,,3,3,99,99,00,00,1
2077,698,B,00,00,SYNC,00,00,,3,3,99,99,00,00,1
2078,698,A,00,00,SYNC,00,00,,3,3,99,99,00,00,1
2079,698,B,00,00,SYNC,00,00,,3,3,99,99,00,00,1
2080,698,A,00,00,SYNC,00,00,,3,3,99,99,00,00,1
2081,698,B,00,00,SYNC,00,00,,3,3,99,99,00,00,1
2082,698,A,00,00,SYNC,00,00,,3,3,99,99,00,00,1
2083,698,B,00,00,SYNC,00,00,,3,3,99,99,00,00,1
2084,698,A,00,00,SYNC,00,00,,3,3,99,99,00,00,1
2085,698,B,00,00,SYNC,00,00,,3,3,99,99,00,00,1
2086,698,A,00,00,SYNC,00,00,,3,3,99,99,00,00,1
2087,698,B,00,00,SYNC,00,00,,3,3,99,99,00,00,1
2088,698,A,00,00,SYNC,00,00,,3,3,99,99,00,00,1
2089,698,B,00,00,SYNC,00,00,,3,3,99,99,00,00,1
2090,698,A,00,00,SYNC,00,00,,3,3,99,99,00,00,1
2091,698,B,00,00,SYNC,00,00,,3,3,99,99,00,00,1
2092,698,A,00,00,SYNC,00,00,,3,3,99,99,00,00,1
2093,698,B,00,00,SYNC,00,00,,3,3,99,99,00,00,1
2094,698,A,00,00,SYNC,00,00,,3,3,99,99,00,00,1
2095,698,B,00,00,SYNC,00,00,,3,3,99,99,00,00,1
2096,698,A,00,00,SYNC,00,00,,3,3,99,99,00,00,1
2097,698,B,01,00,SYNC,00,01,,3,3,99,99,00,01,1
2098,698,A,01,00,DATA,01,00,first(not stored),0,0,99,99,00,00,1
2099,698,B,FF,FF,DATA,FF,FF,0,0,0,99,99,00,00,1
2100,698,A,FF,FF,DATA,FF,FF,1,0,0,99,99,00,00,1
2101,698,B,FC,D4,DATA,D4,FC,2,0,0,99,99,00,00,1
2102,698,A,FF,FF,DATA,FF,FF,3,0,0,99,99,00,00,1
2103,698,B,E9,80,DATA,80,E9,4,0,0,99,99,00,00,1
2104,698,A,FF,FE,DATA,FF,FE,5,0,0,99,99,00,00,1
2105,698,B,FF,80,DATA,80,FF,6,0,0,99,99,00,00,1
2106,698,A,FF,FC,DATA,FF,FC,7,0,0,99,99,00,00,1
2107,698,B,A3,C9,DATA,C9,A3,8,0,0,99,99,00,00,1
2108,698,A,B6,FC,DATA,B6,FC,9,0,0,99,99,00,00,1
2109,698,B,D3,A8,DATA,A8,D3,10,0,0,99,99,00,00,1
2110,698,A,97,FC,DATA,97,FC,11,0,0,99,99,00,00,1
2111,698,B,D3,8E,DATA,8E,D3,12,0,0,99,99,00,00,1
2112,698,A,81,FC,DATA,81,FC,13,0,0,99,99,00,00,1
2113,698,B,F4,86,DATA,86,F4,14,0,0,99,99,00,00,1
2114,698,A,81,FF,DATA,81,FF,15,0,0,99,99,00,00,1
2115,698,B,FF,FF,DATA,FF,FF,16,0,0,99,99,00,00,1
2116,698,A,FF,FF,DATA,FF,FF,17,0,0,99,99,00,00,1
2117,698,B,04,55,DATA,55,04,18,0,0,99,99,00,00,1
2118,698,A,FF,FF,DATA,FF,FF,19,0,0,99,99,00,00,1
2119,698,B,FE,05,DATA,05,FE,20,0,0,99,99,00,00,1
2120,698,A,FF,01,DATA,FF,01,21,0,0,99,99,00,00,1
2121,698,B,FF,57,DATA,57,FF,22,0,0,99,99,00,00,1
2122,698,A,FF,00,DATA,FF,00,23,0,0,99,99,00,00,1
2123,698,B,C0,8F,DATA,8F,C0,24,0,0,99,99,00,00,1
2124,698,A,7F,00,DATA,7F,00,25,0,0,99,99,00,00,1
2125,698,B,D5,85,DATA,85,D5,26,0,0,99,99,00,00,1
2126,698,A,7F,00,DATA,7F,00,27,0,0,99,99,00,00,1
2127,698,B,C0,00,DATA,00,C0,28,0,0,99,99,00,00,1
2128,698,A,FF,00,DATA,FF,00,29,0,0,99,99,00,00,1
2129,698,B,F5,A9,DATA,A9,F5,30,0,0,99,99,00,00,1
2130,698,A,57,00,DATA,57,00,31,0,0,99,99,00,00,1
2131,698,B,FF,FF,DATA,FF,FF,32,0,0,99,99,00,00,1
2132,698,A,FF,FF,DATA,FF,FF,33,0,0,99,99,00,00,1
2133,698,B,12,FE,DATA,FE,12,34,0,0,99,99,00,00,1
2134,698,A,FF,FD,DATA,FF,FD,35,0,0,99,99,00,00,1
2135,698,B,C3,FD,DATA,FD,C3,36,0,0,99,99,00,00,1
2136,698,A,FE,3C,DATA,FE,3C,37,0,0,99,99,00,00,1
2137,698,B,E6,FD,DATA,FD,E6,38,0,0,99,99,00,00,1
2138,698,A,FE,1D,DATA,FE,1D,39,0,0,99,99,00,00,1
2139,698,B,F3,F0,DATA,F0,F3,40,0,0,99,99,00,00,1
2140,698,A,FE,0C,DATA,FE,0C,41,0,0,99,99,00,00,1
2141,698,B,7F,F9,DATA,F9,7F,42,0,0,99,99,00,00,1
2142,698,A,FC,04,DATA,FC,04,43,0,0,99,99,00,00,1
2143,698,B,7B,00,DATA,00,7B,44,0,0,99,99,00,00,1
2144,698,A,F8,04,DATA,F8,04,45,0,0,99,99,00,00,1
2145,698,B,7B,55,DATA,55,7B,46,0,0,99,99,00,00,1
2146,698,A,F8,04,DATA,F8,04,47,0,0,99,99,00,00,1
2147,698,B,FF,FF,DATA,FF,FF,48,0,0,99,99,00,00,1
2148,698,A,FF,FF,DATA,FF,FF,49,0,0,99,99,00,00,1
2149,698,B,FF,6F,DATA,6F,FF,50,0,0,99,99,00,00,1
2150,698,A,11,01,DATA,11,01,51,0,0,99,99,00,00,1
2151,698,B,FF,3F,DATA,3F,FF,52,0,0,99,99,00,00,1
2152,698,A,01,01,DATA,01,01,53,0,0,99,99,00,00,1
2153,698,B,FF,77,DATA,77,FF,54,0,0,99,99,00,00,1
2154,698,A,01,01,DATA,01,01,55,0,0,99,99,00,00,1
2155,698,B,FF,03,DATA,03,FF,56,0,0,99,99,00,00,1
2156,698,A,01,01,DATA,01,01,57,0,0,99,99,00,00,1
2157,698,B,FF,57,DATA,57,FF,58,0,0,99,99,00,00,1
2158,698,A,01,01,DATA,01,01,59,0,0,99,99,00,00,1
2159,698,B,FF,07,DATA,07,FF,60,0,0,99,99,00,00,1
2160,698,A,01,01,DATA,01,01,61,0,0,99,99,00,00,1
2161,698,B,FF,57,DATA,57,FF,62,0,0,99,99,00,00,1
2162,698,A,01,01,DATA,01,01,63,0,0,99,99,00,00,1
2163,698,B,C1,81,DATA,81,C1,64,0,0,99,99,00,00,1
2164,698,A,80,FE,DATA,80,FE,65,0,0,99,99,00,00,1
2165,698,B,DC,81,DATA,81,DC,66,0,0,99,99,00,00,1
2166,698,A,80,FF,DATA,80,FF,67,0,0,99,99,00,00,1
2167,698,B,83,80,DATA,80,83,68,0,0,99,99,00,00,1
2168,698,A,80,FC,DATA,80,FC,69,0,0,99,99,00,00,1
2169,698,B,96,FF,DATA,FF,96,70,0,0,99,99,00,00,1
2170,698,A,80,FD,DATA,80,FD,71,0,0,99,99,00,00,1
2171,698,B,83,FD,DATA,FD,83,72,0,0,99,99,00,00,1
2172,698,A,82,FC,DATA,82,FC,73,0,0,99,99,00,00,1
2173,698,B,93,AA,DATA,AA,93,74,0,0,99,99,00,00,1
2174,698,A,D5,FC,DATA,D5,FC,75,0,0,99,99,00,00,1
2175,698,B,A3,FE,DATA,FE,A3,76,0,0,99,99,00,00,1
2176,698,A,81,DC,DATA,81,DC,77,0,0,99,99,00,00,1
2177,698,B,EB,E8,DATA,E8,EB,78,0,0,99,99,00,00,1
2178,698,A,97,D4,DATA,97,D4,79,0,0,99,99,00,00,1
2179,698,B,F4,08,DATA,08,F4,80,0,0,99,99,00,00,1
2180,698,A,F7,00,DATA,F7,00,81,0,0,99,99,00,00,1
2181,698,B,E5,89,DATA,89,E5,82,0,0,99,99,00,00,1
2182,698,A,77,1E,DATA,77,1E,83,0,0,99,99,00,00,1
2183,698,B,C5,20,DATA,20,C5,84,0,0,99,99,00,00,1
2184,698,A,1F,3E,DATA,1F,3E,85,0,0,99,99,00,00,1
2185,698,B,A0,97,DATA,97,A0,86,0,0,99,99,00,00,1
2186,698,A,7F,51,DATA,7F,51,87,0,0,99,99,00,00,1
2187,698,B,E8,00,DATA,00,E8,88,0,0,99,99,00,00,1
2188,698,A,FF,00,DATA,FF,00,89,0,0,99,99,00,00,1
2189,698,B,E6,22,DATA,22,E6,90,0,0,99,99,00,00,1
2190,698,A,DD,19,DATA,DD,19,91,0,0,99,99,00,00,1
2191,698,B,87,E7,DATA,E7,87,92,0,0,99,99,00,00,1
2192,698,A,18,00,DATA,18,00,93,0,0,99,99,00,00,1
2193,698,B,DF,FA,DATA,FA,DF,94,0,0,99,99,00,00,1
2194,698,A,05,30,DATA,05,30,95,0,0,99,99,00,00,1
2195,698,B,A3,08,DATA,08,A3,96,0,0,99,99,00,00,1
2196,698,A,F0,1C,DATA,F0,1C,97,0,0,99,99,00,00,1
2197,698,B,DE,5D,DATA,5D,DE,98,0,0,99,99,00,00,1
2198,698,A,F0,3D,DATA,F0,3D,99,0,0,99,99,00,00,1
2199,698,B,C3,08,DATA,08,C3,100,0,0,99,99,00,00,1
2200,698,A,F0,3C,DATA,F0,3C,101,0,0,99,99,00,00,1
2201,698,B,A6,54,DATA,54,A6,102,0,0,99,99,00,00,1
2202,698,A,F8,41,DATA,F8,41,103,0,0,99,99,00,00,1
2203,698,B,C3,08,DATA,08,C3,104,0,0,99,99,00,00,1
2204,698,A,F0,00,DATA,F0,00,105,0,0,99,99,00,00,1
2205,698,B,E8,0C,DATA,0C,E8,106,0,0,99,99,00,00,1
2206,698,A,F0,17,DATA,F0,17,107,0,0,99,99,00,00,1
2207,698,B,BC,0C,DATA,0C,BC,108,0,0,99,99,00,00,1
2208,698,A,F0,03,DATA,F0,03,109,0,0,99,99,00,00,1
2209,698,B,B9,0C,DATA,0C,B9,110,0,0,99,99,00,00,1
2210,698,A,F0,07,DATA,F0,07,111,0,0,99,99,00,00,1
2211,698,B,FF,07,DATA,07,FF,112,0,0,99,99,00,00,1
2212,698,A,01,01,DATA,01,01,113,0,0,99,99,00,00,1
2213,698,B,BF,5F,DATA,5F,BF,114,0,0,99,99,00,00,1
2214,698,A,01,41,DATA,01,41,115,0,0,99,99,00,00,1
2215,698,B,FF,07,DATA,07,FF,116,0,0,99,99,00,00,1
2216,698,A,01,01,DATA,01,01,117,0,0,99,99,00,00,1
2217,698,B,BF,17,DATA,17,BF,118,0,0,99,99,00,00,1
2218,698,A,01,41,DATA,01,41,119,0,0,99,99,00,00,1
2219,698,B,FF,07,DATA,07,FF,120,0,0,99,99,00,00,1
2220,698,A,01,01,DATA,01,01,121,0,0,99,99,00,00,1
2221,698,B,AF,07,DATA,07,AF,122,0,0,99,99,00,00,1
2222,698,A,01,51,DATA,01,51,123,0,0,99,99,00,00,1
2223,698,B,FF,03,DATA,03,FF,124,0,0,99,99,00,00,1
2224,698,A,01,01,DATA,01,01,125,0,0,99,99,00,00,1
2225,698,B,0F,17,DATA,17,0F,126,0,0,99,99,00,00,1
2226,698,A,01,F1,DATA,01,F1,127,0,0,99,99,00,00,1
2227,698,B,9F,87,DATA,87,9F,128,0,0,99,99,00,00,1
2228,698,A,80,E0,DATA,80,E0,129,0,0,99,99,00,00,1
2229,698,B,CA,D5,DATA,D5,CA,130,0,0,99,99,00,00,1
2230,698,A,80,F5,DATA,80,F5,131,0,0,99,99,00,00,1
2231,698,B,BF,90,DATA,90,BF,132,0,0,99,99,00,00,1
2232,698,A,80,C0,DATA,80,C0,133,0,0,99,99,00,00,1
2233,698,B,D6,84,DATA,84,D6,134,0,0,99,99,00,00,1
2234,698,A,F8,81,DATA,F8,81,135,0,0,99,99,00,00,1
2235,698,B,83,E0,DATA,E0,83,136,0,0,99,99,00,00,1
2236,698,A,F8,80,DATA,F8,80,137,0,0,99,99,00,00,1
2237,698,B,D5,D2,DATA,D2,D5,138,0,0,99,99,00,00,1
2238,698,A,FD,80,DATA,FD,80,139,0,0,99,99,00,00,1
2239,698,B,81,A0,DATA,A0,81,140,0,0,99,99,00,00,1
2240,698,A,FF,80,DATA,FF,80,141,0,0,99,99,00,00,1
2241,698,B,C1,82,DATA,82,C1,142,0,0,99,99,00,00,1
2242,698,A,FD,80,DATA,FD,80,143,0,0,99,99,00,00,1
2243,698,B,EF,37,DATA,37,EF,144,0,0,99,99,00,00,1
2244,698,A,00,20,DATA,00,20,145,0,0,99,99,00,00,1
2245,698,B,D2,66,DATA,66,D2,146,0,0,99,99,00,00,1
2246,698,A,11,3C,DATA,11,3C,147,0,0,99,99,00,00,1
2247,698,B,E4,90,DATA,90,E4,148,0,0,99,99,00,00,1
2248,698,A,00,1F,DATA,00,1F,149,0,0,99,99,00,00,1
2249,698,B,A8,B5,DATA,B5,A8,150,0,0,99,99,00,00,1
2250,698,A,40,57,DATA,40,57,151,0,0,99,99,00,00,1
2251,698,B,FF,70,DATA,70,FF,152,0,0,99,99,00,00,1
2252,698,A,00,00,DATA,00,00,153,0,0,99,99,00,00,1
2253,698,B,AE,AD,DATA,AD,AE,154,0,0,99,99,00,00,1
2254,698,A,50,51,DATA,50,51,155,0,0,99,99,00,00,1
2255,698,B,FF,FF,DATA,FF,FF,156,0,0,99,99,00,00,1
2256,698,A,00,00,DATA,00,00,157,0,0,99,99,00,00,1
2257,698,B,BE,FE,DATA,FE,BE,158,0,0,99,99,00,00,1
2258,698,A,01,41,DATA,01,41,159,0,0,99,99,00,00,1
2259,698,B,0C,88,DATA,88,0C,160,0,0,99,99,00,00,1
2260,698,A,70,13,DATA,70,13,161,0,0,99,99,00,00,1
2261,698,B,0D,AC,DATA,AC,0D,162,0,0,99,99,00,00,1
2262,698,A,50,07,DATA,50,07,163,0,0,99,99,00,00,1
2263,698,B,A4,F8,DATA,F8,A4,164,0,0,99,99,00,00,1
2264,698,A,00,1F,DATA,00,1F,165,0,0,99,99,00,00,1
2265,698,B,21,74,DATA,74,21,166,0,0,99,99,00,00,1
2266,698,A,00,DF,DATA,00,DF,167,0,0,99,99,00,00,1
2267,698,B,D4,00,DATA,00,D4,168,0,0,99,99,00,00,1
2268,698,A,00,2B,DATA,00,2B,169,0,0,99,99,00,00,1
2269,698,B,80,F4,DATA,F4,80,170,0,0,99,99,00,00,1
2270,698,A,00,7F,DATA,00,7F,171,0,0,99,99,00,00,1
2271,698,B,F0,60,DATA,60,F0,172,0,0,99,99,00,00,1
2272,698,A,80,0F,DATA,80,0F,173,0,0,99,99,00,00,1
2273,698,B,A1,B0,DATA,B0,A1,174,0,0,99,99,00,00,1
2274,698,A,40,5F,DATA,40,5F,175,0,0,99,99,00,00,1
2275,698,B,9F,07,DATA,07,9F,176,0,0,99,99,00,00,1
2276,698,A,01,E1,DATA,01,E1,177,0,0,99,99,00,00,1
2277,698,B,0B,07,DATA,07,0B,178,0,0,99,99,00,00,1
2278,698,A,01,F5,DATA,01,F5,179,0,0,99,99,00,00,1
2279,698,B,07,03,DATA,03,07,180,0,0,99,99,00,00,1
2280,698,A,01,F9,DATA,01,F9,181,0,0,99,99,00,00,1
2281,698,B,13,07,DATA,07,13,182,0,0,99,99,00,00,1
2282,698,A,01,FD,DATA,01,FD,183,0,0,99,99,00,00,1
2283,698,B,07,03,DATA,03,07,184,0,0,99,99,00,00,1
2284,698,A,01,F9,DATA,01,F9,185,0,0,99,99,00,00,1
2285,698,B,41,07,DATA,07,41,186,0,0,99,99,00,00,1
2286,698,A,01,FF,DATA,01,FF,187,0,0,99,99,00,00,1
2287,698,B,0F,03,DATA,03,0F,188,0,0,99,99,00,00,1
2288,698,A,01,F1,DATA,01,F1,189,0,0,99,99,00,00,1
2289,698,B,0B,01,DATA,01,0B,190,0,0,99,99,00,00,1
2290,698,A,01,F5,DATA,01,F5,191,0,0,99,99,00,00,1
2291,698,B,80,FF,DATA,FF,80,192,0,0,99,99,00,00,1
2292,698,A,80,80,DATA,80,80,193,0,0,99,99,00,00,1
2293,698,B,D0,AF,DATA,AF,D0,194,0,0,99,99,00,00,1
2294,698,A,D0,80,DATA,D0,80,195,0,0,99,99,00,00,1
2295,698,B,80,BF,DATA,BF,80,196,0,0,99,99,00,00,1
2296,698,A,C0,80,DATA,C0,80,197,0,0,99,99,00,00,1
2297,698,B,FF,FF,DATA,FF,FF,198,0,0,99,99,00,00,1
2298,698,A,FF,FF,DATA,FF,FF,199,0,0,99,99,00,00,1
2299,698,B,00,00,DATA,00,00,200,0,0,99,99,00,00,1
2300,698,A,00,00,DATA,00,00,201,0,0,99,99,00,00,1
2301,698,B,00,00,DATA,00,00,202,0,0,99,99,00,00,1
2302,698,A,00,00,DATA,00,00,203,0,0,99,99,00,00,1
2303,698,B,00,00,DATA,00,00,204,0,0,99,99,00,00,1
2304,698,A,00,00,DATA,00,00,205,0,0,99,99,00,00,1
2305,698,B,00,00,DATA,00,00,206,0,0,99,99,00,00,1
2306,698,A,00,00,DATA,00,00,207,0,0,99,99,00,00,1
2307,698,B,7F,63,DATA,63,7F,208,0,0,99,99,00,00,1
2308,698,A,00,00,DATA,00,00,209,0,0,99,99,00,00,1
2309,698,B,6F,69,DATA,69,6F,210,0,0,99,99,00,00,1
2310,698,A,04,10,DATA,04,10,211,0,0,99,99,00,00,1
2311,698,B,3C,0B,DATA,0B,3C,212,0,0,99,99,00,00,1
2312,698,A,04,00,DATA,04,00,213,0,0,99,99,00,00,1
2313,698,B,FF,FF,DATA,FF,FF,214,0,0,99,99,00,00,1
2314,698,A,FF,FF,DATA,FF,FF,215,0,0,99,99,00,00,1
2315,698,B,00,00,DATA,00,00,216,0,0,99,99,00,00,1
2316,698,A,00,00,DATA,00,00,217,0,0,99,99,00,00,1
2317,698,B,00,00,DATA,00,00,218,0,0,99,99,00,00,1
2318,698,A,00,00,DATA,00,00,219,0,0,99,99,00,00,1
2319,698,B,00,00,DATA,00,00,220,0,0,99,99,00,00,1
2320,698,A,00,00,DATA,00,00,221,0,0,99,99,00,00,1
2321,698,B,00,00,DATA,00,00,222,0,0,99,99,00,00,1
2322,698,A,00,00,DATA,00,00,223,0,0,99,99,00,00,1
2323,698,B,E4,F0,DATA,F0,E4,224,0,0,99,99,00,00,1
2324,698,A,00,1B,DATA,00,1B,225,0,0,99,99,00,00,1
2325,698,B,E0,A0,DATA,A0,E0,226,0,0,99,99,00,00,1
2326,698,A,50,1F,DATA,50,1F,227,0,0,99,99,00,00,1
2327,698,B,70,F0,DATA,F0,70,228,0,0,99,99,00,00,1
2328,698,A,00,0F,DATA,00,0F,229,0,0,99,99,00,00,1
2329,698,B,FF,FF,DATA,FF,FF,230,0,0,99,99,00,00,1
2330,698,A,FF,FF,DATA,FF,FF,231,0,0,99,99,00,00,1
2331,698,B,00,00,DATA,00,00,232,0,0,99,99,00,00,1
2332,698,A,00,00,DATA,00,00,233,0,0,99,99,00,00,1
2333,698,B,00,00,DATA,00,00,234,0,0,99,99,00,00,1
2334,698,A,00,00,DATA,00,00,235,0,0,99,99,00,00,1
2335,698,B,00,00,DATA,00,00,236,0,0,99,99,00,00,1
2336,698,A,00,00,DATA,00,00,237,0,0,99,99,00,00,1
2337,698,B,00,00,DATA,00,00,238,0,0,99,99,00,00,1
2338,698,A,00,00,DATA,00,00,239,0,0,99,99,00,00,1
2339,698,B,1F,01,DATA,01,1F,240,0,0,99,99,00,00,1
2340,698,A,01,E1,DATA,01,E1,241,0,0,99,99,00,00,1
2341,698,B,0B,11,DATA,11,0B,242,0,0,99,99,00,00,1
2342,698,A,01,F5,DATA,01,F5,243,0,0,99,99,00,00,1
2343,698,B,0F,01,DATA,01,0F,244,0,0,99,99,00,00,1
2344,698,A,01,F1,DATA,01,F1,245,0,0,99,99,00,00,1
2345,698,B,FF,FF,DATA,FF,FF,246,0,0,99,99,00,00,1
2346,698,A,FF,FF,DATA,FF,FF,247,0,0,99,99,00,00,1
2347,698,B,00,00,DATA,00,00,248,0,0,99,99,00,00,1
2348,698,A,00,00,DATA,00,00,249,0,0,99,99,00,00,1
2349,698,B,00,00,DATA,00,00,250,0,0,99,99,00,00,1
2350,698,A,00,00,DATA,00,00,251,0,0,99,99,00,00,1
2351,698,B,00,00,DATA,00,00,252,0,0,99,99,00,00,1
2352,698,A,00,00,DATA,00,00,253,0,0,99,99,00,00,1
2353,698,B,00,00,DATA,00,00,254,0,0,99,99,00,00,1
2354,698,A,00,00,DATA,00,00,255,0,0,99,99,00,00,1
2355,698,B,FF,FF,DATA,FF,FF,256,0,0,99,99,00,00,1
2356,698,A,FF,FF,DATA,FF,FF,257,0,0,99,99,00,00,1
2357,698,B,85,B8,DATA,B8,85,258,0,0,99,99,00,00,1
2358,698,A,C7,FF,DATA,C7,FF,259,0,0,99,99,00,00,1
2359,698,B,80,F8,DATA,F8,80,260,0,0,99,99,00,00,1
2360,698,A,87,FF,DATA,87,FF,261,0,0,99,99,00,00,1
2361,698,B,95,E0,DATA,E0,95,262,0,0,99,99,00,00,1
2362,698,A,9F,FF,DATA,9F,FF,263,0,0,99,99,00,00,1
2363,698,B,80,F3,DATA,F3,80,264,0,0,99,99,00,00,1
2364,698,A,8C,FF,DATA,8C,FF,265,0,0,99,99,00,00,1
2365,698,B,D4,E7,DATA,E7,D4,266,0,0,99,99,00,00,1
2366,698,A,98,FF,DATA,98,FF,267,0,0,99,99,00,00,1
2367,698,B,83,F8,DATA,F8,83,268,0,0,99,99,00,00,1
2368,698,A,80,FC,DATA,80,FC,269,0,0,99,99,00,00,1
2369,698,B,D3,ED,DATA,ED,D3,270,0,0,99,99,00,00,1
2370,698,A,90,FC,DATA,90,FC,271,0,0,99,99,00,00,1
2371,698,B,FF,FF,DATA,FF,FF,272,0,0,99,99,00,00,1
2372,698,A,FF,FF,DATA,FF,FF,273,0,0,99,99,00,00,1
2373,698,B,01,11,DATA,11,01,274,0,0,99,99,00,00,1
2374,698,A,FF,FF,DATA,FF,FF,275,0,0,99,99,00,00,1
2375,698,B,00,00,DATA,00,00,276,0,0,99,99,00,00,1
2376,698,A,FF,FF,DATA,FF,FF,277,0,0,99,99,00,00,1
2377,698,B,21,28,DATA,28,21,278,0,0,99,99,00,00,1
2378,698,A,D7,DF,DATA,D7,DF,279,0,0,99,99,00,00,1
2379,698,B,7E,F2,DATA,F2,7E,280,0,0,99,99,00,00,1
2380,698,A,01,81,DATA,01,81,281,0,0,99,99,00,00,1
2381,698,B,BE,57,DATA,57,BE,282,0,0,99,99,00,00,1
2382,698,A,00,41,DATA,00,41,283,0,0,99,99,00,00,1
2383,698,B,FF,01,DATA,01,FF,284,0,0,99,99,00,00,1
2384,698,A,00,00,DATA,00,00,285,0,0,99,99,00,00,1
2385,698,B,FA,55,DATA,55,FA,286,0,0,99,99,00,00,1
2386,698,A,00,05,DATA,00,05,287,0,0,99,99,00,00,1
2387,698,B,FF,FF,DATA,FF,FF,288,0,0,99,99,00,00,1
2388,698,A,FF,FF,DATA,FF,FF,289,0,0,99,99,00,00,1
2389,698,B,30,5C,DATA,5C,30,290,0,0,99,99,00,00,1
2390,698,A,FF,C0,DATA,FF,C0,291,0,0,99,99,00,00,1
2391,698,B,10,20,DATA,20,10,292,0,0,99,99,00,00,1
2392,698,A,FF,E0,DATA,FF,E0,293,0,0,99,99,00,00,1
2393,698,B,5D,54,DATA,54,5D,294,0,0,99,99,00,00,1
2394,698,A,FF,F0,DATA,FF,F0,295,0,0,99,99,00,00,1
2395,698,B,05,00,DATA,00,05,296,0,0,99,99,00,00,1
2396,698,A,FF,F8,DATA,FF,F8,297,0,0,99,99,00,00,1
2397,698,B,92,95,DATA,95,92,298,0,0,99,99,00,00,1
2398,698,A,7F,7D,DATA,7F,7D,299,0,0,99,99,00,00,1
2399,698,B,A0,C0,DATA,C0,A0,300,0,0,99,99,00,00,1
2400,698,A,3F,5F,DATA,3F,5F,301,0,0,99,99,00,00,1
2401,698,B,25,E5,DATA,E5,25,302,0,0,99,99,00,00,1
2402,698,A,1F,DF,DATA,1F,DF,303,0,0,99,99,00,00,1
2403,698,B,FF,FF,DATA,FF,FF,304,0,0,99,99,00,00,1
2404,698,A,FF,FF,DATA,FF,FF,305,0,0,99,99,00,00,1
2405,698,B,21,57,DATA,57,21,306,0,0,99,99,00,00,1
2406,698,A,01,5F,DATA,01,5F,307,0,0,99,99,00,00,1
2407,698,B,C1,C3,DATA,C3,C1,308,0,0,99,99,00,00,1
2408,698,A,01,3F,DATA,01,3F,309,0,0,99,99,00,00,1
2409,698,B,01,55,DATA,55,01,310,0,0,99,99,00,00,1
2410,698,A,81,FF,DATA,81,FF,311,0,0,99,99,00,00,1
2411,698,B,01,41,DATA,41,01,312,0,0,99,99,00,00,1
2412,698,A,81,FF,DATA,81,FF,313,0,0,99,99,00,00,1
2413,698,B,05,55,DATA,55,05,314,0,0,99,99,00,00,1
2414,698,A,81,FF,DATA,81,FF,315,0,0,99,99,00,00,1
2415,698,B,01,41,DATA,41,01,316,0,0,99,99,00,00,1
2416,698,A,81,FF,DATA,81,FF,317,0,0,99,99,00,00,1
2417,698,B,01,15,DATA,15,01,318,0,0,99,99,00,00,1
2418,698,A,C1,FF,DATA,C1,FF,319,0,0,99,99,00,00,1
2419,698,B,87,F8,DATA,F8,87,320,0,0,99,99,00,00,1
2420,698,A,80,F8,DATA,80,F8,321,0,0,99,99,00,00,1
2421,698,B,D7,FD,DATA,FD,D7,322,0,0,99,99,00,00,1
2422,698,A,80,F8,DATA,80,F8,323,0,0,99,99,00,00,1
2423,698,B,8F,C0,DATA,C0,8F,324,0,0,99,99,00,00,1
2424,698,A,80,F0,DATA,80,F0,325,0,0,99,99,00,00,1
2425,698,B,DE,F5,DATA,F5,DE,326,0,0,99,99,00,00,1
2426,698,A,80,F1,DATA,80,F1,327,0,0,99,99,00,00,1
2427,698,B,CF,C7,DATA,C7,CF,328,0,0,99,99,00,00,1
2428,698,A,80,F0,DATA,80,F0,329,0,0,99,99,00,00,1
2429,698,B,D8,F6,DATA,F6,D8,330,0,0,99,99,00,00,1
2430,698,A,81,F7,DATA,81,F7,331,0,0,99,99,00,00,1
2431,698,B,8D,C1,DATA,C1,8D,332,0,0,99,99,00,00,1
2432,698,A,80,F2,DATA,80,F2,333,0,0,99,99,00,00,1
2433,698,B,DF,F5,DATA,F5,DF,334,0,0,99,99,00,00,1
2434,698,A,80,F0,DATA,80,F0,335,0,0,99,99,00,00,1
2435,698,B,FF,00,DATA,00,FF,336,0,0,99,99,00,00,1
2436,698,A,00,00,DATA,00,00,337,0,0,99,99,00,00,1
2437,698,B,FE,57,DATA,57,FE,338,0,0,99,99,00,00,1
2438,698,A,00,01,DATA,00,01,339,0,0,99,99,00,00,1
2439,698,B,FA,0F,DATA,0F,FA,340,0,0,99,99,00,00,1
2440,698,A,00,01,DATA,00,01,341,0,0,99,99,00,00,1
2441,698,B,A5,5B,DATA,5B,A5,342,0,0,99,99,00,00,1
2442,698,A,04,50,DATA,04,50,343,0,0,99,99,00,00,1
2443,698,B,10,9F,DATA,9F,10,344,0,0,99,99,00,00,1
2444,698,A,00,E0,DATA,00,E0,345,0,0,99,99,00,00,1
2445,698,B,35,DE,DATA,DE,35,346,0,0,99,99,00,00,1
2446,698,A,01,C0,DATA,01,C0,347,0,0,99,99,00,00,1
2447,698,B,E0,48,DATA,48,E0,348,0,0,99,99,00,00,1
2448,698,A,80,00,DATA,80,00,349,0,0,99,99,00,00,1
2449,698,B,55,D5,DATA,D5,55,350,0,0,99,99,00,00,1
2450,698,A,00,00,DATA,00,00,351,0,0,99,99,00,00,1
2451,698,B,08,70,DATA,70,08,352,0,0,99,99,00,00,1
2452,698,A,0F,F7,DATA,0F,F7,353,0,0,99,99,00,00,1
2453,698,B,49,F8,DATA,F8,49,354,0,0,99,99,00,00,1
2454,698,A,07,F7,DATA,07,F7,355,0,0,99,99,00,00,1
2455,698,B,3C,FF,DATA,FF,3C,356,0,0,99,99,00,00,1
2456,698,A,00,C3,DATA,00,C3,357,0,0,99,99,00,00,1
2457,698,B,FF,F7,DATA,F7,FF,358,0,0,99,99,00,00,1
2458,698,A,00,01,DATA,00,01,359,0,0,99,99,00,00,1
2459,698,B,F6,C7,DATA,C7,F6,360,0,0,99,99,00,00,1
2460,698,A,00,01,DATA,00,01,361,0,0,99,99,00,00,1
2461,698,B,7F,D7,DATA,D7,7F,362,0,0,99,99,00,00,1
2462,698,A,00,01,DATA,00,01,363,0,0,99,99,00,00,1
2463,698,B,7E,07,DATA,07,7E,364,0,0,99,99,00,00,1
2464,698,A,00,01,DATA,00,01,365,0,0,99,99,00,00,1
2465,698,B,7E,56,DATA,56,7E,366,0,0,99,99,00,00,1
2466,698,A,01,01,DATA,01,01,367,0,0,99,99,00,00,1
2467,698,B,01,E1,DATA,E1,01,368,0,0,99,99,00,00,1
2468,698,A,01,FF,DATA,01,FF,369,0,0,99,99,00,00,1
2469,698,B,41,95,DATA,95,41,370,0,0,99,99,00,00,1
2470,698,A,41,FF,DATA,41,FF,371,0,0,99,99,00,00,1
2471,698,B,01,C1,DATA,C1,01,372,0,0,99,99,00,00,1
2472,698,A,01,FF,DATA,01,FF,373,0,0,99,99,00,00,1
2473,698,B,01,B5,DATA,B5,01,374,0,0,99,99,00,00,1
2474,698,A,41,FF,DATA,41,FF,375,0,0,99,99,00,00,1
2475,698,B,01,FD,DATA,FD,01,376,0,0,99,99,00,00,1
2476,698,A,01,FF,DATA,01,FF,377,0,0,99,99,00,00,1
2477,698,B,55,BD,DATA,BD,55,378,0,0,99,99,00,00,1
2478,698,A,41,FF,DATA,41,FF,379,0,0,99,99,00,00,1
2479,698,B,01,F9,DATA,F9,01,380,0,0,99,99,00,00,1
2480,698,A,01,FF,DATA,01,FF,381,0,0,99,99,00,00,1
2481,698,B,45,D5,DATA,D5,45,382,0,0,99,99,00,00,1
2482,698,A,01,FF,DATA,01,FF,383,0,0,99,99,00,00,1
2483,698,B,C0,E0,DATA,E0,C0,384,0,0,99,99,00,00,1
2484,698,A,80,F8,DATA,80,F8,385,0,0,99,99,00,00,1
2485,698,B,D5,B5,DATA,B5,D5,386,0,0,99,99,00,00,1
2486,698,A,C0,F8,DATA,C0,F8,387,0,0,99,99,00,00,1
2487,698,B,84,80,DATA,80,84,388,0,0,99,99,00,00,1
2488,698,A,E0,F8,DATA,E0,F8,389,0,0,99,99,00,00,1
2489,698,B,D3,D5,DATA,D5,D3,390,0,0,99,99,00,00,1
2490,698,A,E0,FC,DATA,E0,FC,391,0,0,99,99,00,00,1
2491,698,B,81,90,DATA,90,81,392,0,0,99,99,00,00,1
2492,698,A,E0,FE,DATA,E0,FE,393,0,0,99,99,00,00,1
2493,698,B,94,D5,DATA,D5,94,394,0,0,99,99,00,00,1
2494,698,A,E0,FF,DATA,E0,FF,395,0,0,99,99,00,00,1
2495,698,B,80,98,DATA,98,80,396,0,0,99,99,00,00,1
2496,698,A,E0,FF,DATA,E0,FF,397,0,0,99,99,00,00,1
2497,698,B,84,C5,DATA,C5,84,398,0,0,99,99,00,00,1
2498,698,A,F0,FF,DATA,F0,FF,399,0,0,99,99,00,00,1
2499,698,B,09,00,DATA,00,09,400,0,0,99,99,00,00,1
2500,698,A,00,00,DATA,00,00,401,0,0,99,99,00,00,1
2501,698,B,5F,57,DATA,57,5F,402,0,0,99,99,00,00,1
2502,698,A,00,00,DATA,00,00,403,0,0,99,99,00,00,1
2503,698,B,3F,1F,DATA,1F,3F,404,0,0,99,99,00,00,1
2504,698,A,00,00,DATA,00,00,405,0,0,99,99,00,00,1
2505,698,B,7F,57,DATA,57,7F,406,0,0,99,99,00,00,1
2506,698,A,00,00,DATA,00,00,407,0,0,99,99,00,00,1
2507,698,B,DF,03,DATA,03,DF,408,0,0,99,99,00,00,1
2508,698,A,00,00,DATA,00,00,409,0,0,99,99,00,00,1
2509,698,B,BE,55,DATA,55,BE,410,0,0,99,99,00,00,1
2510,698,A,00,41,DATA,00,41,411,0,0,99,99,00,00,1
2511,698,B,FF,01,DATA,01,FF,412,0,0,99,99,00,00,1
2512,698,A,00,00,DATA,00,00,413,0,0,99,99,00,00,1
2513,698,B,3F,55,DATA,55,3F,414,0,0,99,99,00,00,1
2514,698,A,00,C0,DATA,00,C0,415,0,0,99,99,00,00,1
2515,698,B,FE,03,DATA,03,FE,416,0,0,99,99,00,00,1
2516,698,A,00,01,DATA,00,01,417,0,0,99,99,00,00,1
2517,698,B,FA,57,DATA,57,FA,418,0,0,99,99,00,00,1
2518,698,A,00,05,DATA,00,05,419,0,0,99,99,00,00,1
2519,698,B,FE,87,DATA,87,FE,420,0,0,99,99,00,00,1
2520,698,A,00,01,DATA,00,01,421,0,0,99,99,00,00,1
2521,698,B,BE,FF,DATA,FF,BE,422,0,0,99,99,00,00,1
2522,698,A,00,41,DATA,00,41,423,0,0,99,99,00,00,1
2523,698,B,FE,FF,DATA,FF,FE,424,0,0,99,99,00,00,1
2524,698,A,00,01,DATA,00,01,425,0,0,99,99,00,00,1
2525,698,B,AE,FF,DATA,FF,AE,426,0,0,99,99,00,00,1
2526,698,A,00,51,DATA,00,51,427,0,0,99,99,00,00,1
2527,698,B,FE,FF,DATA,FF,FE,428,0,0,99,99,00,00,1
2528,698,A,00,01,DATA,00,01,429,0,0,99,99,00,00,1
2529,698,B,FE,FF,DATA,FF,FE,430,0,0,99,99,00,00,1
2530,698,A,00,01,DATA,00,01,431,0,0,99,99,00,00,1
2531,698,B,01,81,DATA,81,01,432,0,0,99,99,00,00,1
2532,698,A,01,FF,DATA,01,FF,433,0,0,99,99,00,00,1
2533,698,B,55,D5,DATA,D5,55,434,0,0,99,99,00,00,1
2534,698,A,01,FF,DATA,01,FF,435,0,0,99,99,00,00,1
2535,698,B,01,81,DATA,81,01,436,0,0,99,99,00,00,1
2536,698,A,01,FF,DATA,01,FF,437,0,0,99,99,00,00,1
2537,698,B,05,D5,DATA,D5,05,438,0,0,99,99,00,00,1
2538,698,A,01,FF,DATA,01,FF,439,0,0,99,99,00,00,1
2539,698,B,01,F1,DATA,F1,01,440,0,0,99,99,00,00,1
2540,698,A,01,FF,DATA,01,FF,441,0,0,99,99,00,00,1
2541,698,B,45,FD,DATA,FD,45,442,0,0,99,99,00,00,1
2542,698,A,01,FF,DATA,01,FF,443,0,0,99,99,00,00,1
2543,698,B,01,F9,DATA,F9,01,444,0,0,99,99,00,00,1
2544,698,A,01,FF,DATA,01,FF,445,0,0,99,99,00,00,1
2545,698,B,01,F5,DATA,F5,01,446,0,0,99,99,00,00,1
2546,698,A,01,FF,DATA,01,FF,447,0,0,99,99,00,00,1
2547,698,B,E0,90,DATA,90,E0,448,0,0,99,99,00,00,1
2548,698,A,E0,9F,DATA,E0,9F,449,0,0,99,99,00,00,1
2549,698,B,E8,D5,DATA,D5,E8,450,0,0,99,99,00,00,1
2550,698,A,E0,97,DATA,E0,97,451,0,0,99,99,00,00,1
2551,698,B,BC,91,DATA,91,BC,452,0,0,99,99,00,00,1
2552,698,A,E0,83,DATA,E0,83,453,0,0,99,99,00,00,1
2553,698,B,FF,FF,DATA,FF,FF,454,0,0,99,99,00,00,1
2554,698,A,FF,FF,DATA,FF,FF,455,0,0,99,99,00,00,1
2555,698,B,00,00,DATA,00,00,456,0,0,99,99,00,00,1
2556,698,A,00,00,DATA,00,00,457,0,0,99,99,00,00,1
2557,698,B,00,00,DATA,00,00,458,0,0,99,99,00,00,1
2558,698,A,00,00,DATA,00,00,459,0,0,99,99,00,00,1
2559,698,B,00,00,DATA,00,00,460,0,0,99,99,00,00,1
2560,698,A,00,00,DATA,00,00,461,0,0,99,99,00,00,1
2561,698,B,00,00,DATA,00,00,462,0,0,99,99,00,00,1
2562,698,A,00,00,DATA,00,00,463,0,0,99,99,00,00,1
2563,698,B,3F,E2,DATA,E2,3F,464,0,0,99,99,00,00,1
2564,698,A,00,C0,DATA,00,C0,465,0,0,99,99,00,00,1
2565,698,B,0F,AD,DATA,AD,0F,466,0,0,99,99,00,00,1
2566,698,A,50,F0,DATA,50,F0,467,0,0,99,99,00,00,1
2567,698,B,1E,FF,DATA,FF,1E,468,0,0,99,99,00,00,1
2568,698,A,00,E0,DATA,00,E0,469,0,0,99,99,00,00,1
2569,698,B,FF,FF,DATA,FF,FF,470,0,0,99,99,00,00,1
2570,698,A,FF,FF,DATA,FF,FF,471,0,0,99,99,00,00,1
2571,698,B,00,00,DATA,00,00,472,0,0,99,99,00,00,1
2572,698,A,00,00,DATA,00,00,473,0,0,99,99,00,00,1
2573,698,B,00,00,DATA,00,00,474,0,0,99,99,00,00,1
2574,698,A,00,00,DATA,00,00,475,0,0,99,99,00,00,1
2575,698,B,00,00,DATA,00,00,476,0,0,99,99,00,00,1
2576,698,A,00,00,DATA,00,00,477,0,0,99,99,00,00,1
2577,698,B,00,00,DATA,00,00,478,0,0,99,99,00,00,1
2578,698,A,00,00,DATA,00,00,479,0,0,99,99,00,00,1
2579,698,B,FF,FE,DATA,FE,FF,480,0,0,99,99,00,00,1
2580,698,A,00,00,DATA,00,00,481,0,0,99,99,00,00,1
2581,698,B,FE,AF,DATA,AF,FE,482,0,0,99,99,00,00,1
2582,698,A,50,01,DATA,50,01,483,0,0,99,99,00,00,1
2583,698,B,3F,FA,DATA,FA,3F,484,0,0,99,99,00,00,1
2584,698,A,00,00,DATA,00,00,485,0,0,99,99,00,00,1
2585,698,B,FF,FF,DATA,FF,FF,486,0,0,99,99,00,00,1
2586,698,A,FF,FF,DATA,FF,FF,487,0,0,99,99,00,00,1
2587,698,B,00,00,DATA,00,00,488,0,0,99,99,00,00,1
2588,698,A,00,00,DATA,00,00,489,0,0,99,99,00,00,1
2589,698,B,00,00,DATA,00,00,490,0,0,99,99,00,00,1
2590,698,A,00,00,DATA,00,00,491,0,0,99,99,00,00,1
2591,698,B,00,00,DATA,00,00,492,0,0,99,99,00,00,1
2592,698,A,00,00,DATA,00,00,493,0,0,99,99,00,00,1
2593,698,B,00,00,DATA,00,00,494,0,0,99,99,00,00,1
2594,698,A,00,00,DATA,00,00,495,0,0,99,99,00,00,1
2595,698,B,19,E1,DATA,E1,19,496,0,0,99,99,00,00,1
2596,698,A,01,E7,DATA,01,E7,497,0,0,99,99,00,00,1
2597,698,B,8B,F5,DATA,F5,8B,498,0,0,99,99,00,00,1
2598,698,A,01,75,DATA,01,75,499,0,0,99,99,00,00,1
2599,698,B,FF,21,DATA,21,FF,500,0,0,99,99,00,00,1
2600,698,A,01,01,DATA,01,01,501,0,0,99,99,00,00,1
2601,698,B,FF,FF,DATA,FF,FF,502,0,0,99,99,00,00,1
2602,698,A,FF,FF,DATA,FF,FF,503,0,0,99,99,00,00,1
2603,698,B,00,00,DATA,00,00,504,0,0,99,99,00,00,1
2604,698,A,00,00,DATA,00,00,505,0,0,99,99,00,00,1
2605,698,B,00,00,DATA,00,00,506,0,0,99,99,00,00,1
2606,698,A,00,00,DATA,00,00,507,0,0,99,99,00,00,1
2607,698,B,00,00,DATA,00,00,508,0,0,99,99,00,00,1
2608,698,A,00,00,DATA,00,00,509,0,0,99,99,00,00,1
2609,698,B,00,00,DATA,00,00,510,0,0,99,99,00,00,1
2610,698,A,00,00,DATA,00,00,511,0,0,99,99,00,00,1
2611,698,B,FF,FF,DATA,FF,FF,512,0,0,99,99,00,00,1
2612,698,A,FF,FF,DATA,FF,FF,513,0,0,99,99,00,00,1
2613,698,B,D5,C0,DATA,C0,D5,514,0,0,99,99,00,00,1
2614,698,A,80,80,DATA,80,80,515,0,0,99,99,00,00,1
2615,698,B,80,C0,DATA,C0,80,516,0,0,99,99,00,00,1
2616,698,A,80,80,DATA,80,80,517,0,0,99,99,00,00,1
2617,698,B,F5,C1,DATA,C1,F5,518,0,0,99,99,00,00,1
2618,698,A,80,80,DATA,80,80,519,0,0,99,99,00,00,1
2619,698,B,FF,80,DATA,80,FF,520,0,0,99,99,00,00,1
2620,698,A,80,80,DATA,80,80,521,0,0,99,99,00,00,1
2621,698,B,BF,C5,DATA,C5,BF,522,0,0,99,99,00,00,1
2622,698,A,80,C0,DATA,80,C0,523,0,0,99,99,00,00,1
2623,698,B,F8,80,DATA,80,F8,524,0,0,99,99,00,00,1
2624,698,A,80,80,DATA,80,80,525,0,0,99,99,00,00,1
2625,698,B,FD,85,DATA,85,FD,526,0,0,99,99,00,00,1
2626,698,A,80,80,DATA,80,80,527,0,0,99,99,00,00,1
2627,698,B,FF,FF,DATA,FF,FF,528,0,0,99,99,00,00,1
2628,698,A,FF,FF,DATA,FF,FF,529,0,0,99,99,00,00,1
2629,698,B,00,55,DATA,55,00,530,0,0,99,99,00,00,1
2630,698,A,00,00,DATA,00,00,531,0,0,99,99,00,00,1
2631,698,B,00,01,DATA,01,00,532,0,0,99,99,00,00,1
2632,698,A,00,00,DATA,00,00,533,0,0,99,99,00,00,1
2633,698,B,54,5F,DATA,5F,54,534,0,0,99,99,00,00,1
2634,698,A,00,00,DATA,00,00,535,0,0,99,99,00,00,1
2635,698,B,2F,0F,DATA,0F,2F,536,0,0,99,99,00,00,1
2636,698,A,00,00,DATA,00,00,537,0,0,99,99,00,00,1
2637,698,B,57,5F,DATA,5F,57,538,0,0,99,99,00,00,1
2638,698,A,00,00,DATA,00,00,539,0,0,99,99,00,00,1
2639,698,B,00,0F,DATA,0F,00,540,0,0,99,99,00,00,1
2640,698,A,00,00,DATA,00,00,541,0,0,99,99,00,00,1
2641,698,B,55,5A,DATA,5A,55,542,0,0,99,99,00,00,1
2642,698,A,05,00,DATA,05,00,543,0,0,99,99,00,00,1
2643,698,B,FF,FF,DATA,FF,FF,544,0,0,99,99,00,00,1
2644,698,A,FF,FF,DATA,FF,FF,545,0,0,99,99,00,00,1
2645,698,B,00,D5,DATA,D5,00,546,0,0,99,99,00,00,1
2646,698,A,00,00,DATA,00,00,547,0,0,99,99,00,00,1
2647,698,B,00,C0,DATA,C0,00,548,0,0,99,99,00,00,1
2648,698,A,00,00,DATA,00,00,549,0,0,99,99,00,00,1
2649,698,B,11,B5,DATA,B5,11,550,0,0,99,99,00,00,1
2650,698,A,40,00,DATA,40,00,551,0,0,99,99,00,00,1
2651,698,B,F4,FC,DATA,FC,F4,552,0,0,99,99,00,00,1
2652,698,A,00,00,DATA,00,00,553,0,0,99,99,00,00,1
2653,698,B,FF,AD,DATA,AD,FF,554,0,0,99,99,00,00,1
2654,698,A,50,00,DATA,50,00,555,0,0,99,99,00,00,1
2655,698,B,00,FF,DATA,FF,00,556,0,0,99,99,00,00,1
2656,698,A,00,00,DATA,00,00,557,0,0,99,99,00,00,1
2657,698,B,55,AB,DATA,AB,55,558,0,0,99,99,00,00,1
2658,698,A,54,00,DATA,54,00,559,0,0,99,99,00,00,1
2659,698,B,FF,FF,DATA,FF,FF,560,0,0,99,99,00,00,1
2660,698,A,FF,FF,DATA,FF,FF,561,0,0,99,99,00,00,1
2661,698,B,55,45,DATA,45,55,562,0,0,99,99,00,00,1
2662,698,A,01,01,DATA,01,01,563,0,0,99,99,00,00,1
2663,698,B,01,01,DATA,01,01,564,0,0,99,99,00,00,1
2664,698,A,01,01,DATA,01,01,565,0,0,99,99,00,00,1
2665,698,B,55,55,DATA,55,55,566,0,0,99,99,00,00,1
2666,698,A,01,01,DATA,01,01,567,0,0,99,99,00,00,1
2667,698,B,FF,01,DATA,01,FF,568,0,0,99,99,00,00,1
2668,698,A,01,01,DATA,01,01,569,0,0,99,99,00,00,1
2669,698,B,FF,55,DATA,55,FF,570,0,0,99,99,00,00,1
2670,698,A,01,01,DATA,01,01,571,0,0,99,99,00,00,1
2671,698,B,1F,E1,DATA,E1,1F,572,0,0,99,99,00,00,1
2672,698,A,01,01,DATA,01,01,573,0,0,99,99,00,00,1
2673,698,B,57,B5,DATA,B5,57,574,0,0,99,99,00,00,1
2674,698,A,41,01,DATA,41,01,575,0,0,99,99,00,00,1
2675,698,B,E8,80,DATA,80,E8,576,0,0,99,99,00,00,1
2676,698,A,80,80,DATA,80,80,577,0,0,99,99,00,00,1
2677,698,B,F5,85,DATA,85,F5,578,0,0,99,99,00,00,1
2678,698,A,80,80,DATA,80,80,579,0,0,99,99,00,00,1
2679,698,B,F0,80,DATA,80,F0,580,0,0,99,99,00,00,1
2680,698,A,80,81,DATA,80,81,581,0,0,99,99,00,00,1
2681,698,B,FC,81,DATA,81,FC,582,0,0,99,99,00,00,1
2682,698,A,80,83,DATA,80,83,583,0,0,99,99,00,00,1
2683,698,B,FD,80,DATA,80,FD,584,0,0,99,99,00,00,1
2684,698,A,80,82,DATA,80,82,585,0,0,99,99,00,00,1
2685,698,B,AD,80,DATA,80,AD,586,0,0,99,99,00,00,1
2686,698,A,80,D0,DATA,80,D0,587,0,0,99,99,00,00,1
2687,698,B,BF,80,DATA,80,BF,588,0,0,99,99,00,00,1
2688,698,A,80,C0,DATA,80,C0,589,0,0,99,99,00,00,1
2689,698,B,CD,94,DATA,94,CD,590,0,0,99,99,00,00,1
2690,698,A,80,F0,DATA,80,F0,591,0,0,99,99,00,00,1
2691,698,B,7F,1B,DATA,1B,7F,592,0,0,99,99,00,00,1
2692,698,A,04,00,DATA,04,00,593,0,0,99,99,00,00,1
2693,698,B,34,5A,DATA,5A,34,594,0,0,99,99,00,00,1
2694,698,A,05,C1,DATA,05,C1,595,0,0,99,99,00,00,1
2695,698,B,7A,0F,DATA,0F,7A,596,0,0,99,99,00,00,1
2696,698,A,00,81,DATA,00,81,597,0,0,99,99,00,00,1
2697,698,B,B5,16,DATA,16,B5,598,0,0,99,99,00,00,1
2698,698,A,01,43,DATA,01,43,599,0,0,99,99,00,00,1
2699,698,B,7C,03,DATA,03,7C,600,0,0,99,99,00,00,1
2700,698,A,00,83,DATA,00,83,601,0,0,99,99,00,00,1
2701,698,B,7A,05,DATA,05,7A,602,0,0,99,99,00,00,1
2702,698,A,00,05,DATA,00,05,603,0,0,99,99,00,00,1
2703,698,B,E0,00,DATA,00,E0,604,0,0,99,99,00,00,1
2704,698,A,00,00,DATA,00,00,605,0,0,99,99,00,00,1
2705,698,B,55,01,DATA,01,55,606,0,0,99,99,00,00,1
2706,698,A,00,00,DATA,00,00,607,0,0,99,99,00,00,1
2707,698,B,F0,FF,DATA,FF,F0,608,0,0,99,99,00,00,1
2708,698,A,00,00,DATA,00,00,609,0,0,99,99,00,00,1
2709,698,B,57,8B,DATA,8B,57,610,0,0,99,99,00,00,1
2710,698,A,74,E0,DATA,74,E0,611,0,0,99,99,00,00,1
2711,698,B,05,FF,DATA,FF,05,612,0,0,99,99,00,00,1
2712,698,A,00,C2,DATA,00,C2,613,0,0,99,99,00,00,1
2713,698,B,11,8A,DATA,8A,11,614,0,0,99,99,00,00,1
2714,698,A,75,C6,DATA,75,C6,615,0,0,99,99,00,00,1
2715,698,B,51,07,DATA,07,51,616,0,0,99,99,00,00,1
2716,698,A,F8,8E,DATA,F8,8E,617,0,0,99,99,00,00,1
2717,698,B,E7,80,DATA,80,E7,618,0,0,99,99,00,00,1
2718,698,A,7F,1C,DATA,7F,1C,619,0,0,99,99,00,00,1
2719,698,B,12,F0,DATA,F0,12,620,0,0,99,99,00,00,1
2720,698,A,0F,01,DATA,0F,01,621,0,0,99,99,00,00,1
2721,698,B,5E,A0,DATA,A0,5E,622,0,0,99,99,00,00,1
2722,698,A,5F,01,DATA,5F,01,623,0,0,99,99,00,00,1
2723,698,B,07,F9,DATA,F9,07,624,0,0,99,99,00,00,1
2724,698,A,01,01,DATA,01,01,625,0,0,99,99,00,00,1
2725,698,B,FD,BD,DATA,BD,FD,626,0,0,99,99,00,00,1
2726,698,A,41,01,DATA,41,01,627,0,0,99,99,00,00,1
2727,698,B,7D,F9,DATA,F9,7D,628,0,0,99,99,00,00,1
2728,698,A,01,01,DATA,01,01,629,0,0,99,99,00,00,1
2729,698,B,6B,AD,DATA,AD,6B,630,0,0,99,99,00,00,1
2730,698,A,51,15,DATA,51,15,631,0,0,99,99,00,00,1
2731,698,B,1F,FD,DATA,FD,1F,632,0,0,99,99,00,00,1
2732,698,A,01,01,DATA,01,01,633,0,0,99,99,00,00,1
2733,698,B,FF,2D,DATA,2D,FF,634,0,0,99,99,00,00,1
2734,698,A,D1,01,DATA,D1,01,635,0,0,99,99,00,00,1
2735,698,B,6D,79,DATA,79,6D,636,0,0,99,99,00,00,1
2736,698,A,81,91,DATA,81,91,637,0,0,99,99,00,00,1
2737,698,B,DF,FD,DATA,FD,DF,638,0,0,99,99,00,00,1
2738,698,A,01,01,DATA,01,01,639,0,0,99,99,00,00,1
2739,698,B,A3,84,DATA,84,A3,640,0,0,99,99,00,00,1
2740,698,A,80,FC,DATA,80,FC,641,0,0,99,99,00,00,1
2741,698,B,D5,DD,DATA,DD,D5,642,0,0,99,99,00,00,1
2742,698,A,80,FF,DATA,80,FF,643,0,0,99,99,00,00,1
2743,698,B,83,BE,DATA,BE,83,644,0,0,99,99,00,00,1
2744,698,A,80,FC,DATA,80,FC,645,0,0,99,99,00,00,1
2745,698,B,F4,FB,DATA,FB,F4,646,0,0,99,99,00,00,1
2746,698,A,84,FF,DATA,84,FF,647,0,0,99,99,00,00,1
2747,698,B,98,FD,DATA,FD,98,648,0,0,99,99,00,00,1
2748,698,A,82,FF,DATA,82,FF,649,0,0,99,99,00,00,1
2749,698,B,DD,F8,DATA,F8,DD,650,0,0,99,99,00,00,1
2750,698,A,87,FF,DATA,87,FF,651,0,0,99,99,00,00,1
2751,698,B,82,F8,DATA,F8,82,652,0,0,99,99,00,00,1
2752,698,A,87,FF,DATA,87,FF,653,0,0,99,99,00,00,1
2753,698,B,D2,A8,DATA,A8,D2,654,0,0,99,99,00,00,1
2754,698,A,D7,FD,DATA,D7,FD,655,0,0,99,99,00,00,1
2755,698,B,80,00,DATA,00,80,656,0,0,99,99,00,00,1
2756,698,A,00,00,DATA,00,00,657,0,0,99,99,00,00,1
2757,698,B,3B,01,DATA,01,3B,658,0,0,99,99,00,00,1
2758,698,A,00,C4,DATA,00,C4,659,0,0,99,99,00,00,1
2759,698,B,2F,00,DATA,00,2F,660,0,0,99,99,00,00,1
2760,698,A,00,D0,DATA,00,D0,661,0,0,99,99,00,00,1
2761,698,B,BE,51,DATA,51,BE,662,0,0,99,99,00,00,1
2762,698,A,00,41,DATA,00,41,663,0,0,99,99,00,00,1
2763,698,B,07,80,DATA,80,07,664,0,0,99,99,00,00,1
2764,698,A,00,F8,DATA,00,F8,665,0,0,99,99,00,00,1
2765,698,B,52,B5,DATA,B5,52,666,0,0,99,99,00,00,1
2766,698,A,40,FD,DATA,40,FD,667,0,0,99,99,00,00,1
2767,698,B,21,E0,DATA,E0,21,668,0,0,99,99,00,00,1
2768,698,A,00,FE,DATA,00,FE,669,0,0,99,99,00,00,1
2769,698,B,77,B6,DATA,B6,77,670,0,0,99,99,00,00,1
2770,762,A,41,FF,DATA,41,FF,671,0,0,99,99,00,00,1
2771,762,B,38,FC,DATA,FC,38,672,0,0,99,99,00,00,1
2772,762,A,03,00,DATA,03,00,673,0,0,99,99,00,00,1
2773,762,B,8F,6B,DATA,6B,8F,674,0,0,99,99,00,00,1
2774,762,A,14,70,DATA,14,70,675,0,0,99,99,00,00,1
2775,762,B,09,7F,DATA,7F,09,676,0,0,99,99,00,00,1
2776,762,A,00,F6,DATA,00,F6,677,0,0,99,99,00,00,1
2777,762,B,44,EB,DATA,EB,44,678,0,0,99,99,00,00,1
2778,762,A,14,FF,DATA,14,FF,679,0,0,99,99,00,00,1
2779,762,B,04,7F,DATA,7F,04,680,0,0,99,99,00,00,1
2780,762,A,00,FB,DATA,00,FB,681,0,0,99,99,00,00,1
2781,762,B,10,FB,DATA,FB,10,682,0,0,99,99,00,00,1
2782,762,A,04,FF,DATA,04,FF,683,0,0,99,99,00,00,1
2783,762,B,04,FF,DATA,FF,04,684,0,0,99,99,00,00,1
2784,762,A,00,FB,DATA,00,FB,685,0,0,99,99,00,00,1
2785,762,B,51,AB,DATA,AB,51,686,0,0,99,99,00,00,1
2786,762,A,54,FF,DATA,54,FF,687,0,0,99,99,00,00,1
2787,762,B,FF,B1,DATA,B1,FF,688,0,0,99,99,00,00,1
2788,762,A,01,01,DATA,01,01,689,0,0,99,99,00,00,1
2789,762,B,AF,75,DATA,75,AF,690,0,0,99,99,00,00,1
2790,762,A,01,51,DATA,01,51,691,0,0,99,99,00,00,1
2791,762,B,FD,C1,DATA,C1,FD,692,0,0,99,99,00,00,1
2792,762,A,01,03,DATA,01,03,693,0,0,99,99,00,00,1
2793,762,B,A9,D5,DATA,D5,A9,694,0,0,99,99,00,00,1
2794,762,A,01,57,DATA,01,57,695,0,0,99,99,00,00,1
2795,762,B,C1,01,DATA,01,C1,696,0,0,99,99,00,00,1
2796,762,A,01,3F,DATA,01,3F,697,0,0,99,99,00,00,1
2797,762,B,55,57,DATA,57,55,698,0,0,99,99,00,00,1
2798,762,A,01,FF,DATA,01,FF,699,0,0,99,99,00,00,1
2799,762,B,0F,0F,DATA,0F,0F,700,0,0,99,99,00,00,1
2800,762,A,01,F1,DATA,01,F1,701,0,0,99,99,00,00,1
2801,762,B,3F,F9,DATA,F9,3F,702,0,0,99,99,00,00,1
2802,762,A,07,C1,DATA,07,C1,703,0,0,99,99,00,00,1
2803,762,B,FC,FF,DATA,FF,FC,704,0,0,99,99,00,00,1
2804,762,A,80,FF,DATA,80,FF,705,0,0,99,99,00,00,1
2805,762,B,FF,AB,DATA,AB,FF,706,0,0,99,99,00,00,1
2806,762,A,D4,FF,DATA,D4,FF,707,0,0,99,99,00,00,1
2807,762,B,FF,FF,DATA,FF,FF,708,0,0,99,99,00,00,1
2808,762,A,80,FF,DATA,80,FF,709,0,0,99,99,00,00,1
2809,762,B,FF,FF,DATA,FF,FF,710,0,0,99,99,00,00,1
2810,762,A,FF,FF,DATA,FF,FF,711,0,0,99,99,00,00,1
2811,762,B,00,00,DATA,00,00,712,0,0,99,99,00,00,1
2812,762,A,00,00,DATA,00,00,713,0,0,99,99,00,00,1
2813,762,B,00,00,DATA,00,00,714,0,0,99,99,00,00,1
2814,762,A,00,00,DATA,00,00,715,0,0,99,99,00,00,1
2815,762,B,00,00,DATA,00,00,716,0,0,99,99,00,00,1
2816,762,A,00,00,DATA,00,00,717,0,0,99,99,00,00,1
2817,762,B,00,00,DATA,00,00,718,0,0,99,99,00,00,1
2818,762,A,00,00,DATA,00,00,719,0,0,99,99,00,00,1
2819,762,B,51,FD,DATA,FD,51,720,0,0,99,99,00,00,1
2820,762,A,02,AF,DATA,02,AF,721,0,0,99,99,00,00,1
2821,762,B,F0,FA,DATA,FA,F0,722,0,0,99,99,00,00,1
2822,762,A,05,FF,DATA,05,FF,723,0,0,99,99,00,00,1
2823,762,B,FF,FF,DATA,FF,FF,724,0,0,99,99,00,00,1
2824,762,A,00,FF,DATA,00,FF,725,0,0,99,99,00,00,1
2825,762,B,FF,FF,DATA,FF,FF,726,0,0,99,99,00,00,1
2826,762,A,FF,FF,DATA,FF,FF,727,0,0,99,99,00,00,1
2827,762,B,00,00,DATA,00,00,728,0,0,99,99,00,00,1
2828,762,A,00,00,DATA,00,00,729,0,0,99,99,00,00,1
2829,762,B,00,00,DATA,00,00,730,0,0,99,99,00,00,1
2830,762,A,00,00,DATA,00,00,731,0,0,99,99,00,00,1
2831,762,B,00,00,DATA,00,00,732,0,0,99,99,00,00,1
2832,762,A,00,00,DATA,00,00,733,0,0,99,99,00,00,1
2833,762,B,00,00,DATA,00,00,734,0,0,99,99,00,00,1
2834,762,A,00,00,DATA,00,00,735,0,0,99,99,00,00,1
2835,762,B,D3,AF,DATA,AF,D3,736,0,0,99,99,00,00,1
2836,762,A,50,FC,DATA,50,FC,737,0,0,99,99,00,00,1
2837,762,B,3F,4A,DATA,4A,3F,738,0,0,99,99,00,00,1
2838,762,A,F5,C0,DATA,F5,C0,739,0,0,99,99,00,00,1
2839,762,B,80,8B,DATA,8B,80,740,0,0,99,99,00,00,1
2840,762,A,74,FF,DATA,74,FF,741,0,0,99,99,00,00,1
2841,762,B,FF,FF,DATA,FF,FF,742,0,0,99,99,00,00,1
2842,762,A,FF,FF,DATA,FF,FF,743,0,0,99,99,00,00,1
2843,762,B,00,00,DATA,00,00,744,0,0,99,99,00,00,1
2844,762,A,00,00,DATA,00,00,745,0,0,99,99,00,00,1
2845,762,B,00,00,DATA,00,00,746,0,0,99,99,00,00,1
2846,762,A,00,00,DATA,00,00,747,0,0,99,99,00,00,1
2847,762,B,00,00,DATA,00,00,748,0,0,99,99,00,00,1
2848,762,A,00,00,DATA,00,00,749,0,0,99,99,00,00,1
2849,762,B,00,00,DATA,00,00,750,0,0,99,99,00,00,1
2850,762,A,00,00,DATA,00,00,751,0,0,99,99,00,00,1
2851,762,B,FF,F1,DATA,F1,FF,752,0,0,99,99,00,00,1
2852,762,A,0F,01,DATA,0F,01,753,0,0,99,99,00,00,1
2853,762,B,EB,FB,DATA,FB,EB,754,0,0,99,99,00,00,1
2854,762,A,05,15,DATA,05,15,755,0,0,99,99,00,00,1
2855,762,B,FD,FF,DATA,FF,FD,756,0,0,99,99,00,00,1
2856,762,A,01,03,DATA,01,03,757,0,0,99,99,00,00,1
2857,762,B,FF,FF,DATA,FF,FF,758,0,0,99,99,00,00,1
2858,762,A,FF,FF,DATA,FF,FF,759,0,0,99,99,00,00,1
2859,762,B,00,00,DATA,00,00,760,0,0,99,99,00,00,1
2860,762,A,00,00,DATA,00,00,761,0,0,99,99,00,00,1
2861,762,B,00,00,DATA,00,00,762,0,0,99,99,00,00,1
2862,762,A,00,00,DATA,00,00,763,0,0,99,99,00,00,1
2863,762,B,00,00,DATA,00,00,764,0,0,99,99,00,00,1
2864,762,A,00,00,DATA,00,00,765,0,0,99,99,00,00,1
2865,762,B,00,00,DATA,00,00,766,0,0,99,99,00,00,1
2866,762,A,00,00,DATA,00,00,767,0,0,99,99,00,00,1
2867,762,B,FF,FF,DATA,FF,FF,768,0,0,99,99,00,00,1
2868,762,A,FF,FF,DATA,FF,FF,769,0,0,99,99,00,00,1
2869,762,B,F5,D5,DATA,D5,F5,770,0,0,99,99,00,00,1
2870,762,A,FF,FF,DATA,FF,FF,771,0,0,99,99,00,00,1
2871,762,B,A1,CA,DATA,CA,A1,772,0,0,99,99,00,00,1
2872,762,A,FF,FE,DATA,FF,FE,773,0,0,99,99,00,00,1
2873,762,B,F2,DD,DATA,DD,F2,774,0,0,99,99,00,00,1
2874,762,A,FF,FD,DATA,FF,FD,775,0,0,99,99,00,00,1
2875,762,B,85,80,DATA,80,85,776,0,0,99,99,00,00,1
2876,762,A,FF,FA,DATA,FF,FA,777,0,0,99,99,00,00,1
2877,762,B,D8,D5,DATA,D5,D8,778,0,0,99,99,00,00,1
2878,762,A,FF,F7,DATA,FF,F7,779,0,0,99,99,00,00,1
2879,762,B,80,C4,DATA,C4,80,780,0,0,99,99,00,00,1
2880,762,A,FF,FF,DATA,FF,FF,781,0,0,99,99,00,00,1
2881,762,B,C0,F5,DATA,F5,C0,782,0,0,99,99,00,00,1
2882,762,A,FF,FF,DATA,FF,FF,783,0,0,99,99,00,00,1
2883,762,B,FF,FF,DATA,FF,FF,784,0,0,99,99,00,00,1
2884,762,A,FF,FF,DATA,FF,FF,785,0,0,99,99,00,00,1
2885,762,B,EF,53,DATA,53,EF,786,0,0,99,99,00,00,1
2886,762,A,FC,10,DATA,FC,10,787,0,0,99,99,00,00,1
2887,762,B,A7,05,DATA,05,A7,788,0,0,99,99,00,00,1
2888,762,A,FA,58,DATA,FA,58,789,0,0,99,99,00,00,1
2889,762,B,A6,40,DATA,40,A6,790,0,0,99,99,00,00,1
2890,762,A,FF,59,DATA,FF,59,791,0,0,99,99,00,00,1
2891,762,B,E3,04,DATA,04,E3,792,0,0,99,99,00,00,1
2892,762,A,FB,1C,DATA,FB,1C,793,0,0,99,99,00,00,1
2893,762,B,EA,50,DATA,50,EA,794,0,0,99,99,00,00,1
2894,762,A,FF,15,DATA,FF,15,795,0,0,99,99,00,00,1
2895,762,B,FF,04,DATA,04,FF,796,0,0,99,99,00,00,1
2896,762,A,FB,00,DATA,FB,00,797,0,0,99,99,00,00,1
2897,762,B,EF,42,DATA,42,EF,798,0,0,99,99,00,00,1
2898,762,A,FD,10,DATA,FD,10,799,0,0,99,99,00,00,1
2899,762,B,FF,FF,DATA,FF,FF,800,0,0,99,99,00,00,1
2900,762,A,FF,FF,DATA,FF,FF,801,0,0,99,99,00,00,1
2901,762,B,F5,46,DATA,46,F5,802,0,0,99,99,00,00,1
2902,762,A,01,03,DATA,01,03,803,0,0,99,99,00,00,1
2903,762,B,FD,02,DATA,02,FD,804,0,0,99,99,00,00,1
2904,762,A,01,00,DATA,01,00,805,0,0,99,99,00,00,1
2905,762,B,2B,C7,DATA,C7,2B,806,0,0,99,99,00,00,1
2906,762,A,01,D4,DATA,01,D4,807,0,0,99,99,00,00,1
2907,762,B,7F,C2,DATA,C2,7F,808,0,0,99,99,00,00,1
2908,762,A,01,80,DATA,01,80,809,0,0,99,99,00,00,1
2909,762,B,3A,34,DATA,34,3A,810,0,0,99,99,00,00,1
2910,762,A,C3,C5,DATA,C3,C5,811,0,0,99,99,00,00,1
2911,762,B,7C,FF,DATA,FF,7C,812,0,0,99,99,00,00,1
2912,762,A,00,83,DATA,00,83,813,0,0,99,99,00,00,1
2913,762,B,F8,FF,DATA,FF,F8,814,0,0,99,99,00,00,1
2914,762,A,00,07,DATA,00,07,815,0,0,99,99,00,00,1
2915,762,B,FF,FF,DATA,FF,FF,816,0,0,99,99,00,00,1
2916,762,A,FF,FF,DATA,FF,FF,817,0,0,99,99,00,00,1
2917,762,B,57,15,DATA,15,57,818,0,0,99,99,00,00,1
2918,762,A,E1,FF,DATA,E1,FF,819,0,0,99,99,00,00,1
2919,762,B,01,23,DATA,23,01,820,0,0,99,99,00,00,1
2920,762,A,C1,FF,DATA,C1,FF,821,0,0,99,99,00,00,1
2921,762,B,15,37,DATA,37,15,822,0,0,99,99,00,00,1
2922,762,A,C1,7F,DATA,C1,7F,823,0,0,99,99,00,00,1
2923,762,B,81,43,DATA,43,81,824,0,0,99,99,00,00,1
2924,762,A,81,3F,DATA,81,3F,825,0,0,99,99,00,00,1
2925,762,B,A5,D7,DATA,D7,A5,826,0,0,99,99,00,00,1
2926,762,A,01,5F,DATA,01,5F,827,0,0,99,99,00,00,1
2927,762,B,71,9F,DATA,9F,71,828,0,0,99,99,00,00,1
2928,762,A,01,8F,DATA,01,8F,829,0,0,99,99,00,00,1
2929,762,B,25,5F,DATA,5F,25,830,0,0,99,99,00,00,1
2930,762,A,01,D7,DATA,01,D7,831,0,0,99,99,00,00,1
2931,762,B,BB,80,DATA,80,BB,832,0,0,99,99,00,00,1
2932,762,A,FF,C4,DATA,FF,C4,833,0,0,99,99,00,00,1
2933,762,B,CB,80,DATA,80,CB,834,0,0,99,99,00,00,1
2934,762,A,FF,F4,DATA,FF,F4,835,0,0,99,99,00,00,1
2935,762,B,86,80,DATA,80,86,836,0,0,99,99,00,00,1
2936,762,A,FF,F8,DATA,FF,F8,837,0,0,99,99,00,00,1
2937,762,B,83,C1,DATA,C1,83,838,0,0,99,99,00,00,1
2938,762,A,FF,FC,DATA,FF,FC,839,0,0,99,99,00,00,1
2939,762,B,86,88,DATA,88,86,840,0,0,99,99,00,00,1
2940,762,A,F7,F8,DATA,F7,F8,841,0,0,99,99,00,00,1
2941,762,B,8B,C8,DATA,C8,8B,842,0,0,99,99,00,00,1
2942,762,A,F7,F4,DATA,F7,F4,843,0,0,99,99,00,00,1
2943,762,B,8F,9C,DATA,9C,8F,844,0,0,99,99,00,00,1
2944,762,A,E3,F0,DATA,E3,F0,845,0,0,99,99,00,00,1
2945,762,B,C3,AA,DATA,AA,C3,846,0,0,99,99,00,00,1
2946,762,A,D5,FC,DATA,D5,FC,847,0,0,99,99,00,00,1
2947,762,B,3F,17,DATA,17,3F,848,0,0,99,99,00,00,1
2948,762,A,E8,00,DATA,E8,00,849,0,0,99,99,00,00,1
2949,762,B,04,AD,DATA,AD,04,850,0,0,99,99,00,00,1
2950,762,A,50,00,DATA,50,00,851,0,0,99,99,00,00,1
2951,762,B,40,3C,DATA,3C,40,852,0,0,99,99,00,00,1
2952,762,A,C0,00,DATA,C0,00,853,0,0,99,99,00,00,1
2953,762,B,9C,4D,DATA,4D,9C,854,0,0,99,99,00,00,1
2954,762,A,F0,00,DATA,F0,00,855,0,0,99,99,00,00,1
2955,762,B,96,03,DATA,03,96,856,0,0,99,99,00,00,1
2956,762,A,FC,00,DATA,FC,00,857,0,0,99,99,00,00,1
2957,762,B,F4,0B,DATA,0B,F4,858,0,0,99,99,00,00,1
2958,762,A,F4,00,DATA,F4,00,859,0,0,99,99,00,00,1
2959,762,B,00,9F,DATA,9F,00,860,0,0,99,99,00,00,1
2960,762,A,60,00,DATA,60,00,861,0,0,99,99,00,00,1
2961,762,B,03,BF,DATA,BF,03,862,0,0,99,99,00,00,1
2962,762,A,40,00,DATA,40,00,863,0,0,99,99,00,00,1
2963,762,B,DF,FF,DATA,FF,DF,864,0,0,99,99,00,00,1
2964,762,A,00,00,DATA,00,00,865,0,0,99,99,00,00,1
2965,762,B,16,FF,DATA,FF,16,866,0,0,99,99,00,00,1
2966,762,A,00,01,DATA,00,01,867,0,0,99,99,00,00,1
2967,762,B,01,DF,DATA,DF,01,868,0,0,99,99,00,00,1
2968,762,A,00,00,DATA,00,00,869,0,0,99,99,00,00,1
2969,762,B,01,DF,DATA,DF,01,870,0,0,99,99,00,00,1
2970,762,A,00,00,DATA,00,00,871,0,0,99,99,00,00,1
2971,762,B,BD,CF,DATA,CF,BD,872,0,0,99,99,00,00,1
2972,762,A,00,00,DATA,00,00,873,0,0,99,99,00,00,1
2973,762,B,ED,D7,DATA,D7,ED,874,0,0,99,99,00,00,1
2974,762,A,00,10,DATA,00,10,875,0,0,99,99,00,00,1
2975,762,B,D5,80,DATA,80,D5,876,0,0,99,99,00,00,1
2976,762,A,00,00,DATA,00,00,877,0,0,99,99,00,00,1
2977,762,B,05,D5,DATA,D5,05,878,0,0,99,99,00,00,1
2978,762,A,00,00,DATA,00,00,879,0,0,99,99,00,00,1
2979,762,B,5D,DF,DATA,DF,5D,880,0,0,99,99,00,00,1
2980,762,A,01,A3,DATA,01,A3,881,0,0,99,99,00,00,1
2981,762,B,2D,FF,DATA,FF,2D,882,0,0,99,99,00,00,1
2982,762,A,01,D3,DATA,01,D3,883,0,0,99,99,00,00,1
2983,762,B,73,DF,DATA,DF,73,884,0,0,99,99,00,00,1
2984,762,A,01,8D,DATA,01,8D,885,0,0,99,99,00,00,1
2985,762,B,A3,AF,DATA,AF,A3,886,0,0,99,99,00,00,1
2986,762,A,51,5D,DATA,51,5D,887,0,0,99,99,00,00,1
2987,762,B,E3,FF,DATA,FF,E3,888,0,0,99,99,00,00,1
2988,762,A,01,1D,DATA,01,1D,889,0,0,99,99,00,00,1
2989,762,B,81,EF,DATA,EF,81,890,0,0,99,99,00,00,1
2990,762,A,11,7F,DATA,11,7F,891,0,0,99,99,00,00,1
2991,762,B,9B,7F,DATA,7F,9B,892,0,0,99,99,00,00,1
2992,762,A,01,65,DATA,01,65,893,0,0,99,99,00,00,1
2993,762,B,EB,5F,DATA,5F,EB,894,0,0,99,99,00,00,1
2994,762,A,01,15,DATA,01,15,895,0,0,99,99,00,00,1
2995,762,B,E7,FF,DATA,FF,E7,896,0,0,99,99,00,00,1
2996,762,A,80,D8,DATA,80,D8,897,0,0,99,99,00,00,1
2997,762,B,C3,EF,DATA,EF,C3,898,0,0,99,99,00,00,1
2998,762,A,90,FC,DATA,90,FC,899,0,0,99,99,00,00,1
2999,762,B,C3,FF,DATA,FF,C3,900,0,0,99,99,00,00,1
3000,762,A,80,FC,DATA,80,FC,901,0,0,99,99,00,00,1
3001,762,B,C2,BF,DATA,BF,C2,902,0,0,99,99,00,00,1
3002,762,A,C0,FD,DATA,C0,FD,903,0,0,99,99,00,00,1
3003,762,B,AB,FA,DATA,FA,AB,904,0,0,99,99,00,00,1
3004,762,A,80,F4,DATA,80,F4,905,0,0,99,99,00,00,1
3005,762,B,D3,F5,DATA,F5,D3,906,0,0,99,99,00,00,1
3006,762,A,80,FC,DATA,80,FC,907,0,0,99,99,00,00,1
3007,762,B,81,E0,DATA,E0,81,908,0,0,99,99,00,00,1
3008,762,A,80,FE,DATA,80,FE,909,0,0,99,99,00,00,1
3009,762,B,D6,D5,DATA,D5,D6,910,0,0,99,99,00,00,1
3010,762,A,80,FD,DATA,80,FD,911,0,0,99,99,00,00,1
3011,762,B,20,FF,DATA,FF,20,912,0,0,99,99,00,00,1
3012,762,A,00,00,DATA,00,00,913,0,0,99,99,00,00,1
3013,762,B,BF,BF,DATA,BF,BF,914,0,0,99,99,00,00,1
3014,762,A,40,00,DATA,40,00,915,0,0,99,99,00,00,1
3015,762,B,BC,F8,DATA,F8,BC,916,0,0,99,99,00,00,1
3016,762,A,00,00,DATA,00,00,917,0,0,99,99,00,00,1
3017,762,B,C1,F5,DATA,F5,C1,918,0,0,99,99,00,00,1
3018,762,A,00,00,DATA,00,00,919,0,0,99,99,00,00,1
3019,762,B,E0,10,DATA,10,E0,920,0,0,99,99,00,00,1
3020,762,A,00,00,DATA,00,00,921,0,0,99,99,00,00,1
3021,762,B,B0,55,DATA,55,B0,922,0,0,99,99,00,00,1
3022,762,A,00,40,DATA,00,40,923,0,0,99,99,00,00,1
3023,762,B,B8,00,DATA,00,B8,924,0,0,99,99,00,00,1
3024,762,A,00,40,DATA,00,40,925,0,0,99,99,00,00,1
3025,762,B,AA,55,DATA,55,AA,926,0,0,99,99,00,00,1
3026,762,A,00,55,DATA,00,55,927,0,0,99,99,00,00,1
3027,762,B,03,00,DATA,00,03,928,0,0,99,99,00,00,1
3028,762,A,00,00,DATA,00,00,929,0,0,99,99,00,00,1
3029,762,B,92,55,DATA,55,92,930,0,0,99,99,00,00,1
3030,762,A,00,41,DATA,00,41,931,0,0,99,99,00,00,1
3031,762,B,E3,00,DATA,00,E3,932,0,0,99,99,00,00,1
3032,762,A,00,00,DATA,00,00,933,0,0,99,99,00,00,1
3033,762,B,77,55,DATA,55,77,934,0,0,99,99,00,00,1
3034,762,A,00,00,DATA,00,00,935,0,0,99,99,00,00,1
3035,762,B,0F,00,DATA,00,0F,936,0,0,99,99,00,00,1
3036,762,A,00,00,DATA,00,00,937,0,0,99,99,00,00,1
3037,762,B,1F,55,DATA,55,1F,938,0,0,99,99,00,00,1
3038,762,A,00,00,DATA,00,00,939,0,0,99,99,00,00,1
3039,762,B,7E,00,DATA,00,7E,940,0,0,99,99,00,00,1
3040,762,A,00,01,DATA,00,01,941,0,0,99,99,00,00,1
3041,762,B,A6,55,DATA,55,A6,942,0,0,99,99,00,00,1
3042,762,A,00,59,DATA,00,59,943,0,0,99,99,00,00,1
3043,762,B,F9,01,DATA,01,F9,944,0,0,99,99,00,00,1
3044,762,A,01,07,DATA,01,07,945,0,0,99,99,00,00,1
3045,762,B,01,57,DATA,57,01,946,0,0,99,99,00,00,1
3046,762,A,01,FF,DATA,01,FF,947,0,0,99,99,00,00,1
3047,762,B,05,03,DATA,03,05,948,0,0,99,99,00,00,1
3048,762,A,01,FB,DATA,01,FB,949,0,0,99,99,00,00,1
3049,762,B,83,57,DATA,57,83,950,0,0,99,99,00,00,1
3050,762,A,01,7D,DATA,01,7D,951,0,0,99,99,00,00,1
3051,762,B,85,01,DATA,01,85,952,0,0,99,99,00,00,1
3052,762,A,01,7B,DATA,01,7B,953,0,0,99,99,00,00,1
3053,762,B,81,55,DATA,55,81,954,0,0,99,99,00,00,1
3054,762,A,01,7F,DATA,01,7F,955,0,0,99,99,00,00,1
3055,762,B,1D,01,DATA,01,1D,956,0,0,99,99,00,00,1
3056,762,A,01,E3,DATA,01,E3,957,0,0,99,99,00,00,1
3057,762,B,8F,55,DATA,55,8F,958,0,0,99,99,00,00,1
3058,762,A,01,77,DATA,01,77,959,0,0,99,99,00,00,1
3059,762,B,81,E0,DATA,E0,81,960,0,0,99,99,00,00,1
3060,762,A,80,FE,DATA,80,FE,961,0,0,99,99,00,00,1
3061,762,B,D5,F5,DATA,F5,D5,962,0,0,99,99,00,00,1
3062,762,A,80,FF,DATA,80,FF,963,0,0,99,99,00,00,1
3063,762,B,80,80,DATA,80,80,964,0,0,99,99,00,00,1
3064,762,A,80,FF,DATA,80,FF,965,0,0,99,99,00,00,1
3065,762,B,FF,FF,DATA,FF,FF,966,0,0,99,99,00,00,1
3066,762,A,FF,FF,DATA,FF,FF,967,0,0,99,99,00,00,1
3067,762,B,00,00,DATA,00,00,968,0,0,99,99,00,00,1
3068,762,A,00,00,DATA,00,00,969,0,0,99,99,00,00,1
3069,762,B,00,00,DATA,00,00,970,0,0,99,99,00,00,1
3070,762,A,00,00,DATA,00,00,971,0,0,99,99,00,00,1
3071,762,B,00,00,DATA,00,00,972,0,0,99,99,00,00,1
3072,762,A,00,00,DATA,00,00,973,0,0,99,99,00,00,1
3073,762,B,00,00,DATA,00,00,974,0,0,99,99,00,00,1
3074,762,A,00,00,DATA,00,00,975,0,0,99,99,00,00,1
3075,762,B,FF,00,DATA,00,FF,976,0,0,99,99,00,00,1
3076,762,A,00,00,DATA,00,00,977,0,0,99,99,00,00,1
3077,762,B,AB,55,DATA,55,AB,978,0,0,99,99,00,00,1
3078,762,A,00,54,DATA,00,54,979,0,0,99,99,00,00,1
3079,762,B,33,00,DATA,00,33,980,0,0,99,99,00,00,1
3080,762,A,00,CC,DATA,00,CC,981,0,0,99,99,00,00,1
3081,762,B,FF,FF,DATA,FF,FF,982,0,0,99,99,00,00,1
3082,762,A,FF,FF,DATA,FF,FF,983,0,0,99,99,00,00,1
3083,762,B,00,00,DATA,00,00,984,0,0,99,99,00,00,1
3084,762,A,00,00,DATA,00,00,985,0,0,99,99,00,00,1
3085,762,B,00,00,DATA,00,00,986,0,0,99,99,00,00,1
3086,762,A,00,00,DATA,00,00,987,0,0,99,99,00,00,1
3087,762,B,00,00,DATA,00,00,988,0,0,99,99,00,00,1
3088,762,A,00,00,DATA,00,00,989,0,0,99,99,00,00,1
3089,762,B,00,00,DATA,00,00,990,0,0,99,99,00,00,1
3090,762,A,00,00,DATA,00,00,991,0,0,99,99,00,00,1
3091,762,B,EF,00,DATA,00,EF,992,0,0,99,99,00,00,1
3092,762,A,00,10,DATA,00,10,993,0,0,99,99,00,00,1
3093,762,B,A0,15,DATA,15,A0,994,0,0,99,99,00,00,1
3094,762,A,00,5F,DATA,00,5F,995,0,0,99,99,00,00,1
3095,762,B,A0,00,DATA,00,A0,996,0,0,99,99,00,00,1
3096,762,A,00,5F,DATA,00,5F,997,0,0,99,99,00,00,1
3097,762,B,FF,FF,DATA,FF,FF,998,0,0,99,99,00,00,1
3098,762,A,FF,FF,DATA,FF,FF,999,0,0,99,99,00,00,1
3099,762,B,00,00,DATA,00,00,1000,0,0,99,99,00,00,1
3100,762,A,00,00,DATA,00,00,1001,0,0,99,99,00,00,1
3101,762,B,00,00,DATA,00,00,1002,0,0,99,99,00,00,1
3102,762,A,00,00,DATA,00,00,1003,0,0,99,99,00,00,1
3103,762,B,00,00,DATA,00,00,1004,0,0,99,99,00,00,1
3104,762,A,00,00,DATA,00,00,1005,0,0,99,99,00,00,1
3105,762,B,00,00,DATA,00,00,1006,0,0,99,99,00,00,1
3106,762,A,00,00,DATA,00,00,1007,0,0,99,99,00,00,1
3107,762,B,91,01,DATA,01,91,1008,0,0,99,99,00,00,1
3108,762,A,01,6F,DATA,01,6F,1009,0,0,99,99,00,00,1
3109,762,B,95,55,DATA,55,95,1010,0,0,99,99,00,00,1
3110,762,A,01,7F,DATA,01,7F,1011,0,0,99,99,00,00,1
3111,762,B,03,01,DATA,01,03,1012,0,0,99,99,00,00,1
3112,762,A,01,FF,DATA,01,FF,1013,0,0,99,99,00,00,1
3113,762,B,FF,FF,DATA,FF,FF,1014,0,0,99,99,00,00,1
3114,762,A,FF,FF,DATA,FF,FF,1015,0,0,99,99,00,00,1
3115,762,B,00,00,DATA,00,00,1016,0,0,99,99,00,00,1
3116,762,A,00,00,DATA,00,00,1017,0,0,99,99,00,00,1
3117,762,B,00,00,DATA,00,00,1018,0,0,99,99,00,00,1
3118,762,A,00,00,DATA,00,00,1019,0,0,99,99,00,00,1
3119,762,B,00,00,DATA,00,00,1020,0,0,99,99,00,00,1
3120,762,A,00,00,DATA,00,00,1021,0,0,99,99,00,00,1
3121,762,B,00,00,DATA,00,00,1022,0,0,99,99,00,00,1
3122,762,A,00,00,DATA,00,00,1023,0,0,99,99,00,00,1
3123,762,B,FF,FF,DATA,FF,FF,1024,0,0,99,99,00,00,1
3124,762,A,FF,FF,DATA,FF,FF,1025,0,0,99,99,00,00,1
3125,762,B,F2,D5,DATA,D5,F2,1026,0,0,99,99,00,00,1
3126,762,A,FF,FD,DATA,FF,FD,1027,0,0,99,99,00,00,1
3127,762,B,E3,80,DATA,80,E3,1028,0,0,99,99,00,00,1
3128,762,A,FF,FC,DATA,FF,FC,1029,0,0,99,99,00,00,1
3129,762,B,FA,D5,DATA,D5,FA,1030,0,0,99,99,00,00,1
3130,762,A,FF,FD,DATA,FF,FD,1031,0,0,99,99,00,00,1
3131,762,B,BB,88,DATA,88,BB,1032,0,0,99,99,00,00,1
3132,762,A,FF,FC,DATA,FF,FC,1033,0,0,99,99,00,00,1
3133,762,B,DE,D5,DATA,D5,DE,1034,0,0,99,99,00,00,1
3134,762,A,FF,FD,DATA,FF,FD,1035,0,0,99,99,00,00,1
3135,762,B,B1,80,DATA,80,B1,1036,0,0,99,99,00,00,1
3136,762,A,FF,FE,DATA,FF,FE,1037,0,0,99,99,00,00,1
3137,762,B,DC,D4,DATA,D4,DC,1038,0,0,99,99,00,00,1
3138,762,A,FF,FF,DATA,FF,FF,1039,0,0,99,99,00,00,1
3139,762,B,FF,FF,DATA,FF,FF,1040,0,0,99,99,00,00,1
3140,762,A,FF,FF,DATA,FF,FF,1041,0,0,99,99,00,00,1
3141,762,B,FF,53,DATA,53,FF,1042,0,0,99,99,00,00,1
3142,762,A,FC,00,DATA,FC,00,1043,0,0,99,99,00,00,1
3143,762,B,FF,03,DATA,03,FF,1044,0,0,99,99,00,00,1
3144,762,A,FC,00,DATA,FC,00,1045,0,0,99,99,00,00,1
3145,762,B,2E,53,DATA,53,2E,1046,0,0,99,99,00,00,1
3146,762,A,FC,D1,DATA,FC,D1,1047,0,0,99,99,00,00,1
3147,762,B,FF,03,DATA,03,FF,1048,0,0,99,99,00,00,1
3148,762,A,FC,00,DATA,FC,00,1049,0,0,99,99,00,00,1
3149,762,B,8F,4F,DATA,4F,8F,1050,0,0,99,99,00,00,1
3150,762,A,F0,70,DATA,F0,70,1051,0,0,99,99,00,00,1
3151,762,B,1E,18,DATA,18,1E,1052,0,0,99,99,00,00,1
3152,762,A,E0,E0,DATA,E0,E0,1053,0,0,99,99,00,00,1
3153,762,B,DF,35,DATA,35,DF,1054,0,0,99,99,00,00,1
3154,762,A,C0,60,DATA,C0,60,1055,0,0,99,99,00,00,1
3155,762,B,FF,FF,DATA,FF,FF,1056,0,0,99,99,00,00,1
3156,762,A,FF,FF,DATA,FF,FF,1057,0,0,99,99,00,00,1
3157,762,B,A7,65,DATA,65,A7,1058,0,0,99,99,00,00,1
3158,762,A,1F,5C,DATA,1F,5C,1059,0,0,99,99,00,00,1
3159,762,B,C3,1E,DATA,1E,C3,1060,0,0,99,99,00,00,1
3160,762,A,01,3C,DATA,01,3C,1061,0,0,99,99,00,00,1
3161,762,B,C8,D7,DATA,D7,C8,1062,0,0,99,99,00,00,1
3162,762,A,00,75,DATA,00,75,1063,0,0,99,99,00,00,1
3163,762,B,3F,F3,DATA,F3,3F,1064,0,0,99,99,00,00,1
3164,762,A,00,C0,DATA,00,C0,1065,0,0,99,99,00,00,1
3165,762,B,F4,55,DATA,55,F4,1066,0,0,99,99,00,00,1
3166,762,A,00,03,DATA,00,03,1067,0,0,99,99,00,00,1
3167,762,B,EC,00,DATA,00,EC,1068,0,0,99,99,00,00,1
3168,762,A,00,03,DATA,00,03,1069,0,0,99,99,00,00,1
3169,762,B,F7,55,DATA,55,F7,1070,0,0,99,99,00,00,1
3170,762,A,00,01,DATA,00,01,1071,0,0,99,99,00,00,1
3171,762,B,FF,FF,DATA,FF,FF,1072,0,0,99,99,00,00,1
3172,762,A,FF,FF,DATA,FF,FF,1073,0,0,99,99,00,00,1
3173,762,B,55,41,DATA,41,55,1074,0,0,99,99,00,00,1
3174,762,A,FF,01,DATA,FF,01,1075,0,0,99,99,00,00,1
3175,762,B,01,01,DATA,01,01,1076,0,0,99,99,00,00,1
3176,762,A,FF,01,DATA,FF,01,1077,0,0,99,99,00,00,1
3177,762,B,55,EB,DATA,EB,55,1078,0,0,99,99,00,00,1
3178,762,A,15,01,DATA,15,01,1079,0,0,99,99,00,00,1
3179,762,B,81,1F,DATA,1F,81,1080,0,0,99,99,00,00,1
3180,762,A,01,01,DATA,01,01,1081,0,0,99,99,00,00,1
3181,762,B,D5,55,DATA,55,D5,1082,0,0,99,99,00,00,1
3182,762,A,01,01,DATA,01,01,1083,0,0,99,99,00,00,1
3183,762,B,01,01,DATA,01,01,1084,0,0,99,99,00,00,1
3184,762,A,01,81,DATA,01,81,1085,0,0,99,99,00,00,1
3185,762,B,35,55,DATA,55,35,1086,0,0,99,99,00,00,1
3186,762,A,01,C1,DATA,01,C1,1087,0,0,99,99,00,00,1
3187,762,B,89,80,DATA,80,89,1088,0,0,99,99,00,00,1
3188,762,A,FF,FE,DATA,FF,FE,1089,0,0,99,99,00,00,1
3189,762,B,DC,C2,DATA,C2,DC,1090,0,0,99,99,00,00,1
3190,762,A,FD,FF,DATA,FD,FF,1091,0,0,99,99,00,00,1
3191,762,B,C4,8B,DATA,8B,C4,1092,0,0,99,99,00,00,1
3192,762,A,F4,FF,DATA,F4,FF,1093,0,0,99,99,00,00,1
3193,762,B,D4,CB,DATA,CB,D4,1094,0,0,99,99,00,00,1
3194,762,A,F4,FF,DATA,F4,FF,1095,0,0,99,99,00,00,1
3195,762,B,83,9E,DATA,9E,83,1096,0,0,99,99,00,00,1
3196,762,A,E0,FC,DATA,E0,FC,1097,0,0,99,99,00,00,1
3197,762,B,97,8D,DATA,8D,97,1098,0,0,99,99,00,00,1
3198,762,A,F0,FC,DATA,F0,FC,1099,0,0,99,99,00,00,1
3199,762,B,B7,B0,DATA,B0,B7,1100,0,0,99,99,00,00,1
3200,762,A,C0,80,DATA,C0,80,1101,0,0,99,99,00,00,1
3201,762,B,F7,B5,DATA,B5,F7,1102,0,0,99,99,00,00,1
3202,762,A,C0,80,DATA,C0,80,1103,0,0,99,99,00,00,1
3203,762,B,FF,E0,DATA,E0,FF,1104,0,0,99,99,00,00,1
3204,762,A,00,00,DATA,00,00,1105,0,0,99,99,00,00,1
3205,762,B,FF,D5,DATA,D5,FF,1106,0,0,99,99,00,00,1
3206,762,A,00,00,DATA,00,00,1107,0,0,99,99,00,00,1
3207,762,B,FE,80,DATA,80,FE,1108,0,0,99,99,00,00,1
3208,762,A,00,00,DATA,00,00,1109,0,0,99,99,00,00,1
3209,762,B,F5,55,DATA,55,F5,1110,0,0,99,99,00,00,1
3210,762,A,00,00,DATA,00,00,1111,0,0,99,99,00,00,1
3211,762,B,E0,03,DATA,03,E0,1112,0,0,99,99,00,00,1
3212,762,A,00,00,DATA,00,00,1113,0,0,99,99,00,00,1
3213,762,B,F0,57,DATA,57,F0,1114,0,0,99,99,00,00,1
3214,762,A,00,00,DATA,00,00,1115,0,0,99,99,00,00,1
3215,762,B,F0,07,DATA,07,F0,1116,0,0,99,99,00,00,1
3216,762,A,00,00,DATA,00,00,1117,0,0,99,99,00,00,1
3217,762,B,75,5A,DATA,5A,75,1118,0,0,99,99,00,00,1
3218,762,A,05,00,DATA,05,00,1119,0,0,99,99,00,00,1
3219,762,B,2A,00,DATA,00,2A,1120,0,0,99,99,00,00,1
3220,762,A,00,01,DATA,00,01,1121,0,0,99,99,00,00,1
3221,762,B,57,15,DATA,15,57,1122,0,0,99,99,00,00,1
3222,762,A,00,01,DATA,00,01,1123,0,0,99,99,00,00,1
3223,762,B,02,00,DATA,00,02,1124,0,0,99,99,00,00,1
3224,762,A,00,01,DATA,00,01,1125,0,0,99,99,00,00,1
3225,762,B,50,45,DATA,45,50,1126,0,0,99,99,00,00,1
3226,762,A,00,01,DATA,00,01,1127,0,0,99,99,00,00,1
3227,762,B,01,00,DATA,00,01,1128,0,0,99,99,00,00,1
3228,762,A,00,00,DATA,00,00,1129,0,0,99,99,00,00,1
3229,762,B,00,45,DATA,45,00,1130,0,0,99,99,00,00,1
3230,762,A,00,01,DATA,00,01,1131,0,0,99,99,00,00,1
3231,762,B,00,80,DATA,80,00,1132,0,0,99,99,00,00,1
3232,762,A,00,00,DATA,00,00,1133,0,0,99,99,00,00,1
3233,762,B,41,D5,DATA,D5,41,1134,0,0,99,99,00,00,1
3234,762,A,00,00,DATA,00,00,1135,0,0,99,99,00,00,1
3235,762,B,61,01,DATA,01,61,1136,0,0,99,99,00,00,1
3236,762,A,01,81,DATA,01,81,1137,0,0,99,99,00,00,1
3237,762,B,55,55,DATA,55,55,1138,0,0,99,99,00,00,1
3238,762,A,01,81,DATA,01,81,1139,0,0,99,99,00,00,1
3239,762,B,41,03,DATA,03,41,1140,0,0,99,99,00,00,1
3240,762,A,01,81,DATA,01,81,1141,0,0,99,99,00,00,1
3241,762,B,01,57,DATA,57,01,1142,0,0,99,99,00,00,1
3242,762,A,01,C1,DATA,01,C1,1143,0,0,99,99,00,00,1
3243,762,B,41,07,DATA,07,41,1144,0,0,99,99,00,00,1
3244,762,A,01,81,DATA,01,81,1145,0,0,99,99,00,00,1
3245,762,B,01,5F,DATA,5F,01,1146,0,0,99,99,00,00,1
3246,762,A,01,C1,DATA,01,C1,1147,0,0,99,99,00,00,1
3247,762,B,81,01,DATA,01,81,1148,0,0,99,99,00,00,1
3248,762,A,01,41,DATA,01,41,1149,0,0,99,99,00,00,1
3249,762,B,01,77,DATA,77,01,1150,0,0,99,99,00,00,1
3250,762,A,01,41,DATA,01,41,1151,0,0,99,99,00,00,1
3251,762,B,A1,A0,DATA,A0,A1,1152,0,0,99,99,00,00,1
3252,762,A,C0,80,DATA,C0,80,1153,0,0,99,99,00,00,1
3253,762,B,F5,B5,DATA,B5,F5,1154,0,0,99,99,00,00,1
3254,762,A,C0,80,DATA,C0,80,1155,0,0,99,99,00,00,1
3255,762,B,FF,E0,DATA,E0,FF,1156,0,0,99,99,00,00,1
3256,762,A,80,80,DATA,80,80,1157,0,0,99,99,00,00,1
3257,762,B,FE,B5,DATA,B5,FE,1158,0,0,99,99,00,00,1
3258,762,A,C0,C1,DATA,C0,C1,1159,0,0,99,99,00,00,1
3259,762,B,9E,E0,DATA,E0,9E,1160,0,0,99,99,00,00,1
3260,762,A,80,C1,DATA,80,C1,1161,0,0,99,99,00,00,1
3261,762,B,90,B5,DATA,B5,90,1162,0,0,99,99,00,00,1
3262,762,A,C0,CF,DATA,C0,CF,1163,0,0,99,99,00,00,1
3263,762,B,F0,E0,DATA,E0,F0,1164,0,0,99,99,00,00,1
3264,762,A,80,8F,DATA,80,8F,1165,0,0,99,99,00,00,1
3265,762,B,B2,B7,DATA,B7,B2,1166,0,0,99,99,00,00,1
3266,762,A,C0,CD,DATA,C0,CD,1167,0,0,99,99,00,00,1
3267,762,B,00,0F,DATA,0F,00,1168,0,0,99,99,00,00,1
3268,762,A,00,00,DATA,00,00,1169,0,0,99,99,00,00,1
3269,762,B,6D,5B,DATA,5B,6D,1170,0,0,99,99,00,00,1
3270,762,A,04,10,DATA,04,10,1171,0,0,99,99,00,00,1
3271,762,B,8F,1F,DATA,1F,8F,1172,0,0,99,99,00,00,1
3272,762,A,00,70,DATA,00,70,1173,0,0,99,99,00,00,1
3273,762,B,57,5F,DATA,5F,57,1174,0,0,99,99,00,00,1
3274,762,A,00,F8,DATA,00,F8,1175,0,0,99,99,00,00,1
3275,762,B,07,1C,DATA,1C,07,1176,0,0,99,99,00,00,1
3276,762,A,00,F8,DATA,00,F8,1177,0,0,99,99,00,00,1
3277,762,B,53,5D,DATA,5D,53,1178,0,0,99,99,00,00,1
3278,762,A,00,FC,DATA,00,FC,1179,0,0,99,99,00,00,1
3279,762,B,03,8F,DATA,8F,03,1180,0,0,99,99,00,00,1
3280,762,A,00,FC,DATA,00,FC,1181,0,0,99,99,00,00,1
3281,762,B,02,D5,DATA,D5,02,1182,0,0,99,99,00,00,1
3282,762,A,0F,FD,DATA,0F,FD,1183,0,0,99,99,00,00,1
3283,762,B,00,80,DATA,80,00,1184,0,0,99,99,00,00,1
3284,762,A,00,00,DATA,00,00,1185,0,0,99,99,00,00,1
3285,762,B,07,D5,DATA,D5,07,1186,0,0,99,99,00,00,1
3286,762,A,00,00,DATA,00,00,1187,0,0,99,99,00,00,1
3287,762,B,03,00,DATA,00,03,1188,0,0,99,99,00,00,1
3288,762,A,00,00,DATA,00,00,1189,0,0,99,99,00,00,1
3289,762,B,F7,55,DATA,55,F7,1190,0,0,99,99,00,00,1
3290,762,A,00,00,DATA,00,00,1191,0,0,99,99,00,00,1
3291,762,B,E6,03,DATA,03,E6,1192,0,0,99,99,00,00,1
3292,762,A,00,00,DATA,00,00,1193,0,0,99,99,00,00,1
3293,762,B,B0,56,DATA,56,B0,1194,0,0,99,99,00,00,1
3294,762,A,01,40,DATA,01,40,1195,0,0,99,99,00,00,1
3295,762,B,F0,00,DATA,00,F0,1196,0,0,99,99,00,00,1
3296,762,A,03,00,DATA,03,00,1197,0,0,99,99,00,00,1
3297,762,B,AD,35,DATA,35,AD,1198,0,0,99,99,00,00,1
3298,762,A,C3,50,DATA,C3,50,1199,0,0,99,99,00,00,1
3299,762,B,61,9F,DATA,9F,61,1200,0,0,99,99,00,00,1
3300,762,A,01,01,DATA,01,01,1201,0,0,99,99,00,00,1
3301,762,B,41,DF,DATA,DF,41,1202,0,0,99,99,00,00,1
3302,762,A,01,01,DATA,01,01,1203,0,0,99,99,00,00,1
3303,762,B,01,DF,DATA,DF,01,1204,0,0,99,99,00,00,1
3304,762,A,01,01,DATA,01,01,1205,0,0,99,99,00,00,1
3305,762,B,01,DF,DATA,DF,01,1206,0,0,99,99,00,00,1
3306,762,A,01,01,DATA,01,01,1207,0,0,99,99,00,00,1
3307,762,B,01,FF,DATA,FF,01,1208,0,0,99,99,00,00,1
3308,762,A,01,01,DATA,01,01,1209,0,0,99,99,00,00,1
3309,762,B,01,BF,DATA,BF,01,1210,0,0,99,99,00,00,1
3310,762,A,41,01,DATA,41,01,1211,0,0,99,99,00,00,1
3311,762,B,01,11,DATA,11,01,1212,0,0,99,99,00,00,1
3312,762,A,E1,01,DATA,E1,01,1213,0,0,99,99,00,00,1
3313,762,B,55,4D,DATA,4D,55,1214,0,0,99,99,00,00,1
3314,762,A,F1,01,DATA,F1,01,1215,0,0,99,99,00,00,1
3315,762,B,BB,BF,DATA,BF,BB,1216,0,0,99,99,00,00,1
3316,762,A,C0,C4,DATA,C0,C4,1217,0,0,99,99,00,00,1
3317,762,B,C8,AE,DATA,AE,C8,1218,0,0,99,99,00,00,1
3318,762,A,D1,F7,DATA,D1,F7,1219,0,0,99,99,00,00,1
3319,762,B,80,FF,DATA,FF,80,1220,0,0,99,99,00,00,1
3320,762,A,80,FF,DATA,80,FF,1221,0,0,99,99,00,00,1
3321,762,B,FF,FF,DATA,FF,FF,1222,0,0,99,99,00,00,1
3322,762,A,FF,FF,DATA,FF,FF,1223,0,0,99,99,00,00,1
3323,762,B,00,00,DATA,00,00,1224,0,0,99,99,00,00,1
3324,762,A,00,00,DATA,00,00,1225,0,0,99,99,00,00,1
3325,762,B,00,00,DATA,00,00,1226,0,0,99,99,00,00,1
3326,762,A,00,00,DATA,00,00,1227,0,0,99,99,00,00,1
3327,762,B,00,00,DATA,00,00,1228,0,0,99,99,00,00,1
3328,762,A,00,00,DATA,00,00,1229,0,0,99,99,00,00,1
3329,762,B,00,00,DATA,00,00,1230,0,0,99,99,00,00,1
3330,762,A,00,00,DATA,00,00,1231,0,0,99,99,00,00,1
3331,762,B,B4,E0,DATA,E0,B4,1232,0,0,99,99,00,00,1
3332,762,A,1F,4B,DATA,1F,4B,1233,0,0,99,99,00,00,1
3333,762,B,AA,80,DATA,80,AA,1234,0,0,99,99,00,00,1
3334,762,A,7F,55,DATA,7F,55,1235,0,0,99,99,00,00,1
3335,762,B,1B,E0,DATA,E0,1B,1236,0,0,99,99,00,00,1
3336,762,A,1F,E4,DATA,1F,E4,1237,0,0,99,99,00,00,1
3337,762,B,FF,FF,DATA,FF,FF,1238,0,0,99,99,00,00,1
3338,762,A,FF,FF,DATA,FF,FF,1239,0,0,99,99,00,00,1
3339,762,B,00,00,DATA,00,00,1240,0,0,99,99,00,00,1
3340,762,A,00,00,DATA,00,00,1241,0,0,99,99,00,00,1
3341,762,B,00,00,DATA,00,00,1242,0,0,99,99,00,00,1
3342,762,A,00,00,DATA,00,00,1243,0,0,99,99,00,00,1
3343,762,B,00,00,DATA,00,00,1244,0,0,99,99,00,00,1
3344,762,A,00,00,DATA,00,00,1245,0,0,99,99,00,00,1
3345,762,B,00,00,DATA,00,00,1246,0,0,99,99,00,00,1
3346,762,A,00,00,DATA,00,00,1247,0,0,99,99,00,00,1
3347,762,B,7F,00,DATA,00,7F,1248,0,0,99,99,00,00,1
3348,762,A,FF,80,DATA,FF,80,1249,0,0,99,99,00,00,1
3349,762,B,BF,45,DATA,45,BF,1250,0,0,99,99,00,00,1
3350,762,A,FF,40,DATA,FF,40,1251,0,0,99,99,00,00,1
3351,762,B,FF,00,DATA,00,FF,1252,0,0,99,99,00,00,1
3352,762,A,FF,00,DATA,FF,00,1253,0,0,99,99,00,00,1
3353,762,B,FF,FF,DATA,FF,FF,1254,0,0,99,99,00,00,1
3354,762,A,FF,FF,DATA,FF,FF,1255,0,0,99,99,00,00,1
3355,762,B,00,00,DATA,00,00,1256,0,0,99,99,00,00,1
3356,762,A,00,00,DATA,00,00,1257,0,0,99,99,00,00,1
3357,762,B,00,00,DATA,00,00,1258,0,0,99,99,00,00,1
3358,762,A,00,00,DATA,00,00,1259,0,0,99,99,00,00,1
3359,762,B,00,00,DATA,00,00,1260,0,0,99,99,00,00,1
3360,762,A,00,00,DATA,00,00,1261,0,0,99,99,00,00,1
3361,762,B,00,00,DATA,00,00,1262,0,0,99,99,00,00,1
3362,762,A,00,00,DATA,00,00,1263,0,0,99,99,00,00,1
3363,762,B,C1,09,DATA,09,C1,1264,0,0,99,99,00,00,1
3364,762,A,F1,01,DATA,F1,01,1265,0,0,99,99,00,00,1
3365,762,B,FD,5D,DATA,5D,FD,1266,0,0,99,99,00,00,1
3366,762,A,F1,01,DATA,F1,01,1267,0,0,99,99,00,00,1
3367,762,B,FF,01,DATA,01,FF,1268,0,0,99,99,00,00,1
3368,762,A,F9,01,DATA,F9,01,1269,0,0,99,99,00,00,1
3369,762,B,FF,FF,DATA,FF,FF,1270,0,0,99,99,00,00,1
3370,762,A,FF,FF,DATA,FF,FF,1271,0,0,99,99,00,00,1
3371,762,B,00,00,DATA,00,00,1272,0,0,99,99,00,00,1
3372,762,A,00,00,DATA,00,00,1273,0,0,99,99,00,00,1
3373,762,B,00,00,DATA,00,00,1274,0,0,99,99,00,00,1
3374,762,A,00,00,DATA,00,00,1275,0,0,99,99,00,00,1
3375,762,B,00,00,DATA,00,00,1276,0,0,99,99,00,00,1
3376,762,A,00,00,DATA,00,00,1277,0,0,99,99,00,00,1
3377,762,B,00,00,DATA,00,00,1278,0,0,99,99,00,00,1
3378,762,A,00,00,DATA,00,00,1279,0,0,99,99,00,00,1
3379,762,B,FF,FF,DATA,FF,FF,1280,0,0,99,99,00,00,1
3380,762,A,FF,FF,DATA,FF,FF,1281,0,0,99,99,00,00,1
3381,762,B,F8,81,DATA,81,F8,1282,0,0,99,99,00,00,1
3382,762,A,FE,87,DATA,FE,87,1283,0,0,99,99,00,00,1
3383,762,B,E0,C3,DATA,C3,E0,1284,0,0,99,99,00,00,1
3384,762,A,BC,9F,DATA,BC,9F,1285,0,0,99,99,00,00,1
3385,762,B,FD,82,DATA,82,FD,1286,0,0,99,99,00,00,1
3386,762,A,FD,9F,DATA,FD,9F,1287,0,0,99,99,00,00,1
3387,762,B,CD,C3,DATA,C3,CD,1288,0,0,99,99,00,00,1
3388,762,A,BC,BF,DATA,BC,BF,1289,0,0,99,99,00,00,1
3389,762,B,95,86,DATA,86,95,1290,0,0,99,99,00,00,1
3390,762,A,FD,FF,DATA,FD,FF,1291,0,0,99,99,00,00,1
3391,762,B,C0,C3,DATA,C3,C0,1292,0,0,99,99,00,00,1
3392,762,A,BC,BF,DATA,BC,BF,1293,0,0,99,99,00,00,1
3393,762,B,9A,A6,DATA,A6,9A,1294,0,0,99,99,00,00,1
3394,762,A,DD,F5,DATA,DD,F5,1295,0,0,99,99,00,00,1
3395,762,B,FF,FF,DATA,FF,FF,1296,0,0,99,99,00,00,1
3396,762,A,FF,FF,DATA,FF,FF,1297,0,0,99,99,00,00,1
3397,762,B,0D,55,DATA,55,0D,1298,0,0,99,99,00,00,1
3398,762,A,00,F0,DATA,00,F0,1299,0,0,99,99,00,00,1
3399,762,B,07,00,DATA,00,07,1300,0,0,99,99,00,00,1
3400,762,A,00,F8,DATA,00,F8,1301,0,0,99,99,00,00,1
3401,762,B,54,D5,DATA,D5,54,1302,0,0,99,99,00,00,1
3402,762,A,00,FF,DATA,00,FF,1303,0,0,99,99,00,00,1
3403,762,B,C0,C3,DATA,C3,C0,1304,0,0,99,99,00,00,1
3404,762,A,00,FF,DATA,00,FF,1305,0,0,99,99,00,00,1
3405,762,B,55,97,DATA,97,55,1306,0,0,99,99,00,00,1
3406,762,A,40,FF,DATA,40,FF,1307,0,0,99,99,00,00,1
3407,762,B,00,C3,DATA,C3,00,1308,0,0,99,99,00,00,1
3408,762,A,00,FF,DATA,00,FF,1309,0,0,99,99,00,00,1
3409,762,B,9D,D5,DATA,D5,9D,1310,0,0,99,99,00,00,1
3410,762,A,00,7F,DATA,00,7F,1311,0,0,99,99,00,00,1
3411,762,B,FF,FF,DATA,FF,FF,1312,0,0,99,99,00,00,1
3412,762,A,FF,FF,DATA,FF,FF,1313,0,0,99,99,00,00,1
3413,762,B,55,55,DATA,55,55,1314,0,0,99,99,00,00,1
3414,762,A,00,00,DATA,00,00,1315,0,0,99,99,00,00,1
3415,762,B,00,00,DATA,00,00,1316,0,0,99,99,00,00,1
3416,762,A,00,00,DATA,00,00,1317,0,0,99,99,00,00,1
3417,762,B,D5,D5,DATA,D5,D5,1318,0,0,99,99,00,00,1
3418,762,A,00,00,DATA,00,00,1319,0,0,99,99,00,00,1
3419,762,B,C0,C0,DATA,C0,C0,1320,0,0,99,99,00,00,1
3420,762,A,00,00,DATA,00,00,1321,0,0,99,99,00,00,1
3421,762,B,15,D5,DATA,D5,15,1322,0,0,99,99,00,00,1
3422,762,A,00,C0,DATA,00,C0,1323,0,0,99,99,00,00,1
3423,762,B,20,80,DATA,80,20,1324,0,0,99,99,00,00,1
3424,762,A,00,C0,DATA,00,C0,1325,0,0,99,99,00,00,1
3425,762,B,55,F5,DATA,F5,55,1326,0,0,99,99,00,00,1
3426,762,A,00,E0,DATA,00,E0,1327,0,0,99,99,00,00,1
3427,762,B,FF,FF,DATA,FF,FF,1328,0,0,99,99,00,00,1
3428,762,A,FF,FF,DATA,FF,FF,1329,0,0,99,99,00,00,1
3429,762,B,57,07,DATA,07,57,1330,0,0,99,99,00,00,1
3430,762,A,7F,01,DATA,7F,01,1331,0,0,99,99,00,00,1
3431,762,B,03,63,DATA,63,03,1332,0,0,99,99,00,00,1
3432,762,A,1F,01,DATA,1F,01,1333,0,0,99,99,00,00,1
3433,762,B,55,67,DATA,67,55,1334,0,0,99,99,00,00,1
3434,762,A,1F,01,DATA,1F,01,1335,0,0,99,99,00,00,1
3435,762,B,03,11,DATA,11,03,1336,0,0,99,99,00,00,1
3436,762,A,0F,01,DATA,0F,01,1337,0,0,99,99,00,00,1
3437,762,B,55,57,DATA,57,55,1338,0,0,99,99,00,00,1
3438,762,A,0F,01,DATA,0F,01,1339,0,0,99,99,00,00,1
3439,762,B,01,09,DATA,09,01,1340,0,0,99,99,00,00,1
3440,762,A,07,01,DATA,07,01,1341,0,0,99,99,00,00,1
3441,762,B,55,59,DATA,59,55,1342,0,0,99,99,00,00,1
3442,762,A,07,01,DATA,07,01,1343,0,0,99,99,00,00,1
3443,762,B,CF,A1,DATA,A1,CF,1344,0,0,99,99,00,00,1
3444,762,A,DE,B0,DATA,DE,B0,1345,0,0,99,99,00,00,1
3445,762,B,CB,84,DATA,84,CB,1346,0,0,99,99,00,00,1
3446,762,A,FF,B4,DATA,FF,B4,1347,0,0,99,99,00,00,1
3447,762,B,DF,81,DATA,81,DF,1348,0,0,99,99,00,00,1
3448,762,A,FE,A0,DATA,FE,A0,1349,0,0,99,99,00,00,1
3449,762,B,8B,97,DATA,97,8B,1350,0,0,99,99,00,00,1
3450,762,A,FC,F4,DATA,FC,F4,1351,0,0,99,99,00,00,1
3451,762,B,EF,82,DATA,82,EF,1352,0,0,99,99,00,00,1
3452,762,A,FC,90,DATA,FC,90,1353,0,0,99,99,00,00,1
3453,762,B,E2,D7,DATA,D7,E2,1354,0,0,99,99,00,00,1
3454,762,A,FC,9D,DATA,FC,9D,1355,0,0,99,99,00,00,1
3455,762,B,FB,83,DATA,83,FB,1356,0,0,99,99,00,00,1
3456,762,A,FC,84,DATA,FC,84,1357,0,0,99,99,00,00,1
3457,762,B,DF,D7,DATA,D7,DF,1358,0,0,99,99,00,00,1
3458,762,A,FC,80,DATA,FC,80,1359,0,0,99,99,00,00,1
3459,762,B,E0,C1,DATA,C1,E0,1360,0,0,99,99,00,00,1
3460,762,A,00,1F,DATA,00,1F,1361,0,0,99,99,00,00,1
3461,762,B,E5,D5,DATA,D5,E5,1362,0,0,99,99,00,00,1
3462,762,A,00,1F,DATA,00,1F,1363,0,0,99,99,00,00,1
3463,762,B,F0,80,DATA,80,F0,1364,0,0,99,99,00,00,1
3464,762,A,00,0F,DATA,00,0F,1365,0,0,99,99,00,00,1
3465,762,B,E1,55,DATA,55,E1,1366,0,0,99,99,00,00,1
3466,762,A,00,1F,DATA,00,1F,1367,0,0,99,99,00,00,1
3467,762,B,F8,00,DATA,00,F8,1368,0,0,99,99,00,00,1
3468,762,A,00,07,DATA,00,07,1369,0,0,99,99,00,00,1
3469,762,B,39,F5,DATA,F5,39,1370,0,0,99,99,00,00,1
3470,762,A,00,C7,DATA,00,C7,1371,0,0,99,99,00,00,1
3471,762,B,1C,E0,DATA,E0,1C,1372,0,0,99,99,00,00,1
3472,762,A,00,E3,DATA,00,E3,1373,0,0,99,99,00,00,1
3473,762,B,AD,B5,DATA,B5,AD,1374,0,0,99,99,00,00,1
3474,762,A,40,53,DATA,40,53,1375,0,0,99,99,00,00,1
3475,762,B,20,E0,DATA,E0,20,1376,0,0,99,99,00,00,1
3476,762,A,00,C0,DATA,00,C0,1377,0,0,99,99,00,00,1
3477,762,B,D5,40,DATA,40,D5,1378,0,0,99,99,00,00,1
3478,762,A,00,E0,DATA,00,E0,1379,0,0,99,99,00,00,1
3479,762,B,10,00,DATA,00,10,1380,0,0,99,99,00,00,1
3480,762,A,00,E0,DATA,00,E0,1381,0,0,99,99,00,00,1
3481,762,B,51,00,DATA,00,51,1382,0,0,99,99,00,00,1
3482,762,A,00,E0,DATA,00,E0,1383,0,0,99,99,00,00,1
3483,762,B,20,00,DATA,00,20,1384,0,0,99,99,00,00,1
3484,762,A,00,C0,DATA,00,C0,1385,0,0,99,99,00,00,1
3485,762,B,20,51,DATA,51,20,1386,0,0,99,99,00,00,1
3486,762,A,00,C0,DATA,00,C0,1387,0,0,99,99,00,00,1
3487,762,B,20,00,DATA,00,20,1388,0,0,99,99,00,00,1
3488,762,A,00,C0,DATA,00,C0,1389,0,0,99,99,00,00,1
3489,762,B,20,75,DATA,75,20,1390,0,0,99,99,00,00,1
3490,762,A,00,C0,DATA,00,C0,1391,0,0,99,99,00,00,1
3491,762,B,01,0F,DATA,0F,01,1392,0,0,99,99,00,00,1
3492,762,A,01,01,DATA,01,01,1393,0,0,99,99,00,00,1
3493,762,B,55,53,DATA,53,55,1394,0,0,99,99,00,00,1
3494,762,A,05,01,DATA,05,01,1395,0,0,99,99,00,00,1
3495,762,B,01,0F,DATA,0F,01,1396,0,0,99,99,00,00,1
3496,762,A,01,01,DATA,01,01,1397,0,0,99,99,00,00,1
3497,762,B,55,5F,DATA,5F,55,1398,0,0,99,99,00,00,1
3498,762,A,01,01,DATA,01,01,1399,0,0,99,99,00,00,1
3499,762,B,01,0F,DATA,0F,01,1400,0,0,99,99,00,00,1
3500,762,A,01,01,DATA,01,01,1401,0,0,99,99,00,00,1
3501,762,B,55,5D,DATA,5D,55,1402,0,0,99,99,00,00,1
3502,762,A,01,01,DATA,01,01,1403,0,0,99,99,00,00,1
3503,762,B,01,0D,DATA,0D,01,1404,0,0,99,99,00,00,1
3504,762,A,01,01,DATA,01,01,1405,0,0,99,99,00,00,1
3505,762,B,55,55,DATA,55,55,1406,0,0,99,99,00,00,1
3506,762,A,01,01,DATA,01,01,1407,0,0,99,99,00,00,1
3507,762,B,9F,A1,DATA,A1,9F,1408,0,0,99,99,00,00,1
3508,762,A,FE,80,DATA,FE,80,1409,0,0,99,99,00,00,1
3509,762,B,DF,F4,DATA,F4,DF,1410,0,0,99,99,00,00,1
3510,762,A,FF,80,DATA,FF,80,1411,0,0,99,99,00,00,1
3511,762,B,8F,F8,DATA,F8,8F,1412,0,0,99,99,00,00,1
3512,762,A,FF,80,DATA,FF,80,1413,0,0,99,99,00,00,1
3513,762,B,D2,FD,DATA,FD,D2,1414,0,0,99,99,00,00,1
3514,762,A,FF,85,DATA,FF,85,1415,0,0,99,99,00,00,1
3515,762,B,C7,F8,DATA,F8,C7,1416,0,0,99,99,00,00,1
3516,762,A,FF,80,DATA,FF,80,1417,0,0,99,99,00,00,1
3517,762,B,F6,FD,DATA,FD,F6,1418,0,0,99,99,00,00,1
3518,762,A,FF,81,DATA,FF,81,1419,0,0,99,99,00,00,1
3519,762,B,C5,EC,DATA,EC,C5,1420,0,0,99,99,00,00,1
3520,762,A,FF,82,DATA,FF,82,1421,0,0,99,99,00,00,1
3521,762,B,F8,DF,DATA,DF,F8,1422,0,0,99,99,00,00,1
3522,762,A,FF,87,DATA,FF,87,1423,0,0,99,99,00,00,1
3523,826,B,FC,E0,DATA,E0,FC,1424,0,0,99,99,00,00,1
3524,826,A,00,03,DATA,00,03,1425,0,0,99,99,00,00,1
3525,826,B,F6,BD,DATA,BD,F6,1426,0,0,99,99,00,00,1
3526,826,A,40,01,DATA,40,01,1427,0,0,99,99,00,00,1
3527,826,B,FF,E0,DATA,E0,FF,1428,0,0,99,99,00,00,1
3528,826,A,00,00,DATA,00,00,1429,0,0,99,99,00,00,1
3529,826,B,FF,B7,DATA,B7,FF,1430,0,0,99,99,00,00,1
3530,826,A,40,00,DATA,40,00,1431,0,0,99,99,00,00,1
3531,826,B,FF,7C,DATA,7C,FF,1432,0,0,99,99,00,00,1
3532,826,A,80,00,DATA,80,00,1433,0,0,99,99,00,00,1
3533,826,B,EA,35,DATA,35,EA,1434,0,0,99,99,00,00,1
3534,826,A,C0,15,DATA,C0,15,1435,0,0,99,99,00,00,1
3535,826,B,E6,38,DATA,38,E6,1436,0,0,99,99,00,00,1
3536,826,A,C0,19,DATA,C0,19,1437,0,0,99,99,00,00,1
3537,826,B,0B,5D,DATA,5D,0B,1438,0,0,99,99,00,00,1
3538,826,A,E0,F5,DATA,E0,F5,1439,0,0,99,99,00,00,1
3539,826,B,40,30,DATA,30,40,1440,0,0,99,99,00,00,1
3540,826,A,00,80,DATA,00,80,1441,0,0,99,99,00,00,1
3541,826,B,C0,F5,DATA,F5,C0,1442,0,0,99,99,00,00,1
3542,826,A,00,00,DATA,00,00,1443,0,0,99,99,00,00,1
3543,826,B,80,70,DATA,70,80,1444,0,0,99,99,00,00,1
3544,826,A,00,00,DATA,00,00,1445,0,0,99,99,00,00,1
3545,826,B,80,55,DATA,55,80,1446,0,0,99,99,00,00,1
3546,826,A,00,40,DATA,00,40,1447,0,0,99,99,00,00,1
3547,826,B,80,00,DATA,00,80,1448,0,0,99,99,00,00,1
3548,826,A,00,00,DATA,00,00,1449,0,0,99,99,00,00,1
3549,826,B,D1,55,DATA,55,D1,1450,0,0,99,99,00,00,1
3550,826,A,00,00,DATA,00,00,1451,0,0,99,99,00,00,1
3551,826,B,40,01,DATA,01,40,1452,0,0,99,99,00,00,1
3552,826,A,00,80,DATA,00,80,1453,0,0,99,99,00,00,1
3553,826,B,05,55,DATA,55,05,1454,0,0,99,99,00,00,1
3554,826,A,00,C0,DATA,00,C0,1455,0,0,99,99,00,00,1
3555,826,B,01,1D,DATA,1D,01,1456,0,0,99,99,00,00,1
3556,826,A,03,01,DATA,03,01,1457,0,0,99,99,00,00,1
3557,826,B,55,59,DATA,59,55,1458,0,0,99,99,00,00,1
3558,826,A,07,01,DATA,07,01,1459,0,0,99,99,00,00,1
3559,826,B,01,1D,DATA,1D,01,1460,0,0,99,99,00,00,1
3560,826,A,03,01,DATA,03,01,1461,0,0,99,99,00,00,1
3561,826,B,15,7D,DATA,7D,15,1462,0,0,99,99,00,00,1
3562,826,A,03,01,DATA,03,01,1463,0,0,99,99,00,00,1
3563,826,B,01,7D,DATA,7D,01,1464,0,0,99,99,00,00,1
3564,826,A,03,01,DATA,03,01,1465,0,0,99,99,00,00,1
3565,826,B,55,75,DATA,75,55,1466,0,0,99,99,00,00,1
3566,826,A,03,01,DATA,03,01,1467,0,0,99,99,00,00,1
3567,826,B,01,F5,DATA,F5,01,1468,0,0,99,99,00,00,1
3568,826,A,03,01,DATA,03,01,1469,0,0,99,99,00,00,1
3569,826,B,55,F5,DATA,F5,55,1470,0,0,99,99,00,00,1
3570,826,A,03,01,DATA,03,01,1471,0,0,99,99,00,00,1
3571,826,B,80,A0,DATA,A0,80,1472,0,0,99,99,00,00,1
3572,826,A,FF,FF,DATA,FF,FF,1473,0,0,99,99,00,00,1
3573,826,B,F7,D5,DATA,D5,F7,1474,0,0,99,99,00,00,1
3574,826,A,FF,FF,DATA,FF,FF,1475,0,0,99,99,00,00,1
3575,826,B,BE,A0,DATA,A0,BE,1476,0,0,99,99,00,00,1
3576,826,A,FF,FF,DATA,FF,FF,1477,0,0,99,99,00,00,1
3577,826,B,FF,FF,DATA,FF,FF,1478,0,0,99,99,00,00,1
3578,826,A,FF,FF,DATA,FF,FF,1479,0,0,99,99,00,00,1
3579,826,B,00,00,DATA,00,00,1480,0,0,99,99,00,00,1
3580,826,A,00,00,DATA,00,00,1481,0,0,99,99,00,00,1
3581,826,B,00,00,DATA,00,00,1482,0,0,99,99,00,00,1
3582,826,A,00,00,DATA,00,00,1483,0,0,99,99,00,00,1
3583,826,B,00,00,DATA,00,00,1484,0,0,99,99,00,00,1
3584,826,A,00,00,DATA,00,00,1485,0,0,99,99,00,00,1
3585,826,B,00,00,DATA,00,00,1486,0,0,99,99,00,00,1
3586,826,A,00,00,DATA,00,00,1487,0,0,99,99,00,00,1
3587,826,B,3C,10,DATA,10,3C,1488,0,0,99,99,00,00,1
3588,826,A,E0,C3,DATA,E0,C3,1489,0,0,99,99,00,00,1
3589,826,B,41,7D,DATA,7D,41,1490,0,0,99,99,00,00,1
3590,826,A,C0,FF,DATA,C0,FF,1491,0,0,99,99,00,00,1
3591,826,B,80,38,DATA,38,80,1492,0,0,99,99,00,00,1
3592,826,A,C0,FF,DATA,C0,FF,1493,0,0,99,99,00,00,1
3593,826,B,FF,FF,DATA,FF,FF,1494,0,0,99,99,00,00,1
3594,826,A,FF,FF,DATA,FF,FF,1495,0,0,99,99,00,00,1
3595,826,B,00,00,DATA,00,00,1496,0,0,99,99,00,00,1
3596,826,A,00,00,DATA,00,00,1497,0,0,99,99,00,00,1
3597,826,B,00,00,DATA,00,00,1498,0,0,99,99,00,00,1
3598,826,A,00,00,DATA,00,00,1499,0,0,99,99,00,00,1
3599,826,B,00,00,DATA,00,00,1500,0,0,99,99,00,00,1
3600,826,A,00,00,DATA,00,00,1501,0,0,99,99,00,00,1
3601,826,B,00,00,DATA,00,00,1502,0,0,99,99,00,00,1
3602,826,A,00,00,DATA,00,00,1503,0,0,99,99,00,00,1
3603,826,B,20,01,DATA,01,20,1504,0,0,99,99,00,00,1
3604,826,A,00,C0,DATA,00,C0,1505,0,0,99,99,00,00,1
3605,826,B,C5,55,DATA,55,C5,1506,0,0,99,99,00,00,1
3606,826,A,00,F0,DATA,00,F0,1507,0,0,99,99,00,00,1
3607,826,B,82,17,DATA,17,82,1508,0,0,99,99,00,00,1
3608,826,A,00,FC,DATA,00,FC,1509,0,0,99,99,00,00,1
3609,826,B,FF,FF,DATA,FF,FF,1510,0,0,99,99,00,00,1
3610,826,A,FF,FF,DATA,FF,FF,1511,0,0,99,99,00,00,1
3611,826,B,00,00,DATA,00,00,1512,0,0,99,99,00,00,1
3612,826,A,00,00,DATA,00,00,1513,0,0,99,99,00,00,1
3613,826,B,00,00,DATA,00,00,1514,0,0,99,99,00,00,1
3614,826,A,00,00,DATA,00,00,1515,0,0,99,99,00,00,1
3615,826,B,00,00,DATA,00,00,1516,0,0,99,99,00,00,1
3616,826,A,00,00,DATA,00,00,1517,0,0,99,99,00,00,1
3617,826,B,00,00,DATA,00,00,1518,0,0,99,99,00,00,1
3618,826,A,00,00,DATA,00,00,1519,0,0,99,99,00,00,1
3619,826,B,01,C5,DATA,C5,01,1520,0,0,99,99,00,00,1
3620,826,A,03,01,DATA,03,01,1521,0,0,99,99,00,00,1
3621,826,B,55,D1,DATA,D1,55,1522,0,0,99,99,00,00,1
3622,826,A,07,01,DATA,07,01,1523,0,0,99,99,00,00,1
3623,826,B,01,0D,DATA,0D,01,1524,0,0,99,99,00,00,1
3624,826,A,03,01,DATA,03,01,1525,0,0,99,99,00,00,1
3625,826,B,FF,FF,DATA,FF,FF,1526,0,0,99,99,00,00,1
3626,826,A,FF,FF,DATA,FF,FF,1527,0,0,99,99,00,00,1
3627,826,B,00,00,DATA,00,00,1528,0,0,99,99,00,00,1
3628,826,A,00,00,DATA,00,00,1529,0,0,99,99,00,00,1
3629,826,B,00,00,DATA,00,00,1530,0,0,99,99,00,00,1
3630,826,A,00,00,DATA,00,00,1531,0,0,99,99,00,00,1
3631,826,B,00,00,DATA,00,00,1532,0,0,99,99,00,00,1
3632,826,A,00,00,DATA,00,00,1533,0,0,99,99,00,00,1
3633,826,B,00,00,DATA,00,00,1534,0,0,99,99,00,00,1
3634,826,A,00,00,DATA,00,00,1535,0,0,99,99,00,00,1
3635,826,B,FF,FF,DATA,FF,FF,1536,0,0,99,99,00,00,1
3636,826,A,FF,FF,DATA,FF,FF,1537,0,0,99,99,00,00,1
3637,826,B,FF,BF,DATA,BF,FF,1538,0,0,99,99,00,00,1
3638,826,A,C0,80,DATA,C0,80,1539,0,0,99,99,00,00,1
3639,826,B,FB,FF,DATA,FF,FB,1540,0,0,99,99,00,00,1
3640,826,A,80,80,DATA,80,80,1541,0,0,99,99,00,00,1
3641,826,B,BF,BE,DATA,BE,BF,1542,0,0,99,99,00,00,1
3642,826,A,C1,C0,DATA,C1,C0,1543,0,0,99,99,00,00,1
3643,826,B,FF,FD,DATA,FD,FF,1544,0,0,99,99,00,00,1
3644,826,A,82,80,DATA,82,80,1545,0,0,99,99,00,00,1
3645,826,B,FF,BE,DATA,BE,FF,1546,0,0,99,99,00,00,1
3646,826,A,C1,80,DATA,C1,80,1547,0,0,99,99,00,00,1
3647,826,B,FF,FF,DATA,FF,FF,1548,0,0,99,99,00,00,1
3648,826,A,80,80,DATA,80,80,1549,0,0,99,99,00,00,1
3649,826,B,F2,B3,DATA,B3,F2,1550,0,0,99,99,00,00,1
3650,826,A,CC,85,DATA,CC,85,1551,0,0,99,99,00,00,1
3651,826,B,FF,FF,DATA,FF,FF,1552,0,0,99,99,00,00,1
3652,826,A,FF,FF,DATA,FF,FF,1553,0,0,99,99,00,00,1
3653,826,B,AE,55,DATA,55,AE,1554,0,0,99,99,00,00,1
3654,826,A,FF,51,DATA,FF,51,1555,0,0,99,99,00,00,1
3655,826,B,FF,00,DATA,00,FF,1556,0,0,99,99,00,00,1
3656,826,A,FF,00,DATA,FF,00,1557,0,0,99,99,00,00,1
3657,826,B,EF,C0,DATA,C0,EF,1558,0,0,99,99,00,00,1
3658,826,A,3F,10,DATA,3F,10,1559,0,0,99,99,00,00,1
3659,826,B,FF,8F,DATA,8F,FF,1560,0,0,99,99,00,00,1
3660,826,A,70,00,DATA,70,00,1561,0,0,99,99,00,00,1
3661,826,B,BB,8F,DATA,8F,BB,1562,0,0,99,99,00,00,1
3662,826,A,70,44,DATA,70,44,1563,0,0,99,99,00,00,1
3663,826,B,E7,BE,DATA,BE,E7,1564,0,0,99,99,00,00,1
3664,826,A,40,18,DATA,40,18,1565,0,0,99,99,00,00,1
3665,826,B,D3,2D,DATA,2D,D3,1566,0,0,99,99,00,00,1
3666,826,A,D0,7C,DATA,D0,7C,1567,0,0,99,99,00,00,1
3667,826,B,FF,FF,DATA,FF,FF,1568,0,0,99,99,00,00,1
3668,826,A,FF,FF,DATA,FF,FF,1569,0,0,99,99,00,00,1
3669,826,B,FF,00,DATA,00,FF,1570,0,0,99,99,00,00,1
3670,826,A,FF,00,DATA,FF,00,1571,0,0,99,99,00,00,1
3671,826,B,FF,0E,DATA,0E,FF,1572,0,0,99,99,00,00,1
3672,826,A,F1,00,DATA,F1,00,1573,0,0,99,99,00,00,1
3673,826,B,FF,BD,DATA,BD,FF,1574,0,0,99,99,00,00,1
3674,826,A,40,00,DATA,40,00,1575,0,0,99,99,00,00,1
3675,826,B,FF,E0,DATA,E0,FF,1576,0,0,99,99,00,00,1
3676,826,A,00,00,DATA,00,00,1577,0,0,99,99,00,00,1
3677,826,B,F9,40,DATA,40,F9,1578,0,0,99,99,00,00,1
3678,826,A,00,07,DATA,00,07,1579,0,0,99,99,00,00,1
3679,826,B,F8,60,DATA,60,F8,1580,0,0,99,99,00,00,1
3680,826,A,00,07,DATA,00,07,1581,0,0,99,99,00,00,1
3681,826,B,FB,70,DATA,70,FB,1582,0,0,99,99,00,00,1
3682,826,A,00,04,DATA,00,04,1583,0,0,99,99,00,00,1
3683,826,B,FF,FF,DATA,FF,FF,1584,0,0,99,99,00,00,1
3684,826,A,FF,FF,DATA,FF,FF,1585,0,0,99,99,00,00,1
3685,826,B,D5,4F,DATA,4F,D5,1586,0,0,99,99,00,00,1
3686,826,A,F1,01,DATA,F1,01,1587,0,0,99,99,00,00,1
3687,826,B,E1,05,DATA,05,E1,1588,0,0,99,99,00,00,1
3688,826,A,F9,01,DATA,F9,01,1589,0,0,99,99,00,00,1
3689,826,B,F5,01,DATA,01,F5,1590,0,0,99,99,00,00,1
3690,826,A,7D,01,DATA,7D,01,1591,0,0,99,99,00,00,1
3691,826,B,F1,23,DATA,23,F1,1592,0,0,99,99,00,00,1
3692,826,A,1D,01,DATA,1D,01,1593,0,0,99,99,00,00,1
3693,826,B,2D,5B,DATA,5B,2D,1594,0,0,99,99,00,00,1
3694,826,A,05,D1,DATA,05,D1,1595,0,0,99,99,00,00,1
3695,826,B,39,0F,DATA,0F,39,1596,0,0,99,99,00,00,1
3696,826,A,11,C1,DATA,11,C1,1597,0,0,99,99,00,00,1
3697,826,B,FD,0D,DATA,0D,FD,1598,0,0,99,99,00,00,1
3698,826,A,11,01,DATA,11,01,1599,0,0,99,99,00,00,1
3699,826,B,C7,EF,DATA,EF,C7,1600,0,0,99,99,00,00,1
3700,826,A,90,80,DATA,90,80,1601,0,0,99,99,00,00,1
3701,826,B,D3,AA,DATA,AA,D3,1602,0,0,99,99,00,00,1
3702,826,A,D5,84,DATA,D5,84,1603,0,0,99,99,00,00,1
3703,826,B,87,E6,DATA,E6,87,1604,0,0,99,99,00,00,1
3704,826,A,99,80,DATA,99,80,1605,0,0,99,99,00,00,1
3705,826,B,D3,8A,DATA,8A,D3,1606,0,0,99,99,00,00,1
3706,826,A,F5,84,DATA,F5,84,1607,0,0,99,99,00,00,1
3707,826,B,E7,CF,DATA,CF,E7,1608,0,0,99,99,00,00,1
3708,826,A,B0,80,DATA,B0,80,1609,0,0,99,99,00,00,1
3709,826,B,D1,8D,DATA,8D,D1,1610,0,0,99,99,00,00,1
3710,826,A,F0,86,DATA,F0,86,1611,0,0,99,99,00,00,1
3711,826,B,E5,D9,DATA,D9,E5,1612,0,0,99,99,00,00,1
3712,826,A,A0,82,DATA,A0,82,1613,0,0,99,99,00,00,1
3713,826,B,B5,FF,DATA,FF,B5,1614,0,0,99,99,00,00,1
3714,826,A,80,C2,DATA,80,C2,1615,0,0,99,99,00,00,1
3715,826,B,3C,3C,DATA,3C,3C,1616,0,0,99,99,00,00,1
3716,826,A,C0,C0,DATA,C0,C0,1617,0,0,99,99,00,00,1
3717,826,B,5D,3D,DATA,3D,5D,1618,0,0,99,99,00,00,1
3718,826,A,C0,80,DATA,C0,80,1619,0,0,99,99,00,00,1
3719,826,B,BF,7C,DATA,7C,BF,1620,0,0,99,99,00,00,1
3720,826,A,80,00,DATA,80,00,1621,0,0,99,99,00,00,1
3721,826,B,A2,2F,DATA,2F,A2,1622,0,0,99,99,00,00,1
3722,826,A,D0,5D,DATA,D0,5D,1623,0,0,99,99,00,00,1
3723,826,B,83,7F,DATA,7F,83,1624,0,0,99,99,00,00,1
3724,826,A,80,7C,DATA,80,7C,1625,0,0,99,99,00,00,1
3725,826,B,8B,2B,DATA,2B,8B,1626,0,0,99,99,00,00,1
3726,826,A,D4,74,DATA,D4,74,1627,0,0,99,99,00,00,1
3727,826,B,FF,C1,DATA,C1,FF,1628,0,0,99,99,00,00,1
3728,826,A,3E,00,DATA,3E,00,1629,0,0,99,99,00,00,1
3729,826,B,FD,91,DATA,91,FD,1630,0,0,99,99,00,00,1
3730,826,A,7E,00,DATA,7E,00,1631,0,0,99,99,00,00,1
3731,826,B,1F,00,DATA,00,1F,1632,0,0,99,99,00,00,1
3732,826,A,00,00,DATA,00,00,1633,0,0,99,99,00,00,1
3733,826,B,5A,54,DATA,54,5A,1634,0,0,99,99,00,00,1
3734,826,A,00,05,DATA,00,05,1635,0,0,99,99,00,00,1
3735,826,B,1F,00,DATA,00,1F,1636,0,0,99,99,00,00,1
3736,826,A,00,00,DATA,00,00,1637,0,0,99,99,00,00,1
3737,826,B,C8,55,DATA,55,C8,1638,0,0,99,99,00,00,1
3738,826,A,00,17,DATA,00,17,1639,0,0,99,99,00,00,1
3739,826,B,FF,18,DATA,18,FF,1640,0,0,99,99,00,00,1
3740,826,A,00,00,DATA,00,00,1641,0,0,99,99,00,00,1
3741,826,B,FE,FF,DATA,FF,FE,1642,0,0,99,99,00,00,1
3742,826,A,00,01,DATA,00,01,1643,0,0,99,99,00,00,1
3743,826,B,1F,FF,DATA,FF,1F,1644,0,0,99,99,00,00,1
3744,826,A,00,00,DATA,00,00,1645,0,0,99,99,00,00,1
3745,826,B,FD,6B,DATA,6B,FD,1646,0,0,99,99,00,00,1
3746,826,A,14,00,DATA,14,00,1647,0,0,99,99,00,00,1
3747,826,B,39,1D,DATA,1D,39,1648,0,0,99,99,00,00,1
3748,826,A,01,01,DATA,01,01,1649,0,0,99,99,00,00,1
3749,826,B,DD,75,DATA,75,DD,1650,0,0,99,99,00,00,1
3750,826,A,01,01,DATA,01,01,1651,0,0,99,99,00,00,1
3751,826,B,ED,3F,DATA,3F,ED,1652,0,0,99,99,00,00,1
3752,826,A,01,01,DATA,01,01,1653,0,0,99,99,00,00,1
3753,826,B,B9,6B,DATA,6B,B9,1654,0,0,99,99,00,00,1
3754,826,A,15,45,DATA,15,45,1655,0,0,99,99,00,00,1
3755,826,B,F9,2D,DATA,2D,F9,1656,0,0,99,99,00,00,1
3756,826,A,13,05,DATA,13,05,1657,0,0,99,99,00,00,1
3757,826,B,FB,69,DATA,69,FB,1658,0,0,99,99,00,00,1
3758,826,A,17,05,DATA,17,05,1659,0,0,99,99,00,00,1
3759,826,B,FB,AF,DATA,AF,FB,1660,0,0,99,99,00,00,1
3760,826,A,11,05,DATA,11,05,1661,0,0,99,99,00,00,1
3761,826,B,FB,EB,DATA,EB,FB,1662,0,0,99,99,00,00,1
3762,826,A,15,05,DATA,15,05,1663,0,0,99,99,00,00,1
3763,826,B,BF,C1,DATA,C1,BF,1664,0,0,99,99,00,00,1
3764,826,A,80,C0,DATA,80,C0,1665,0,0,99,99,00,00,1
3765,826,B,AE,D6,DATA,D6,AE,1666,0,0,99,99,00,00,1
3766,826,A,81,D1,DATA,81,D1,1667,0,0,99,99,00,00,1
3767,826,B,9F,87,DATA,87,9F,1668,0,0,99,99,00,00,1
3768,826,A,80,E0,DATA,80,E0,1669,0,0,99,99,00,00,1
3769,826,B,8B,D7,DATA,D7,8B,1670,0,0,99,99,00,00,1
3770,826,A,80,F4,DATA,80,F4,1671,0,0,99,99,00,00,1
3771,826,B,8F,87,DATA,87,8F,1672,0,0,99,99,00,00,1
3772,826,A,80,F0,DATA,80,F0,1673,0,0,99,99,00,00,1
3773,826,B,83,FC,DATA,FC,83,1674,0,0,99,99,00,00,1
3774,826,A,83,FC,DATA,83,FC,1675,0,0,99,99,00,00,1
3775,826,B,A7,BD,DATA,BD,A7,1676,0,0,99,99,00,00,1
3776,826,A,82,D8,DATA,82,D8,1677,0,0,99,99,00,00,1
3777,826,B,AD,FA,DATA,FA,AD,1678,0,0,99,99,00,00,1
3778,826,A,85,D0,DATA,85,D0,1679,0,0,99,99,00,00,1
3779,826,B,FE,EE,DATA,EE,FE,1680,0,0,99,99,00,00,1
3780,826,A,10,00,DATA,10,00,1681,0,0,99,99,00,00,1
3781,826,B,FF,7E,DATA,7E,FF,1682,0,0,99,99,00,00,1
3782,826,A,00,00,DATA,00,00,1683,0,0,99,99,00,00,1
3783,826,B,FF,0C,DATA,0C,FF,1684,0,0,99,99,00,00,1
3784,826,A,00,00,DATA,00,00,1685,0,0,99,99,00,00,1
3785,826,B,AA,54,DATA,54,AA,1686,0,0,99,99,00,00,1
3786,826,A,00,55,DATA,00,55,1687,0,0,99,99,00,00,1
3787,826,B,FF,08,DATA,08,FF,1688,0,0,99,99,00,00,1
3788,826,A,00,00,DATA,00,00,1689,0,0,99,99,00,00,1
3789,826,B,DA,AC,DATA,AC,DA,1690,0,0,99,99,00,00,1
3790,826,A,50,05,DATA,50,05,1691,0,0,99,99,00,00,1
3791,826,B,FF,FF,DATA,FF,FF,1692,0,0,99,99,00,00,1
3792,826,A,00,00,DATA,00,00,1693,0,0,99,99,00,00,1
3793,826,B,A7,AA,DATA,AA,A7,1694,0,0,99,99,00,00,1
3794,826,A,55,50,DATA,55,50,1695,0,0,99,99,00,00,1
3795,826,B,6F,7F,DATA,7F,6F,1696,0,0,99,99,00,00,1
3796,826,A,00,00,DATA,00,00,1697,0,0,99,99,00,00,1
3797,826,B,B3,7C,DATA,7C,B3,1698,0,0,99,99,00,00,1
3798,826,A,07,4C,DATA,07,4C,1699,0,0,99,99,00,00,1
3799,826,B,FF,1F,DATA,1F,FF,1700,0,0,99,99,00,00,1
3800,826,A,00,00,DATA,00,00,1701,0,0,99,99,00,00,1
3801,826,B,EA,57,DATA,57,EA,1702,0,0,99,99,00,00,1
3802,826,A,00,15,DATA,00,15,1703,0,0,99,99,00,00,1
3803,826,B,FF,00,DATA,00,FF,1704,0,0,99,99,00,00,1
3804,826,A,00,00,DATA,00,00,1705,0,0,99,99,00,00,1
3805,826,B,FF,51,DATA,51,FF,1706,0,0,99,99,00,00,1
3806,826,A,00,00,DATA,00,00,1707,0,0,99,99,00,00,1
3807,826,B,7E,00,DATA,00,7E,1708,0,0,99,99,00,00,1
3808,826,A,00,80,DATA,00,80,1709,0,0,99,99,00,00,1
3809,826,B,EF,D5,DATA,D5,EF,1710,0,0,99,99,00,00,1
3810,826,A,00,10,DATA,00,10,1711,0,0,99,99,00,00,1
3811,826,B,FF,EF,DATA,EF,FF,1712,0,0,99,99,00,00,1
3812,826,A,11,01,DATA,11,01,1713,0,0,99,99,00,00,1
3813,826,B,FB,EB,DATA,EB,FB,1714,0,0,99,99,00,00,1
3814,826,A,15,05,DATA,15,05,1715,0,0,99,99,00,00,1
3815,826,B,FF,F7,DATA,F7,FF,1716,0,0,99,99,00,00,1
3816,826,A,09,01,DATA,09,01,1717,0,0,99,99,00,00,1
3817,826,B,FD,63,DATA,63,FD,1718,0,0,99,99,00,00,1
3818,826,A,1D,01,DATA,1D,01,1719,0,0,99,99,00,00,1
3819,826,B,69,27,DATA,27,69,1720,0,0,99,99,00,00,1
3820,826,A,19,81,DATA,19,81,1721,0,0,99,99,00,00,1
3821,826,B,D7,45,DATA,45,D7,1722,0,0,99,99,00,00,1
3822,826,A,3F,01,DATA,3F,01,1723,0,0,99,99,00,00,1
3823,826,B,CF,41,DATA,41,CF,1724,0,0,99,99,00,00,1
3824,826,A,3F,01,DATA,3F,01,1725,0,0,99,99,00,00,1
3825,826,B,79,85,DATA,85,79,1726,0,0,99,99,00,00,1
3826,826,A,7F,07,DATA,7F,07,1727,0,0,99,99,00,00,1
3827,826,B,BC,FF,DATA,FF,BC,1728,0,0,99,99,00,00,1
3828,826,A,80,C0,DATA,80,C0,1729,0,0,99,99,00,00,1
3829,826,B,8F,F8,DATA,F8,8F,1730,0,0,99,99,00,00,1
3830,826,A,87,F0,DATA,87,F0,1731,0,0,99,99,00,00,1
3831,826,B,9F,FD,DATA,FD,9F,1732,0,0,99,99,00,00,1
3832,826,A,82,E0,DATA,82,E0,1733,0,0,99,99,00,00,1
3833,826,B,FF,FF,DATA,FF,FF,1734,0,0,99,99,00,00,1
3834,826,A,FF,FF,DATA,FF,FF,1735,0,0,99,99,00,00,1
3835,826,B,00,00,DATA,00,00,1736,0,0,99,99,00,00,1
3836,826,A,00,00,DATA,00,00,1737,0,0,99,99,00,00,1
3837,826,B,00,00,DATA,00,00,1738,0,0,99,99,00,00,1
3838,826,A,00,00,DATA,00,00,1739,0,0,99,99,00,00,1
3839,826,B,00,00,DATA,00,00,1740,0,0,99,99,00,00,1
3840,826,A,00,00,DATA,00,00,1741,0,0,99,99,00,00,1
3841,826,B,00,00,DATA,00,00,1742,0,0,99,99,00,00,1
3842,826,A,00,00,DATA,00,00,1743,0,0,99,99,00,00,1
3843,826,B,7F,FB,DATA,FB,7F,1744,0,0,99,99,00,00,1
3844,826,A,04,00,DATA,04,00,1745,0,0,99,99,00,00,1
3845,826,B,6A,8B,DATA,8B,6A,1746,0,0,99,99,00,00,1
3846,826,A,74,15,DATA,74,15,1747,0,0,99,99,00,00,1
3847,826,B,E3,87,DATA,87,E3,1748,0,0,99,99,00,00,1
3848,826,A,78,1C,DATA,78,1C,1749,0,0,99,99,00,00,1
3849,826,B,FF,FF,DATA,FF,FF,1750,0,0,99,99,00,00,1
3850,826,A,FF,FF,DATA,FF,FF,1751,0,0,99,99,00,00,1
3851,826,B,00,00,DATA,00,00,1752,0,0,99,99,00,00,1
3852,826,A,00,00,DATA,00,00,1753,0,0,99,99,00,00,1
3853,826,B,00,00,DATA,00,00,1754,0,0,99,99,00,00,1
3854,826,A,00,00,DATA,00,00,1755,0,0,99,99,00,00,1
3855,826,B,00,00,DATA,00,00,1756,0,0,99,99,00,00,1
3856,826,A,00,00,DATA,00,00,1757,0,0,99,99,00,00,1
3857,826,B,00,00,DATA,00,00,1758,0,0,99,99,00,00,1
3858,826,A,00,00,DATA,00,00,1759,0,0,99,99,00,00,1
3859,826,B,9B,B1,DATA,B1,9B,1760,0,0,99,99,00,00,1
3860,826,A,00,00,DATA,00,00,1761,0,0,99,99,00,00,1
3861,826,B,FE,7F,DATA,7F,FE,1762,0,0,99,99,00,00,1
3862,826,A,00,01,DATA,00,01,1763,0,0,99,99,00,00,1
3863,826,B,FF,3F,DATA,3F,FF,1764,0,0,99,99,00,00,1
3864,826,A,00,00,DATA,00,00,1765,0,0,99,99,00,00,1
3865,826,B,FF,FF,DATA,FF,FF,1766,0,0,99,99,00,00,1
3866,826,A,FF,FF,DATA,FF,FF,1767,0,0,99,99,00,00,1
3867,826,B,00,00,DATA,00,00,1768,0,0,99,99,00,00,1
3868,826,A,00,00,DATA,00,00,1769,0,0,99,99,00,00,1
3869,826,B,00,00,DATA,00,00,1770,0,0,99,99,00,00,1
3870,826,A,00,00,DATA,00,00,1771,0,0,99,99,00,00,1
3871,826,B,00,00,DATA,00,00,1772,0,0,99,99,00,00,1
3872,826,A,00,00,DATA,00,00,1773,0,0,99,99,00,00,1
3873,826,B,00,00,DATA,00,00,1774,0,0,99,99,00,00,1
3874,826,A,00,00,DATA,00,00,1775,0,0,99,99,00,00,1
3875,826,B,FF,E1,DATA,E1,FF,1776,0,0,99,99,00,00,1
3876,826,A,1F,01,DATA,1F,01,1777,0,0,99,99,00,00,1
3877,826,B,EB,F1,DATA,F1,EB,1778,0,0,99,99,00,00,1
3878,826,A,1F,15,DATA,1F,15,1779,0,0,99,99,00,00,1
3879,826,B,F7,C1,DATA,C1,F7,1780,0,0,99,99,00,00,1
3880,826,A,3F,09,DATA,3F,09,1781,0,0,99,99,00,00,1
3881,826,B,FF,FF,DATA,FF,FF,1782,0,0,99,99,00,00,1
3882,826,A,FF,FF,DATA,FF,FF,1783,0,0,99,99,00,00,1
3883,826,B,00,00,DATA,00,00,1784,0,0,99,99,00,00,1
3884,826,A,00,00,DATA,00,00,1785,0,0,99,99,00,00,1
3885,826,B,00,00,DATA,00,00,1786,0,0,99,99,00,00,1
3886,826,A,00,00,DATA,00,00,1787,0,0,99,99,00,00,1
3887,826,B,00,00,DATA,00,00,1788,0,0,99,99,00,00,1
3888,826,A,00,00,DATA,00,00,1789,0,0,99,99,00,00,1
3889,826,B,00,00,DATA,00,00,1790,0,0,99,99,00,00,1
3890,826,A,00,00,DATA,00,00,1791,0,0,99,99,00,00,1
3891,826,B,FF,FF,DATA,FF,FF,1792,0,0,99,99,00,00,1
3892,826,A,FF,FF,DATA,FF,FF,1793,0,0,99,99,00,00,1
3893,826,B,D5,D0,DATA,D0,D5,1794,0,0,99,99,00,00,1
3894,826,A,80,FF,DATA,80,FF,1795,0,0,99,99,00,00,1
3895,826,B,80,C0,DATA,C0,80,1796,0,0,99,99,00,00,1
3896,826,A,80,FF,DATA,80,FF,1797,0,0,99,99,00,00,1
3897,826,B,D5,D0,DATA,D0,D5,1798,0,0,99,99,00,00,1
3898,826,A,80,FF,DATA,80,FF,1799,0,0,99,99,00,00,1
3899,826,B,80,80,DATA,80,80,1800,0,0,99,99,00,00,1
3900,826,A,80,FF,DATA,80,FF,1801,0,0,99,99,00,00,1
3901,826,B,D4,C0,DATA,C0,D4,1802,0,0,99,99,00,00,1
3902,826,A,80,FF,DATA,80,FF,1803,0,0,99,99,00,00,1
3903,826,B,80,80,DATA,80,80,1804,0,0,99,99,00,00,1
3904,826,A,80,FF,DATA,80,FF,1805,0,0,99,99,00,00,1
3905,826,B,D4,C0,DATA,C0,D4,1806,0,0,99,99,00,00,1
3906,826,A,80,FF,DATA,80,FF,1807,0,0,99,99,00,00,1
3907,826,B,FF,FF,DATA,FF,FF,1808,0,0,99,99,00,00,1
3908,826,A,FF,FF,DATA,FF,FF,1809,0,0,99,99,00,00,1
3909,826,B,00,00,DATA,00,00,1810,0,0,99,99,00,00,1
3910,826,A,00,FF,DATA,00,FF,1811,0,0,99,99,00,00,1
3911,826,B,20,00,DATA,00,20,1812,0,0,99,99,00,00,1
3912,826,A,00,DF,DATA,00,DF,1813,0,0,99,99,00,00,1
3913,826,B,00,00,DATA,00,00,1814,0,0,99,99,00,00,1
3914,826,A,00,FF,DATA,00,FF,1815,0,0,99,99,00,00,1
3915,826,B,00,01,DATA,01,00,1816,0,0,99,99,00,00,1
3916,826,A,00,FF,DATA,00,FF,1817,0,0,99,99,00,00,1
3917,826,B,2A,07,DATA,07,2A,1818,0,0,99,99,00,00,1
3918,826,A,00,D5,DATA,00,D5,1819,0,0,99,99,00,00,1
3919,826,B,7E,03,DATA,03,7E,1820,0,0,99,99,00,00,1
3920,826,A,00,80,DATA,00,80,1821,0,0,99,99,00,00,1
3921,826,B,C4,1D,DATA,1D,C4,1822,0,0,99,99,00,00,1
3922,826,A,00,00,DATA,00,00,1823,0,0,99,99,00,00,1
3923,826,B,FF,FF,DATA,FF,FF,1824,0,0,99,99,00,00,1
3924,826,A,FF,FF,DATA,FF,FF,1825,0,0,99,99,00,00,1
3925,826,B,40,00,DATA,00,40,1826,0,0,99,99,00,00,1
3926,826,A,00,FF,DATA,00,FF,1827,0,0,99,99,00,00,1
3927,826,B,00,00,DATA,00,00,1828,0,0,99,99,00,00,1
3928,826,A,00,FF,DATA,00,FF,1829,0,0,99,99,00,00,1
3929,826,B,00,00,DATA,00,00,1830,0,0,99,99,00,00,1
3930,826,A,00,FF,DATA,00,FF,1831,0,0,99,99,00,00,1
3931,826,B,00,C0,DATA,C0,00,1832,0,0,99,99,00,00,1
3932,826,A,00,FF,DATA,00,FF,1833,0,0,99,99,00,00,1
3933,826,B,80,B0,DATA,B0,80,1834,0,0,99,99,00,00,1
3934,826,A,40,7F,DATA,40,7F,1835,0,0,99,99,00,00,1
3935,826,B,F0,FE,DATA,FE,F0,1836,0,0,99,99,00,00,1
3936,826,A,00,0F,DATA,00,0F,1837,0,0,99,99,00,00,1
3937,826,B,68,80,DATA,80,68,1838,0,0,99,99,00,00,1
3938,826,A,7F,17,DATA,7F,17,1839,0,0,99,99,00,00,1
3939,826,B,FF,FF,DATA,FF,FF,1840,0,0,99,99,00,00,1
3940,826,A,FF,FF,DATA,FF,FF,1841,0,0,99,99,00,00,1
3941,826,B,09,1F,DATA,1F,09,1842,0,0,99,99,00,00,1
3942,826,A,01,F7,DATA,01,F7,1843,0,0,99,99,00,00,1
3943,826,B,05,03,DATA,03,05,1844,0,0,99,99,00,00,1
3944,826,A,01,FB,DATA,01,FB,1845,0,0,99,99,00,00,1
3945,826,B,41,05,DATA,05,41,1846,0,0,99,99,00,00,1
3946,826,A,01,FF,DATA,01,FF,1847,0,0,99,99,00,00,1
3947,826,B,01,01,DATA,01,01,1848,0,0,99,99,00,00,1
3948,826,A,01,FF,DATA,01,FF,1849,0,0,99,99,00,00,1
3949,826,B,01,05,DATA,05,01,1850,0,0,99,99,00,00,1
3950,826,A,01,FF,DATA,01,FF,1851,0,0,99,99,00,00,1
3951,826,B,01,01,DATA,01,01,1852,0,0,99,99,00,00,1
3952,826,A,01,FF,DATA,01,FF,1853,0,0,99,99,00,00,1
3953,826,B,05,C1,DATA,C1,05,1854,0,0,99,99,00,00,1
3954,826,A,01,FF,DATA,01,FF,1855,0,0,99,99,00,00,1
3955,826,B,80,80,DATA,80,80,1856,0,0,99,99,00,00,1
3956,826,A,80,FF,DATA,80,FF,1857,0,0,99,99,00,00,1
3957,826,B,D0,C1,DATA,C1,D0,1858,0,0,99,99,00,00,1
3958,826,A,80,FF,DATA,80,FF,1859,0,0,99,99,00,00,1
3959,826,B,81,81,DATA,81,81,1860,0,0,99,99,00,00,1
3960,826,A,80,FE,DATA,80,FE,1861,0,0,99,99,00,00,1
3961,826,B,C0,80,DATA,80,C0,1862,0,0,99,99,00,00,1
3962,826,A,81,FF,DATA,81,FF,1863,0,0,99,99,00,00,1
3963,826,B,81,80,DATA,80,81,1864,0,0,99,99,00,00,1
3964,826,A,80,FE,DATA,80,FE,1865,0,0,99,99,00,00,1
3965,826,B,C0,94,DATA,94,C0,1866,0,0,99,99,00,00,1
3966,826,A,80,FF,DATA,80,FF,1867,0,0,99,99,00,00,1
3967,826,B,83,84,DATA,84,83,1868,0,0,99,99,00,00,1
3968,826,A,80,FC,DATA,80,FC,1869,0,0,99,99,00,00,1
3969,826,B,D3,85,DATA,85,D3,1870,0,0,99,99,00,00,1
3970,826,A,80,FC,DATA,80,FC,1871,0,0,99,99,00,00,1
3971,826,B,80,05,DATA,05,80,1872,0,0,99,99,00,00,1
3972,826,A,18,00,DATA,18,00,1873,0,0,99,99,00,00,1
3973,826,B,40,98,DATA,98,40,1874,0,0,99,99,00,00,1
3974,826,A,05,00,DATA,05,00,1875,0,0,99,99,00,00,1
3975,826,B,00,BF,DATA,BF,00,1876,0,0,99,99,00,00,1
3976,826,A,F8,00,DATA,F8,00,1877,0,0,99,99,00,00,1
3977,826,B,F0,0E,DATA,0E,F0,1878,0,0,99,99,00,00,1
3978,826,A,F1,00,DATA,F1,00,1879,0,0,99,99,00,00,1
3979,826,B,D0,4B,DATA,4B,D0,1880,0,0,99,99,00,00,1
3980,826,A,00,00,DATA,00,00,1881,0,0,99,99,00,00,1
3981,826,B,FF,8E,DATA,8E,FF,1882,0,0,99,99,00,00,1
3982,826,A,01,00,DATA,01,00,1883,0,0,99,99,00,00,1
3983,826,B,C8,C7,DATA,C7,C8,1884,0,0,99,99,00,00,1
3984,826,A,00,00,DATA,00,00,1885,0,0,99,99,00,00,1
3985,826,B,C8,DA,DATA,DA,C8,1886,0,0,99,99,00,00,1
3986,826,A,01,00,DATA,01,00,1887,0,0,99,99,00,00,1
3987,826,B,1C,00,DATA,00,1C,1888,0,0,99,99,00,00,1
3988,826,A,FF,03,DATA,FF,03,1889,0,0,99,99,00,00,1
3989,826,B,18,D4,DATA,D4,18,1890,0,0,99,99,00,00,1
3990,826,A,FF,07,DATA,FF,07,1891,0,0,99,99,00,00,1
3991,826,B,1C,3C,DATA,3C,1C,1892,0,0,99,99,00,00,1
3992,826,A,FF,03,DATA,FF,03,1893,0,0,99,99,00,00,1
3993,826,B,1A,04,DATA,04,1A,1894,0,0,99,99,00,00,1
3994,826,A,FF,05,DATA,FF,05,1895,0,0,99,99,00,00,1
3995,826,B,08,44,DATA,44,08,1896,0,0,99,99,00,00,1
3996,826,A,83,07,DATA,83,07,1897,0,0,99,99,00,00,1
3997,826,B,58,40,DATA,40,58,1898,0,0,99,99,00,00,1
3998,826,A,83,07,DATA,83,07,1899,0,0,99,99,00,00,1
3999,826,B,1F,18,DATA,18,1F,1900,0,0,99,99,00,00,1
4000,826,A,E7,00,DATA,E7,00,1901,0,0,99,99,00,00,1
4001,826,B,1C,82,DATA,82,1C,1902,0,0,99,99,00,00,1
4002,826,A,7D,01,DATA,7D,01,1903,0,0,99,99,00,00,1
4003,826,B,01,41,DATA,41,01,1904,0,0,99,99,00,00,1
4004,826,A,81,FF,DATA,81,FF,1905,0,0,99,99,00,00,1
4005,826,B,01,65,DATA,65,01,1906,0,0,99,99,00,00,1
4006,826,A,C1,FF,DATA,C1,FF,1907,0,0,99,99,00,00,1
4007,826,B,01,11,DATA,11,01,1908,0,0,99,99,00,00,1
4008,826,A,E1,FF,DATA,E1,FF,1909,0,0,99,99,00,00,1
4009,826,B,01,49,DATA,49,01,1910,0,0,99,99,00,00,1
4010,826,A,F1,FF,DATA,F1,FF,1911,0,0,99,99,00,00,1
4011,826,B,21,05,DATA,05,21,1912,0,0,99,99,00,00,1
4012,826,A,F9,DF,DATA,F9,DF,1913,0,0,99,99,00,00,1
4013,826,B,A1,51,DATA,51,A1,1914,0,0,99,99,00,00,1
4014,826,A,FD,5F,DATA,FD,5F,1915,0,0,99,99,00,00,1
4015,826,B,D7,05,DATA,05,D7,1916,0,0,99,99,00,00,1
4016,826,A,F9,29,DATA,F9,29,1917,0,0,99,99,00,00,1
4017,826,B,AB,53,DATA,53,AB,1918,0,0,99,99,00,00,1
4018,826,A,FD,55,DATA,FD,55,1919,0,0,99,99,00,00,1
4019,826,B,81,84,DATA,84,81,1920,0,0,99,99,00,00,1
4020,826,A,80,FE,DATA,80,FE,1921,0,0,99,99,00,00,1
4021,826,B,C0,C5,DATA,C5,C0,1922,0,0,99,99,00,00,1
4022,826,A,80,FF,DATA,80,FF,1923,0,0,99,99,00,00,1
4023,826,B,80,E6,DATA,E6,80,1924,0,0,99,99,00,00,1
4024,826,A,80,FF,DATA,80,FF,1925,0,0,99,99,00,00,1
4025,826,B,C0,98,DATA,98,C0,1926,0,0,99,99,00,00,1
4026,826,A,C4,FF,DATA,C4,FF,1927,0,0,99,99,00,00,1
4027,826,B,80,CC,DATA,CC,80,1928,0,0,99,99,00,00,1
4028,826,A,80,FF,DATA,80,FF,1929,0,0,99,99,00,00,1
4029,826,B,C0,F5,DATA,F5,C0,1930,0,0,99,99,00,00,1
4030,826,A,80,FF,DATA,80,FF,1931,0,0,99,99,00,00,1
4031,826,B,80,FF,DATA,FF,80,1932,0,0,99,99,00,00,1
4032,826,A,80,FF,DATA,80,FF,1933,0,0,99,99,00,00,1
4033,826,B,C0,EF,DATA,EF,C0,1934,0,0,99,99,00,00,1
4034,826,A,90,FF,DATA,90,FF,1935,0,0,99,99,00,00,1
4035,826,B,80,83,DATA,83,80,1936,0,0,99,99,00,00,1
4036,826,A,00,00,DATA,00,00,1937,0,0,99,99,00,00,1
4037,826,B,C0,42,DATA,42,C0,1938,0,0,99,99,00,00,1
4038,826,A,01,00,DATA,01,00,1939,0,0,99,99,00,00,1
4039,826,B,80,E8,DATA,E8,80,1940,0,0,99,99,00,00,1
4040,826,A,07,00,DATA,07,00,1941,0,0,99,99,00,00,1
4041,826,B,D0,78,DATA,78,D0,1942,0,0,99,99,00,00,1
4042,826,A,07,00,DATA,07,00,1943,0,0,99,99,00,00,1
4043,826,B,40,70,DATA,70,40,1944,0,0,99,99,00,00,1
4044,826,A,0F,80,DATA,0F,80,1945,0,0,99,99,00,00,1
4045,826,B,10,63,DATA,63,10,1946,0,0,99,99,00,00,1
4046,826,A,1C,C0,DATA,1C,C0,1947,0,0,99,99,00,00,1
4047,826,B,60,23,DATA,23,60,1948,0,0,99,99,00,00,1
4048,826,A,1C,80,DATA,1C,80,1949,0,0,99,99,00,00,1
4049,826,B,B5,E5,DATA,E5,B5,1950,0,0,99,99,00,00,1
4050,826,A,1E,40,DATA,1E,40,1951,0,0,99,99,00,00,1
4051,826,B,00,0C,DATA,0C,00,1952,0,0,99,99,00,00,1
4052,826,A,F3,00,DATA,F3,00,1953,0,0,99,99,00,00,1
4053,826,B,01,41,DATA,41,01,1954,0,0,99,99,00,00,1
4054,826,A,FF,00,DATA,FF,00,1955,0,0,99,99,00,00,1
4055,826,B,01,00,DATA,00,01,1956,0,0,99,99,00,00,1
4056,826,A,FF,00,DATA,FF,00,1957,0,0,99,99,00,00,1
4057,826,B,00,55,DATA,55,00,1958,0,0,99,99,00,00,1
4058,826,A,FF,01,DATA,FF,01,1959,0,0,99,99,00,00,1
4059,826,B,03,00,DATA,00,03,1960,0,0,99,99,00,00,1
4060,826,A,FF,00,DATA,FF,00,1961,0,0,99,99,00,00,1
4061,826,B,16,95,DATA,95,16,1962,0,0,99,99,00,00,1
4062,826,A,7F,01,DATA,7F,01,1963,0,0,99,99,00,00,1
4063,826,B,0F,C2,DATA,C2,0F,1964,0,0,99,99,00,00,1
4064,826,A,3F,00,DATA,3F,00,1965,0,0,99,99,00,00,1
4065,826,B,5A,D5,DATA,D5,5A,1966,0,0,99,99,00,00,1
4066,826,A,7F,05,DATA,7F,05,1967,0,0,99,99,00,00,1
4067,826,B,FF,0F,DATA,0F,FF,1968,0,0,99,99,00,00,1
4068,826,A,F1,01,DATA,F1,01,1969,0,0,99,99,00,00,1
4069,826,B,AB,4B,DATA,4B,AB,1970,0,0,99,99,00,00,1
4070,826,A,F5,55,DATA,F5,55,1971,0,0,99,99,00,00,1
4071,826,B,FF,07,DATA,07,FF,1972,0,0,99,99,00,00,1
4072,826,A,F1,01,DATA,F1,01,1973,0,0,99,99,00,00,1
4073,826,B,AB,47,DATA,47,AB,1974,0,0,99,99,00,00,1
4074,826,A,F1,55,DATA,F1,55,1975,0,0,99,99,00,00,1
4075,826,B,FD,13,DATA,13,FD,1976,0,0,99,99,00,00,1
4076,826,A,E1,03,DATA,E1,03,1977,0,0,99,99,00,00,1
4077,826,B,A9,57,DATA,57,A9,1978,0,0,99,99,00,00,1
4078,826,A,E1,57,DATA,E1,57,1979,0,0,99,99,00,00,1
4079,826,B,FF,31,DATA,31,FF,1980,0,0,99,99,00,00,1
4080,826,A,C1,01,DATA,C1,01,1981,0,0,99,99,00,00,1
4081,826,B,AB,75,DATA,75,AB,1982,0,0,99,99,00,00,1
4082,826,A,C1,55,DATA,C1,55,1983,0,0,99,99,00,00,1
4083,826,B,80,FF,DATA,FF,80,1984,0,0,99,99,00,00,1
4084,826,A,80,FF,DATA,80,FF,1985,0,0,99,99,00,00,1
4085,826,B,C0,FA,DATA,FA,C0,1986,0,0,99,99,00,00,1
4086,826,A,85,FF,DATA,85,FF,1987,0,0,99,99,00,00,1
4087,826,B,80,F8,DATA,F8,80,1988,0,0,99,99,00,00,1
4088,826,A,87,FF,DATA,87,FF,1989,0,0,99,99,00,00,1
4089,826,B,FF,FF,DATA,FF,FF,1990,0,0,99,99,00,00,1
4090,826,A,FF,FF,DATA,FF,FF,1991,0,0,99,99,00,00,1
4091,826,B,00,00,DATA,00,00,1992,0,0,99,99,00,00,1
4092,826,A,00,00,DATA,00,00,1993,0,0,99,99,00,00,1
4093,826,B,00,00,DATA,00,00,1994,0,0,99,99,00,00,1
4094,826,A,00,00,DATA,00,00,1995,0,0,99,99,00,00,1
4095,826,B,00,00,DATA,00,00,1996,0,0,99,99,00,00,1
4096,826,A,00,00,DATA,00,00,1997,0,0,99,99,00,00,1
4097,826,B,00,00,DATA,00,00,1998,0,0,99,99,00,00,1
4098,826,A,00,00,DATA,00,00,1999,0,0,99,99,00,00,1
4099,826,B,7C,A0,DATA,A0,7C,2000,0,0,99,99,00,00,1
4100,826,A,1F,80,DATA,1F,80,2001,0,0,99,99,00,00,1
4101,826,B,BD,15,DATA,15,BD,2002,0,0,99,99,00,00,1
4102,826,A,FF,40,DATA,FF,40,2003,0,0,99,99,00,00,1
4103,826,B,E0,00,DATA,00,E0,2004,0,0,99,99,00,00,1
4104,826,A,FF,00,DATA,FF,00,2005,0,0,99,99,00,00,1
4105,826,B,FF,FF,DATA,FF,FF,2006,0,0,99,99,00,00,1
4106,826,A,FF,FF,DATA,FF,FF,2007,0,0,99,99,00,00,1
4107,826,B,00,00,DATA,00,00,2008,0,0,99,99,00,00,1
4108,826,A,00,00,DATA,00,00,2009,0,0,99,99,00,00,1
4109,826,B,00,00,DATA,00,00,2010,0,0,99,99,00,00,1
4110,826,A,00,00,DATA,00,00,2011,0,0,99,99,00,00,1
4111,826,B,00,00,DATA,00,00,2012,0,0,99,99,00,00,1
4112,826,A,00,00,DATA,00,00,2013,0,0,99,99,00,00,1
4113,826,B,00,00,DATA,00,00,2014,0,0,99,99,00,00,1
4114,826,A,00,00,DATA,00,00,2015,0,0,99,99,00,00,1
4115,826,B,0F,00,DATA,00,0F,2016,0,0,99,99,00,00,1
4116,826,A,FF,00,DATA,FF,00,2017,0,0,99,99,00,00,1
4117,826,B,4A,55,DATA,55,4A,2018,0,0,99,99,00,00,1
4118,826,A,FF,05,DATA,FF,05,2019,0,0,99,99,00,00,1
4119,826,B,0F,00,DATA,00,0F,2020,0,0,99,99,00,00,1
4120,826,A,FF,00,DATA,FF,00,2021,0,0,99,99,00,00,1
4121,826,B,FF,FF,DATA,FF,FF,2022,0,0,99,99,00,00,1
4122,826,A,FF,FF,DATA,FF,FF,2023,0,0,99,99,00,00,1
4123,826,B,00,00,DATA,00,00,2024,0,0,99,99,00,00,1
4124,826,A,00,00,DATA,00,00,2025,0,0,99,99,00,00,1
4125,826,B,00,00,DATA,00,00,2026,0,0,99,99,00,00,1
4126,826,A,00,00,DATA,00,00,2027,0,0,99,99,00,00,1
4127,826,B,00,00,DATA,00,00,2028,0,0,99,99,00,00,1
4128,826,A,00,00,DATA,00,00,2029,0,0,99,99,00,00,1
4129,826,B,00,00,DATA,00,00,2030,0,0,99,99,00,00,1
4130,826,A,00,00,DATA,00,00,2031,0,0,99,99,00,00,1
4131,826,B,FF,33,DATA,33,FF,2032,0,0,99,99,00,00,1
4132,826,A,C1,01,DATA,C1,01,2033,0,0,99,99,00,00,1
4133,826,B,AB,37,DATA,37,AB,2034,0,0,99,99,00,00,1
4134,826,A,C1,55,DATA,C1,55,2035,0,0,99,99,00,00,1
4135,826,B,FF,21,DATA,21,FF,2036,0,0,99,99,00,00,1
4136,826,A,C3,01,DATA,C3,01,2037,0,0,99,99,00,00,1
4137,826,B,FF,FF,DATA,FF,FF,2038,0,0,99,99,00,00,1
4138,826,A,FF,FF,DATA,FF,FF,2039,0,0,99,99,00,00,1
4139,826,B,00,00,DATA,00,00,2040,0,0,99,99,00,00,1
4140,826,A,00,00,DATA,00,00,2041,0,0,99,99,00,00,1
4141,826,B,00,00,DATA,00,00,2042,0,0,99,99,00,00,1
4142,826,A,00,00,DATA,00,00,2043,0,0,99,99,00,00,1
4143,826,B,00,00,DATA,00,00,2044,0,0,99,99,00,00,1
4144,826,A,00,00,DATA,00,00,2045,0,0,99,99,00,00,1
4145,826,B,00,00,DATA,00,00,2046,0,0,99,99,00,00,1
4146,826,A,00,00,DATA,00,00,2047,0,0,99,99,00,00,1
4147,1018,A,00,00,PRELUDE,00,00,,1,1,4B,00,00,00,1
4148,1018,B,00,4B,COMMAND,4B,00,,2,2,4B,00,00,00,1
4149,1018,A,00,00,SYNC,00,00,,3,3,4B,4B,00,00,1
4150,1018,B,00,00,SYNC,00,00,,3,3,4B,4B,00,00,1
4151,1018,A,00,00,SYNC,00,00,,3,3,4B,4B,00,00,1
4152,1018,B,00,00,SYNC,00,00,,3,3,4B,4B,00,00,1
4153,1018,A,00,00,SYNC,00,00,,3,3,4B,4B,00,00,1
4154,1018,B,00,00,SYNC,00,00,,3,3,4B,4B,00,00,1
4155,1018,A,00,00,SYNC,00,00,,3,3,4B,4B,00,00,1
4156,1018,B,00,00,SYNC,00,00,,3,3,4B,4B,00,00,1
4157,1018,A,00,00,SYNC,00,00,,3,3,4B,4B,00,00,1
4158,1018,B,00,00,SYNC,00,00,,3,3,4B,4B,00,00,1
4159,1018,A,00,00,SYNC,00,00,,3,3,4B,4B,00,00,1
4160,1018,B,00,00,SYNC,00,00,,3,3,4B,4B,00,00,1
4161,1018,A,00,00,SYNC,00,00,,3,3,4B,4B,00,00,1
4162,1018,B,00,00,SYNC,00,00,,3,3,4B,4B,00,00,1
4163,1018,A,00,00,SYNC,00,00,,3,3,4B,4B,00,00,1
4164,1018,B,00,00,SYNC,00,00,,3,3,4B,4B,00,00,1
4165,1018,A,00,00,SYNC,00,00,,3,3,4B,4B,00,00,1
4166,1018,B,00,00,SYNC,00,00,,3,3,4B,4B,00,00,1
4167,1018,A,00,00,SYNC,00,00,,3,3,4B,4B,00,00,1
4168,1018,B,00,00,SYNC,00,00,,3,3,4B,4B,00,00,1
4169,1018,A,00,00,SYNC,00,00,,3,3,4B,4B,00,00,1
4170,1018,B,00,00,SYNC,00,00,,3,3,4B,4B,00,00,1
4171,1018,A,00,00,SYNC,00,00,,3,3,4B,4B,00,00,1
4172,1018,B,00,00,SYNC,00,00,,3,3,4B,4B,00,00,1
4173,1018,A,00,00,SYNC,00,00,,3,3,4B,4B,00,00,1
4174,1018,B,00,00,SYNC,00,00,,3,3,4B,4B,00,00,1
4175,1018,A,00,00,SYNC,00,00,,3,3,4B,4B,00,00,1
4176,1018,B,00,00,SYNC,00,00,,3,3,4B,4B,00,00,1
4177,1018,A,00,00,SYNC,00,00,,3,3,4B,4B,00,00,1
4178,1018,B,00,00,SYNC,00,00,,3,3,4B,4B,00,00,1
4179,1018,A,00,00,SYNC,00,00,,3,3,4B,4B,00,00,1
4180,1018,B,00,00,SYNC,00,00,,3,3,4B,4B,00,00,1
4181,1018,A,00,00,SYNC,00,00,,3,3,4B,4B,00,00,1
4182,1018,B,00,00,SYNC,00,00,,3,3,4B,4B,00,00,1
4183,1018,A,00,00,SYNC,00,00,,3,3,4B,4B,00,00,1
4184,1018,B,00,00,SYNC,00,00,,3,3,4B,4B,00,00,1
4185,1018,A,00,00,SYNC,00,00,,3,3,4B,4B,00,00,1
4186,1018,B,00,00,SYNC,00,00,,3,3,4B,4B,00,00,1
4187,1018,A,00,00,SYNC,00,00,,3,3,4B,4B,00,00,1
4188,1018,B,00,00,SYNC,00,00,,3,3,4B,4B,00,00,1
4189,1018,A,00,00,SYNC,00,00,,3,3,4B,4B,00,00,1
4190,1018,B,00,00,SYNC,00,00,,3,3,4B,4B,00,00,1
4191,1018,A,00,00,SYNC,00,00,,3,3,4B,4B,00,00,1
4192,1018,B,00,00,SYNC,00,00,,3,3,4B,4B,00,00,1
4193,1018,A,00,00,SYNC,00,00,,3,3,4B,4B,00,00,1
4194,1018,B,00,00,SYNC,00,00,,3,3,4B,4B,00,00,1
4195,1018,A,00,00,SYNC,00,00,,3,3,4B,4B,00,00,1
4196,1018,B,00,00,SYNC,00,00,,3,3,4B,4B,00,00,1
4197,1018,A,00,00,SYNC,00,00,,3,3,4B,4B,00,00,1
4198,1018,B,00,00,SYNC,00,00,,3,3,4B,4B,00,00,1
4199,1018,A,00,00,SYNC,00,00,,3,3,4B,4B,00,00,1
4200,1018,B,00,00,SYNC,00,00,,3,3,4B,4B,00,00,1
4201,1018,A,00,00,SYNC,00,00,,3,3,4B,4B,00,00,1
4202,1018,B,00,00,SYNC,00,00,,3,3,4B,4B,00,00,1
4203,1018,A,00,00,SYNC,00,00,,3,3,4B,4B,00,00,1
4204,1018,B,00,00,SYNC,00,00,,3,3,4B,4B,00,00,1
4205,1018,A,00,00,SYNC,00,00,,3,3,4B,4B,00,00,1
4206,1018,B,00,00,SYNC,00,00,,3,3,4B,4B,00,00,1
4207,1018,A,00,00,SYNC,00,00,,3,3,4B,4B,00,00,1
4208,1018,B,00,00,SYNC,00,00,,3,3,4B,4B,00,00,1
4209,1018,A,00,00,SYNC,00,00,,3,3,4B,4B,00,00,1
4210,1018,B,00,00,SYNC,00,00,,3,3,4B,4B,00,00,1
4211,1018,A,00,00,SYNC,00,00,,3,3,4B,4B,00,00,1
4212,1018,B,00,00,SYNC,00,00,,3,3,4B,4B,00,00,1
4213,1018,A,00,00,SYNC,00,00,,3,3,4B,4B,00,00,1
4214,1018,B,00,00,SYNC,00,00,,3,3,4B,4B,00,00,1
4215,1018,A,00,00,SYNC,00,00,,3,3,4B,4B,00,00,1
4216,1018,B,00,00,SYNC,00,00,,3,3,4B,4B,00,00,1
4217,1018,A,00,00,SYNC,00,00,,3,3,4B,4B,00,00,1
4218,1018,B,00,00,SYNC,00,00,,3,3,4B,4B,00,00,1
4219,1018,A,00,00,SYNC,00,00,,3,3,4B,4B,00,00,1
4220,1018,B,00,00,SYNC,00,00,,3,3,4B,4B,00,00,1
4221,1018,A,00,00,SYNC,00,00,,3,3,4B,4B,00,00,1
4222,1018,B,00,00,SYNC,00,00,,3,3,4B,4B,00,00,1
4223,1018,A,00,00,SYNC,00,00,,3,3,4B,4B,00,00,1
4224,1018,B,00,00,SYNC,00,00,,3,3,4B,4B,00,00,1
4225,1018,A,00,00,SYNC,00,00,,3,3,4B,4B,00,00,1
4226,1018,B,00,00,SYNC,00,00,,3,3,4B,4B,00,00,1
4227,1018,A,00,00,SYNC,00,00,,3,3,4B,4B,00,00,1
4228,1080,B,00,00,SYNC,00,00,,3,3,4B,4B,00,00,1
4229,1080,A,00,00,SYNC,00,00,,3,3,4B,4B,00,00,1
4230,1080,B,00,00,SYNC,00,00,,3,3,4B,4B,00,00,1
4231,1080,A,00,00,SYNC,00,00,,3,3,4B,4B,00,00,1
4232,1080,B,00,00,SYNC,00,00,,3,3,4B,4B,00,00,1
4233,1080,A,00,00,SYNC,00,00,,3,3,4B,4B,00,00,1
4234,1080,B,00,00,SYNC,00,00,,3,3,4B,4B,00,00,1
4235,1080,A,00,00,SYNC,00,00,,3,3,4B,4B,00,00,1
4236,1080,B,00,00,SYNC,00,00,,3,3,4B,4B,00,00,1
4237,1080,A,00,00,SYNC,00,00,,3,3,4B,4B,00,00,1
4238,1080,B,00,00,SYNC,00,00,,3,3,4B,4B,00,00,1
4239,1080,A,00,00,SYNC,00,00,,3,3,4B,4B,00,00,1
4240,1080,B,00,00,SYNC,00,00,,3,3,4B,4B,00,00,1
4241,1080,A,00,00,SYNC,00,00,,3,3,4B,4B,00,00,1
4242,1080,B,00,00,SYNC,00,00,,3,3,4B,4B,00,00,1
4243,1080,A,00,00,SYNC,00,00,,3,3,4B,4B,00,00,1
4244,1080,B,00,00,SYNC,00,00,,3,3,4B,4B,00,00,1
4245,1080,A,00,00,SYNC,00,00,,3,3,4B,4B,00,00,1
4246,1080,B,00,00,SYNC,00,00,,3,3,4B,4B,00,00,1
4247,1080,A,00,00,SYNC,00,00,,3,3,4B,4B,00,00,1
4248,1080,B,00,00,SYNC,00,00,,3,3,4B,4B,00,00,1
4249,1080,A,00,00,SYNC,00,00,,3,3,4B,4B,00,00,1
4250,1080,B,00,00,SYNC,00,00,,3,3,4B,4B,00,00,1
4251,1080,A,00,00,SYNC,00,00,,3,3,4B,4B,00,00,1
4252,1080,B,00,00,SYNC,00,00,,3,3,4B,4B,00,00,1
4253,1080,A,00,00,SYNC,00,00,,3,3,4B,4B,00,00,1
4254,1080,B,00,00,SYNC,00,00,,3,3,4B,4B,00,00,1
4255,1080,A,00,00,SYNC,00,00,,3,3,4B,4B,00,00,1
4256,1080,B,00,00,SYNC,00,00,,3,3,4B,4B,00,00,1
4257,1080,A,00,00,SYNC,00,00,,3,3,4B,4B,00,00,1
4258,1080,B,00,00,SYNC,00,00,,3,3,4B,4B,00,00,1
4259,1080,A,00,00,SYNC,00,00,,3,3,4B,4B,00,00,1
4260,1080,B,00,00,SYNC,00,00,,3,3,4B,4B,00,00,1
4261,1080,A,00,00,SYNC,00,00,,3,3,4B,4B,00,00,1
4262,1080,B,00,00,SYNC,00,00,,3,3,4B,4B,00,00,1
4263,1080,A,00,00,SYNC,00,00,,3,3,4B,4B,00,00,1
4264,1080,B,00,00,SYNC,00,00,,3,3,4B,4B,00,00,1
4265,1080,A,00,00,SYNC,00,00,,3,3,4B,4B,00,00,1
4266,1080,B,00,00,SYNC,00,00,,3,3,4B,4B,00,00,1
4267,1080,A,00,00,SYNC,00,00,,3,3,4B,4B,00,00,1
4268,1080,B,00,00,SYNC,00,00,,3,3,4B,4B,00,00,1
4269,1080,A,00,00,SYNC,00,00,,3,3,4B,4B,00,00,1
4270,1080,B,00,00,SYNC,00,00,,3,3,4B,4B,00,00,1
4271,1080,A,00,00,SYNC,00,00,,3,3,4B,4B,00,00,1
4272,1080,B,00,00,SYNC,00,00,,3,3,4B,4B,00,00,1
4273,1080,A,00,00,SYNC,00,00,,3,3,4B,4B,00,00,1
4274,1080,B,00,00,SYNC,00,00,,3,3,4B,4B,00,00,1
4275,1080,A,00,00,SYNC,00,00,,3,3,4B,4B,00,00,1
4276,1080,B,00,00,SYNC,00,00,,3,3,4B,4B,00,00,1
4277,1080,A,00,00,SYNC,00,00,,3,3,4B,4B,00,00,1
4278,1080,B,00,00,SYNC,00,00,,3,3,4B,4B,00,00,1
4279,1080,A,00,00,SYNC,00,00,,3,3,4B,4B,00,00,1
4280,1080,B,00,00,SYNC,00,00,,3,3,4B,4B,00,00,1
4281,1080,A,00,00,SYNC,00,00,,3,3,4B,4B,00,00,1
4282,1080,B,00,00,SYNC,00,00,,3,3,4B,4B,00,00,1
4283,1080,A,00,00,SYNC,00,00,,3,3,4B,4B,00,00,1
4284,1080,B,00,00,SYNC,00,00,,3,3,4B,4B,00,00,1
4285,1080,A,00,00,SYNC,00,00,,3,3,4B,4B,00,00,1
4286,1080,B,00,00,SYNC,00,00,,3,3,4B,4B,00,00,1
4287,1080,A,00,00,SYNC,00,00,,3,3,4B,4B,00,00,1
4288,1080,B,00,00,SYNC,00,00,,3,3,4B,4B,00,00,1
4289,1080,A,00,00,SYNC,00,00,,3,3,4B,4B,00,00,1
4290,1080,B,00,00,SYNC,00,00,,3,3,4B,4B,00,00,1
4291,1080,A,00,00,SYNC,00,00,,3,3,4B,4B,00,00,1
4292,1080,B,00,00,SYNC,00,00,,3,3,4B,4B,00,00,1
4293,1080,A,00,00,SYNC,00,00,,3,3,4B,4B,00,00,1
4294,1080,B,00,00,SYNC,00,00,,3,3,4B,4B,00,00,1
4295,1080,A,00,00,SYNC,00,00,,3,3,4B,4B,00,00,1
4296,1080,B,00,00,SYNC,00,00,,3,3,4B,4B,00,00,1
4297,1080,A,00,00,SYNC,00,00,,3,3,4B,4B,00,00,1
4298,1080,B,00,00,SYNC,00,00,,3,3,4B,4B,00,00,1
4299,1080,A,00,00,SYNC,00,00,,3,3,4B,4B,00,00,1
4300,1080,B,00,00,SYNC,00,00,,3,3,4B,4B,00,00,1
4301,1080,A,00,00,SYNC,00,00,,3,3,4B,4B,00,00,1
4302,1080,B,00,00,SYNC,00,00,,3,3,4B,4B,00,00,1
4303,1080,A,00,00,SYNC,00,00,,3,3,4B,4B,00,00,1
4304,1080,B,00,00,SYNC,00,00,,3,3,4B,4B,00,00,1
4305,1080,A,00,00,SYNC,00,00,,3,3,4B,4B,00,00,1
4306,1080,B,00,00,SYNC,00,00,,3,3,4B,4B,00,00,1
4307,1080,A,00,00,SYNC,00,00,,3,3,4B,4B,00,00,1
4308,1080,B,00,00,SYNC,00,00,,3,3,4B,4B,00,00,1
4309,1080,A,00,00,SYNC,00,00,,3,3,4B,4B,00,00,1
4310,1080,B,00,00,SYNC,00,00,,3,3,4B,4B,00,00,1
4311,1080,A,00,00,SYNC,00,00,,3,3,4B,4B,00,00,1
4312,1080,B,00,00,SYNC,00,00,,3,3,4B,4B,00,00,1
4313,1080,A,00,00,SYNC,00,00,,3,3,4B,4B,00,00,1
4314,1080,B,00,00,SYNC,00,00,,3,3,4B,4B,00,00,1
4315,1080,A,00,00,SYNC,00,00,,3,3,4B,4B,00,00,1
4316,1080,B,00,00,SYNC,00,00,,3,3,4B,4B,00,00,1
4317,1080,A,00,00,SYNC,00,00,,3,3,4B,4B,00,00,1
4318,1080,B,00,00,SYNC,00,00,,3,3,4B,4B,00,00,1
4319,1080,A,00,00,SYNC,00,00,,3,3,4B,4B,00,00,1
4320,1080,B,00,00,SYNC,00,00,,3,3,4B,4B,00,00,1
4321,1080,A,00,00,SYNC,00,00,,3,3,4B,4B,00,00,1
4322,1080,B,00,00,SYNC,00,00,,3,3,4B,4B,00,00,1
4323,1080,A,00,00,SYNC,00,00,,3,3,4B,4B,00,00,1
4324,1080,B,00,00,SYNC,00,00,,3,3,4B,4B,00,00,1
4325,1080,A,00,00,SYNC,00,00,,3,3,4B,4B,00,00,1
4326,1080,B,00,00,SYNC,00,00,,3,3,4B,4B,00,00,1
4327,1080,A,00,00,SYNC,00,00,,3,3,4B,4B,00,00,1
4328,1080,B,00,00,SYNC,00,00,,3,3,4B,4B,00,00,1
4329,1080,A,00,00,SYNC,00,00,,3,3,4B,4B,00,00,1
4330,1080,B,00,00,SYNC,00,00,,3,3,4B,4B,00,00,1
4331,1080,A,00,00,SYNC,00,00,,3,3,4B,4B,00,00,1
4332,1080,B,00,00,SYNC,00,00,,3,3,4B,4B,00,00,1
4333,1080,A,00,00,SYNC,00,00,,3,3,4B,4B,00,00,1
4334,1080,B,00,00,SYNC,00,00,,3,3,4B,4B,00,00,1
4335,1080,A,00,00,SYNC,00,00,,3,3,4B,4B,00,00,1
4336,1080,B,00,00,SYNC,00,00,,3,3,4B,4B,00,00,1
4337,1080,A,00,00,SYNC,00,00,,3,3,4B,4B,00,00,1
4338,1080,B,00,00,SYNC,00,00,,3,3,4B,4B,00,00,1
4339,1080,A,00,00,SYNC,00,00,,3,3,4B,4B,00,00,1
4340,1080,B,00,00,SYNC,00,00,,3,3,4B,4B,00,00,1
4341,1080,A,00,00,SYNC,00,00,,3,3,4B,4B,00,00,1
4342,1080,B,00,00,SYNC,00,00,,3,3,4B,4B,00,00,1
4343,1080,A,00,00,SYNC,00,00,,3,3,4B,4B,00,00,1
4344,1080,B,00,00,SYNC,00,00,,3,3,4B,4B,00,00,1
4345,1080,A,00,00,SYNC,00,00,,3,3,4B,4B,00,00,1
4346,1080,B,00,00,SYNC,00,00,,3,3,4B,4B,00,00,1
4347,1080,A,00,00,SYNC,00,00,,3,3,4B,4B,00,00,1
4348,1080,B,00,00,SYNC,00,00,,3,3,4B,4B,00,00,1
4349,1080,A,00,00,SYNC,00,00,,3,3,4B,4B,00,00,1
4350,1080,B,00,00,SYNC,00,00,,3,3,4B,4B,00,00,1
4351,1080,A,00,00,SYNC,00,00,,3,3,4B,4B,00,00,1
4352,1080,B,00,00,SYNC,00,00,,3,3,4B,4B,00,00,1
4353,1080,A,00,00,SYNC,00,00,,3,3,4B,4B,00,00,1
4354,1080,B,00,00,SYNC,00,00,,3,3,4B,4B,00,00,1
4355,1080,A,00,00,SYNC,00,00,,3,3,4B,4B,00,00,1
4356,1080,B,00,00,SYNC,00,00,,3,3,4B,4B,00,00,1
4357,1080,A,00,00,SYNC,00,00,,3,3,4B,4B,00,00,1
4358,1080,B,00,00,SYNC,00,00,,3,3,4B,4B,00,00,1
4359,1080,A,00,00,SYNC,00,00,,3,3,4B,4B,00,00,1
4360,1080,B,00,00,SYNC,00,00,,3,3,4B,4B,00,00,1
4361,1080,A,00,00,SYNC,00,00,,3,3,4B,4B,00,00,1
4362,1080,B,00,00,SYNC,00,00,,3,3,4B,4B,00,00,1
4363,1080,A,00,00,SYNC,00,00,,3,3,4B,4B,00,00,1
4364,1080,B,00,00,SYNC,00,00,,3,3,4B,4B,00,00,1
4365,1080,A,00,00,SYNC,00,00,,3,3,4B,4B,00,00,1
4366,1080,B,00,00,SYNC,00,00,,3,3,4B,4B,00,00,1
4367,1080,A,00,00,SYNC,00,00,,3,3,4B,4B,00,00,1
4368,1080,B,00,00,SYNC,00,00,,3,3,4B,4B,00,00,1
4369,1080,A,00,00,SYNC,00,00,,3,3,4B,4B,00,00,1
4370,1080,B,00,00,SYNC,00,00,,3,3,4B,4B,00,00,1
4371,1080,A,00,00,SYNC,00,00,,3,3,4B,4B,00,00,1
4372,1080,B,00,00,SYNC,00,00,,3,3,4B,4B,00,00,1
4373,1080,A,00,00,SYNC,00,00,,3,3,4B,4B,00,00,1
4374,1080,B,00,00,SYNC,00,00,,3,3,4B,4B,00,00,1
4375,1080,A,00,00,SYNC,00,00,,3,3,4B,4B,00,00,1
4376,1080,B,00,00,SYNC,00,00,,3,3,4B,4B,00,00,1
4377,1080,A,00,00,SYNC,00,00,,3,3,4B,4B,00,00,1
4378,1080,B,00,00,SYNC,00,00,,3,3,4B,4B,00,00,1
4379,1080,A,00,00,SYNC,00,00,,3,3,4B,4B,00,00,1
4380,1080,B,00,00,SYNC,00,00,,3,3,4B,4B,00,00,1
4381,1080,A,00,00,SYNC,00,00,,3,3,4B,4B,00,00,1
4382,1080,B,00,00,SYNC,00,00,,3,3,4B,4B,00,00,1
4383,1080,A,00,00,SYNC,00,00,,3,3,4B,4B,00,00,1
4384,1080,B,00,00,SYNC,00,00,,3,3,4B,4B,00,00,1
4385,1080,A,00,00,SYNC,00,00,,3,3,4B,4B,00,00,1
4386,1080,B,00,00,SYNC,00,00,,3,3,4B,4B,00,00,1
4387,1080,A,00,00,SYNC,00,00,,3,3,4B,4B,00,00,1
4388,1080,B,00,00,SYNC,00,00,,3,3,4B,4B,00,00,1
4389,1080,A,00,00,SYNC,00,00,,3,3,4B,4B,00,00,1
4390,1080,B,00,00,SYNC,00,00,,3,3,4B,4B,00,00,1
4391,1080,A,00,00,SYNC,00,00,,3,3,4B,4B,00,00,1
4392,1080,B,00,00,SYNC,00,00,,3,3,4B,4B,00,00,1
4393,1080,A,00,00,SYNC,00,00,,3,3,4B,4B,00,00,1
4394,1080,B,00,00,SYNC,00,00,,3,3,4B,4B,00,00,1
4395,1080,A,00,00,SYNC,00,00,,3,3,4B,4B,00,00,1
4396,1080,B,00,00,SYNC,00,00,,3,3,4B,4B,00,00,1
4397,1080,A,00,00,SYNC,00,00,,3,3,4B,4B,00,00,1
4398,1080,B,00,00,SYNC,00,00,,3,3,4B,4B,00,00,1
4399,1080,A,00,00,SYNC,00,00,,3,3,4B,4B,00,00,1
4400,1080,B,00,00,SYNC,00,00,,3,3,4B,4B,00,00,1
4401,1080,A,00,00,SYNC,00,00,,3,3,4B,4B,00,00,1
4402,1080,B,00,00,SYNC,00,00,,3,3,4B,4B,00,00,1
4403,1080,A,00,00,SYNC,00,00,,3,3,4B,4B,00,00,1
4404,1080,B,00,00,SYNC,00,00,,3,3,4B,4B,00,00,1
4405,1080,A,00,00,SYNC,00,00,,3,3,4B,4B,00,00,1
4406,1080,B,00,00,SYNC,00,00,,3,3,4B,4B,00,00,1
4407,1080,A,00,00,SYNC,00,00,,3,3,4B,4B,00,00,1
4408,1080,B,00,00,SYNC,00,00,,3,3,4B,4B,00,00,1
4409,1080,A,00,00,SYNC,00,00,,3,3,4B,4B,00,00,1
4410,1080,B,00,00,SYNC,00,00,,3,3,4B,4B,00,00,1
4411,1080,A,00,00,SYNC,00,00,,3,3,4B,4B,00,00,1
4412,1080,B,00,00,SYNC,00,00,,3,3,4B,4B,00,00,1
4413,1080,A,00,00,SYNC,00,00,,3,3,4B,4B,00,00,1
4414,1080,B,00,00,SYNC,00,00,,3,3,4B,4B,00,00,1
4415,1080,A,00,00,SYNC,00,00,,3,3,4B,4B,00,00,1
4416,1080,B,00,00,SYNC,00,00,,3,3,4B,4B,00,00,1
4417,1080,A,00,00,SYNC,00,00,,3,3,4B,4B,00,00,1
4418,1080,B,00,00,SYNC,00,00,,3,3,4B,4B,00,00,1
4419,1080,A,00,00,SYNC,00,00,,3,3,4B,4B,00,00,1
4420,1080,B,00,00,SYNC,00,00,,3,3,4B,4B,00,00,1
4421,1080,A,00,00,SYNC,00,00,,3,3,4B,4B,00,00,1
4422,1080,B,00,00,SYNC,00,00,,3,3,4B,4B,00,00,1
4423,1080,A,00,00,SYNC,00,00,,3,3,4B,4B,00,00,1
4424,1080,B,00,00,SYNC,00,00,,3,3,4B,4B,00,00,1
4425,1080,A,00,00,SYNC,00,00,,3,3,4B,4B,00,00,1
4426,1080,B,00,00,SYNC,00,00,,3,3,4B,4B,00,00,1
4427,1080,A,00,00,SYNC,00,00,,3,3,4B,4B,00,00,1
4428,1080,B,00,00,SYNC,00,00,,3,3,4B,4B,00,00,1
4429,1080,A,00,00,SYNC,00,00,,3,3,4B,4B,00,00,1
4430,1080,B,00,00,SYNC,00,00,,3,3,4B,4B,00,00,1
4431,1080,A,00,00,SYNC,00,00,,3,3,4B,4B,00,00,1
4432,1080,B,00,00,SYNC,00,00,,3,3,4B,4B,00,00,1
4433,1080,A,00,00,SYNC,00,00,,3,3,4B,4B,00,00,1
4434,1080,B,00,00,SYNC,00,00,,3,3,4B,4B,00,00,1
4435,1080,A,00,00,SYNC,00,00,,3,3,4B,4B,00,00,1
4436,1080,B,00,00,SYNC,00,00,,3,3,4B,4B,00,00,1
4437,1080,A,00,00,SYNC,00,00,,3,3,4B,4B,00,00,1
4438,1080,B,00,00,SYNC,00,00,,3,3,4B,4B,00,00,1
4439,1080,A,00,00,SYNC,00,00,,3,3,4B,4B,00,00,1
4440,1080,B,00,00,SYNC,00,00,,3,3,4B,4B,00,00,1
4441,1080,A,00,00,SYNC,00,00,,3,3,4B,4B,00,00,1
4442,1080,B,00,00,SYNC,00,00,,3,3,4B,4B,00,00,1
4443,1080,A,00,00,SYNC,00,00,,3,3,4B,4B,00,00,1
4444,1080,B,00,00,SYNC,00,00,,3,3,4B,4B,00,00,1
4445,1080,A,00,00,SYNC,00,00,,3,3,4B,4B,00,00,1
4446,1080,B,00,00,SYNC,00,00,,3,3,4B,4B,00,00,1
4447,1080,A,00,00,SYNC,00,00,,3,3,4B,4B,00,00,1
4448,1080,B,00,00,SYNC,00,00,,3,3,4B,4B,00,00,1
4449,1080,A,00,00,SYNC,00,00,,3,3,4B,4B,00,00,1
4450,1080,B,00,00,SYNC,00,00,,3,3,4B,4B,00,00,1
4451,1080,A,00,00,SYNC,00,00,,3,3,4B,4B,00,00,1
4452,1080,B,00,00,SYNC,00,00,,3,3,4B,4B,00,00,1
4453,1080,A,00,00,SYNC,00,00,,3,3,4B,4B,00,00,1
4454,1080,B,00,00,SYNC,00,00,,3,3,4B,4B,00,00,1
4455,1080,A,00,00,SYNC,00,00,,3,3,4B,4B,00,00,1
4456,1080,B,00,00,SYNC,00,00,,3,3,4B,4B,00,00,1
4457,1080,A,00,00,SYNC,00,00,,3,3,4B,4B,00,00,1
4458,1080,B,00,00,SYNC,00,00,,3,3,4B,4B,00,00,1
4459,1080,A,00,00,SYNC,00,00,,3,3,4B,4B,00,00,1
4460,1080,B,00,00,SYNC,00,00,,3,3,4B,4B,00,00,1
4461,1080,A,00,00,SYNC,00,00,,3,3,4B,4B,00,00,1
4462,1080,B,00,00,SYNC,00,00,,3,3,4B,4B,00,00,1
4463,1080,A,00,00,SYNC,00,00,,3,3,4B,4B,00,00,1
4464,1080,B,00,00,SYNC,00,00,,3,3,4B,4B,00,00,1
4465,1080,A,00,00,SYNC,00,00,,3,3,4B,4B,00,00,1
4466,1080,B,00,00,SYNC,00,00,,3,3,4B,4B,00,00,1
4467,1080,A,00,00,SYNC,00,00,,3,3,4B,4B,00,00,1
4468,1080,B,00,00,SYNC,00,00,,3,3,4B,4B,00,00,1
4469,1080,A,00,00,SYNC,00,00,,3,3,4B,4B,00,00,1
4470,1080,B,00,00,SYNC,00,00,,3,3,4B,4B,00,00,1
4471,1080,A,00,00,SYNC,00,00,,3,3,4B,4B,00,00,1
4472,1080,B,00,00,SYNC,00,00,,3,3,4B,4B,00,00,1
4473,1080,A,00,00,SYNC,00,00,,3,3,4B,4B,00,00,1
4474,1080,B,00,00,SYNC,00,00,,3,3,4B,4B,00,00,1
4475,1080,A,00,00,SYNC,00,00,,3,3,4B,4B,00,00,1
4476,1080,B,00,00,SYNC,00,00,,3,3,4B,4B,00,00,1
4477,1080,A,00,00,SYNC,00,00,,3,3,4B,4B,00,00,1
4478,1080,B,00,00,SYNC,00,00,,3,3,4B,4B,00,00,1
4479,1080,A,00,00,SYNC,00,00,,3,3,4B,4B,00,00,1
4480,1080,B,00,00,SYNC,00,00,,3,3,4B,4B,00,00,1
4481,1080,A,00,00,SYNC,00,00,,3,3,4B,4B,00,00,1
4482,1080,B,00,00,SYNC,00,00,,3,3,4B,4B,00,00,1
4483,1080,A,00,00,SYNC,00,00,,3,3,4B,4B,00,00,1
4484,1080,B,00,00,SYNC,00,00,,3,3,4B,4B,00,00,1
4485,1080,A,00,00,SYNC,00,00,,3,3,4B,4B,00,00,1
4486,1080,B,00,00,SYNC,00,00,,3,3,4B,4B,00,00,1
4487,1080,A,00,00,SYNC,00,00,,3,3,4B,4B,00,00,1
4488,1080,B,00,00,SYNC,00,00,,3,3,4B,4B,00,00,1
4489,1080,A,00,00,SYNC,00,00,,3,3,4B,4B,00,00,1
4490,1080,B,00,00,SYNC,00,00,,3,3,4B,4B,00,00,1
4491,1080,A,00,00,SYNC,00,00,,3,3,4B,4B,00,00,1
4492,1080,B,00,00,SYNC,00,00,,3,3,4B,4B,00,00,1
4493,1080,A,00,00,SYNC,00,00,,3,3,4B,4B,00,00,1
4494,1080,B,00,00,SYNC,00,00,,3,3,4B,4B,00,00,1
4495,1080,A,00,00,SYNC,00,00,,3,3,4B,4B,00,00,1
4496,1080,B,00,00,SYNC,00,00,,3,3,4B,4B,00,00,1
4497,1080,A,00,00,SYNC,00,00,,3,3,4B,4B,00,00,1
4498,1080,B,00,00,SYNC,00,00,,3,3,4B,4B,00,00,1
4499,1080,A,00,00,SYNC,00,00,,3,3,4B,4B,00,00,1
4500,1080,B,00,00,SYNC,00,00,,3,3,4B,4B,00,00,1
4501,1080,A,00,00,SYNC,00,00,,3,3,4B,4B,00,00,1
4502,1080,B,00,00,SYNC,00,00,,3,3,4B,4B,00,00,1
4503,1080,A,00,00,SYNC,00,00,,3,3,4B,4B,00,00,1
4504,1080,B,00,00,SYNC,00,00,,3,3,4B,4B,00,00,1
4505,1080,A,00,00,SYNC,00,00,,3,3,4B,4B,00,00,1
4506,1080,B,00,00,SYNC,00,00,,3,3,4B,4B,00,00,1
4507,1080,A,00,00,SYNC,00,00,,3,3,4B,4B,00,00,1
4508,1080,B,00,00,SYNC,00,00,,3,3,4B,4B,00,00,1
4509,1080,A,00,00,SYNC,00,00,,3,3,4B,4B,00,00,1
4510,1080,B,00,00,SYNC,00,00,,3,3,4B,4B,00,00,1
4511,1080,A,00,00,SYNC,00,00,,3,3,4B,4B,00,00,1
4512,1080,B,00,00,SYNC,00,00,,3,3,4B,4B,00,00,1
4513,1080,A,00,00,SYNC,00,00,,3,3,4B,4B,00,00,1
4514,1080,B,00,00,SYNC,00,00,,3,3,4B,4B,00,00,1
4515,1080,A,00,00,SYNC,00,00,,3,3,4B,4B,00,00,1
4516,1080,B,00,00,SYNC,00,00,,3,3,4B,4B,00,00,1
4517,1080,A,00,00,SYNC,00,00,,3,3,4B,4B,00,00,1
4518,1080,B,00,00,SYNC,00,00,,3,3,4B,4B,00,00,1
4519,1080,A,00,00,SYNC,00,00,,3,3,4B,4B,00,00,1
4520,1080,B,00,00,SYNC,00,00,,3,3,4B,4B,00,00,1
4521,1080,A,00,00,SYNC,00,00,,3,3,4B,4B,00,00,1
4522,1080,B,00,00,SYNC,00,00,,3,3,4B,4B,00,00,1
4523,1080,A,00,00,SYNC,00,00,,3,3,4B,4B,00,00,1
4524,1080,B,00,00,SYNC,00,00,,3,3,4B,4B,00,00,1
4525,1080,A,00,00,SYNC,00,00,,3,3,4B,4B,00,00,1
4526,1080,B,00,00,SYNC,00,00,,3,3,4B,4B,00,00,1
4527,1080,A,00,00,SYNC,00,00,,3,3,4B,4B,00,00,1
4528,1080,B,00,00,SYNC,00,00,,3,3,4B,4B,00,00,1
4529,1080,A,00,00,SYNC,00,00,,3,3,4B,4B,00,00,1
4530,1080,B,00,00,SYNC,00,00,,3,3,4B,4B,00,00,1
4531,1080,A,00,00,SYNC,00,00,,3,3,4B,4B,00,00,1
4532,1080,B,00,00,SYNC,00,00,,3,3,4B,4B,00,00,1
4533,1080,A,00,00,SYNC,00,00,,3,3,4B,4B,00,00,1
4534,1080,B,00,00,SYNC,00,00,,3,3,4B,4B,00,00,1
4535,1080,A,00,00,SYNC,00,00,,3,3,4B,4B,00,00,1
4536,1080,B,00,00,SYNC,00,00,,3,3,4B,4B,00,00,1
4537,1080,A,00,00,SYNC,00,00,,3,3,4B,4B,00,00,1
4538,1080,B,00,00,SYNC,00,00,,3,3,4B,4B,00,00,1
4539,1080,A,00,00,SYNC,00,00,,3,3,4B,4B,00,00,1
4540,1080,B,00,00,SYNC,00,00,,3,3,4B,4B,00,00,1
4541,1080,A,00,00,SYNC,00,00,,3,3,4B,4B,00,00,1
4542,1080,B,00,00,SYNC,00,00,,3,3,4B,4B,00,00,1
4543,1080,A,00,00,SYNC,00,00,,3,3,4B,4B,00,00,1
4544,1080,B,00,00,SYNC,00,00,,3,3,4B,4B,00,00,1
4545,1080,A,00,00,SYNC,00,00,,3,3,4B,4B,00,00,1
4546,1080,B,00,00,SYNC,00,00,,3,3,4B,4B,00,00,1
4547,1080,A,00,00,SYNC,00,00,,3,3,4B,4B,00,00,1
4548,1080,B,00,00,SYNC,00,00,,3,3,4B,4B,00,00,1
4549,1080,A,00,00,SYNC,00,00,,3,3,4B,4B,00,00,1
4550,1080,B,00,00,SYNC,00,00,,3,3,4B,4B,00,00,1
4551,1080,A,00,00,SYNC,00,00,,3,3,4B,4B,00,00,1
4552,1080,B,00,00,SYNC,00,00,,3,3,4B,4B,00,00,1
4553,1080,A,00,00,SYNC,00,00,,3,3,4B,4B,00,00,1
4554,1080,B,00,00,SYNC,00,00,,3,3,4B,4B,00,00,1
4555,1080,A,00,00,SYNC,00,00,,3,3,4B,4B,00,00,1
4556,1080,B,00,00,SYNC,00,00,,3,3,4B,4B,00,00,1
4557,1080,A,00,00,SYNC,00,00,,3,3,4B,4B,00,00,1
4558,1080,B,00,00,SYNC,00,00,,3,3,4B,4B,00,00,1
4559,1080,A,00,00,SYNC,00,00,,3,3,4B,4B,00,00,1
4560,1080,B,00,00,SYNC,00,00,,3,3,4B,4B,00,00,1
4561,1080,A,00,00,SYNC,00,00,,3,3,4B,4B,00,00,1
4562,1080,B,00,00,SYNC,00,00,,3,3,4B,4B,00,00,1
4563,1080,A,00,00,SYNC,00,00,,3,3,4B,4B,00,00,1
4564,1080,B,00,00,SYNC,00,00,,3,3,4B,4B,00,00,1
4565,1080,A,00,00,SYNC,00,00,,3,3,4B,4B,00,00,1
4566,1080,B,00,00,SYNC,00,00,,3,3,4B,4B,00,00,1
4567,1080,A,00,00,SYNC,00,00,,3,3,4B,4B,00,00,1
4568,1080,B,00,00,SYNC,00,00,,3,3,4B,4B,00,00,1
4569,1080,A,00,00,SYNC,00,00,,3,3,4B,4B,00,00,1
4570,1080,B,00,00,SYNC,00,00,,3,3,4B,4B,00,00,1
4571,1080,A,00,00,SYNC,00,00,,3,3,4B,4B,00,00,1
4572,1080,B,00,00,SYNC,00,00,,3,3,4B,4B,00,00,1
4573,1080,A,00,00,SYNC,00,00,,3,3,4B,4B,00,00,1
4574,1080,B,00,00,SYNC,00,00,,3,3,4B,4B,00,00,1
4575,1080,A,00,00,SYNC,00,00,,3,3,4B,4B,00,00,1
4576,1080,B,00,00,SYNC,00,00,,3,3,4B,4B,00,00,1
4577,1080,A,00,00,SYNC,00,00,,3,3,4B,4B,00,00,1
4578,1080,B,00,00,SYNC,00,00,,3,3,4B,4B,00,00,1
4579,1080,A,00,00,SYNC,00,00,,3,3,4B,4B,00,00,1
4580,1080,B,00,00,SYNC,00,00,,3,3,4B,4B,00,00,1
4581,1080,A,00,00,SYNC,00,00,,3,3,4B,4B,00,00,1
4582,1080,B,00,00,SYNC,00,00,,3,3,4B,4B,00,00,1
4583,1080,A,00,00,SYNC,00,00,,3,3,4B,4B,00,00,1
4584,1080,B,00,00,SYNC,00,00,,3,3,4B,4B,00,00,1
4585,1080,A,00,00,SYNC,00,00,,3,3,4B,4B,00,00,1
4586,1080,B,00,00,SYNC,00,00,,3,3,4B,4B,00,00,1
4587,1080,A,00,00,SYNC,00,00,,3,3,4B,4B,00,00,1
4588,1080,B,00,00,SYNC,00,00,,3,3,4B,4B,00,00,1
4589,1080,A,00,00,SYNC,00,00,,3,3,4B,4B,00,00,1
4590,1080,B,00,00,SYNC,00,00,,3,3,4B,4B,00,00,1
4591,1080,A,00,00,SYNC,00,00,,3,3,4B,4B,00,00,1
4592,1080,B,00,00,SYNC,00,00,,3,3,4B,4B,00,00,1
4593,1080,A,00,00,SYNC,00,00,,3,3,4B,4B,00,00,1
4594,1080,B,00,00,SYNC,00,00,,3,3,4B,4B,00,00,1
4595,1080,A,00,00,SYNC,00,00,,3,3,4B,4B,00,00,1
4596,1080,B,00,00,SYNC,00,00,,3,3,4B,4B,00,00,1
4597,1080,A,00,00,SYNC,00,00,,3,3,4B,4B,00,00,1
4598,1080,B,00,00,SYNC,00,00,,3,3,4B,4B,00,00,1
4599,1080,A,00,00,SYNC,00,00,,3,3,4B,4B,00,00,1
4600,1080,B,00,00,SYNC,00,00,,3,3,4B,4B,00,00,1
4601,1080,A,00,00,SYNC,00,00,,3,3,4B,4B,00,00,1
4602,1080,B,00,00,SYNC,00,00,,3,3,4B,4B,00,00,1
4603,1080,A,00,00,SYNC,00,00,,3,3,4B,4B,00,00,1
4604,1080,B,00,00,SYNC,00,00,,3,3,4B,4B,00,00,1
4605,1080,A,00,00,SYNC,00,00,,3,3,4B,4B,00,00,1
4606,1080,B,00,00,SYNC,00,00,,3,3,4B,4B,00,00,1
4607,1080,A,00,00,SYNC,00,00,,3,3,4B,4B,00,00,1
4608,1080,B,00,00,SYNC,00,00,,3,3,4B,4B,00,00,1
4609,1080,A,00,00,SYNC,00,00,,3,3,4B,4B,00,00,1
4610,1080,B,00,00,SYNC,00,00,,3,3,4B,4B,00,00,1
4611,1080,A,00,00,SYNC,00,00,,3,3,4B,4B,00,00,1
4612,1080,B,00,00,SYNC,00,00,,3,3,4B,4B,00,00,1
4613,1080,A,00,00,SYNC,00,00,,3,3,4B,4B,00,00,1
4614,1080,B,00,00,SYNC,00,00,,3,3,4B,4B,00,00,1
4615,1080,A,00,00,SYNC,00,00,,3,3,4B,4B,00,00,1
4616,1080,B,00,00,SYNC,00,00,,3,3,4B,4B,00,00,1
4617,1080,A,00,00,SYNC,00,00,,3,3,4B,4B,00,00,1
4618,1080,B,00,00,SYNC,00,00,,3,3,4B,4B,00,00,1
4619,1080,A,00,00,SYNC,00,00,,3,3,4B,4B,00,00,1
4620,1080,B,00,00,SYNC,00,00,,3,3,4B,4B,00,00,1
4621,1080,A,00,00,SYNC,00,00,,3,3,4B,4B,00,00,1
4622,1080,B,00,00,SYNC,00,00,,3,3,4B,4B,00,00,1
4623,1080,A,00,00,SYNC,00,00,,3,3,4B,4B,00,00,1
4624,1080,B,00,00,SYNC,00,00,,3,3,4B,4B,00,00,1
4625,1080,A,00,00,SYNC,00,00,,3,3,4B,4B,00,00,1
4626,1080,B,00,00,SYNC,00,00,,3,3,4B,4B,00,00,1
4627,1080,A,00,00,SYNC,00,00,,3,3,4B,4B,00,00,1
4628,1080,B,00,00,SYNC,00,00,,3,3,4B,4B,00,00,1
4629,1080,A,00,00,SYNC,00,00,,3,3,4B,4B,00,00,1
4630,1080,B,00,00,SYNC,00,00,,3,3,4B,4B,00,00,1
4631,1080,A,00,00,SYNC,00,00,,3,3,4B,4B,00,00,1
4632,1080,B,00,00,SYNC,00,00,,3,3,4B,4B,00,00,1
4633,1080,A,00,00,SYNC,00,00,,3,3,4B,4B,00,00,1
4634,1080,B,00,00,SYNC,00,00,,3,3,4B,4B,00,00,1
4635,1080,A,00,00,SYNC,00,00,,3,3,4B,4B,00,00,1
4636,1080,B,00,00,SYNC,00,00,,3,3,4B,4B,00,00,1
4637,1080,A,00,00,SYNC,00,00,,3,3,4B,4B,00,00,1
4638,1080,B,00,00,SYNC,00,00,,3,3,4B,4B,00,00,1
4639,1080,A,00,00,SYNC,00,00,,3,3,4B,4B,00,00,1
4640,1080,B,00,00,SYNC,00,00,,3,3,4B,4B,00,00,1
4641,1080,A,00,00,SYNC,00,00,,3,3,4B,4B,00,00,1
4642,1080,B,00,00,SYNC,00,00,,3,3,4B,4B,00,00,1
4643,1080,A,00,00,SYNC,00,00,,3,3,4B,4B,00,00,1
4644,1080,B,00,00,SYNC,00,00,,3,3,4B,4B,00,00,1
4645,1080,A,00,00,SYNC,00,00,,3,3,4B,4B,00,00,1
4646,1080,B,00,00,SYNC,00,00,,3,3,4B,4B,00,00,1
4647,1080,A,00,00,SYNC,00,00,,3,3,4B,4B,00,00,1
4648,1080,B,00,00,SYNC,00,00,,3,3,4B,4B,00,00,1
4649,1080,A,00,00,SYNC,00,00,,3,3,4B,4B,00,00,1
4650,1080,B,00,00,SYNC,00,00,,3,3,4B,4B,00,00,1
4651,1080,A,00,00,SYNC,00,00,,3,3,4B,4B,00,00,1
4652,1080,B,00,00,SYNC,00,00,,3,3,4B,4B,00,00,1
4653,1080,A,00,00,SYNC,00,00,,3,3,4B,4B,00,00,1
4654,1080,B,00,00,SYNC,00,00,,3,3,4B,4B,00,00,1
4655,1080,A,00,00,SYNC,00,00,,3,3,4B,4B,00,00,1
4656,1080,B,00,00,SYNC,00,00,,3,3,4B,4B,00,00,1
4657,1080,A,00,00,SYNC,00,00,,3,3,4B,4B,00,00,1
4658,1080,B,00,00,SYNC,00,00,,3,3,4B,4B,00,00,1
4659,1080,A,00,00,SYNC,00,00,,3,3,4B,4B,00,00,1
4660,1080,B,00,00,SYNC,00,00,,3,3,4B,4B,00,00,1
4661,1080,A,00,00,SYNC,00,00,,3,3,4B,4B,00,00,1
4662,1080,B,00,00,SYNC,00,00,,3,3,4B,4B,00,00,1
4663,1080,A,00,00,SYNC,00,00,,3,3,4B,4B,00,00,1
4664,1080,B,00,00,SYNC,00,00,,3,3,4B,4B,00,00,1
4665,1080,A,00,00,SYNC,00,00,,3,3,4B,4B,00,00,1
4666,1080,B,00,00,SYNC,00,00,,3,3,4B,4B,00,00,1
4667,1080,A,00,00,SYNC,00,00,,3,3,4B,4B,00,00,1
4668,1080,B,00,00,SYNC,00,00,,3,3,4B,4B,00,00,1
4669,1080,A,00,00,SYNC,00,00,,3,3,4B,4B,00,00,1
4670,1080,B,00,00,SYNC,00,00,,3,3,4B,4B,00,00,1
4671,1080,A,00,00,SYNC,00,00,,3,3,4B,4B,00,00,1
4672,1080,B,00,00,SYNC,00,00,,3,3,4B,4B,00,00,1
4673,1080,A,00,00,SYNC,00,00,,3,3,4B,4B,00,00,1
4674,1080,B,00,00,SYNC,00,00,,3,3,4B,4B,00,00,1
4675,1080,A,00,00,SYNC,00,00,,3,3,4B,4B,00,00,1
4676,1080,B,00,00,SYNC,00,00,,3,3,4B,4B,00,00,1
4677,1080,A,00,00,SYNC,00,00,,3,3,4B,4B,00,00,1
4678,1080,B,00,00,SYNC,00,00,,3,3,4B,4B,00,00,1
4679,1080,A,00,00,SYNC,00,00,,3,3,4B,4B,00,00,1
4680,1080,B,00,00,SYNC,00,00,,3,3,4B,4B,00,00,1
4681,1080,A,00,00,SYNC,00,00,,3,3,4B,4B,00,00,1
4682,1080,B,00,00,SYNC,00,00,,3,3,4B,4B,00,00,1
4683,1080,A,00,00,SYNC,00,00,,3,3,4B,4B,00,00,1
4684,1080,B,00,00,SYNC,00,00,,3,3,4B,4B,00,00,1
4685,1080,A,00,00,SYNC,00,00,,3,3,4B,4B,00,00,1
4686,1080,B,00,00,SYNC,00,00,,3,3,4B,4B,00,00,1
4687,1080,A,00,00,SYNC,00,00,,3,3,4B,4B,00,00,1
4688,1080,B,00,00,SYNC,00,00,,3,3,4B,4B,00,00,1
4689,1080,A,00,00,SYNC,00,00,,3,3,4B,4B,00,00,1
4690,1080,B,00,00,SYNC,00,00,,3,3,4B,4B,00,00,1
4691,1080,A,00,00,SYNC,00,00,,3,3,4B,4B,00,00,1
4692,1080,B,00,00,SYNC,00,00,,3,3,4B,4B,00,00,1
4693,1080,A,00,00,SYNC,00,00,,3,3,4B,4B,00,00,1
4694,1080,B,00,00,SYNC,00,00,,3,3,4B,4B,00,00,1
4695,1080,A,00,00,SYNC,00,00,,3,3,4B,4B,00,00,1
4696,1080,B,00,00,SYNC,00,00,,3,3,4B,4B,00,00,1
4697,1080,A,00,00,SYNC,00,00,,3,3,4B,4B,00,00,1
4698,1080,B,00,00,SYNC,00,00,,3,3,4B,4B,00,00,1
4699,1080,A,00,00,SYNC,00,00,,3,3,4B,4B,00,00,1
4700,1080,B,00,00,SYNC,00,00,,3,3,4B,4B,00,00,1
4701,1080,A,00,00,SYNC,00,00,,3,3,4B,4B,00,00,1
4702,1080,B,00,00,SYNC,00,00,,3,3,4B,4B,00,00,1
4703,1080,A,00,00,SYNC,00,00,,3,3,4B,4B,00,00,1
4704,1080,B,00,00,SYNC,00,00,,3,3,4B,4B,00,00,1
4705,1080,A,00,00,SYNC,00,00,,3,3,4B,4B,00,00,1
4706,1080,B,00,00,SYNC,00,00,,3,3,4B,4B,00,00,1
4707,1080,A,00,00,SYNC,00,00,,3,3,4B,4B,00,00,1
4708,1080,B,00,00,SYNC,00,00,,3,3,4B,4B,00,00,1
4709,1080,A,00,00,SYNC,00,00,,3,3,4B,4B,00,00,1
4710,1080,B,00,00,SYNC,00,00,,3,3,4B,4B,00,00,1
4711,1080,A,00,00,SYNC,00,00,,3,3,4B,4B,00,00,1
4712,1080,B,00,00,SYNC,00,00,,3,3,4B,4B,00,00,1
4713,1080,A,00,00,SYNC,00,00,,3,3,4B,4B,00,00,1
4714,1080,B,00,00,SYNC,00,00,,3,3,4B,4B,00,00,1
4715,1080,A,00,00,SYNC,00,00,,3,3,4B,4B,00,00,1
4716,1080,B,00,00,SYNC,00,00,,3,3,4B,4B,00,00,1
4717,1080,A,00,00,SYNC,00,00,,3,3,4B,4B,00,00,1
4718,1080,B,00,00,SYNC,00,00,,3,3,4B,4B,00,00,1
4719,1080,A,00,00,SYNC,00,00,,3,3,4B,4B,00,00,1
4720,1080,B,00,00,SYNC,00,00,,3,3,4B,4B,00,00,1
4721,1080,A,00,00,SYNC,00,00,,3,3,4B,4B,00,00,1
4722,1080,B,00,00,SYNC,00,00,,3,3,4B,4B,00,00,1
4723,1080,A,00,00,SYNC,00,00,,3,3,4B,4B,00,00,1
4724,1080,B,00,00,SYNC,00,00,,3,3,4B,4B,00,00,1
4725,1080,A,00,00,SYNC,00,00,,3,3,4B,4B,00,00,1
4726,1080,B,00,00,SYNC,00,00,,3,3,4B,4B,00,00,1
4727,1080,A,00,00,SYNC,00,00,,3,3,4B,4B,00,00,1
4728,1080,B,00,00,SYNC,00,00,,3,3,4B,4B,00,00,1
4729,1080,A,00,00,SYNC,00,00,,3,3,4B,4B,00,00,1
4730,1080,B,00,00,SYNC,00,00,,3,3,4B,4B,00,00,1
4731,1080,A,00,00,SYNC,00,00,,3,3,4B,4B,00,00,1
4732,1080,B,00,00,SYNC,00,00,,3,3,4B,4B,00,00,1
4733,1080,A,00,00,SYNC,00,00,,3,3,4B,4B,00,00,1
4734,1080,B,00,00,SYNC,00,00,,3,3,4B,4B,00,00,1
4735,1080,A,00,00,SYNC,00,00,,3,3,4B,4B,00,00,1
4736,1080,B,00,00,SYNC,00,00,,3,3,4B,4B,00,00,1
4737,1080,A,00,00,SYNC,00,00,,3,3,4B,4B,00,00,1
4738,1080,B,00,00,SYNC,00,00,,3,3,4B,4B,00,00,1
4739,1080,A,00,00,SYNC,00,00,,3,3,4B,4B,00,00,1
4740,1080,B,00,00,SYNC,00,00,,3,3,4B,4B,00,00,1
4741,1080,A,00,00,SYNC,00,00,,3,3,4B,4B,00,00,1
4742,1080,B,00,00,SYNC,00,00,,3,3,4B,4B,00,00,1
4743,1080,A,00,00,SYNC,00,00,,3,3,4B,4B,00,00,1
4744,1080,B,00,00,SYNC,00,00,,3,3,4B,4B,00,00,1
4745,1080,A,00,00,SYNC,00,00,,3,3,4B,4B,00,00,1
4746,1080,B,00,00,SYNC,00,00,,3,3,4B,4B,00,00,1
4747,1080,A,00,00,SYNC,00,00,,3,3,4B,4B,00,00,1
4748,1080,B,00,00,SYNC,00,00,,3,3,4B,4B,00,00,1
4749,1080,A,00,00,SYNC,00,00,,3,3,4B,4B,00,00,1
4750,1080,B,00,00,SYNC,00,00,,3,3,4B,4B,00,00,1
4751,1080,A,00,00,SYNC,00,00,,3,3,4B,4B,00,00,1
4752,1080,B,00,00,SYNC,00,00,,3,3,4B,4B,00,00,1
4753,1080,A,00,00,SYNC,00,00,,3,3,4B,4B,00,00,1
4754,1080,B,00,00,SYNC,00,00,,3,3,4B,4B,00,00,1
4755,1080,A,00,00,SYNC,00,00,,3,3,4B,4B,00,00,1
4756,1080,B,00,00,SYNC,00,00,,3,3,4B,4B,00,00,1
4757,1080,A,00,00,SYNC,00,00,,3,3,4B,4B,00,00,1
4758,1080,B,00,00,SYNC,00,00,,3,3,4B,4B,00,00,1
4759,1080,A,00,00,SYNC,00,00,,3,3,4B,4B,00,00,1
4760,1080,B,00,00,SYNC,00,00,,3,3,4B,4B,00,00,1
4761,1080,A,00,00,SYNC,00,00,,3,3,4B,4B,00,00,1
4762,1080,B,00,00,SYNC,00,00,,3,3,4B,4B,00,00,1
4763,1080,A,00,00,SYNC,00,00,,3,3,4B,4B,00,00,1
4764,1080,B,00,00,SYNC,00,00,,3,3,4B,4B,00,00,1
4765,1080,A,00,00,SYNC,00,00,,3,3,4B,4B,00,00,1
4766,1080,B,00,00,SYNC,00,00,,3,3,4B,4B,00,00,1
4767,1080,A,00,00,SYNC,00,00,,3,3,4B,4B,00,00,1
4768,1080,B,00,00,SYNC,00,00,,3,3,4B,4B,00,00,1
4769,1080,A,00,00,SYNC,00,00,,3,3,4B,4B,00,00,1
4770,1080,B,00,00,SYNC,00,00,,3,3,4B,4B,00,00,1
4771,1080,A,00,00,SYNC,00,00,,3,3,4B,4B,00,00,1
4772,1080,B,00,00,SYNC,00,00,,3,3,4B,4B,00,00,1
4773,1080,A,00,00,SYNC,00,00,,3,3,4B,4B,00,00,1
4774,1080,B,00,00,SYNC,00,00,,3,3,4B,4B,00,00,1
4775,1080,A,00,00,SYNC,00,00,,3,3,4B,4B,00,00,1
4776,1080,B,00,00,SYNC,00,00,,3,3,4B,4B,00,00,1
4777,1080,A,00,00,SYNC,00,00,,3,3,4B,4B,00,00,1
4778,1080,B,00,00,SYNC,00,00,,3,3,4B,4B,00,00,1
4779,1080,A,00,00,SYNC,00,00,,3,3,4B,4B,00,00,1
4780,1080,B,00,00,SYNC,00,00,,3,3,4B,4B,00,00,1
4781,1080,A,00,00,SYNC,00,00,,3,3,4B,4B,00,00,1
4782,1080,B,00,00,SYNC,00,00,,3,3,4B,4B,00,00,1
4783,1080,A,00,00,SYNC,00,00,,3,3,4B,4B,00,00,1
4784,1080,B,00,00,SYNC,00,00,,3,3,4B,4B,00,00,1
4785,1080,A,00,00,SYNC,00,00,,3,3,4B,4B,00,00,1
4786,1080,B,00,00,SYNC,00,00,,3,3,4B,4B,00,00,1
4787,1080,A,00,00,SYNC,00,00,,3,3,4B,4B,00,00,1
4788,1080,B,00,00,SYNC,00,00,,3,3,4B,4B,00,00,1
4789,1080,A,00,00,SYNC,00,00,,3,3,4B,4B,00,00,1
4790,1080,B,00,00,SYNC,00,00,,3,3,4B,4B,00,00,1
4791,1080,A,00,00,SYNC,00,00,,3,3,4B,4B,00,00,1
4792,1080,B,00,00,SYNC,00,00,,3,3,4B,4B,00,00,1
4793,1080,A,00,00,SYNC,00,00,,3,3,4B,4B,00,00,1
4794,1080,B,00,00,SYNC,00,00,,3,3,4B,4B,00,00,1
4795,1080,A,00,00,SYNC,00,00,,3,3,4B,4B,00,00,1
4796,1080,B,00,00,SYNC,00,00,,3,3,4B,4B,00,00,1
4797,1080,A,00,00,SYNC,00,00,,3,3,4B,4B,00,00,1
4798,1080,B,00,00,SYNC,00,00,,3,3,4B,4B,00,00,1
4799,1080,A,00,00,SYNC,00,00,,3,3,4B,4B,00,00,1
4800,1080,B,00,00,SYNC,00,00,,3,3,4B,4B,00,00,1
4801,1080,A,00,00,SYNC,00,00,,3,3,4B,4B,00,00,1
4802,1080,B,00,00,SYNC,00,00,,3,3,4B,4B,00,00,1
4803,1080,A,00,00,SYNC,00,00,,3,3,4B,4B,00,00,1
4804,1080,B,00,00,SYNC,00,00,,3,3,4B,4B,00,00,1
4805,1080,A,00,00,SYNC,00,00,,3,3,4B,4B,00,00,1
4806,1080,B,00,00,SYNC,00,00,,3,3,4B,4B,00,00,1
4807,1080,A,00,00,SYNC,00,00,,3,3,4B,4B,00,00,1
4808,1080,B,00,00,SYNC,00,00,,3,3,4B,4B,00,00,1
4809,1080,A,00,00,SYNC,00,00,,3,3,4B,4B,00,00,1
4810,1080,B,00,00,SYNC,00,00,,3,3,4B,4B,00,00,1
4811,1080,A,00,00,SYNC,00,00,,3,3,4B,4B,00,00,1
4812,1080,B,00,00,SYNC,00,00,,3,3,4B,4B,00,00,1
4813,1080,A,00,00,SYNC,00,00,,3,3,4B,4B,00,00,1
4814,1080,B,00,00,SYNC,00,00,,3,3,4B,4B,00,00,1
4815,1080,A,00,00,SYNC,00,00,,3,3,4B,4B,00,00,1
4816,1080,B,00,00,SYNC,00,00,,3,3,4B,4B,00,00,1
4817,1080,A,00,00,SYNC,00,00,,3,3,4B,4B,00,00,1
4818,1080,B,00,00,SYNC,00,00,,3,3,4B,4B,00,00,1
4819,1080,A,00,00,SYNC,00,00,,3,3,4B,4B,00,00,1
4820,1080,B,00,00,SYNC,00,00,,3,3,4B,4B,00,00,1
4821,1080,A,00,00,SYNC,00,00,,3,3,4B,4B,00,00,1
4822,1080,B,00,00,SYNC,00,00,,3,3,4B,4B,00,00,1
4823,1080,A,00,00,SYNC,00,00,,3,3,4B,4B,00,00,1
4824,1080,B,00,00,SYNC,00,00,,3,3,4B,4B,00,00,1
4825,1080,A,00,00,SYNC,00,00,,3,3,4B,4B,00,00,1
4826,1080,B,00,00,SYNC,00,00,,3,3,4B,4B,00,00,1
4827,1080,A,00,00,SYNC,00,00,,3,3,4B,4B,00,00,1
4828,1080,B,00,00,SYNC,00,00,,3,3,4B,4B,00,00,1
4829,1080,A,00,00,SYNC,00,00,,3,3,4B,4B,00,00,1
4830,1080,B,00,00,SYNC,00,00,,3,3,4B,4B,00,00,1
4831,1080,A,00,00,SYNC,00,00,,3,3,4B,4B,00,00,1
4832,1080,B,00,00,SYNC,00,00,,3,3,4B,4B,00,00,1
4833,1080,A,00,00,SYNC,00,00,,3,3,4B,4B,00,00,1
4834,1080,B,00,00,SYNC,00,00,,3,3,4B,4B,00,00,1
4835,1080,A,00,00,SYNC,00,00,,3,3,4B,4B,00,00,1
4836,1080,B,00,00,SYNC,00,00,,3,3,4B,4B,00,00,1
4837,1080,A,00,00,SYNC,00,00,,3,3,4B,4B,00,00,1
4838,1080,B,00,00,SYNC,00,00,,3,3,4B,4B,00,00,1
4839,1080,A,00,00,SYNC,00,00,,3,3,4B,4B,00,00,1
4840,1080,B,00,00,SYNC,00,00,,3,3,4B,4B,00,00,1
4841,1080,A,00,00,SYNC,00,00,,3,3,4B,4B,00,00,1
4842,1080,B,00,00,SYNC,00,00,,3,3,4B,4B,00,00,1
4843,1080,A,00,00,SYNC,00,00,,3,3,4B,4B,00,00,1
4844,1080,B,00,00,SYNC,00,00,,3,3,4B,4B,00,00,1
4845,1080,A,00,00,SYNC,00,00,,3,3,4B,4B,00,00,1
4846,1080,B,00,00,SYNC,00,00,,3,3,4B,4B,00,00,1
4847,1080,A,00,00,SYNC,00,00,,3,3,4B,4B,00,00,1
4848,1080,B,00,00,SYNC,00,00,,3,3,4B,4B,00,00,1
4849,1080,A,00,00,SYNC,00,00,,3,3,4B,4B,00,00,1
4850,1080,B,00,00,SYNC,00,00,,3,3,4B,4B,00,00,1
4851,1080,A,00,00,SYNC,00,00,,3,3,4B,4B,00,00,1
4852,1080,B,00,00,SYNC,00,00,,3,3,4B,4B,00,00,1
4853,1080,A,00,00,SYNC,00,00,,3,3,4B,4B,00,00,1
4854,1080,B,00,00,SYNC,00,00,,3,3,4B,4B,00,00,1
4855,1080,A,00,00,SYNC,00,00,,3,3,4B,4B,00,00,1
4856,1080,B,00,00,SYNC,00,00,,3,3,4B,4B,00,00,1
4857,1080,A,00,00,SYNC,00,00,,3,3,4B,4B,00,00,1
4858,1080,B,00,00,SYNC,00,00,,3,3,4B,4B,00,00,1
4859,1080,A,00,00,SYNC,00,00,,3,3,4B,4B,00,00,1
4860,1080,B,00,00,SYNC,00,00,,3,3,4B,4B,00,00,1
4861,1080,A,00,00,SYNC,00,00,,3,3,4B,4B,00,00,1
4862,1080,B,00,00,SYNC,00,00,,3,3,4B,4B,00,00,1
4863,1080,A,00,00,SYNC,00,00,,3,3,4B,4B,00,00,1
4864,1080,B,00,00,SYNC,00,00,,3,3,4B,4B,00,00,1
4865,1080,A,00,00,SYNC,00,00,,3,3,4B,4B,00,00,1
4866,1080,B,00,00,SYNC,00,00,,3,3,4B,4B,00,00,1
4867,1080,A,00,00,SYNC,00,00,,3,3,4B,4B,00,00,1
4868,1080,B,00,00,SYNC,00,00,,3,3,4B,4B,00,00,1
4869,1080,A,00,00,SYNC,00,00,,3,3,4B,4B,00,00,1
4870,1080,B,00,00,SYNC,00,00,,3,3,4B,4B,00,00,1
4871,1080,A,00,00,SYNC,00,00,,3,3,4B,4B,00,00,1
4872,1080,B,00,00,SYNC,00,00,,3,3,4B,4B,00,00,1
4873,1080,A,00,00,SYNC,00,00,,3,3,4B,4B,00,00,1
4874,1080,B,00,00,SYNC,00,00,,3,3,4B,4B,00,00,1
4875,1080,A,00,00,SYNC,00,00,,3,3,4B,4B,00,00,1
4876,1080,B,00,00,SYNC,00,00,,3,3,4B,4B,00,00,1
4877,1080,A,00,00,SYNC,00,00,,3,3,4B,4B,00,00,1
4878,1080,B,00,00,SYNC,00,00,,3,3,4B,4B,00,00,1
4879,1080,A,00,00,SYNC,00,00,,3,3,4B,4B,00,00,1
4880,1080,B,00,00,SYNC,00,00,,3,3,4B,4B,00,00,1
4881,1080,A,00,00,SYNC,00,00,,3,3,4B,4B,00,00,1
4882,1080,B,00,00,SYNC,00,00,,3,3,4B,4B,00,00,1
4883,1080,A,00,00,SYNC,00,00,,3,3,4B,4B,00,00,1
4884,1080,B,00,00,SYNC,00,00,,3,3,4B,4B,00,00,1
4885,1080,A,00,00,SYNC,00,00,,3,3,4B,4B,00,00,1
4886,1080,B,00,00,SYNC,00,00,,3,3,4B,4B,00,00,1
4887,1080,A,00,00,SYNC,00,00,,3,3,4B,4B,00,00,1
4888,1080,B,00,00,SYNC,00,00,,3,3,4B,4B,00,00,1
4889,1080,A,00,00,SYNC,00,00,,3,3,4B,4B,00,00,1
4890,1080,B,00,00,SYNC,00,00,,3,3,4B,4B,00,00,1
4891,1080,A,00,00,SYNC,00,00,,3,3,4B,4B,00,00,1
4892,1080,B,00,00,SYNC,00,00,,3,3,4B,4B,00,00,1
4893,1080,A,00,00,SYNC,00,00,,3,3,4B,4B,00,00,1
4894,1080,B,00,00,SYNC,00,00,,3,3,4B,4B,00,00,1
4895,1080,A,00,00,SYNC,00,00,,3,3,4B,4B,00,00,1
4896,1080,B,00,00,SYNC,00,00,,3,3,4B,4B,00,00,1
4897,1080,A,00,00,SYNC,00,00,,3,3,4B,4B,00,00,1
4898,1080,B,00,00,SYNC,00,00,,3,3,4B,4B,00,00,1
4899,1080,A,00,00,SYNC,00,00,,3,3,4B,4B,00,00,1
4900,1080,B,00,00,SYNC,00,00,,3,3,4B,4B,00,00,1
4901,1080,A,00,00,SYNC,00,00,,3,3,4B,4B,00,00,1
4902,1080,B,00,00,SYNC,00,00,,3,3,4B,4B,00,00,1
4903,1080,A,00,00,SYNC,00,00,,3,3,4B,4B,00,00,1
4904,1080,B,00,00,SYNC,00,00,,3,3,4B,4B,00,00,1
4905,1080,A,00,00,SYNC,00,00,,3,3,4B,4B,00,00,1
4906,1080,B,00,00,SYNC,00,00,,3,3,4B,4B,00,00,1
4907,1080,A,00,00,SYNC,00,00,,3,3,4B,4B,00,00,1
4908,1080,B,00,00,SYNC,00,00,,3,3,4B,4B,00,00,1
4909,1080,A,00,00,SYNC,00,00,,3,3,4B,4B,00,00,1
4910,1080,B,00,00,SYNC,00,00,,3,3,4B,4B,00,00,1
4911,1080,A,00,00,SYNC,00,00,,3,3,4B,4B,00,00,1
4912,1080,B,00,00,SYNC,00,00,,3,3,4B,4B,00,00,1
4913,1080,A,00,00,SYNC,00,00,,3,3,4B,4B,00,00,1
4914,1080,B,00,00,SYNC,00,00,,3,3,4B,4B,00,00,1
4915,1080,A,00,00,SYNC,00,00,,3,3,4B,4B,00,00,1
4916,1080,B,00,00,SYNC,00,00,,3,3,4B,4B,00,00,1
4917,1080,A,00,00,SYNC,00,00,,3,3,4B,4B,00,00,1
4918,1080,B,00,00,SYNC,00,00,,3,3,4B,4B,00,00,1
4919,1080,A,00,00,SYNC,00,00,,3,3,4B,4B,00,00,1
4920,1080,B,00,00,SYNC,00,00,,3,3,4B,4B,00,00,1
4921,1080,A,00,00,SYNC,00,00,,3,3,4B,4B,00,00,1
4922,1080,B,00,00,SYNC,00,00,,3,3,4B,4B,00,00,1
4923,1080,A,00,00,SYNC,00,00,,3,3,4B,4B,00,00,1
4924,1080,B,00,00,SYNC,00,00,,3,3,4B,4B,00,00,1
4925,1080,A,00,00,SYNC,00,00,,3,3,4B,4B,00,00,1
4926,1080,B,00,00,SYNC,00,00,,3,3,4B,4B,00,00,1
4927,1080,A,00,00,SYNC,00,00,,3,3,4B,4B,00,00,1
4928,1080,B,00,00,SYNC,00,00,,3,3,4B,4B,00,00,1
4929,1080,A,00,00,SYNC,00,00,,3,3,4B,4B,00,00,1
4930,1080,B,00,00,SYNC,00,00,,3,3,4B,4B,00,00,1
4931,1080,A,00,00,SYNC,00,00,,3,3,4B,4B,00,00,1
4932,1080,B,00,00,SYNC,00,00,,3,3,4B,4B,00,00,1
4933,1080,A,00,00,SYNC,00,00,,3,3,4B,4B,00,00,1
4934,1080,B,00,00,SYNC,00,00,,3,3,4B,4B,00,00,1
4935,1080,A,00,00,SYNC,00,00,,3,3,4B,4B,00,00,1
4936,1080,B,00,00,SYNC,00,00,,3,3,4B,4B,00,00,1
4937,1080,A,00,00,SYNC,00,00,,3,3,4B,4B,00,00,1
4938,1080,B,00,00,SYNC,00,00,,3,3,4B,4B,00,00,1
4939,1080,A,00,00,SYNC,00,00,,3,3,4B,4B,00,00,1
4940,1080,B,00,00,SYNC,00,00,,3,3,4B,4B,00,00,1
4941,1080,A,00,00,SYNC,00,00,,3,3,4B,4B,00,00,1
4942,1080,B,00,00,SYNC,00,00,,3,3,4B,4B,00,00,1
4943,1080,A,00,00,SYNC,00,00,,3,3,4B,4B,00,00,1
4944,1080,B,00,00,SYNC,00,00,,3,3,4B,4B,00,00,1
4945,1080,A,00,00,SYNC,00,00,,3,3,4B,4B,00,00,1
4946,1080,B,00,00,SYNC,00,00,,3,3,4B,4B,00,00,1
4947,1080,A,00,00,SYNC,00,00,,3,3,4B,4B,00,00,1
4948,1080,B,00,00,SYNC,00,00,,3,3,4B,4B,00,00,1
4949,1080,A,00,00,SYNC,00,00,,3,3,4B,4B,00,00,1
4950,1080,B,00,00,SYNC,00,00,,3,3,4B,4B,00,00,1
4951,1080,A,00,00,SYNC,00,00,,3,3,4B,4B,00,00,1
4952,1080,B,00,00,SYNC,00,00,,3,3,4B,4B,00,00,1
4953,1080,A,00,00,SYNC,00,00,,3,3,4B,4B,00,00,1
4954,1080,B,00,00,SYNC,00,00,,3,3,4B,4B,00,00,1
4955,1080,A,00,00,SYNC,00,00,,3,3,4B,4B,00,00,1
4956,1080,B,00,00,SYNC,00,00,,3,3,4B,4B,00,00,1
4957,1080,A,00,00,SYNC,00,00,,3,3,4B,4B,00,00,1
4958,1080,B,00,00,SYNC,00,00,,3,3,4B,4B,00,00,1
4959,1080,A,00,00,SYNC,00,00,,3,3,4B,4B,00,00,1
4960,1080,B,00,00,SYNC,00,00,,3,3,4B,4B,00,00,1
4961,1080,A,00,00,SYNC,00,00,,3,3,4B,4B,00,00,1
4962,1080,B,00,00,SYNC,00,00,,3,3,4B,4B,00,00,1
4963,1080,A,00,00,SYNC,00,00,,3,3,4B,4B,00,00,1
4964,1080,B,00,00,SYNC,00,00,,3,3,4B,4B,00,00,1
4965,1080,A,00,00,SYNC,00,00,,3,3,4B,4B,00,00,1
4966,1080,B,00,00,SYNC,00,00,,3,3,4B,4B,00,00,1
4967,1080,A,00,00,SYNC,00,00,,3,3,4B,4B,00,00,1
4968,1080,B,00,00,SYNC,00,00,,3,3,4B,4B,00,00,1
4969,1080,A,00,00,SYNC,00,00,,3,3,4B,4B,00,00,1
4970,1144,B,00,00,SYNC,00,00,,3,3,4B,4B,00,00,1
4971,1144,A,00,00,SYNC,00,00,,3,3,4B,4B,00,00,1
4972,1144,B,00,00,SYNC,00,00,,3,3,4B,4B,00,00,1
4973,1144,A,00,00,SYNC,00,00,,3,3,4B,4B,00,00,1
4974,1144,B,00,00,SYNC,00,00,,3,3,4B,4B,00,00,1
4975,1144,A,00,00,SYNC,00,00,,3,3,4B,4B,00,00,1
4976,1144,B,00,00,SYNC,00,00,,3,3,4B,4B,00,00,1
4977,1144,A,00,00,SYNC,00,00,,3,3,4B,4B,00,00,1
4978,1144,B,00,00,SYNC,00,00,,3,3,4B,4B,00,00,1
4979,1144,A,00,00,SYNC,00,00,,3,3,4B,4B,00,00,1
4980,1144,B,00,00,SYNC,00,00,,3,3,4B,4B,00,00,1
4981,1144,A,00,00,SYNC,00,00,,3,3,4B,4B,00,00,1
4982,1144,B,00,00,SYNC,00,00,,3,3,4B,4B,00,00,1
4983,1144,A,00,00,SYNC,00,00,,3,3,4B,4B,00,00,1
4984,1144,B,00,00,SYNC,00,00,,3,3,4B,4B,00,00,1
4985,1144,A,00,00,SYNC,00,00,,3,3,4B,4B,00,00,1
4986,1144,B,00,00,SYNC,00,00,,3,3,4B,4B,00,00,1
4987,1144,A,00,00,SYNC,00,00,,3,3,4B,4B,00,00,1
4988,1144,B,00,00,SYNC,00,00,,3,3,4B,4B,00,00,1
4989,1144,A,00,00,SYNC,00,00,,3,3,4B,4B,00,00,1
4990,1144,B,00,00,SYNC,00,00,,3,3,4B,4B,00,00,1
4991,1144,A,00,00,SYNC,00,00,,3,3,4B,4B,00,00,1
4992,1144,B,00,00,SYNC,00,00,,3,3,4B,4B,00,00,1
4993,1144,A,00,00,SYNC,00,00,,3,3,4B,4B,00,00,1
4994,1144,B,00,00,SYNC,00,00,,3,3,4B,4B,00,00,1
4995,1144,A,00,00,SYNC,00,00,,3,3,4B,4B,00,00,1
4996,1144,B,00,00,SYNC,00,00,,3,3,4B,4B,00,00,1
4997,1144,A,00,00,SYNC,00,00,,3,3,4B,4B,00,00,1
4998,1144,B,00,00,SYNC,00,00,,3,3,4B,4B,00,00,1
4999,1144,A,00,00,SYNC,00,00,,3,3,4B,4B,00,00,1
5000,1144,B,00,00,SYNC,00,00,,3,3,4B,4B,00,00,1
5001,1144,A,00,00,SYNC,00,00,,3,3,4B,4B,00,00,1
5002,1144,B,00,00,SYNC,00,00,,3,3,4B,4B,00,00,1
5003,1144,A,00,00,SYNC,00,00,,3,3,4B,4B,00,00,1
5004,1144,B,00,00,SYNC,00,00,,3,3,4B,4B,00,00,1
5005,1144,A,00,00,SYNC,00,00,,3,3,4B,4B,00,00,1
5006,1144,B,00,00,SYNC,00,00,,3,3,4B,4B,00,00,1
5007,1144,A,00,00,SYNC,00,00,,3,3,4B,4B,00,00,1
5008,1144,B,00,00,SYNC,00,00,,3,3,4B,4B,00,00,1
5009,1144,A,00,00,SYNC,00,00,,3,3,4B,4B,00,00,1
5010,1144,B,00,00,SYNC,00,00,,3,3,4B,4B,00,00,1
5011,1144,A,00,00,SYNC,00,00,,3,3,4B,4B,00,00,1
5012,1144,B,00,00,SYNC,00,00,,3,3,4B,4B,00,00,1
5013,1144,A,00,00,SYNC,00,00,,3,3,4B,4B,00,00,1
5014,1144,B,00,00,SYNC,00,00,,3,3,4B,4B,00,00,1
5015,1144,A,00,00,SYNC,00,00,,3,3,4B,4B,00,00,1
5016,1144,B,00,00,SYNC,00,00,,3,3,4B,4B,00,00,1
5017,1144,A,00,00,SYNC,00,00,,3,3,4B,4B,00,00,1
5018,1144,B,00,00,SYNC,00,00,,3,3,4B,4B,00,00,1
5019,1144,A,00,00,SYNC,00,00,,3,3,4B,4B,00,00,1
5020,1144,B,00,00,SYNC,00,00,,3,3,4B,4B,00,00,1
5021,1144,A,00,00,SYNC,00,00,,3,3,4B,4B,00,00,1
5022,1144,B,00,00,SYNC,00,00,,3,3,4B,4B,00,00,1
5023,1144,A,00,00,SYNC,00,00,,3,3,4B,4B,00,00,1
5024,1144,B,00,00,SYNC,00,00,,3,3,4B,4B,00,00,1
5025,1144,A,00,00,SYNC,00,00,,3,3,4B,4B,00,00,1
5026,1144,B,00,00,SYNC,00,00,,3,3,4B,4B,00,00,1
5027,1144,A,00,00,SYNC,00,00,,3,3,4B,4B,00,00,1
5028,1144,B,00,00,SYNC,00,00,,3,3,4B,4B,00,00,1
5029,1144,A,00,00,SYNC,00,00,,3,3,4B,4B,00,00,1
5030,1144,B,00,00,SYNC,00,00,,3,3,4B,4B,00,00,1
5031,1144,A,00,00,SYNC,00,00,,3,3,4B,4B,00,00,1
5032,1144,B,00,00,SYNC,00,00,,3,3,4B,4B,00,00,1
5033,1144,A,00,00,SYNC,00,00,,3,3,4B,4B,00,00,1
5034,1144,B,00,00,SYNC,00,00,,3,3,4B,4B,00,00,1
5035,1144,A,00,00,SYNC,00,00,,3,3,4B,4B,00,00,1
5036,1144,B,00,00,SYNC,00,00,,3,3,4B,4B,00,00,1
5037,1144,A,00,00,SYNC,00,00,,3,3,4B,4B,00,00,1
5038,1144,B,00,00,SYNC,00,00,,3,3,4B,4B,00,00,1
5039,1144,A,00,00,SYNC,00,00,,3,3,4B,4B,00,00,1
5040,1144,B,00,00,SYNC,00,00,,3,3,4B,4B,00,00,1
5041,1144,A,00,00,SYNC,00,00,,3,3,4B,4B,00,00,1
5042,1144,B,00,00,SYNC,00,00,,3,3,4B,4B,00,00,1
5043,1144,A,00,00,SYNC,00,00,,3,3,4B,4B,00,00,1
5044,1144,B,00,00,SYNC,00,00,,3,3,4B,4B,00,00,1
5045,1144,A,00,00,SYNC,00,00,,3,3,4B,4B,00,00,1
5046,1144,B,00,00,SYNC,00,00,,3,3,4B,4B,00,00,1
5047,1144,A,00,00,SYNC,00,00,,3,3,4B,4B,00,00,1
5048,1144,B,00,00,SYNC,00,00,,3,3,4B,4B,00,00,1
5049,1144,A,00,00,SYNC,00,00,,3,3,4B,4B,00,00,1
5050,1144,B,00,00,SYNC,00,00,,3,3,4B,4B,00,00,1
5051,1144,A,00,00,SYNC,00,00,,3,3,4B,4B,00,00,1
5052,1144,B,00,00,SYNC,00,00,,3,3,4B,4B,00,00,1
5053,1144,A,00,00,SYNC,00,00,,3,3,4B,4B,00,00,1
5054,1144,B,00,00,SYNC,00,00,,3,3,4B,4B,00,00,1
5055,1144,A,00,00,SYNC,00,00,,3,3,4B,4B,00,00,1
5056,1144,B,00,00,SYNC,00,00,,3,3,4B,4B,00,00,1
5057,1144,A,00,00,SYNC,00,00,,3,3,4B,4B,00,00,1
5058,1144,B,00,00,SYNC,00,00,,3,3,4B,4B,00,00,1
5059,1144,A,00,00,SYNC,00,00,,3,3,4B,4B,00,00,1
5060,1144,B,00,00,SYNC,00,00,,3,3,4B,4B,00,00,1
5061,1144,A,00,00,SYNC,00,00,,3,3,4B,4B,00,00,1
5062,1144,B,00,00,SYNC,00,00,,3,3,4B,4B,00,00,1
5063,1144,A,00,00,SYNC,00,00,,3,3,4B,4B,00,00,1
5064,1144,B,00,00,SYNC,00,00,,3,3,4B,4B,00,00,1
5065,1144,A,00,00,SYNC,00,00,,3,3,4B,4B,00,00,1
5066,1144,B,00,00,SYNC,00,00,,3,3,4B,4B,00,00,1
5067,1144,A,00,00,SYNC,00,00,,3,3,4B,4B,00,00,1
5068,1144,B,00,00,SYNC,00,00,,3,3,4B,4B,00,00,1
5069,1144,A,00,00,SYNC,00,00,,3,3,4B,4B,00,00,1
5070,1144,B,00,00,SYNC,00,00,,3,3,4B,4B,00,00,1
5071,1144,A,00,00,SYNC,00,00,,3,3,4B,4B,00,00,1
5072,1144,B,00,00,SYNC,00,00,,3,3,4B,4B,00,00,1
5073,1144,A,00,00,SYNC,00,00,,3,3,4B,4B,00,00,1
5074,1144,B,00,00,SYNC,00,00,,3,3,4B,4B,00,00,1
5075,1144,A,00,00,SYNC,00,00,,3,3,4B,4B,00,00,1
5076,1144,B,00,00,SYNC,00,00,,3,3,4B,4B,00,00,1
5077,1144,A,00,00,SYNC,00,00,,3,3,4B,4B,00,00,1
5078,1144,B,00,00,SYNC,00,00,,3,3,4B,4B,00,00,1
5079,1144,A,00,00,SYNC,00,00,,3,3,4B,4B,00,00,1
5080,1144,B,00,00,SYNC,00,00,,3,3,4B,4B,00,00,1
5081,1144,A,00,00,SYNC,00,00,,3,3,4B,4B,00,00,1
5082,1144,B,00,00,SYNC,00,00,,3,3,4B,4B,00,00,1
5083,1144,A,00,00,SYNC,00,00,,3,3,4B,4B,00,00,1
5084,1144,B,00,00,SYNC,00,00,,3,3,4B,4B,00,00,1
5085,1144,A,00,00,SYNC,00,00,,3,3,4B,4B,00,00,1
5086,1144,B,00,00,SYNC,00,00,,3,3,4B,4B,00,00,1
5087,1144,A,00,00,SYNC,00,00,,3,3,4B,4B,00,00,1
5088,1144,B,00,00,SYNC,00,00,,3,3,4B,4B,00,00,1
5089,1144,A,00,00,SYNC,00,00,,3,3,4B,4B,00,00,1
5090,1144,B,00,00,SYNC,00,00,,3,3,4B,4B,00,00,1
5091,1144,A,00,00,SYNC,00,00,,3,3,4B,4B,00,00,1
5092,1144,B,00,00,SYNC,00,00,,3,3,4B,4B,00,00,1
5093,1144,A,00,00,SYNC,00,00,,3,3,4B,4B,00,00,1
5094,1144,B,00,00,SYNC,00,00,,3,3,4B,4B,00,00,1
5095,1144,A,00,00,SYNC,00,00,,3,3,4B,4B,00,00,1
5096,1144,B,00,00,SYNC,00,00,,3,3,4B,4B,00,00,1
5097,1144,A,00,00,SYNC,00,00,,3,3,4B,4B,00,00,1
5098,1144,B,00,00,SYNC,00,00,,3,3,4B,4B,00,00,1
5099,1144,A,00,00,SYNC,00,00,,3,3,4B,4B,00,00,1
5100,1144,B,00,00,SYNC,00,00,,3,3,4B,4B,00,00,1
5101,1144,A,00,00,SYNC,00,00,,3,3,4B,4B,00,00,1
5102,1144,B,00,00,SYNC,00,00,,3,3,4B,4B,00,00,1
5103,1144,A,00,00,SYNC,00,00,,3,3,4B,4B,00,00,1
5104,1144,B,00,00,SYNC,00,00,,3,3,4B,4B,00,00,1
5105,1144,A,00,00,SYNC,00,00,,3,3,4B,4B,00,00,1
5106,1144,B,00,00,SYNC,00,00,,3,3,4B,4B,00,00,1
5107,1144,A,00,00,SYNC,00,00,,3,3,4B,4B,00,00,1
5108,1144,B,00,00,SYNC,00,00,,3,3,4B,4B,00,00,1
5109,1144,A,00,00,SYNC,00,00,,3,3,4B,4B,00,00,1
5110,1144,B,00,00,SYNC,00,00,,3,3,4B,4B,00,00,1
5111,1144,A,00,00,SYNC,00,00,,3,3,4B,4B,00,00,1
5112,1144,B,00,00,SYNC,00,00,,3,3,4B,4B,00,00,1
5113,1144,A,00,00,SYNC,00,00,,3,3,4B,4B,00,00,1
5114,1144,B,00,00,SYNC,00,00,,3,3,4B,4B,00,00,1
5115,1144,A,00,00,SYNC,00,00,,3,3,4B,4B,00,00,1
5116,1144,B,00,00,SYNC,00,00,,3,3,4B,4B,00,00,1
5117,1144,A,00,00,SYNC,00,00,,3,3,4B,4B,00,00,1
5118,1144,B,00,00,SYNC,00,00,,3,3,4B,4B,00,00,1
5119,1144,A,00,00,SYNC,00,00,,3,3,4B,4B,00,00,1
5120,1144,B,00,00,SYNC,00,00,,3,3,4B,4B,00,00,1
5121,1144,A,00,00,SYNC,00,00,,3,3,4B,4B,00,00,1
5122,1144,B,00,00,SYNC,00,00,,3,3,4B,4B,00,00,1
5123,1144,A,00,00,SYNC,00,00,,3,3,4B,4B,00,00,1
5124,1144,B,00,00,SYNC,00,00,,3,3,4B,4B,00,00,1
5125,1144,A,00,00,SYNC,00,00,,3,3,4B,4B,00,00,1
5126,1144,B,00,00,SYNC,00,00,,3,3,4B,4B,00,00,1
5127,1144,A,00,00,SYNC,00,00,,3,3,4B,4B,00,00,1
5128,1144,B,00,00,SYNC,00,00,,3,3,4B,4B,00,00,1
5129,1144,A,00,00,SYNC,00,00,,3,3,4B,4B,00,00,1
5130,1144,B,00,00,SYNC,00,00,,3,3,4B,4B,00,00,1
5131,1144,A,00,00,SYNC,00,00,,3,3,4B,4B,00,00,1
5132,1144,B,00,00,SYNC,00,00,,3,3,4B,4B,00,00,1
5133,1144,A,00,00,SYNC,00,00,,3,3,4B,4B,00,00,1
5134,1144,B,00,00,SYNC,00,00,,3,3,4B,4B,00,00,1
5135,1144,A,00,00,SYNC,00,00,,3,3,4B,4B,00,00,1
5136,1144,B,00,00,SYNC,00,00,,3,3,4B,4B,00,00,1
5137,1144,A,00,00,SYNC,00,00,,3,3,4B,4B,00,00,1
5138,1144,B,00,00,SYNC,00,00,,3,3,4B,4B,00,00,1
5139,1144,A,00,00,SYNC,00,00,,3,3,4B,4B,00,00,1
5140,1144,B,00,00,SYNC,00,00,,3,3,4B,4B,00,00,1
5141,1144,A,00,00,SYNC,00,00,,3,3,4B,4B,00,00,1
5142,1144,B,00,00,SYNC,00,00,,3,3,4B,4B,00,00,1
5143,1144,A,00,00,SYNC,00,00,,3,3,4B,4B,00,00,1
5144,1144,B,00,00,SYNC,00,00,,3,3,4B,4B,00,00,1
5145,1144,A,00,00,SYNC,00,00,,3,3,4B,4B,00,00,1
5146,1144,B,00,00,SYNC,00,00,,3,3,4B,4B,00,00,1
5147,1144,A,00,00,SYNC,00,00,,3,3,4B,4B,00,00,1
5148,1144,B,00,00,SYNC,00,00,,3,3,4B,4B,00,00,1
5149,1144,A,00,00,SYNC,00,00,,3,3,4B,4B,00,00,1
5150,1144,B,00,00,SYNC,00,00,,3,3,4B,4B,00,00,1
5151,1144,A,00,00,SYNC,00,00,,3,3,4B,4B,00,00,1
5152,1144,B,00,00,SYNC,00,00,,3,3,4B,4B,00,00,1
5153,1144,A,00,00,SYNC,00,00,,3,3,4B,4B,00,00,1
5154,1144,B,00,00,SYNC,00,00,,3,3,4B,4B,00,00,1
5155,1144,A,00,00,SYNC,00,00,,3,3,4B,4B,00,00,1
5156,1144,B,00,00,SYNC,00,00,,3,3,4B,4B,00,00,1
5157,1144,A,00,00,SYNC,00,00,,3,3,4B,4B,00,00,1
5158,1144,B,00,00,SYNC,00,00,,3,3,4B,4B,00,00,1
5159,1144,A,00,00,SYNC,00,00,,3,3,4B,4B,00,00,1
5160,1144,B,00,00,SYNC,00,00,,3,3,4B,4B,00,00,1
5161,1144,A,00,00,SYNC,00,00,,3,3,4B,4B,00,00,1
5162,1144,B,00,00,SYNC,00,00,,3,3,4B,4B,00,00,1
5163,1144,A,00,00,SYNC,00,00,,3,3,4B,4B,00,00,1
5164,1144,B,00,00,SYNC,00,00,,3,3,4B,4B,00,00,1
5165,1144,A,00,00,SYNC,00,00,,3,3,4B,4B,00,00,1
5166,1144,B,00,00,SYNC,00,00,,3,3,4B,4B,00,00,1
5167,1144,A,00,00,SYNC,00,00,,3,3,4B,4B,00,00,1
5168,1144,B,00,00,SYNC,00,00,,3,3,4B,4B,00,00,1
5169,1144,A,00,00,SYNC,00,00,,3,3,4B,4B,00,00,1
5170,1144,B,00,00,SYNC,00,00,,3,3,4B,4B,00,00,1
5171,1144,A,00,00,SYNC,00,00,,3,3,4B,4B,00,00,1
5172,1144,B,00,00,SYNC,00,00,,3,3,4B,4B,00,00,1
5173,1144,A,00,00,SYNC,00,00,,3,3,4B,4B,00,00,1
5174,1144,B,00,00,SYNC,00,00,,3,3,4B,4B,00,00,1
5175,1144,A,00,00,SYNC,00,00,,3,3,4B,4B,00,00,1
5176,1144,B,00,00,SYNC,00,00,,3,3,4B,4B,00,00,1
5177,1144,A,00,00,SYNC,00,00,,3,3,4B,4B,00,00,1
5178,1144,B,00,00,SYNC,00,00,,3,3,4B,4B,00,00,1
5179,1144,A,00,00,SYNC,00,00,,3,3,4B,4B,00,00,1
5180,1144,B,00,00,SYNC,00,00,,3,3,4B,4B,00,00,1
5181,1144,A,00,00,SYNC,00,00,,3,3,4B,4B,00,00,1
5182,1144,B,00,00,SYNC,00,00,,3,3,4B,4B,00,00,1
5183,1144,A,00,00,SYNC,00,00,,3,3,4B,4B,00,00,1
5184,1144,B,00,00,SYNC,00,00,,3,3,4B,4B,00,00,1
5185,1144,A,00,00,SYNC,00,00,,3,3,4B,4B,00,00,1
5186,1144,B,00,00,SYNC,00,00,,3,3,4B,4B,00,00,1
5187,1144,A,00,00,SYNC,00,00,,3,3,4B,4B,00,00,1
5188,1144,B,00,00,SYNC,00,00,,3,3,4B,4B,00,00,1
5189,1144,A,00,00,SYNC,00,00,,3,3,4B,4B,00,00,1
5190,1144,B,00,00,SYNC,00,00,,3,3,4B,4B,00,00,1
5191,1144,A,00,00,SYNC,00,00,,3,3,4B,4B,00,00,1
5192,1144,B,00,00,SYNC,00,00,,3,3,4B,4B,00,00,1
5193,1144,A,00,00,SYNC,00,00,,3,3,4B,4B,00,00,1
5194,1144,B,00,00,SYNC,00,00,,3,3,4B,4B,00,00,1
5195,1144,A,00,00,SYNC,00,00,,3,3,4B,4B,00,00,1
5196,1144,B,00,00,SYNC,00,00,,3,3,4B,4B,00,00,1
5197,1144,A,00,00,SYNC,00,00,,3,3,4B,4B,00,00,1
5198,1144,B,00,00,SYNC,00,00,,3,3,4B,4B,00,00,1
5199,1144,A,00,00,SYNC,00,00,,3,3,4B,4B,00,00,1
5200,1144,B,00,00,SYNC,00,00,,3,3,4B,4B,00,00,1
5201,1144,A,00,00,SYNC,00,00,,3,3,4B,4B,00,00,1
5202,1144,B,00,00,SYNC,00,00,,3,3,4B,4B,00,00,1
5203,1144,A,00,00,SYNC,00,00,,3,3,4B,4B,00,00,1
5204,1144,B,00,00,SYNC,00,00,,3,3,4B,4B,00,00,1
5205,1144,A,00,00,SYNC,00,00,,3,3,4B,4B,00,00,1
5206,1144,B,00,00,SYNC,00,00,,3,3,4B,4B,00,00,1
5207,1144,A,00,00,SYNC,00,00,,3,3,4B,4B,00,00,1
5208,1144,B,00,00,SYNC,00,00,,3,3,4B,4B,00,00,1
5209,1144,A,00,00,SYNC,00,00,,3,3,4B,4B,00,00,1
5210,1144,B,00,00,SYNC,00,00,,3,3,4B,4B,00,00,1
5211,1144,A,00,00,SYNC,00,00,,3,3,4B,4B,00,00,1
5212,1144,B,00,00,SYNC,00,00,,3,3,4B,4B,00,00,1
5213,1144,A,00,00,SYNC,00,00,,3,3,4B,4B,00,00,1
5214,1144,B,00,00,SYNC,00,00,,3,3,4B,4B,00,00,1
5215,1144,A,00,00,SYNC,00,00,,3,3,4B,4B,00,00,1
5216,1144,B,00,00,SYNC,00,00,,3,3,4B,4B,00,00,1
5217,1144,A,00,00,SYNC,00,00,,3,3,4B,4B,00,00,1
5218,1144,B,00,00,SYNC,00,00,,3,3,4B,4B,00,00,1
5219,1144,A,00,00,SYNC,00,00,,3,3,4B,4B,00,00,1
5220,1144,B,00,00,SYNC,00,00,,3,3,4B,4B,00,00,1
5221,1144,A,00,00,SYNC,00,00,,3,3,4B,4B,00,00,1
5222,1144,B,01,00,SYNC,00,01,,3,3,4B,4B,00,01,1
5223,1144,A,01,00,DATA,01,00,first(not stored),0,0,4B,4B,00,00,1
5224,1144,B,FF,FF,DATA,FF,FF,0,0,0,4B,4B,00,00,1
5225,1144,A,FF,FF,DATA,FF,FF,1,0,0,4B,4B,00,00,1
5226,1144,B,BF,FC,DATA,FC,BF,2,0,0,4B,4B,00,00,1
5227,1144,A,FF,FF,DATA,FF,FF,3,0,0,4B,4B,00,00,1
5228,1144,B,DF,E9,DATA,E9,DF,4,0,0,4B,4B,00,00,1
5229,1144,A,FE,FF,DATA,FE,FF,5,0,0,4B,4B,00,00,1
5230,1144,B,FF,FF,DATA,FF,FF,6,0,0,4B,4B,00,00,1
5231,1144,A,FC,FF,DATA,FC,FF,7,0,0,4B,4B,00,00,1
5232,1144,B,F5,A3,DATA,A3,F5,8,0,0,4B,4B,00,00,1
5233,1144,A,FC,FF,DATA,FC,FF,9,0,0,4B,4B,00,00,1
5234,1144,B,BF,D3,DATA,D3,BF,10,0,0,4B,4B,00,00,1
5235,1144,A,FC,FF,DATA,FC,FF,11,0,0,4B,4B,00,00,1
5236,1144,B,FF,D3,DATA,D3,FF,12,0,0,4B,4B,00,00,1
5237,1144,A,FC,FF,DATA,FC,FF,13,0,0,4B,4B,00,00,1
5238,1144,B,FF,F4,DATA,F4,FF,14,0,0,4B,4B,00,00,1
5239,1144,A,FF,FF,DATA,FF,FF,15,0,0,4B,4B,00,00,1
5240,1144,B,F5,FF,DATA,FF,F5,16,0,0,4B,4B,00,00,1
5241,1144,A,FF,FF,DATA,FF,FF,17,0,0,4B,4B,00,00,1
5242,1144,B,FF,04,DATA,04,FF,18,0,0,4B,4B,00,00,1
5243,1144,A,FF,FF,DATA,FF,FF,19,0,0,4B,4B,00,00,1
5244,1144,B,FD,FE,DATA,FE,FD,20,0,0,4B,4B,00,00,1
5245,1144,A,01,FF,DATA,01,FF,21,0,0,4B,4B,00,00,1
5246,1144,B,FF,FF,DATA,FF,FF,22,0,0,4B,4B,00,00,1
5247,1144,A,00,FF,DATA,00,FF,23,0,0,4B,4B,00,00,1
5248,1144,B,FD,C0,DATA,C0,FD,24,0,0,4B,4B,00,00,1
5249,1144,A,00,FF,DATA,00,FF,25,0,0,4B,4B,00,00,1
5250,1144,B,FF,D5,DATA,D5,FF,26,0,0,4B,4B,00,00,1
5251,1144,A,00,FF,DATA,00,FF,27,0,0,4B,4B,00,00,1
5252,1144,B,FD,C0,DATA,C0,FD,28,0,0,4B,4B,00,00,1
5253,1144,A,00,FF,DATA,00,FF,29,0,0,4B,4B,00,00,1
5254,1144,B,FE,F5,DATA,F5,FE,30,0,0,4B,4B,00,00,1
5255,1144,A,00,FF,DATA,00,FF,31,0,0,4B,4B,00,00,1
5256,1144,B,7F,FF,DATA,FF,7F,32,0,0,4B,4B,00,00,1
5257,1144,A,FF,FF,DATA,FF,FF,33,0,0,4B,4B,00,00,1
5258,1144,B,FF,12,DATA,12,FF,34,0,0,4B,4B,00,00,1
5259,1144,A,FD,FF,DATA,FD,FF,35,0,0,4B,4B,00,00,1
5260,1144,B,FD,C3,DATA,C3,FD,36,0,0,4B,4B,00,00,1
5261,1144,A,3C,FF,DATA,3C,FF,37,0,0,4B,4B,00,00,1
5262,1144,B,FF,E6,DATA,E6,FF,38,0,0,4B,4B,00,00,1
5263,1144,A,1D,FF,DATA,1D,FF,39,0,0,4B,4B,00,00,1
5264,1144,B,5D,F3,DATA,F3,5D,40,0,0,4B,4B,00,00,1
5265,1144,A,0C,FF,DATA,0C,FF,41,0,0,4B,4B,00,00,1
5266,1144,B,FF,7F,DATA,7F,FF,42,0,0,4B,4B,00,00,1
5267,1144,A,04,FF,DATA,04,FF,43,0,0,4B,4B,00,00,1
5268,1144,B,55,7B,DATA,7B,55,44,0,0,4B,4B,00,00,1
5269,1144,A,04,FF,DATA,04,FF,45,0,0,4B,4B,00,00,1
5270,1144,B,EF,7B,DATA,7B,EF,46,0,0,4B,4B,00,00,1
5271,1144,A,04,FF,DATA,04,FF,47,0,0,4B,4B,00,00,1
5272,1144,B,55,FF,DATA,FF,55,48,0,0,4B,4B,00,00,1
5273,1144,A,FF,FF,DATA,FF,FF,49,0,0,4B,4B,00,00,1
5274,1144,B,FF,FF,DATA,FF,FF,50,0,0,4B,4B,00,00,1
5275,1144,A,01,FF,DATA,01,FF,51,0,0,4B,4B,00,00,1
5276,1144,B,55,FF,DATA,FF,55,52,0,0,4B,4B,00,00,1
5277,1144,A,01,FF,DATA,01,FF,53,0,0,4B,4B,00,00,1
5278,1144,B,EB,FF,DATA,FF,EB,54,0,0,4B,4B,00,00,1
5279,1144,A,01,FF,DATA,01,FF,55,0,0,4B,4B,00,00,1
5280,1144,B,55,FF,DATA,FF,55,56,0,0,4B,4B,00,00,1
5281,1144,A,01,FF,DATA,01,FF,57,0,0,4B,4B,00,00,1
5282,1144,B,AB,FF,DATA,FF,AB,58,0,0,4B,4B,00,00,1
5283,1144,A,01,FF,DATA,01,FF,59,0,0,4B,4B,00,00,1
5284,1144,B,D5,FF,DATA,FF,D5,60,0,0,4B,4B,00,00,1
5285,1144,A,01,FF,DATA,01,FF,61,0,0,4B,4B,00,00,1
5286,1144,B,FC,FF,DATA,FF,FC,62,0,0,4B,4B,00,00,1
5287,1144,A,01,FF,DATA,01,FF,63,0,0,4B,4B,00,00,1
5288,1144,B,55,C1,DATA,C1,55,64,0,0,4B,4B,00,00,1
5289,1144,A,FE,FF,DATA,FE,FF,65,0,0,4B,4B,00,00,1
5290,1144,B,FF,DC,DATA,DC,FF,66,0,0,4B,4B,00,00,1
5291,1144,A,FF,FF,DATA,FF,FF,67,0,0,4B,4B,00,00,1
5292,1144,B,D5,83,DATA,83,D5,68,0,0,4B,4B,00,00,1
5293,1144,A,FC,FF,DATA,FC,FF,69,0,0,4B,4B,00,00,1
5294,1144,B,EE,96,DATA,96,EE,70,0,0,4B,4B,00,00,1
5295,1144,A,FD,FF,DATA,FD,FF,71,0,0,4B,4B,00,00,1
5296,1144,B,57,83,DATA,83,57,72,0,0,4B,4B,00,00,1
5297,1144,A,FC,FC,DATA,FC,FC,73,0,0,4B,4B,00,00,1
5298,1144,B,EE,93,DATA,93,EE,74,0,0,4B,4B,00,00,1
5299,1144,A,FC,F0,DATA,FC,F0,75,0,0,4B,4B,00,00,1
5300,1144,B,15,A3,DATA,A3,15,76,0,0,4B,4B,00,00,1
5301,1144,A,DC,C0,DATA,DC,C0,77,0,0,4B,4B,00,00,1
5302,1144,B,7C,EB,DATA,EB,7C,78,0,0,4B,4B,00,00,1
5303,1144,A,D4,83,DATA,D4,83,79,0,0,4B,4B,00,00,1
5304,1144,B,55,F4,DATA,F4,55,80,0,0,4B,4B,00,00,1
5305,1144,A,00,FF,DATA,00,FF,81,0,0,4B,4B,00,00,1
5306,1144,B,3B,E5,DATA,E5,3B,82,0,0,4B,4B,00,00,1
5307,1144,A,1E,FF,DATA,1E,FF,83,0,0,4B,4B,00,00,1
5308,1144,B,7B,C5,DATA,C5,7B,84,0,0,4B,4B,00,00,1
5309,1144,A,3E,D4,DATA,3E,D4,85,0,0,4B,4B,00,00,1
5310,1144,B,38,A0,DATA,A0,38,86,0,0,4B,4B,00,00,1
5311,1144,A,51,C0,DATA,51,C0,87,0,0,4B,4B,00,00,1
5312,1144,B,54,E8,DATA,E8,54,88,0,0,4B,4B,00,00,1
5313,1144,A,00,01,DATA,00,01,89,0,0,4B,4B,00,00,1
5314,1144,B,3C,E6,DATA,E6,3C,90,0,0,4B,4B,00,00,1
5315,1144,A,19,03,DATA,19,03,91,0,0,4B,4B,00,00,1
5316,1144,B,99,87,DATA,87,99,92,0,0,4B,4B,00,00,1
5317,1144,A,00,77,DATA,00,77,93,0,0,4B,4B,00,00,1
5318,1144,B,C4,DF,DATA,DF,C4,94,0,0,4B,4B,00,00,1
5319,1144,A,30,3B,DATA,30,3B,95,0,0,4B,4B,00,00,1
5320,1144,B,55,A3,DATA,A3,55,96,0,0,4B,4B,00,00,1
5321,1144,A,1C,FF,DATA,1C,FF,97,0,0,4B,4B,00,00,1
5322,1144,B,1E,DE,DATA,DE,1E,98,0,0,4B,4B,00,00,1
5323,1144,A,3D,E0,DATA,3D,E0,99,0,0,4B,4B,00,00,1
5324,1144,B,40,C3,DATA,C3,40,100,0,0,4B,4B,00,00,1
5325,1144,A,3C,00,DATA,3C,00,101,0,0,4B,4B,00,00,1
5326,1144,B,2B,A6,DATA,A6,2B,102,0,0,4B,4B,00,00,1
5327,1144,A,41,00,DATA,41,00,103,0,0,4B,4B,00,00,1
5328,1144,B,2F,C3,DATA,C3,2F,104,0,0,4B,4B,00,00,1
5329,1144,A,00,51,DATA,00,51,105,0,0,4B,4B,00,00,1
5330,1144,B,22,E8,DATA,E8,22,106,0,0,4B,4B,00,00,1
5331,1144,A,17,F9,DATA,17,F9,107,0,0,4B,4B,00,00,1
5332,1144,B,84,BC,DATA,BC,84,108,0,0,4B,4B,00,00,1
5333,1144,A,03,79,DATA,03,79,109,0,0,4B,4B,00,00,1
5334,1144,B,03,B9,DATA,B9,03,110,0,0,4B,4B,00,00,1
5335,1144,A,07,FC,DATA,07,FC,111,0,0,4B,4B,00,00,1
5336,1144,B,AA,FF,DATA,FF,AA,112,0,0,4B,4B,00,00,1
5337,1144,A,01,55,DATA,01,55,113,0,0,4B,4B,00,00,1
5338,1144,B,BF,BF,DATA,BF,BF,114,0,0,4B,4B,00,00,1
5339,1144,A,41,00,DATA,41,00,115,0,0,4B,4B,00,00,1
5340,1144,B,54,FF,DATA,FF,54,116,0,0,4B,4B,00,00,1
5341,1144,A,01,00,DATA,01,00,117,0,0,4B,4B,00,00,1
5342,1144,B,FE,BF,DATA,BF,FE,118,0,0,4B,4B,00,00,1
5343,1144,A,41,00,DATA,41,00,119,0,0,4B,4B,00,00,1
5344,1144,B,EE,FF,DATA,FF,EE,120,0,0,4B,4B,00,00,1
5345,1144,A,01,11,DATA,01,11,121,0,0,4B,4B,00,00,1
5346,1144,B,22,AF,DATA,AF,22,122,0,0,4B,4B,00,00,1
5347,1144,A,51,99,DATA,51,99,123,0,0,4B,4B,00,00,1
5348,1144,B,ED,FF,DATA,FF,ED,124,0,0,4B,4B,00,00,1
5349,1144,A,01,10,DATA,01,10,125,0,0,4B,4B,00,00,1
5350,1144,B,8F,0F,DATA,0F,8F,126,0,0,4B,4B,00,00,1
5351,1144,A,F1,30,DATA,F1,30,127,0,0,4B,4B,00,00,1
5352,1144,B,D5,9F,DATA,9F,D5,128,0,0,4B,4B,00,00,1
5353,1144,A,E0,7F,DATA,E0,7F,129,0,0,4B,4B,00,00,1
5354,1144,B,C3,CA,DATA,CA,C3,130,0,0,4B,4B,00,00,1
5355,1144,A,F5,3F,DATA,F5,3F,131,0,0,4B,4B,00,00,1
5356,1144,B,17,BF,DATA,BF,17,132,0,0,4B,4B,00,00,1
5357,1144,A,C0,00,DATA,C0,00,133,0,0,4B,4B,00,00,1
5358,1144,B,80,D6,DATA,D6,80,134,0,0,4B,4B,00,00,1
5359,1144,A,81,00,DATA,81,00,135,0,0,4B,4B,00,00,1
5360,1144,B,D5,83,DATA,83,D5,136,0,0,4B,4B,00,00,1
5361,1144,A,80,00,DATA,80,00,137,0,0,4B,4B,00,00,1
5362,1144,B,67,D5,DATA,D5,67,138,0,0,4B,4B,00,00,1
5363,1144,A,80,88,DATA,80,88,139,0,0,4B,4B,00,00,1
5364,1144,B,1A,81,DATA,81,1A,140,0,0,4B,4B,00,00,1
5365,1144,A,80,C5,DATA,80,C5,141,0,0,4B,4B,00,00,1
5366,1144,B,70,C1,DATA,C1,70,142,0,0,4B,4B,00,00,1
5367,1144,A,80,8F,DATA,80,8F,143,0,0,4B,4B,00,00,1
5368,1144,B,75,EF,DATA,EF,75,144,0,0,4B,4B,00,00,1
5369,1144,A,20,FF,DATA,20,FF,145,0,0,4B,4B,00,00,1
5370,1144,B,B2,D2,DATA,D2,B2,146,0,0,4B,4B,00,00,1
5371,1144,A,3C,FF,DATA,3C,FF,147,0,0,4B,4B,00,00,1
5372,1144,B,A1,E4,DATA,E4,A1,148,0,0,4B,4B,00,00,1
5373,1144,A,1F,5F,DATA,1F,5F,149,0,0,4B,4B,00,00,1
5374,1144,B,2C,A8,DATA,A8,2C,150,0,0,4B,4B,00,00,1
5375,1144,A,57,03,DATA,57,03,151,0,0,4B,4B,00,00,1
5376,1144,B,51,FF,DATA,FF,51,152,0,0,4B,4B,00,00,1
5377,1144,A,00,00,DATA,00,00,153,0,0,4B,4B,00,00,1
5378,1144,B,70,AE,DATA,AE,70,154,0,0,4B,4B,00,00,1
5379,1144,A,51,80,DATA,51,80,155,0,0,4B,4B,00,00,1
5380,1144,B,2D,FF,DATA,FF,2D,156,0,0,4B,4B,00,00,1
5381,1144,A,00,D0,DATA,00,D0,157,0,0,4B,4B,00,00,1
5382,1144,B,30,BE,DATA,BE,30,158,0,0,4B,4B,00,00,1
5383,1144,A,41,CF,DATA,41,CF,159,0,0,4B,4B,00,00,1
5384,1144,B,75,0C,DATA,0C,75,160,0,0,4B,4B,00,00,1
5385,1144,A,13,FF,DATA,13,FF,161,0,0,4B,4B,00,00,1
5386,1144,B,3A,0D,DATA,0D,3A,162,0,0,4B,4B,00,00,1
5387,1144,A,07,FF,DATA,07,FF,163,0,0,4B,4B,00,00,1
5388,1144,B,15,A4,DATA,A4,15,164,0,0,4B,4B,00,00,1
5389,1144,A,1F,FF,DATA,1F,FF,165,0,0,4B,4B,00,00,1
5390,1144,B,2B,21,DATA,21,2B,166,0,0,4B,4B,00,00,1
5391,1144,A,DF,FF,DATA,DF,FF,167,0,0,4B,4B,00,00,1
5392,1144,B,55,D4,DATA,D4,55,168,0,0,4B,4B,00,00,1
5393,1144,A,2B,3F,DATA,2B,3F,169,0,0,4B,4B,00,00,1
5394,1144,B,31,80,DATA,80,31,170,0,0,4B,4B,00,00,1
5395,1144,A,7F,0F,DATA,7F,0F,171,0,0,4B,4B,00,00,1
5396,1144,B,06,F0,DATA,F0,06,172,0,0,4B,4B,00,00,1
5397,1144,A,0F,01,DATA,0F,01,173,0,0,4B,4B,00,00,1
5398,1144,B,80,A1,DATA,A1,80,174,0,0,4B,4B,00,00,1
5399,1144,A,5F,00,DATA,5F,00,175,0,0,4B,4B,00,00,1
5400,1144,B,57,9F,DATA,9F,57,176,0,0,4B,4B,00,00,1
5401,1144,A,E1,FF,DATA,E1,FF,177,0,0,4B,4B,00,00,1
5402,1144,B,A2,0B,DATA,0B,A2,178,0,0,4B,4B,00,00,1
5403,1144,A,F5,FF,DATA,F5,FF,179,0,0,4B,4B,00,00,1
5404,1144,B,55,07,DATA,07,55,180,0,0,4B,4B,00,00,1
5405,1144,A,F9,FF,DATA,F9,FF,181,0,0,4B,4B,00,00,1
5406,1144,B,80,13,DATA,13,80,182,0,0,4B,4B,00,00,1
5407,1144,A,FD,FF,DATA,FD,FF,183,0,0,4B,4B,00,00,1
5408,1144,B,55,07,DATA,07,55,184,0,0,4B,4B,00,00,1
5409,1144,A,F9,FF,DATA,F9,FF,185,0,0,4B,4B,00,00,1
5410,1144,B,AB,41,DATA,41,AB,186,0,0,4B,4B,00,00,1
5411,1144,A,FF,FF,DATA,FF,FF,187,0,0,4B,4B,00,00,1
5412,1144,B,51,0F,DATA,0F,51,188,0,0,4B,4B,00,00,1
5413,1144,A,F1,FF,DATA,F1,FF,189,0,0,4B,4B,00,00,1
5414,1144,B,AC,0B,DATA,0B,AC,190,0,0,4B,4B,00,00,1
5415,1144,A,F5,7F,DATA,F5,7F,191,0,0,4B,4B,00,00,1
5416,1144,B,55,80,DATA,80,55,192,0,0,4B,4B,00,00,1
5417,1144,A,80,FF,DATA,80,FF,193,0,0,4B,4B,00,00,1
5418,1144,B,AB,D0,DATA,D0,AB,194,0,0,4B,4B,00,00,1
5419,1144,A,80,FF,DATA,80,FF,195,0,0,4B,4B,00,00,1
5420,1144,B,75,80,DATA,80,75,196,0,0,4B,4B,00,00,1
5421,1144,A,80,FF,DATA,80,FF,197,0,0,4B,4B,00,00,1
5422,1144,B,6E,FF,DATA,FF,6E,198,0,0,4B,4B,00,00,1
5423,1144,A,FF,FF,DATA,FF,FF,199,0,0,4B,4B,00,00,1
5424,1144,B,57,00,DATA,00,57,200,0,0,4B,4B,00,00,1
5425,1144,A,00,FF,DATA,00,FF,201,0,0,4B,4B,00,00,1
5426,1144,B,BF,00,DATA,00,BF,202,0,0,4B,4B,00,00,1
5427,1144,A,00,FF,DATA,00,FF,203,0,0,4B,4B,00,00,1
5428,1144,B,55,00,DATA,00,55,204,0,0,4B,4B,00,00,1
5429,1144,A,00,FF,DATA,00,FF,205,0,0,4B,4B,00,00,1
5430,1144,B,8F,00,DATA,00,8F,206,0,0,4B,4B,00,00,1
5431,1144,A,00,FF,DATA,00,FF,207,0,0,4B,4B,00,00,1
5432,1144,B,55,7F,DATA,7F,55,208,0,0,4B,4B,00,00,1
5433,1144,A,00,FF,DATA,00,FF,209,0,0,4B,4B,00,00,1
5434,1144,B,BF,6F,DATA,6F,BF,210,0,0,4B,4B,00,00,1
5435,1144,A,10,FF,DATA,10,FF,211,0,0,4B,4B,00,00,1
5436,1144,B,57,3C,DATA,3C,57,212,0,0,4B,4B,00,00,1
5437,1144,A,00,FF,DATA,00,FF,213,0,0,4B,4B,00,00,1
5438,1144,B,8A,FF,DATA,FF,8A,214,0,0,4B,4B,00,00,1
5439,1144,A,FF,FF,DATA,FF,FF,215,0,0,4B,4B,00,00,1
5440,1144,B,57,00,DATA,00,57,216,0,0,4B,4B,00,00,1
5441,1144,A,00,FF,DATA,00,FF,217,0,0,4B,4B,00,00,1
5442,1144,B,AF,00,DATA,00,AF,218,0,0,4B,4B,00,00,1
5443,1144,A,00,FF,DATA,00,FF,219,0,0,4B,4B,00,00,1
5444,1144,B,57,00,DATA,00,57,220,0,0,4B,4B,00,00,1
5445,1144,A,00,FF,DATA,00,FF,221,0,0,4B,4B,00,00,1
5446,1144,B,AF,00,DATA,00,AF,222,0,0,4B,4B,00,00,1
5447,1144,A,00,FF,DATA,00,FF,223,0,0,4B,4B,00,00,1
5448,1144,B,57,E4,DATA,E4,57,224,0,0,4B,4B,00,00,1
5449,1144,A,1B,FF,DATA,1B,FF,225,0,0,4B,4B,00,00,1
5450,1144,B,EB,E0,DATA,E0,EB,226,0,0,4B,4B,00,00,1
5451,1144,A,1F,FF,DATA,1F,FF,227,0,0,4B,4B,00,00,1
5452,1144,B,FF,70,DATA,70,FF,228,0,0,4B,4B,00,00,1
5453,1144,A,0F,FF,DATA,0F,FF,229,0,0,4B,4B,00,00,1
5454,1144,B,FF,FF,DATA,FF,FF,230,0,0,4B,4B,00,00,1
5455,1144,A,FF,FF,DATA,FF,FF,231,0,0,4B,4B,00,00,1
5456,1144,B,F7,00,DATA,00,F7,232,0,0,4B,4B,00,00,1
5457,1144,A,00,FF,DATA,00,FF,233,0,0,4B,4B,00,00,1
5458,1144,B,FF,00,DATA,00,FF,234,0,0,4B,4B,00,00,1
5459,1144,A,00,FF,DATA,00,FF,235,0,0,4B,4B,00,00,1
5460,1144,B,5F,00,DATA,00,5F,236,0,0,4B,4B,00,00,1
5461,1144,A,00,FF,DATA,00,FF,237,0,0,4B,4B,00,00,1
5462,1144,B,FF,00,DATA,00,FF,238,0,0,4B,4B,00,00,1
5463,1144,A,00,FF,DATA,00,FF,239,0,0,4B,4B,00,00,1
5464,1144,B,FF,1F,DATA,1F,FF,240,0,0,4B,4B,00,00,1
5465,1144,A,E1,FF,DATA,E1,FF,241,0,0,4B,4B,00,00,1
5466,1144,B,FF,0B,DATA,0B,FF,242,0,0,4B,4B,00,00,1
5467,1144,A,F5,FF,DATA,F5,FF,243,0,0,4B,4B,00,00,1
5468,1144,B,FF,0F,DATA,0F,FF,244,0,0,4B,4B,00,00,1
5469,1144,A,F1,FF,DATA,F1,FF,245,0,0,4B,4B,00,00,1
5470,1144,B,FF,FF,DATA,FF,FF,246,0,0,4B,4B,00,00,1
5471,1144,A,FF,FF,DATA,FF,FF,247,0,0,4B,4B,00,00,1
5472,1144,B,FF,00,DATA,00,FF,248,0,0,4B,4B,00,00,1
5473,1144,A,00,FF,DATA,00,FF,249,0,0,4B,4B,00,00,1
5474,1144,B,FF,00,DATA,00,FF,250,0,0,4B,4B,00,00,1
5475,1144,A,00,FF,DATA,00,FF,251,0,0,4B,4B,00,00,1
5476,1144,B,FF,00,DATA,00,FF,252,0,0,4B,4B,00,00,1
5477,1144,A,00,FF,DATA,00,FF,253,0,0,4B,4B,00,00,1
5478,1144,B,FF,00,DATA,00,FF,254,0,0,4B,4B,00,00,1
5479,1144,A,00,FF,DATA,00,FF,255,0,0,4B,4B,00,00,1
5480,1144,B,F7,FF,DATA,FF,F7,256,0,0,4B,4B,00,00,1
5481,1144,A,FF,FF,DATA,FF,FF,257,0,0,4B,4B,00,00,1
5482,1144,B,FF,85,DATA,85,FF,258,0,0,4B,4B,00,00,1
5483,1144,A,FF,FF,DATA,FF,FF,259,0,0,4B,4B,00,00,1
5484,1144,B,FF,80,DATA,80,FF,260,0,0,4B,4B,00,00,1
5485,1144,A,FF,FF,DATA,FF,FF,261,0,0,4B,4B,00,00,1
5486,1144,B,FF,95,DATA,95,FF,262,0,0,4B,4B,00,00,1
5487,1144,A,FF,FF,DATA,FF,FF,263,0,0,4B,4B,00,00,1
5488,1144,B,FD,80,DATA,80,FD,264,0,0,4B,4B,00,00,1
5489,1144,A,FF,FF,DATA,FF,FF,265,0,0,4B,4B,00,00,1
5490,1144,B,FF,D4,DATA,D4,FF,266,0,0,4B,4B,00,00,1
5491,1144,A,FF,FF,DATA,FF,FF,267,0,0,4B,4B,00,00,1
5492,1144,B,FF,83,DATA,83,FF,268,0,0,4B,4B,00,00,1
5493,1144,A,FC,FF,DATA,FC,FF,269,0,0,4B,4B,00,00,1
5494,1144,B,FF,D3,DATA,D3,FF,270,0,0,4B,4B,00,00,1
5495,1144,A,FC,FF,DATA,FC,FF,271,0,0,4B,4B,00,00,1
5496,1144,B,F5,FF,DATA,FF,F5,272,0,0,4B,4B,00,00,1
5497,1144,A,FF,FF,DATA,FF,FF,273,0,0,4B,4B,00,00,1
5498,1144,B,FF,01,DATA,01,FF,274,0,0,4B,4B,00,00,1
5499,1144,A,FF,FF,DATA,FF,FF,275,0,0,4B,4B,00,00,1
5500,1144,B,F5,00,DATA,00,F5,276,0,0,4B,4B,00,00,1
5501,1144,A,FF,FF,DATA,FF,FF,277,0,0,4B,4B,00,00,1
5502,1144,B,FF,21,DATA,21,FF,278,0,0,4B,4B,00,00,1
5503,1144,A,DF,FF,DATA,DF,FF,279,0,0,4B,4B,00,00,1
5504,1144,B,FF,7E,DATA,7E,FF,280,0,0,4B,4B,00,00,1
5505,1144,A,81,FF,DATA,81,FF,281,0,0,4B,4B,00,00,1
5506,1144,B,FF,BE,DATA,BE,FF,282,0,0,4B,4B,00,00,1
5507,1144,A,41,FF,DATA,41,FF,283,0,0,4B,4B,00,00,1
5508,1144,B,F5,FF,DATA,FF,F5,284,0,0,4B,4B,00,00,1
5509,1144,A,00,FF,DATA,00,FF,285,0,0,4B,4B,00,00,1
5510,1144,B,FF,FA,DATA,FA,FF,286,0,0,4B,4B,00,00,1
5511,1144,A,05,FF,DATA,05,FF,287,0,0,4B,4B,00,00,1
5512,1144,B,77,FF,DATA,FF,77,288,0,0,4B,4B,00,00,1
5513,1144,A,FF,FF,DATA,FF,FF,289,0,0,4B,4B,00,00,1
5514,1144,B,FF,30,DATA,30,FF,290,0,0,4B,4B,00,00,1
5515,1144,A,C0,FF,DATA,C0,FF,291,0,0,4B,4B,00,00,1
5516,1144,B,55,10,DATA,10,55,292,0,0,4B,4B,00,00,1
5517,1144,A,E0,FF,DATA,E0,FF,293,0,0,4B,4B,00,00,1
5518,1144,B,FF,5D,DATA,5D,FF,294,0,0,4B,4B,00,00,1
5519,1144,A,F0,FF,DATA,F0,FF,295,0,0,4B,4B,00,00,1
5520,1144,B,D5,05,DATA,05,D5,296,0,0,4B,4B,00,00,1
5521,1144,A,F8,FF,DATA,F8,FF,297,0,0,4B,4B,00,00,1
5522,1144,B,75,92,DATA,92,75,298,0,0,4B,4B,00,00,1
5523,1144,A,7D,FE,DATA,7D,FE,299,0,0,4B,4B,00,00,1
5524,1144,B,F6,A0,DATA,A0,F6,300,0,0,4B,4B,00,00,1
5525,1144,A,5F,FD,DATA,5F,FD,301,0,0,4B,4B,00,00,1
5526,1144,B,97,25,DATA,25,97,302,0,0,4B,4B,00,00,1
5527,1144,A,DF,F8,DATA,DF,F8,303,0,0,4B,4B,00,00,1
5528,1144,B,53,FF,DATA,FF,53,304,0,0,4B,4B,00,00,1
5529,1144,A,FF,FC,DATA,FF,FC,305,0,0,4B,4B,00,00,1
5530,1144,B,E7,21,DATA,21,E7,306,0,0,4B,4B,00,00,1
5531,1144,A,5F,F8,DATA,5F,F8,307,0,0,4B,4B,00,00,1
5532,1144,B,C6,C1,DATA,C1,C6,308,0,0,4B,4B,00,00,1
5533,1144,A,3F,F1,DATA,3F,F1,309,0,0,4B,4B,00,00,1
5534,1144,B,3C,01,DATA,01,3C,310,0,0,4B,4B,00,00,1
5535,1144,A,FF,C3,DATA,FF,C3,311,0,0,4B,4B,00,00,1
5536,1144,B,A9,01,DATA,01,A9,312,0,0,4B,4B,00,00,1
5537,1144,A,FF,57,DATA,FF,57,313,0,0,4B,4B,00,00,1
5538,1144,B,C2,05,DATA,05,C2,314,0,0,4B,4B,00,00,1
5539,1144,A,FF,3D,DATA,FF,3D,315,0,0,4B,4B,00,00,1
5540,1144,B,0A,01,DATA,01,0A,316,0,0,4B,4B,00,00,1
5541,1144,A,FF,F5,DATA,FF,F5,317,0,0,4B,4B,00,00,1
5542,1144,B,10,01,DATA,01,10,318,0,0,4B,4B,00,00,1
5543,1144,A,FF,EF,DATA,FF,EF,319,0,0,4B,4B,00,00,1
5544,1144,B,65,87,DATA,87,65,320,0,0,4B,4B,00,00,1
5545,1144,A,F8,1F,DATA,F8,1F,321,0,0,4B,4B,00,00,1
5546,1144,B,EA,D7,DATA,D7,EA,322,0,0,4B,4B,00,00,1
5547,1144,A,F8,37,DATA,F8,37,323,0,0,4B,4B,00,00,1
5548,1144,B,19,8F,DATA,8F,19,324,0,0,4B,4B,00,00,1
5549,1144,A,F0,F7,DATA,F0,F7,325,0,0,4B,4B,00,00,1
5550,1144,B,02,DE,DATA,DE,02,326,0,0,4B,4B,00,00,1
5551,1144,A,F1,FF,DATA,F1,FF,327,0,0,4B,4B,00,00,1
5552,1144,B,95,CF,DATA,CF,95,328,0,0,4B,4B,00,00,1
5553,1144,A,F0,7F,DATA,F0,7F,329,0,0,4B,4B,00,00,1
5554,1144,B,68,D8,DATA,D8,68,330,0,0,4B,4B,00,00,1
5555,1144,A,F7,BF,DATA,F7,BF,331,0,0,4B,4B,00,00,1
5556,1144,B,60,8D,DATA,8D,60,332,0,0,4B,4B,00,00,1
5557,1144,A,F2,DF,DATA,F2,DF,333,0,0,4B,4B,00,00,1
5558,1144,B,1C,DF,DATA,DF,1C,334,0,0,4B,4B,00,00,1
5559,1144,A,F0,E3,DATA,F0,E3,335,0,0,4B,4B,00,00,1
5560,1144,B,BB,FF,DATA,FF,BB,336,0,0,4B,4B,00,00,1
5561,1144,A,00,55,DATA,00,55,337,0,0,4B,4B,00,00,1
5562,1144,B,02,FE,DATA,FE,02,338,0,0,4B,4B,00,00,1
5563,1144,A,01,FF,DATA,01,FF,339,0,0,4B,4B,00,00,1
5564,1144,B,0C,FA,DATA,FA,0C,340,0,0,4B,4B,00,00,1
5565,1144,A,01,F7,DATA,01,F7,341,0,0,4B,4B,00,00,1
5566,1144,B,00,A5,DATA,A5,00,342,0,0,4B,4B,00,00,1
5567,1144,A,50,FF,DATA,50,FF,343,0,0,4B,4B,00,00,1
5568,1144,B,15,10,DATA,10,15,344,0,0,4B,4B,00,00,1
5569,1144,A,E0,FF,DATA,E0,FF,345,0,0,4B,4B,00,00,1
5570,1144,B,00,35,DATA,35,00,346,0,0,4B,4B,00,00,1
5571,1144,A,C0,FF,DATA,C0,FF,347,0,0,4B,4B,00,00,1
5572,1144,B,21,E0,DATA,E0,21,348,0,0,4B,4B,00,00,1
5573,1144,A,00,DF,DATA,00,DF,349,0,0,4B,4B,00,00,1
5574,1144,B,B0,55,DATA,55,B0,350,0,0,4B,4B,00,00,1
5575,1144,A,00,4F,DATA,00,4F,351,0,0,4B,4B,00,00,1
5576,1144,B,3A,08,DATA,08,3A,352,0,0,4B,4B,00,00,1
5577,1144,A,F7,D5,DATA,F7,D5,353,0,0,4B,4B,00,00,1
5578,1144,B,07,49,DATA,49,07,354,0,0,4B,4B,00,00,1
5579,1144,A,F7,F8,DATA,F7,F8,355,0,0,4B,4B,00,00,1
5580,1144,B,42,3C,DATA,3C,42,356,0,0,4B,4B,00,00,1
5581,1144,A,C3,FD,DATA,C3,FD,357,0,0,4B,4B,00,00,1
5582,1144,B,06,FF,DATA,FF,06,358,0,0,4B,4B,00,00,1
5583,1144,A,01,F9,DATA,01,F9,359,0,0,4B,4B,00,00,1
5584,1144,B,56,F6,DATA,F6,56,360,0,0,4B,4B,00,00,1
5585,1144,A,01,F1,DATA,01,F1,361,0,0,4B,4B,00,00,1
5586,1144,B,0A,7F,DATA,7F,0A,362,0,0,4B,4B,00,00,1
5587,1144,A,01,F1,DATA,01,F1,363,0,0,4B,4B,00,00,1
5588,1144,B,5E,7E,DATA,7E,5E,364,0,0,4B,4B,00,00,1
5589,1144,A,01,F1,DATA,01,F1,365,0,0,4B,4B,00,00,1
5590,1144,B,00,7E,DATA,7E,00,366,0,0,4B,4B,00,00,1
5591,1144,A,01,FF,DATA,01,FF,367,0,0,4B,4B,00,00,1
5592,1144,B,32,01,DATA,01,32,368,0,0,4B,4B,00,00,1
5593,1144,A,FF,15,DATA,FF,15,369,0,0,4B,4B,00,00,1
5594,1144,B,0F,41,DATA,41,0F,370,0,0,4B,4B,00,00,1
5595,1144,A,FF,90,DATA,FF,90,371,0,0,4B,4B,00,00,1
5596,1144,B,19,01,DATA,01,19,372,0,0,4B,4B,00,00,1
5597,1144,A,FF,C4,DATA,FF,C4,373,0,0,4B,4B,00,00,1
5598,1144,B,3D,01,DATA,01,3D,374,0,0,4B,4B,00,00,1
5599,1144,A,FF,C2,DATA,FF,C2,375,0,0,4B,4B,00,00,1
5600,1144,B,B6,01,DATA,01,B6,376,0,0,4B,4B,00,00,1
5601,1144,A,FF,51,DATA,FF,51,377,0,0,4B,4B,00,00,1
5602,1144,B,CC,55,DATA,55,CC,378,0,0,4B,4B,00,00,1
5603,1144,A,FF,33,DATA,FF,33,379,0,0,4B,4B,00,00,1
5604,1144,B,B3,01,DATA,01,B3,380,0,0,4B,4B,00,00,1
5605,1144,A,FF,5D,DATA,FF,5D,381,0,0,4B,4B,00,00,1
5606,1144,B,00,45,DATA,45,00,382,0,0,4B,4B,00,00,1
5607,1144,A,FF,FF,DATA,FF,FF,383,0,0,4B,4B,00,00,1
5608,1144,B,08,C0,DATA,C0,08,384,0,0,4B,4B,00,00,1
5609,1144,A,F8,D7,DATA,F8,D7,385,0,0,4B,4B,00,00,1
5610,1144,B,30,D5,DATA,D5,30,386,0,0,4B,4B,00,00,1
5611,1144,A,F8,CF,DATA,F8,CF,387,0,0,4B,4B,00,00,1
5612,1144,B,60,84,DATA,84,60,388,0,0,4B,4B,00,00,1
5613,1144,A,F8,DF,DATA,F8,DF,389,0,0,4B,4B,00,00,1
5614,1144,B,00,D3,DATA,D3,00,390,0,0,4B,4B,00,00,1
5615,1144,A,FC,FF,DATA,FC,FF,391,0,0,4B,4B,00,00,1
5616,1144,B,40,81,DATA,81,40,392,0,0,4B,4B,00,00,1
5617,1144,A,FE,FF,DATA,FE,FF,393,0,0,4B,4B,00,00,1
5618,1144,B,10,94,DATA,94,10,394,0,0,4B,4B,00,00,1
5619,1144,A,FF,FF,DATA,FF,FF,395,0,0,4B,4B,00,00,1
5620,1144,B,48,80,DATA,80,48,396,0,0,4B,4B,00,00,1
5621,1144,A,FF,F7,DATA,FF,F7,397,0,0,4B,4B,00,00,1
5622,1144,B,00,84,DATA,84,00,398,0,0,4B,4B,00,00,1
5623,1144,A,FF,FF,DATA,FF,FF,399,0,0,4B,4B,00,00,1
5624,1144,B,A8,09,DATA,09,A8,400,0,0,4B,4B,00,00,1
5625,1144,A,00,57,DATA,00,57,401,0,0,4B,4B,00,00,1
5626,1144,B,10,5F,DATA,5F,10,402,0,0,4B,4B,00,00,1
5627,1144,A,00,EF,DATA,00,EF,403,0,0,4B,4B,00,00,1
5628,1144,B,4A,3F,DATA,3F,4A,404,0,0,4B,4B,00,00,1
5629,1144,A,00,F5,DATA,00,F5,405,0,0,4B,4B,00,00,1
5630,1144,B,00,7F,DATA,7F,00,406,0,0,4B,4B,00,00,1
5631,1144,A,00,FF,DATA,00,FF,407,0,0,4B,4B,00,00,1
5632,1144,B,08,DF,DATA,DF,08,408,0,0,4B,4B,00,00,1
5633,1144,A,00,F7,DATA,00,F7,409,0,0,4B,4B,00,00,1
5634,1144,B,00,BE,DATA,BE,00,410,0,0,4B,4B,00,00,1
5635,1144,A,41,FF,DATA,41,FF,411,0,0,4B,4B,00,00,1
5636,1144,B,F0,FF,DATA,FF,F0,412,0,0,4B,4B,00,00,1
5637,1144,A,00,1F,DATA,00,1F,413,0,0,4B,4B,00,00,1
5638,1144,B,78,3F,DATA,3F,78,414,0,0,4B,4B,00,00,1
5639,1144,A,C0,87,DATA,C0,87,415,0,0,4B,4B,00,00,1
5640,1144,B,F4,FE,DATA,FE,F4,416,0,0,4B,4B,00,00,1
5641,1144,A,01,00,DATA,01,00,417,0,0,4B,4B,00,00,1
5642,1144,B,C7,FA,DATA,FA,C7,418,0,0,4B,4B,00,00,1
5643,1144,A,05,38,DATA,05,38,419,0,0,4B,4B,00,00,1
5644,1144,B,6A,FE,DATA,FE,6A,420,0,0,4B,4B,00,00,1
5645,1144,A,01,15,DATA,01,15,421,0,0,4B,4B,00,00,1
5646,1144,B,C1,BE,DATA,BE,C1,422,0,0,4B,4B,00,00,1
5647,1144,A,41,3E,DATA,41,3E,423,0,0,4B,4B,00,00,1
5648,1144,B,AA,FE,DATA,FE,AA,424,0,0,4B,4B,00,00,1
5649,1144,A,01,55,DATA,01,55,425,0,0,4B,4B,00,00,1
5650,1144,B,01,AE,DATA,AE,01,426,0,0,4B,4B,00,00,1
5651,1144,A,51,FE,DATA,51,FE,427,0,0,4B,4B,00,00,1
5652,1144,B,22,FE,DATA,FE,22,428,0,0,4B,4B,00,00,1
5653,1144,A,01,DD,DATA,01,DD,429,0,0,4B,4B,00,00,1
5654,1144,B,70,FE,DATA,FE,70,430,0,0,4B,4B,00,00,1
5655,1144,A,01,8F,DATA,01,8F,431,0,0,4B,4B,00,00,1
5656,1144,B,15,01,DATA,01,15,432,0,0,4B,4B,00,00,1
5657,1144,A,FF,1F,DATA,FF,1F,433,0,0,4B,4B,00,00,1
5658,1144,B,0A,55,DATA,55,0A,434,0,0,4B,4B,00,00,1
5659,1144,A,FF,07,DATA,FF,07,435,0,0,4B,4B,00,00,1
5660,1144,B,47,01,DATA,01,47,436,0,0,4B,4B,00,00,1
5661,1144,A,FF,01,DATA,FF,01,437,0,0,4B,4B,00,00,1
5662,1144,B,23,05,DATA,05,23,438,0,0,4B,4B,00,00,1
5663,1144,A,FF,C0,DATA,FF,C0,439,0,0,4B,4B,00,00,1
5664,1144,B,84,01,DATA,01,84,440,0,0,4B,4B,00,00,1
5665,1144,A,FF,70,DATA,FF,70,441,0,0,4B,4B,00,00,1
5666,1144,B,06,45,DATA,45,06,442,0,0,4B,4B,00,00,1
5667,1144,A,FF,F8,DATA,FF,F8,443,0,0,4B,4B,00,00,1
5668,1144,B,2B,01,DATA,01,2B,444,0,0,4B,4B,00,00,1
5669,1144,A,FF,D4,DATA,FF,D4,445,0,0,4B,4B,00,00,1
5670,1144,B,1C,01,DATA,01,1C,446,0,0,4B,4B,00,00,1
5671,1144,A,FF,E3,DATA,FF,E3,447,0,0,4B,4B,00,00,1
5672,1144,B,D5,E0,DATA,E0,D5,448,0,0,4B,4B,00,00,1
5673,1144,A,9F,FF,DATA,9F,FF,449,0,0,4B,4B,00,00,1
5674,1144,B,2E,E8,DATA,E8,2E,450,0,0,4B,4B,00,00,1
5675,1144,A,97,FF,DATA,97,FF,451,0,0,4B,4B,00,00,1
5676,1144,B,55,BC,DATA,BC,55,452,0,0,4B,4B,00,00,1
5677,1144,A,83,FF,DATA,83,FF,453,0,0,4B,4B,00,00,1
5678,1144,B,3F,FF,DATA,FF,3F,454,0,0,4B,4B,00,00,1
5679,1144,A,FF,FF,DATA,FF,FF,455,0,0,4B,4B,00,00,1
5680,1144,B,57,00,DATA,00,57,456,0,0,4B,4B,00,00,1
5681,1144,A,00,3F,DATA,00,3F,457,0,0,4B,4B,00,00,1
5682,1144,B,0B,00,DATA,00,0B,458,0,0,4B,4B,00,00,1
5683,1144,A,00,3F,DATA,00,3F,459,0,0,4B,4B,00,00,1
5684,1144,B,1D,00,DATA,00,1D,460,0,0,4B,4B,00,00,1
5685,1144,A,00,07,DATA,00,07,461,0,0,4B,4B,00,00,1
5686,1144,B,CE,00,DATA,00,CE,462,0,0,4B,4B,00,00,1
5687,1144,A,00,03,DATA,00,03,463,0,0,4B,4B,00,00,1
5688,1144,B,5F,3F,DATA,3F,5F,464,0,0,4B,4B,00,00,1
5689,1144,A,C0,FF,DATA,C0,FF,465,0,0,4B,4B,00,00,1
5690,1144,B,BF,0F,DATA,0F,BF,466,0,0,4B,4B,00,00,1
5691,1144,A,F0,FF,DATA,F0,FF,467,0,0,4B,4B,00,00,1
5692,1144,B,57,1E,DATA,1E,57,468,0,0,4B,4B,00,00,1
5693,1144,A,E0,FF,DATA,E0,FF,469,0,0,4B,4B,00,00,1
5694,1144,B,BB,FF,DATA,FF,BB,470,0,0,4B,4B,00,00,1
5695,1144,A,FF,FF,DATA,FF,FF,471,0,0,4B,4B,00,00,1
5696,1144,B,D5,00,DATA,00,D5,472,0,0,4B,4B,00,00,1
5697,1144,A,00,FF,DATA,00,FF,473,0,0,4B,4B,00,00,1
5698,1144,B,FF,00,DATA,00,FF,474,0,0,4B,4B,00,00,1
5699,1144,A,00,FF,DATA,00,FF,475,0,0,4B,4B,00,00,1
5700,1144,B,55,00,DATA,00,55,476,0,0,4B,4B,00,00,1
5701,1144,A,00,FF,DATA,00,FF,477,0,0,4B,4B,00,00,1
5702,1144,B,BA,00,DATA,00,BA,478,0,0,4B,4B,00,00,1
5703,1144,A,00,FF,DATA,00,FF,479,0,0,4B,4B,00,00,1
5704,1144,B,75,FF,DATA,FF,75,480,0,0,4B,4B,00,00,1
5705,1144,A,00,FF,DATA,00,FF,481,0,0,4B,4B,00,00,1
5706,1144,B,FF,FE,DATA,FE,FF,482,0,0,4B,4B,00,00,1
5707,1144,A,01,FF,DATA,01,FF,483,0,0,4B,4B,00,00,1
5708,1144,B,FD,3F,DATA,3F,FD,484,0,0,4B,4B,00,00,1
5709,1144,A,00,FF,DATA,00,FF,485,0,0,4B,4B,00,00,1
5710,1144,B,FF,FF,DATA,FF,FF,486,0,0,4B,4B,00,00,1
5711,1144,A,FF,FF,DATA,FF,FF,487,0,0,4B,4B,00,00,1
5712,1144,B,7F,00,DATA,00,7F,488,0,0,4B,4B,00,00,1
5713,1144,A,00,FF,DATA,00,FF,489,0,0,4B,4B,00,00,1
5714,1144,B,FF,00,DATA,00,FF,490,0,0,4B,4B,00,00,1
5715,1144,A,00,FF,DATA,00,FF,491,0,0,4B,4B,00,00,1
5716,1144,B,7D,00,DATA,00,7D,492,0,0,4B,4B,00,00,1
5717,1144,A,00,FF,DATA,00,FF,493,0,0,4B,4B,00,00,1
5718,1144,B,FF,00,DATA,00,FF,494,0,0,4B,4B,00,00,1
5719,1144,A,00,FF,DATA,00,FF,495,0,0,4B,4B,00,00,1
5720,1144,B,FF,19,DATA,19,FF,496,0,0,4B,4B,00,00,1
5721,1144,A,E7,FF,DATA,E7,FF,497,0,0,4B,4B,00,00,1
5722,1144,B,FF,8B,DATA,8B,FF,498,0,0,4B,4B,00,00,1
5723,1144,A,75,FF,DATA,75,FF,499,0,0,4B,4B,00,00,1
5724,1144,B,5F,FF,DATA,FF,5F,500,0,0,4B,4B,00,00,1
5725,1186,A,01,FF,DATA,01,FF,501,0,0,4B,4B,00,00,1
5726,1186,B,FF,FF,DATA,FF,FF,502,0,0,4B,4B,00,00,1
5727,1186,A,FF,FF,DATA,FF,FF,503,0,0,4B,4B,00,00,1
5728,1186,B,7F,00,DATA,00,7F,504,0,0,4B,4B,00,00,1
5729,1186,A,00,FF,DATA,00,FF,505,0,0,4B,4B,00,00,1
5730,1186,B,FF,00,DATA,00,FF,506,0,0,4B,4B,00,00,1
5731,1186,A,00,FF,DATA,00,FF,507,0,0,4B,4B,00,00,1
5732,1186,B,FD,00,DATA,00,FD,508,0,0,4B,4B,00,00,1
5733,1186,A,00,FF,DATA,00,FF,509,0,0,4B,4B,00,00,1
5734,1186,B,FF,00,DATA,00,FF,510,0,0,4B,4B,00,00,1
5735,1186,A,00,FF,DATA,00,FF,511,0,0,4B,4B,00,00,1
5736,1186,B,F5,FF,DATA,FF,F5,512,0,0,4B,4B,00,00,1
5737,1186,A,FF,FF,DATA,FF,FF,513,0,0,4B,4B,00,00,1
5738,1186,B,FF,D5,DATA,D5,FF,514,0,0,4B,4B,00,00,1
5739,1186,A,80,FF,DATA,80,FF,515,0,0,4B,4B,00,00,1
5740,1186,B,DD,80,DATA,80,DD,516,0,0,4B,4B,00,00,1
5741,1186,A,80,FF,DATA,80,FF,517,0,0,4B,4B,00,00,1
5742,1186,B,FF,F5,DATA,F5,FF,518,0,0,4B,4B,00,00,1
5743,1186,A,80,FF,DATA,80,FF,519,0,0,4B,4B,00,00,1
5744,1186,B,F7,FF,DATA,FF,F7,520,0,0,4B,4B,00,00,1
5745,1186,A,80,FF,DATA,80,FF,521,0,0,4B,4B,00,00,1
5746,1186,B,FF,BF,DATA,BF,FF,522,0,0,4B,4B,00,00,1
5747,1186,A,C0,FF,DATA,C0,FF,523,0,0,4B,4B,00,00,1
5748,1186,B,FD,F8,DATA,F8,FD,524,0,0,4B,4B,00,00,1
5749,1186,A,80,FF,DATA,80,FF,525,0,0,4B,4B,00,00,1
5750,1186,B,FF,FD,DATA,FD,FF,526,0,0,4B,4B,00,00,1
5751,1186,A,80,FF,DATA,80,FF,527,0,0,4B,4B,00,00,1
5752,1186,B,77,FF,DATA,FF,77,528,0,0,4B,4B,00,00,1
5753,1186,A,FF,FF,DATA,FF,FF,529,0,0,4B,4B,00,00,1
5754,1186,B,FE,00,DATA,00,FE,530,0,0,4B,4B,00,00,1
5755,1186,A,00,FF,DATA,00,FF,531,0,0,4B,4B,00,00,1
5756,1186,B,F5,00,DATA,00,F5,532,0,0,4B,4B,00,00,1
5757,1186,A,00,FF,DATA,00,FF,533,0,0,4B,4B,00,00,1
5758,1186,B,FF,54,DATA,54,FF,534,0,0,4B,4B,00,00,1
5759,1186,A,00,FF,DATA,00,FF,535,0,0,4B,4B,00,00,1
5760,1186,B,D7,2F,DATA,2F,D7,536,0,0,4B,4B,00,00,1
5761,1186,A,00,FF,DATA,00,FF,537,0,0,4B,4B,00,00,1
5762,1186,B,FF,57,DATA,57,FF,538,0,0,4B,4B,00,00,1
5763,1186,A,00,FF,DATA,00,FF,539,0,0,4B,4B,00,00,1
5764,1186,B,54,00,DATA,00,54,540,0,0,4B,4B,00,00,1
5765,1186,A,00,FF,DATA,00,FF,541,0,0,4B,4B,00,00,1
5766,1186,B,ED,55,DATA,55,ED,542,0,0,4B,4B,00,00,1
5767,1186,A,00,FE,DATA,00,FE,543,0,0,4B,4B,00,00,1
5768,1186,B,5E,FF,DATA,FF,5E,544,0,0,4B,4B,00,00,1
5769,1186,A,FF,F1,DATA,FF,F1,545,0,0,4B,4B,00,00,1
5770,1186,B,D7,00,DATA,00,D7,546,0,0,4B,4B,00,00,1
5771,1186,A,00,EB,DATA,00,EB,547,0,0,4B,4B,00,00,1
5772,1186,B,79,00,DATA,00,79,548,0,0,4B,4B,00,00,1
5773,1186,A,00,C7,DATA,00,C7,549,0,0,4B,4B,00,00,1
5774,1186,B,20,11,DATA,11,20,550,0,0,4B,4B,00,00,1
5775,1186,A,00,DF,DATA,00,DF,551,0,0,4B,4B,00,00,1
5776,1186,B,81,F4,DATA,F4,81,552,0,0,4B,4B,00,00,1
5777,1186,A,00,7F,DATA,00,7F,553,0,0,4B,4B,00,00,1
5778,1186,B,C0,FF,DATA,FF,C0,554,0,0,4B,4B,00,00,1
5779,1186,A,00,3F,DATA,00,3F,555,0,0,4B,4B,00,00,1
5780,1186,B,94,00,DATA,00,94,556,0,0,4B,4B,00,00,1
5781,1186,A,00,7F,DATA,00,7F,557,0,0,4B,4B,00,00,1
5782,1186,B,08,55,DATA,55,08,558,0,0,4B,4B,00,00,1
5783,1186,A,00,FF,DATA,00,FF,559,0,0,4B,4B,00,00,1
5784,1186,B,CA,FF,DATA,FF,CA,560,0,0,4B,4B,00,00,1
5785,1186,A,FF,75,DATA,FF,75,561,0,0,4B,4B,00,00,1
5786,1186,B,31,55,DATA,55,31,562,0,0,4B,4B,00,00,1
5787,1186,A,01,FE,DATA,01,FE,563,0,0,4B,4B,00,00,1
5788,1186,B,1A,01,DATA,01,1A,564,0,0,4B,4B,00,00,1
5789,1186,A,01,F5,DATA,01,F5,565,0,0,4B,4B,00,00,1
5790,1186,B,07,55,DATA,55,07,566,0,0,4B,4B,00,00,1
5791,1186,A,01,F8,DATA,01,F8,567,0,0,4B,4B,00,00,1
5792,1186,B,52,FF,DATA,FF,52,568,0,0,4B,4B,00,00,1
5793,1186,A,01,FD,DATA,01,FD,569,0,0,4B,4B,00,00,1
5794,1186,B,00,FF,DATA,FF,00,570,0,0,4B,4B,00,00,1
5795,1186,A,01,FF,DATA,01,FF,571,0,0,4B,4B,00,00,1
5796,1186,B,3C,1F,DATA,1F,3C,572,0,0,4B,4B,00,00,1
5797,1186,A,01,D7,DATA,01,D7,573,0,0,4B,4B,00,00,1
5798,1186,B,C0,57,DATA,57,C0,574,0,0,4B,4B,00,00,1
5799,1186,A,01,FF,DATA,01,FF,575,0,0,4B,4B,00,00,1
5800,1186,B,EA,E8,DATA,E8,EA,576,0,0,4B,4B,00,00,1
5801,1186,A,80,55,DATA,80,55,577,0,0,4B,4B,00,00,1
5802,1186,B,40,F5,DATA,F5,40,578,0,0,4B,4B,00,00,1
5803,1186,A,80,BF,DATA,80,BF,579,0,0,4B,4B,00,00,1
5804,1186,B,A2,F0,DATA,F0,A2,580,0,0,4B,4B,00,00,1
5805,1186,A,81,5D,DATA,81,5D,581,0,0,4B,4B,00,00,1
5806,1186,B,50,FC,DATA,FC,50,582,0,0,4B,4B,00,00,1
5807,1186,A,83,AF,DATA,83,AF,583,0,0,4B,4B,00,00,1
5808,1186,B,EA,FD,DATA,FD,EA,584,0,0,4B,4B,00,00,1
5809,1186,A,82,15,DATA,82,15,585,0,0,4B,4B,00,00,1
5810,1186,B,0D,AD,DATA,AD,0D,586,0,0,4B,4B,00,00,1
5811,1186,A,D0,F2,DATA,D0,F2,587,0,0,4B,4B,00,00,1
5812,1186,B,2A,BF,DATA,BF,2A,588,0,0,4B,4B,00,00,1
5813,1186,A,C0,D5,DATA,C0,D5,589,0,0,4B,4B,00,00,1
5814,1186,B,1D,CD,DATA,CD,1D,590,0,0,4B,4B,00,00,1
5815,1186,A,F0,E2,DATA,F0,E2,591,0,0,4B,4B,00,00,1
5816,1186,B,A1,7F,DATA,7F,A1,592,0,0,4B,4B,00,00,1
5817,1186,A,00,5F,DATA,00,5F,593,0,0,4B,4B,00,00,1
5818,1186,B,40,34,DATA,34,40,594,0,0,4B,4B,00,00,1
5819,1186,A,C1,BF,DATA,C1,BF,595,0,0,4B,4B,00,00,1
5820,1186,B,A4,7A,DATA,7A,A4,596,0,0,4B,4B,00,00,1
5821,1186,A,81,5F,DATA,81,5F,597,0,0,4B,4B,00,00,1
5822,1186,B,00,B5,DATA,B5,00,598,0,0,4B,4B,00,00,1
5823,1186,A,43,FF,DATA,43,FF,599,0,0,4B,4B,00,00,1
5824,1186,B,A8,7C,DATA,7C,A8,600,0,0,4B,4B,00,00,1
5825,1186,A,83,57,DATA,83,57,601,0,0,4B,4B,00,00,1
5826,1186,B,1C,7A,DATA,7A,1C,602,0,0,4B,4B,00,00,1
5827,1186,A,05,E3,DATA,05,E3,603,0,0,4B,4B,00,00,1
5828,1186,B,AA,E0,DATA,E0,AA,604,0,0,4B,4B,00,00,1
5829,1186,A,00,55,DATA,00,55,605,0,0,4B,4B,00,00,1
5830,1186,B,90,55,DATA,55,90,606,0,0,4B,4B,00,00,1
5831,1186,A,00,6F,DATA,00,6F,607,0,0,4B,4B,00,00,1
5832,1186,B,88,F0,DATA,F0,88,608,0,0,4B,4B,00,00,1
5833,1186,A,00,77,DATA,00,77,609,0,0,4B,4B,00,00,1
5834,1186,B,00,57,DATA,57,00,610,0,0,4B,4B,00,00,1
5835,1186,A,E0,FF,DATA,E0,FF,611,0,0,4B,4B,00,00,1
5836,1186,B,55,05,DATA,05,55,612,0,0,4B,4B,00,00,1
5837,1186,A,C2,FF,DATA,C2,FF,613,0,0,4B,4B,00,00,1
5838,1186,B,00,11,DATA,11,00,614,0,0,4B,4B,00,00,1
5839,1186,A,C6,FF,DATA,C6,FF,615,0,0,4B,4B,00,00,1
5840,1186,B,3A,51,DATA,51,3A,616,0,0,4B,4B,00,00,1
5841,1186,A,8E,D5,DATA,8E,D5,617,0,0,4B,4B,00,00,1
5842,1186,B,01,E7,DATA,E7,01,618,0,0,4B,4B,00,00,1
5843,1186,A,1C,FE,DATA,1C,FE,619,0,0,4B,4B,00,00,1
5844,1186,B,2A,12,DATA,12,2A,620,0,0,4B,4B,00,00,1
5845,1186,A,01,D5,DATA,01,D5,621,0,0,4B,4B,00,00,1
5846,1186,B,00,5E,DATA,5E,00,622,0,0,4B,4B,00,00,1
5847,1186,A,01,FF,DATA,01,FF,623,0,0,4B,4B,00,00,1
5848,1186,B,80,07,DATA,07,80,624,0,0,4B,4B,00,00,1
5849,1186,A,01,7F,DATA,01,7F,625,0,0,4B,4B,00,00,1
5850,1186,B,00,FD,DATA,FD,00,626,0,0,4B,4B,00,00,1
5851,1186,A,01,FF,DATA,01,FF,627,0,0,4B,4B,00,00,1
5852,1186,B,2A,7D,DATA,7D,2A,628,0,0,4B,4B,00,00,1
5853,1186,A,01,D5,DATA,01,D5,629,0,0,4B,4B,00,00,1
5854,1186,B,00,6B,DATA,6B,00,630,0,0,4B,4B,00,00,1
5855,1186,A,15,FF,DATA,15,FF,631,0,0,4B,4B,00,00,1
5856,1186,B,AA,1F,DATA,1F,AA,632,0,0,4B,4B,00,00,1
5857,1186,A,01,55,DATA,01,55,633,0,0,4B,4B,00,00,1
5858,1186,B,5C,FF,DATA,FF,5C,634,0,0,4B,4B,00,00,1
5859,1186,A,01,A3,DATA,01,A3,635,0,0,4B,4B,00,00,1
5860,1186,B,A8,6D,DATA,6D,A8,636,0,0,4B,4B,00,00,1
5861,1186,A,91,57,DATA,91,57,637,0,0,4B,4B,00,00,1
5862,1186,B,90,DF,DATA,DF,90,638,0,0,4B,4B,00,00,1
5863,1186,A,01,EF,DATA,01,EF,639,0,0,4B,4B,00,00,1
5864,1186,B,38,A3,DATA,A3,38,640,0,0,4B,4B,00,00,1
5865,1186,A,FC,D7,DATA,FC,D7,641,0,0,4B,4B,00,00,1
5866,1186,B,00,D5,DATA,D5,00,642,0,0,4B,4B,00,00,1
5867,1186,A,FF,FF,DATA,FF,FF,643,0,0,4B,4B,00,00,1
5868,1186,B,0A,83,DATA,83,0A,644,0,0,4B,4B,00,00,1
5869,1186,A,FC,F5,DATA,FC,F5,645,0,0,4B,4B,00,00,1
5870,1186,B,00,F4,DATA,F4,00,646,0,0,4B,4B,00,00,1
5871,1186,A,FF,FF,DATA,FF,FF,647,0,0,4B,4B,00,00,1
5872,1186,B,98,98,DATA,98,98,648,0,0,4B,4B,00,00,1
5873,1186,A,FF,77,DATA,FF,77,649,0,0,4B,4B,00,00,1
5874,1186,B,01,DD,DATA,DD,01,650,0,0,4B,4B,00,00,1
5875,1186,A,FF,FE,DATA,FF,FE,651,0,0,4B,4B,00,00,1
5876,1186,B,02,82,DATA,82,02,652,0,0,4B,4B,00,00,1
5877,1186,A,FF,FD,DATA,FF,FD,653,0,0,4B,4B,00,00,1
5878,1186,B,01,D2,DATA,D2,01,654,0,0,4B,4B,00,00,1
5879,1186,A,FD,FE,DATA,FD,FE,655,0,0,4B,4B,00,00,1
5880,1186,B,A2,80,DATA,80,A2,656,0,0,4B,4B,00,00,1
5881,1186,A,00,55,DATA,00,55,657,0,0,4B,4B,00,00,1
5882,1186,B,7D,3B,DATA,3B,7D,658,0,0,4B,4B,00,00,1
5883,1186,A,C4,82,DATA,C4,82,659,0,0,4B,4B,00,00,1
5884,1186,B,CE,2F,DATA,2F,CE,660,0,0,4B,4B,00,00,1
5885,1186,A,D0,11,DATA,D0,11,661,0,0,4B,4B,00,00,1
5886,1186,B,FC,BE,DATA,BE,FC,662,0,0,4B,4B,00,00,1
5887,1186,A,41,03,DATA,41,03,663,0,0,4B,4B,00,00,1
5888,1186,B,6A,07,DATA,07,6A,664,0,0,4B,4B,00,00,1
5889,1186,A,F8,15,DATA,F8,15,665,0,0,4B,4B,00,00,1
5890,1186,B,FF,52,DATA,52,FF,666,0,0,4B,4B,00,00,1
5891,1186,A,FD,00,DATA,FD,00,667,0,0,4B,4B,00,00,1
5892,1186,B,6A,21,DATA,21,6A,668,0,0,4B,4B,00,00,1
5893,1186,A,FE,15,DATA,FE,15,669,0,0,4B,4B,00,00,1
5894,1186,B,FD,77,DATA,77,FD,670,0,0,4B,4B,00,00,1
5895,1186,A,FF,02,DATA,FF,02,671,0,0,4B,4B,00,00,1
5896,1186,B,E8,38,DATA,38,E8,672,0,0,4B,4B,00,00,1
5897,1186,A,00,17,DATA,00,17,673,0,0,4B,4B,00,00,1
5898,1186,B,9C,8F,DATA,8F,9C,674,0,0,4B,4B,00,00,1
5899,1186,A,70,63,DATA,70,63,675,0,0,4B,4B,00,00,1
5900,1186,B,2A,09,DATA,09,2A,676,0,0,4B,4B,00,00,1
5901,1186,A,F6,D5,DATA,F6,D5,677,0,0,4B,4B,00,00,1
5902,1186,B,35,44,DATA,44,35,678,0,0,4B,4B,00,00,1
5903,1186,A,FF,CA,DATA,FF,CA,679,0,0,4B,4B,00,00,1
5904,1186,B,AA,04,DATA,04,AA,680,0,0,4B,4B,00,00,1
5905,1186,A,FB,55,DATA,FB,55,681,0,0,4B,4B,00,00,1
5906,1186,B,4C,10,DATA,10,4C,682,0,0,4B,4B,00,00,1
5907,1186,A,FF,B3,DATA,FF,B3,683,0,0,4B,4B,00,00,1
5908,1186,B,AA,04,DATA,04,AA,684,0,0,4B,4B,00,00,1
5909,1186,A,FB,55,DATA,FB,55,685,0,0,4B,4B,00,00,1
5910,1186,B,D1,51,DATA,51,D1,686,0,0,4B,4B,00,00,1
5911,1186,A,FF,2E,DATA,FF,2E,687,0,0,4B,4B,00,00,1
5912,1186,B,8B,FF,DATA,FF,8B,688,0,0,4B,4B,00,00,1
5913,1186,A,01,75,DATA,01,75,689,0,0,4B,4B,00,00,1
5914,1186,B,00,AF,DATA,AF,00,690,0,0,4B,4B,00,00,1
5915,1186,A,51,FF,DATA,51,FF,691,0,0,4B,4B,00,00,1
5916,1186,B,86,FD,DATA,FD,86,692,0,0,4B,4B,00,00,1
5917,1186,A,03,7D,DATA,03,7D,693,0,0,4B,4B,00,00,1
5918,1186,B,40,A9,DATA,A9,40,694,0,0,4B,4B,00,00,1
5919,1186,A,57,BF,DATA,57,BF,695,0,0,4B,4B,00,00,1
5920,1186,B,A0,C1,DATA,C1,A0,696,0,0,4B,4B,00,00,1
5921,1186,A,3F,5F,DATA,3F,5F,697,0,0,4B,4B,00,00,1
5922,1186,B,0A,55,DATA,55,0A,698,0,0,4B,4B,00,00,1
5923,1186,A,FF,FF,DATA,FF,FF,699,0,0,4B,4B,00,00,1
5924,1186,B,B4,0F,DATA,0F,B4,700,0,0,4B,4B,00,00,1
5925,1186,A,F1,5F,DATA,F1,5F,701,0,0,4B,4B,00,00,1
5926,1186,B,80,3F,DATA,3F,80,702,0,0,4B,4B,00,00,1
5927,1186,A,C1,FF,DATA,C1,FF,703,0,0,4B,4B,00,00,1
5928,1186,B,B0,FC,DATA,FC,B0,704,0,0,4B,4B,00,00,1
5929,1186,A,FF,43,DATA,FF,43,705,0,0,4B,4B,00,00,1
5930,1186,B,C3,FF,DATA,FF,C3,706,0,0,4B,4B,00,00,1
5931,1186,A,FF,30,DATA,FF,30,707,0,0,4B,4B,00,00,1
5932,1186,B,AC,FF,DATA,FF,AC,708,0,0,4B,4B,00,00,1
5933,1186,A,FF,50,DATA,FF,50,709,0,0,4B,4B,00,00,1
5934,1186,B,46,FF,DATA,FF,46,710,0,0,4B,4B,00,00,1
5935,1186,A,FF,B8,DATA,FF,B8,711,0,0,4B,4B,00,00,1
5936,1186,B,88,00,DATA,00,88,712,0,0,4B,4B,00,00,1
5937,1186,A,00,77,DATA,00,77,713,0,0,4B,4B,00,00,1
5938,1186,B,1C,00,DATA,00,1C,714,0,0,4B,4B,00,00,1
5939,1186,A,00,E3,DATA,00,E3,715,0,0,4B,4B,00,00,1
5940,1186,B,28,00,DATA,00,28,716,0,0,4B,4B,00,00,1
5941,1186,A,00,D7,DATA,00,D7,717,0,0,4B,4B,00,00,1
5942,1186,B,01,00,DATA,00,01,718,0,0,4B,4B,00,00,1
5943,1186,A,00,FE,DATA,00,FE,719,0,0,4B,4B,00,00,1
5944,1186,B,57,51,DATA,51,57,720,0,0,4B,4B,00,00,1
5945,1186,A,AF,FF,DATA,AF,FF,721,0,0,4B,4B,00,00,1
5946,1186,B,AF,F0,DATA,F0,AF,722,0,0,4B,4B,00,00,1
5947,1186,A,FF,FF,DATA,FF,FF,723,0,0,4B,4B,00,00,1
5948,1186,B,1D,FF,DATA,FF,1D,724,0,0,4B,4B,00,00,1
5949,1186,A,FF,7F,DATA,FF,7F,725,0,0,4B,4B,00,00,1
5950,1186,B,CF,FF,DATA,FF,CF,726,0,0,4B,4B,00,00,1
5951,1186,A,FF,3F,DATA,FF,3F,727,0,0,4B,4B,00,00,1
5952,1186,B,65,00,DATA,00,65,728,0,0,4B,4B,00,00,1
5953,1186,A,00,1F,DATA,00,1F,729,0,0,4B,4B,00,00,1
5954,1186,B,B3,00,DATA,00,B3,730,0,0,4B,4B,00,00,1
5955,1186,A,00,0F,DATA,00,0F,731,0,0,4B,4B,00,00,1
5956,1186,B,91,00,DATA,00,91,732,0,0,4B,4B,00,00,1
5957,1186,A,00,47,DATA,00,47,733,0,0,4B,4B,00,00,1
5958,1186,B,2C,00,DATA,00,2C,734,0,0,4B,4B,00,00,1
5959,1186,A,00,C3,DATA,00,C3,735,0,0,4B,4B,00,00,1
5960,1186,B,FF,D3,DATA,D3,FF,736,0,0,4B,4B,00,00,1
5961,1186,A,FC,FF,DATA,FC,FF,737,0,0,4B,4B,00,00,1
5962,1186,B,BB,3F,DATA,3F,BB,738,0,0,4B,4B,00,00,1
5963,1186,A,C0,FF,DATA,C0,FF,739,0,0,4B,4B,00,00,1
5964,1186,B,57,80,DATA,80,57,740,0,0,4B,4B,00,00,1
5965,1186,A,FF,FF,DATA,FF,FF,741,0,0,4B,4B,00,00,1
5966,1186,B,FF,FF,DATA,FF,FF,742,0,0,4B,4B,00,00,1
5967,1186,A,FF,FF,DATA,FF,FF,743,0,0,4B,4B,00,00,1
5968,1186,B,77,00,DATA,00,77,744,0,0,4B,4B,00,00,1
5969,1186,A,00,FF,DATA,00,FF,745,0,0,4B,4B,00,00,1
5970,1186,B,BF,00,DATA,00,BF,746,0,0,4B,4B,00,00,1
5971,1186,A,00,FF,DATA,00,FF,747,0,0,4B,4B,00,00,1
5972,1186,B,DF,00,DATA,00,DF,748,0,0,4B,4B,00,00,1
5973,1186,A,00,FF,DATA,00,FF,749,0,0,4B,4B,00,00,1
5974,1186,B,BF,00,DATA,00,BF,750,0,0,4B,4B,00,00,1
5975,1186,A,00,FF,DATA,00,FF,751,0,0,4B,4B,00,00,1
5976,1186,B,57,FF,DATA,FF,57,752,0,0,4B,4B,00,00,1
5977,1186,A,01,FF,DATA,01,FF,753,0,0,4B,4B,00,00,1
5978,1186,B,FF,EB,DATA,EB,FF,754,0,0,4B,4B,00,00,1
5979,1186,A,15,FF,DATA,15,FF,755,0,0,4B,4B,00,00,1
5980,1186,B,FF,FD,DATA,FD,FF,756,0,0,4B,4B,00,00,1
5981,1186,A,03,FF,DATA,03,FF,757,0,0,4B,4B,00,00,1
5982,1186,B,FF,FF,DATA,FF,FF,758,0,0,4B,4B,00,00,1
5983,1186,A,FF,FF,DATA,FF,FF,759,0,0,4B,4B,00,00,1
5984,1186,B,55,00,DATA,00,55,760,0,0,4B,4B,00,00,1
5985,1186,A,00,FF,DATA,00,FF,761,0,0,4B,4B,00,00,1
5986,1186,B,FF,00,DATA,00,FF,762,0,0,4B,4B,00,00,1
5987,1186,A,00,FF,DATA,00,FF,763,0,0,4B,4B,00,00,1
5988,1186,B,55,00,DATA,00,55,764,0,0,4B,4B,00,00,1
5989,1186,A,00,FF,DATA,00,FF,765,0,0,4B,4B,00,00,1
5990,1186,B,FF,00,DATA,00,FF,766,0,0,4B,4B,00,00,1
5991,1186,A,00,FF,DATA,00,FF,767,0,0,4B,4B,00,00,1
5992,1186,B,D7,FF,DATA,FF,D7,768,0,0,4B,4B,00,00,1
5993,1186,A,FF,FF,DATA,FF,FF,769,0,0,4B,4B,00,00,1
5994,1186,B,FF,F5,DATA,F5,FF,770,0,0,4B,4B,00,00,1
5995,1186,A,FF,FF,DATA,FF,FF,771,0,0,4B,4B,00,00,1
5996,1186,B,FF,A1,DATA,A1,FF,772,0,0,4B,4B,00,00,1
5997,1186,A,FE,FF,DATA,FE,FF,773,0,0,4B,4B,00,00,1
5998,1186,B,FF,F2,DATA,F2,FF,774,0,0,4B,4B,00,00,1
5999,1186,A,FD,FF,DATA,FD,FF,775,0,0,4B,4B,00,00,1
6000,1186,B,FF,85,DATA,85,FF,776,0,0,4B,4B,00,00,1
6001,1186,A,FA,FF,DATA,FA,FF,777,0,0,4B,4B,00,00,1
6002,1186,B,FF,D8,DATA,D8,FF,778,0,0,4B,4B,00,00,1
6003,1186,A,F7,FF,DATA,F7,FF,779,0,0,4B,4B,00,00,1
6004,1186,B,D7,80,DATA,80,D7,780,0,0,4B,4B,00,00,1
6005,1186,A,FF,FF,DATA,FF,FF,781,0,0,4B,4B,00,00,1
6006,1186,B,FF,C0,DATA,C0,FF,782,0,0,4B,4B,00,00,1
6007,1186,A,FF,FF,DATA,FF,FF,783,0,0,4B,4B,00,00,1
6008,1186,B,56,FF,DATA,FF,56,784,0,0,4B,4B,00,00,1
6009,1186,A,FF,FD,DATA,FF,FD,785,0,0,4B,4B,00,00,1
6010,1186,B,F4,EF,DATA,EF,F4,786,0,0,4B,4B,00,00,1
6011,1186,A,10,FB,DATA,10,FB,787,0,0,4B,4B,00,00,1
6012,1186,B,51,A7,DATA,A7,51,788,0,0,4B,4B,00,00,1
6013,1186,A,58,FF,DATA,58,FF,789,0,0,4B,4B,00,00,1
6014,1186,B,E1,A6,DATA,A6,E1,790,0,0,4B,4B,00,00,1
6015,1186,A,59,FF,DATA,59,FF,791,0,0,4B,4B,00,00,1
6016,1186,B,5D,E3,DATA,E3,5D,792,0,0,4B,4B,00,00,1
6017,1186,A,1C,F7,DATA,1C,F7,793,0,0,4B,4B,00,00,1
6018,1186,B,E0,EA,DATA,EA,E0,794,0,0,4B,4B,00,00,1
6019,1186,A,15,FF,DATA,15,FF,795,0,0,4B,4B,00,00,1
6020,1186,B,E5,FF,DATA,FF,E5,796,0,0,4B,4B,00,00,1
6021,1186,A,00,DF,DATA,00,DF,797,0,0,4B,4B,00,00,1
6022,1186,B,E4,EF,DATA,EF,E4,798,0,0,4B,4B,00,00,1
6023,1186,A,10,DB,DATA,10,DB,799,0,0,4B,4B,00,00,1
6024,1186,B,45,FF,DATA,FF,45,800,0,0,4B,4B,00,00,1
6025,1186,A,FF,FF,DATA,FF,FF,801,0,0,4B,4B,00,00,1
6026,1186,B,20,F5,DATA,F5,20,802,0,0,4B,4B,00,00,1
6027,1186,A,03,FF,DATA,03,FF,803,0,0,4B,4B,00,00,1
6028,1186,B,94,FD,DATA,FD,94,804,0,0,4B,4B,00,00,1
6029,1186,A,00,7F,DATA,00,7F,805,0,0,4B,4B,00,00,1
6030,1186,B,90,2B,DATA,2B,90,806,0,0,4B,4B,00,00,1
6031,1186,A,D4,FF,DATA,D4,FF,807,0,0,4B,4B,00,00,1
6032,1186,B,D4,7F,DATA,7F,D4,808,0,0,4B,4B,00,00,1
6033,1186,A,80,7F,DATA,80,7F,809,0,0,4B,4B,00,00,1
6034,1186,B,2A,3A,DATA,3A,2A,810,0,0,4B,4B,00,00,1
6035,1186,A,C5,FF,DATA,C5,FF,811,0,0,4B,4B,00,00,1
6036,1186,B,56,7C,DATA,7C,56,812,0,0,4B,4B,00,00,1
6037,1186,A,83,FD,DATA,83,FD,813,0,0,4B,4B,00,00,1
6038,1186,B,20,F8,DATA,F8,20,814,0,0,4B,4B,00,00,1
6039,1186,A,07,FF,DATA,07,FF,815,0,0,4B,4B,00,00,1
6040,1186,B,96,FF,DATA,FF,96,816,0,0,4B,4B,00,00,1
6041,1186,A,FF,7D,DATA,FF,7D,817,0,0,4B,4B,00,00,1
6042,1186,B,00,57,DATA,57,00,818,0,0,4B,4B,00,00,1
6043,1186,A,FF,FF,DATA,FF,FF,819,0,0,4B,4B,00,00,1
6044,1186,B,04,01,DATA,01,04,820,0,0,4B,4B,00,00,1
6045,1186,A,FF,FF,DATA,FF,FF,821,0,0,4B,4B,00,00,1
6046,1186,B,01,15,DATA,15,01,822,0,0,4B,4B,00,00,1
6047,1186,A,7F,FE,DATA,7F,FE,823,0,0,4B,4B,00,00,1
6048,1186,B,38,81,DATA,81,38,824,0,0,4B,4B,00,00,1
6049,1186,A,3F,D7,DATA,3F,D7,825,0,0,4B,4B,00,00,1
6050,1186,B,00,A5,DATA,A5,00,826,0,0,4B,4B,00,00,1
6051,1186,A,5F,FF,DATA,5F,FF,827,0,0,4B,4B,00,00,1
6052,1186,B,0A,71,DATA,71,0A,828,0,0,4B,4B,00,00,1
6053,1186,A,8F,F5,DATA,8F,F5,829,0,0,4B,4B,00,00,1
6054,1186,B,00,25,DATA,25,00,830,0,0,4B,4B,00,00,1
6055,1186,A,D7,FF,DATA,D7,FF,831,0,0,4B,4B,00,00,1
6056,1186,B,AA,BB,DATA,BB,AA,832,0,0,4B,4B,00,00,1
6057,1186,A,C4,55,DATA,C4,55,833,0,0,4B,4B,00,00,1
6058,1186,B,5D,CB,DATA,CB,5D,834,0,0,4B,4B,00,00,1
6059,1186,A,F4,A2,DATA,F4,A2,835,0,0,4B,4B,00,00,1
6060,1186,B,AA,86,DATA,86,AA,836,0,0,4B,4B,00,00,1
6061,1186,A,F8,55,DATA,F8,55,837,0,0,4B,4B,00,00,1
6062,1186,B,FF,83,DATA,83,FF,838,0,0,4B,4B,00,00,1
6063,1186,A,FC,00,DATA,FC,00,839,0,0,4B,4B,00,00,1
6064,1186,B,3E,86,DATA,86,3E,840,0,0,4B,4B,00,00,1
6065,1186,A,F8,41,DATA,F8,41,841,0,0,4B,4B,00,00,1
6066,1186,B,7F,8B,DATA,8B,7F,842,0,0,4B,4B,00,00,1
6067,1186,A,F4,80,DATA,F4,80,843,0,0,4B,4B,00,00,1
6068,1186,B,FE,8F,DATA,8F,FE,844,0,0,4B,4B,00,00,1
6069,1186,A,F0,01,DATA,F0,01,845,0,0,4B,4B,00,00,1
6070,1186,B,FF,C3,DATA,C3,FF,846,0,0,4B,4B,00,00,1
6071,1186,A,FC,00,DATA,FC,00,847,0,0,4B,4B,00,00,1
6072,1186,B,A9,3F,DATA,3F,A9,848,0,0,4B,4B,00,00,1
6073,1186,A,00,57,DATA,00,57,849,0,0,4B,4B,00,00,1
6074,1186,B,44,04,DATA,04,44,850,0,0,4B,4B,00,00,1
6075,1186,A,00,BB,DATA,00,BB,851,0,0,4B,4B,00,00,1
6076,1186,B,AA,40,DATA,40,AA,852,0,0,4B,4B,00,00,1
6077,1186,A,00,55,DATA,00,55,853,0,0,4B,4B,00,00,1
6078,1186,B,F4,9C,DATA,9C,F4,854,0,0,4B,4B,00,00,1
6079,1186,A,00,0B,DATA,00,0B,855,0,0,4B,4B,00,00,1
6080,1186,B,A8,96,DATA,96,A8,856,0,0,4B,4B,00,00,1
6081,1186,A,00,57,DATA,00,57,857,0,0,4B,4B,00,00,1
6082,1186,B,EC,F4,DATA,F4,EC,858,0,0,4B,4B,00,00,1
6083,1186,A,00,13,DATA,00,13,859,0,0,4B,4B,00,00,1
6084,1186,B,AA,00,DATA,00,AA,860,0,0,4B,4B,00,00,1
6085,1186,A,00,55,DATA,00,55,861,0,0,4B,4B,00,00,1
6086,1186,B,6C,03,DATA,03,6C,862,0,0,4B,4B,00,00,1
6087,1186,A,00,93,DATA,00,93,863,0,0,4B,4B,00,00,1
6088,1186,B,EA,DF,DATA,DF,EA,864,0,0,4B,4B,00,00,1
6089,1186,A,00,55,DATA,00,55,865,0,0,4B,4B,00,00,1
6090,1186,B,13,16,DATA,16,13,866,0,0,4B,4B,00,00,1
6091,1186,A,01,EC,DATA,01,EC,867,0,0,4B,4B,00,00,1
6092,1186,B,AB,01,DATA,01,AB,868,0,0,4B,4B,00,00,1
6093,1186,A,00,54,DATA,00,54,869,0,0,4B,4B,00,00,1
6094,1186,B,74,01,DATA,01,74,870,0,0,4B,4B,00,00,1
6095,1186,A,00,CB,DATA,00,CB,871,0,0,4B,4B,00,00,1
6096,1186,B,BA,BD,DATA,BD,BA,872,0,0,4B,4B,00,00,1
6097,1186,A,00,45,DATA,00,45,873,0,0,4B,4B,00,00,1
6098,1186,B,1F,ED,DATA,ED,1F,874,0,0,4B,4B,00,00,1
6099,1186,A,10,E0,DATA,10,E0,875,0,0,4B,4B,00,00,1
6100,1186,B,AE,D5,DATA,D5,AE,876,0,0,4B,4B,00,00,1
6101,1186,A,00,51,DATA,00,51,877,0,0,4B,4B,00,00,1
6102,1186,B,07,05,DATA,05,07,878,0,0,4B,4B,00,00,1
6103,1186,A,00,F8,DATA,00,F8,879,0,0,4B,4B,00,00,1
6104,1186,B,AA,5D,DATA,5D,AA,880,0,0,4B,4B,00,00,1
6105,1186,A,A3,55,DATA,A3,55,881,0,0,4B,4B,00,00,1
6106,1186,B,0D,2D,DATA,2D,0D,882,0,0,4B,4B,00,00,1
6107,1186,A,D3,F2,DATA,D3,F2,883,0,0,4B,4B,00,00,1
6108,1186,B,AA,73,DATA,73,AA,884,0,0,4B,4B,00,00,1
6109,1186,A,8D,55,DATA,8D,55,885,0,0,4B,4B,00,00,1
6110,1186,B,B5,A3,DATA,A3,B5,886,0,0,4B,4B,00,00,1
6111,1186,A,5D,4A,DATA,5D,4A,887,0,0,4B,4B,00,00,1
6112,1186,B,BA,E3,DATA,E3,BA,888,0,0,4B,4B,00,00,1
6113,1186,A,1D,45,DATA,1D,45,889,0,0,4B,4B,00,00,1
6114,1186,B,FE,81,DATA,81,FE,890,0,0,4B,4B,00,00,1
6115,1186,A,7F,01,DATA,7F,01,891,0,0,4B,4B,00,00,1
6116,1186,B,AB,9B,DATA,9B,AB,892,0,0,4B,4B,00,00,1
6117,1186,A,65,54,DATA,65,54,893,0,0,4B,4B,00,00,1
6118,1186,B,FF,EB,DATA,EB,FF,894,0,0,4B,4B,00,00,1
6119,1186,A,15,00,DATA,15,00,895,0,0,4B,4B,00,00,1
6120,1186,B,82,E7,DATA,E7,82,896,0,0,4B,4B,00,00,1
6121,1186,A,D8,7D,DATA,D8,7D,897,0,0,4B,4B,00,00,1
6122,1186,B,01,C3,DATA,C3,01,898,0,0,4B,4B,00,00,1
6123,1186,A,FC,FE,DATA,FC,FE,899,0,0,4B,4B,00,00,1
6124,1186,B,47,C3,DATA,C3,47,900,0,0,4B,4B,00,00,1
6125,1186,A,FC,FC,DATA,FC,FC,901,0,0,4B,4B,00,00,1
6126,1186,B,03,C2,DATA,C2,03,902,0,0,4B,4B,00,00,1
6127,1186,A,FD,FC,DATA,FD,FC,903,0,0,4B,4B,00,00,1
6128,1186,B,8B,AB,DATA,AB,8B,904,0,0,4B,4B,00,00,1
6129,1186,A,F4,74,DATA,F4,74,905,0,0,4B,4B,00,00,1
6130,1186,B,03,D3,DATA,D3,03,906,0,0,4B,4B,00,00,1
6131,1186,A,FC,FC,DATA,FC,FC,907,0,0,4B,4B,00,00,1
6132,1186,B,AB,81,DATA,81,AB,908,0,0,4B,4B,00,00,1
6133,1186,A,FE,54,DATA,FE,54,909,0,0,4B,4B,00,00,1
6134,1186,B,01,D6,DATA,D6,01,910,0,0,4B,4B,00,00,1
6135,1186,A,FD,FE,DATA,FD,FE,911,0,0,4B,4B,00,00,1
6136,1186,B,A6,20,DATA,20,A6,912,0,0,4B,4B,00,00,1
6137,1186,A,00,51,DATA,00,51,913,0,0,4B,4B,00,00,1
6138,1186,B,DC,BF,DATA,BF,DC,914,0,0,4B,4B,00,00,1
6139,1186,A,00,23,DATA,00,23,915,0,0,4B,4B,00,00,1
6140,1186,B,FB,BC,DATA,BC,FB,916,0,0,4B,4B,00,00,1
6141,1186,A,00,04,DATA,00,04,917,0,0,4B,4B,00,00,1
6142,1186,B,FF,C1,DATA,C1,FF,918,0,0,4B,4B,00,00,1
6143,1186,A,00,00,DATA,00,00,919,0,0,4B,4B,00,00,1
6144,1186,B,A2,E0,DATA,E0,A2,920,0,0,4B,4B,00,00,1
6145,1186,A,00,55,DATA,00,55,921,0,0,4B,4B,00,00,1
6146,1186,B,FF,B0,DATA,B0,FF,922,0,0,4B,4B,00,00,1
6147,1186,A,40,00,DATA,40,00,923,0,0,4B,4B,00,00,1
6148,1186,B,BB,B8,DATA,B8,BB,924,0,0,4B,4B,00,00,1
6149,1186,A,40,44,DATA,40,44,925,0,0,4B,4B,00,00,1
6150,1186,B,FF,AA,DATA,AA,FF,926,0,0,4B,4B,00,00,1
6151,1186,A,55,00,DATA,55,00,927,0,0,4B,4B,00,00,1
6152,1186,B,A9,03,DATA,03,A9,928,0,0,4B,4B,00,00,1
6153,1186,A,00,57,DATA,00,57,929,0,0,4B,4B,00,00,1
6154,1186,B,D0,92,DATA,92,D0,930,0,0,4B,4B,00,00,1
6155,1186,A,41,2F,DATA,41,2F,931,0,0,4B,4B,00,00,1
6156,1186,B,AE,E3,DATA,E3,AE,932,0,0,4B,4B,00,00,1
6157,1186,A,00,55,DATA,00,55,933,0,0,4B,4B,00,00,1
6158,1186,B,74,77,DATA,77,74,934,0,0,4B,4B,00,00,1
6159,1186,A,00,8B,DATA,00,8B,935,0,0,4B,4B,00,00,1
6160,1186,B,AA,0F,DATA,0F,AA,936,0,0,4B,4B,00,00,1
6161,1186,A,00,55,DATA,00,55,937,0,0,4B,4B,00,00,1
6162,1186,B,F5,1F,DATA,1F,F5,938,0,0,4B,4B,00,00,1
6163,1186,A,00,0A,DATA,00,0A,939,0,0,4B,4B,00,00,1
6164,1186,B,AA,7E,DATA,7E,AA,940,0,0,4B,4B,00,00,1
6165,1186,A,01,55,DATA,01,55,941,0,0,4B,4B,00,00,1
6166,1186,B,F4,A6,DATA,A6,F4,942,0,0,4B,4B,00,00,1
6167,1186,A,59,0B,DATA,59,0B,943,0,0,4B,4B,00,00,1
6168,1186,B,D5,F9,DATA,F9,D5,944,0,0,4B,4B,00,00,1
6169,1186,A,07,7F,DATA,07,7F,945,0,0,4B,4B,00,00,1
6170,1186,B,00,01,DATA,01,00,946,0,0,4B,4B,00,00,1
6171,1186,A,FF,FF,DATA,FF,FF,947,0,0,4B,4B,00,00,1
6172,1186,B,B0,05,DATA,05,B0,948,0,0,4B,4B,00,00,1
6173,1186,A,FB,5F,DATA,FB,5F,949,0,0,4B,4B,00,00,1
6174,1186,B,20,83,DATA,83,20,950,0,0,4B,4B,00,00,1
6175,1186,A,7D,FF,DATA,7D,FF,951,0,0,4B,4B,00,00,1
6176,1186,B,90,85,DATA,85,90,952,0,0,4B,4B,00,00,1
6177,1186,A,7B,7F,DATA,7B,7F,953,0,0,4B,4B,00,00,1
6178,1186,B,00,81,DATA,81,00,954,0,0,4B,4B,00,00,1
6179,1186,A,7F,FF,DATA,7F,FF,955,0,0,4B,4B,00,00,1
6180,1186,B,44,1D,DATA,1D,44,956,0,0,4B,4B,00,00,1
6181,1186,A,E3,FF,DATA,E3,FF,957,0,0,4B,4B,00,00,1
6182,1186,B,00,8F,DATA,8F,00,958,0,0,4B,4B,00,00,1
6183,1186,A,77,FF,DATA,77,FF,959,0,0,4B,4B,00,00,1
6184,1186,B,02,81,DATA,81,02,960,0,0,4B,4B,00,00,1
6185,1186,A,FE,FD,DATA,FE,FD,961,0,0,4B,4B,00,00,1
6186,1186,B,01,D5,DATA,D5,01,962,0,0,4B,4B,00,00,1
6187,1186,A,FF,FE,DATA,FF,FE,963,0,0,4B,4B,00,00,1
6188,1186,B,78,80,DATA,80,78,964,0,0,4B,4B,00,00,1
6189,1186,A,FF,D7,DATA,FF,D7,965,0,0,4B,4B,00,00,1
6190,1186,B,00,FF,DATA,FF,00,966,0,0,4B,4B,00,00,1
6191,1186,A,FF,FF,DATA,FF,FF,967,0,0,4B,4B,00,00,1
6192,1186,B,09,00,DATA,00,09,968,0,0,4B,4B,00,00,1
6193,1186,A,00,F7,DATA,00,F7,969,0,0,4B,4B,00,00,1
6194,1186,B,00,00,DATA,00,00,970,0,0,4B,4B,00,00,1
6195,1186,A,00,FF,DATA,00,FF,971,0,0,4B,4B,00,00,1
6196,1186,B,0A,00,DATA,00,0A,972,0,0,4B,4B,00,00,1
6197,1186,A,00,F5,DATA,00,F5,973,0,0,4B,4B,00,00,1
6198,1186,B,00,00,DATA,00,00,974,0,0,4B,4B,00,00,1
6199,1186,A,00,FF,DATA,00,FF,975,0,0,4B,4B,00,00,1
6200,1186,B,82,FF,DATA,FF,82,976,0,0,4B,4B,00,00,1
6201,1186,A,00,71,DATA,00,71,977,0,0,4B,4B,00,00,1
6202,1186,B,0B,AB,DATA,AB,0B,978,0,0,4B,4B,00,00,1
6203,1186,A,54,F0,DATA,54,F0,979,0,0,4B,4B,00,00,1
6204,1186,B,61,33,DATA,33,61,980,0,0,4B,4B,00,00,1
6205,1186,A,CC,DC,DATA,CC,DC,981,0,0,4B,4B,00,00,1
6206,1186,B,62,FF,DATA,FF,62,982,0,0,4B,4B,00,00,1
6207,1186,A,FF,9C,DATA,FF,9C,983,0,0,4B,4B,00,00,1
6208,1186,B,BB,00,DATA,00,BB,984,0,0,4B,4B,00,00,1
6209,1186,A,00,54,DATA,00,54,985,0,0,4B,4B,00,00,1
6210,1186,B,00,00,DATA,00,00,986,0,0,4B,4B,00,00,1
6211,1186,A,00,FF,DATA,00,FF,987,0,0,4B,4B,00,00,1
6212,1186,B,A2,00,DATA,00,A2,988,0,0,4B,4B,00,00,1
6213,1186,A,00,5D,DATA,00,5D,989,0,0,4B,4B,00,00,1
6214,1186,B,04,00,DATA,00,04,990,0,0,4B,4B,00,00,1
6215,1186,A,00,FB,DATA,00,FB,991,0,0,4B,4B,00,00,1
6216,1186,B,57,EF,DATA,EF,57,992,0,0,4B,4B,00,00,1
6217,1186,A,10,FF,DATA,10,FF,993,0,0,4B,4B,00,00,1
6218,1228,B,3F,A0,DATA,A0,3F,994,0,0,4B,4B,00,00,1
6219,1228,A,5F,FF,DATA,5F,FF,995,0,0,4B,4B,00,00,1
6220,1228,B,97,A0,DATA,A0,97,996,0,0,4B,4B,00,00,1
6221,1228,A,5F,7F,DATA,5F,7F,997,0,0,4B,4B,00,00,1
6222,1228,B,6F,FF,DATA,FF,6F,998,0,0,4B,4B,00,00,1
6223,1228,A,FF,3F,DATA,FF,3F,999,0,0,4B,4B,00,00,1
6224,1228,B,77,00,DATA,00,77,1000,0,0,4B,4B,00,00,1
6225,1228,A,00,1F,DATA,00,1F,1001,0,0,4B,4B,00,00,1
6226,1228,B,2B,00,DATA,00,2B,1002,0,0,4B,4B,00,00,1
6227,1228,A,00,1F,DATA,00,1F,1003,0,0,4B,4B,00,00,1
6228,1228,B,D7,00,DATA,00,D7,1004,0,0,4B,4B,00,00,1
6229,1228,A,00,0F,DATA,00,0F,1005,0,0,4B,4B,00,00,1
6230,1228,B,4B,00,DATA,00,4B,1006,0,0,4B,4B,00,00,1
6231,1228,A,00,8F,DATA,00,8F,1007,0,0,4B,4B,00,00,1
6232,1228,B,5F,91,DATA,91,5F,1008,0,0,4B,4B,00,00,1
6233,1228,A,6F,FF,DATA,6F,FF,1009,0,0,4B,4B,00,00,1
6234,1228,B,FB,95,DATA,95,FB,1010,0,0,4B,4B,00,00,1
6235,1228,A,7F,FF,DATA,7F,FF,1011,0,0,4B,4B,00,00,1
6236,1228,B,7D,03,DATA,03,7D,1012,0,0,4B,4B,00,00,1
6237,1228,A,FF,FF,DATA,FF,FF,1013,0,0,4B,4B,00,00,1
6238,1228,B,EF,FF,DATA,FF,EF,1014,0,0,4B,4B,00,00,1
6239,1228,A,FF,FF,DATA,FF,FF,1015,0,0,4B,4B,00,00,1
6240,1228,B,FF,00,DATA,00,FF,1016,0,0,4B,4B,00,00,1
6241,1228,A,00,FF,DATA,00,FF,1017,0,0,4B,4B,00,00,1
6242,1228,B,FB,00,DATA,00,FB,1018,0,0,4B,4B,00,00,1
6243,1228,A,00,FF,DATA,00,FF,1019,0,0,4B,4B,00,00,1
6244,1228,B,DD,00,DATA,00,DD,1020,0,0,4B,4B,00,00,1
6245,1228,A,00,FF,DATA,00,FF,1021,0,0,4B,4B,00,00,1
6246,1228,B,FE,00,DATA,00,FE,1022,0,0,4B,4B,00,00,1
6247,1228,A,00,FF,DATA,00,FF,1023,0,0,4B,4B,00,00,1
6248,1228,B,D7,FF,DATA,FF,D7,1024,0,0,4B,4B,00,00,1
6249,1228,A,FF,FF,DATA,FF,FF,1025,0,0,4B,4B,00,00,1
6250,1228,B,FF,F2,DATA,F2,FF,1026,0,0,4B,4B,00,00,1
6251,1228,A,FD,FF,DATA,FD,FF,1027,0,0,4B,4B,00,00,1
6252,1228,B,D7,E3,DATA,E3,D7,1028,0,0,4B,4B,00,00,1
6253,1228,A,FC,FF,DATA,FC,FF,1029,0,0,4B,4B,00,00,1
6254,1228,B,FF,FA,DATA,FA,FF,1030,0,0,4B,4B,00,00,1
6255,1228,A,FD,FF,DATA,FD,FF,1031,0,0,4B,4B,00,00,1
6256,1228,B,5F,BB,DATA,BB,5F,1032,0,0,4B,4B,00,00,1
6257,1228,A,FC,FF,DATA,FC,FF,1033,0,0,4B,4B,00,00,1
6258,1228,B,FF,DE,DATA,DE,FF,1034,0,0,4B,4B,00,00,1
6259,1228,A,FD,FF,DATA,FD,FF,1035,0,0,4B,4B,00,00,1
6260,1228,B,DF,B1,DATA,B1,DF,1036,0,0,4B,4B,00,00,1
6261,1228,A,FE,FF,DATA,FE,FF,1037,0,0,4B,4B,00,00,1
6262,1228,B,FA,DC,DATA,DC,FA,1038,0,0,4B,4B,00,00,1
6263,1228,A,FF,FF,DATA,FF,FF,1039,0,0,4B,4B,00,00,1
6264,1228,B,67,FF,DATA,FF,67,1040,0,0,4B,4B,00,00,1
6265,1228,A,FF,DD,DATA,FF,DD,1041,0,0,4B,4B,00,00,1
6266,1228,B,B0,FF,DATA,FF,B0,1042,0,0,4B,4B,00,00,1
6267,1228,A,00,CF,DATA,00,CF,1043,0,0,4B,4B,00,00,1
6268,1228,B,10,FF,DATA,FF,10,1044,0,0,4B,4B,00,00,1
6269,1228,A,00,E7,DATA,00,E7,1045,0,0,4B,4B,00,00,1
6270,1228,B,5C,2E,DATA,2E,5C,1046,0,0,4B,4B,00,00,1
6271,1228,A,D1,B3,DATA,D1,B3,1047,0,0,4B,4B,00,00,1
6272,1228,B,95,FF,DATA,FF,95,1048,0,0,4B,4B,00,00,1
6273,1228,A,00,7C,DATA,00,7C,1049,0,0,4B,4B,00,00,1
6274,1228,B,01,8F,DATA,8F,01,1050,0,0,4B,4B,00,00,1
6275,1228,A,70,FE,DATA,70,FE,1051,0,0,4B,4B,00,00,1
6276,1228,B,95,1E,DATA,1E,95,1052,0,0,4B,4B,00,00,1
6277,1228,A,E0,7F,DATA,E0,7F,1053,0,0,4B,4B,00,00,1
6278,1228,B,50,DF,DATA,DF,50,1054,0,0,4B,4B,00,00,1
6279,1228,A,60,EF,DATA,60,EF,1055,0,0,4B,4B,00,00,1
6280,1228,B,99,FF,DATA,FF,99,1056,0,0,4B,4B,00,00,1
6281,1228,A,FF,77,DATA,FF,77,1057,0,0,4B,4B,00,00,1
6282,1228,B,86,A7,DATA,A7,86,1058,0,0,4B,4B,00,00,1
6283,1228,A,5C,FB,DATA,5C,FB,1059,0,0,4B,4B,00,00,1
6284,1228,B,EB,C3,DATA,C3,EB,1060,0,0,4B,4B,00,00,1
6285,1228,A,3C,55,DATA,3C,55,1061,0,0,4B,4B,00,00,1
6286,1228,B,12,C8,DATA,C8,12,1062,0,0,4B,4B,00,00,1
6287,1228,A,75,EF,DATA,75,EF,1063,0,0,4B,4B,00,00,1
6288,1228,B,09,3F,DATA,3F,09,1064,0,0,4B,4B,00,00,1
6289,1228,A,C0,F7,DATA,C0,F7,1065,0,0,4B,4B,00,00,1
6290,1228,B,06,F4,DATA,F4,06,1066,0,0,4B,4B,00,00,1
6291,1228,A,03,FB,DATA,03,FB,1067,0,0,4B,4B,00,00,1
6292,1228,B,A0,EC,DATA,EC,A0,1068,0,0,4B,4B,00,00,1
6293,1228,A,03,5F,DATA,03,5F,1069,0,0,4B,4B,00,00,1
6294,1228,B,00,F7,DATA,F7,00,1070,0,0,4B,4B,00,00,1
6295,1228,A,01,FF,DATA,01,FF,1071,0,0,4B,4B,00,00,1
6296,1228,B,88,FF,DATA,FF,88,1072,0,0,4B,4B,00,00,1
6297,1228,A,FF,77,DATA,FF,77,1073,0,0,4B,4B,00,00,1
6298,1228,B,03,55,DATA,55,03,1074,0,0,4B,4B,00,00,1
6299,1228,A,01,FC,DATA,01,FC,1075,0,0,4B,4B,00,00,1
6300,1228,B,2B,01,DATA,01,2B,1076,0,0,4B,4B,00,00,1
6301,1228,A,01,D4,DATA,01,D4,1077,0,0,4B,4B,00,00,1
6302,1228,B,07,55,DATA,55,07,1078,0,0,4B,4B,00,00,1
6303,1228,A,01,F8,DATA,01,F8,1079,0,0,4B,4B,00,00,1
6304,1228,B,8E,81,DATA,81,8E,1080,0,0,4B,4B,00,00,1
6305,1228,A,01,71,DATA,01,71,1081,0,0,4B,4B,00,00,1
6306,1228,B,1F,D5,DATA,D5,1F,1082,0,0,4B,4B,00,00,1
6307,1228,A,01,E0,DATA,01,E0,1083,0,0,4B,4B,00,00,1
6308,1228,B,2F,01,DATA,01,2F,1084,0,0,4B,4B,00,00,1
6309,1228,A,81,D0,DATA,81,D0,1085,0,0,4B,4B,00,00,1
6310,1228,B,1E,35,DATA,35,1E,1086,0,0,4B,4B,00,00,1
6311,1228,A,C1,E0,DATA,C1,E0,1087,0,0,4B,4B,00,00,1
6312,1228,B,E6,89,DATA,89,E6,1088,0,0,4B,4B,00,00,1
6313,1228,A,FE,11,DATA,FE,11,1089,0,0,4B,4B,00,00,1
6314,1228,B,FF,DC,DATA,DC,FF,1090,0,0,4B,4B,00,00,1
6315,1228,A,FF,00,DATA,FF,00,1091,0,0,4B,4B,00,00,1
6316,1228,B,55,C4,DATA,C4,55,1092,0,0,4B,4B,00,00,1
6317,1228,A,FF,00,DATA,FF,00,1093,0,0,4B,4B,00,00,1
6318,1228,B,EF,D4,DATA,D4,EF,1094,0,0,4B,4B,00,00,1
6319,1228,A,FF,00,DATA,FF,00,1095,0,0,4B,4B,00,00,1
6320,1228,B,75,83,DATA,83,75,1096,0,0,4B,4B,00,00,1
6321,1228,A,FC,00,DATA,FC,00,1097,0,0,4B,4B,00,00,1
6322,1228,B,00,97,DATA,97,00,1098,0,0,4B,4B,00,00,1
6323,1228,A,FC,00,DATA,FC,00,1099,0,0,4B,4B,00,00,1
6324,1228,B,40,B7,DATA,B7,40,1100,0,0,4B,4B,00,00,1
6325,1228,A,80,00,DATA,80,00,1101,0,0,4B,4B,00,00,1
6326,1228,B,00,F7,DATA,F7,00,1102,0,0,4B,4B,00,00,1
6327,1228,A,80,00,DATA,80,00,1103,0,0,4B,4B,00,00,1
6328,1228,B,A8,FF,DATA,FF,A8,1104,0,0,4B,4B,00,00,1
6329,1228,A,00,57,DATA,00,57,1105,0,0,4B,4B,00,00,1
6330,1228,B,FD,FF,DATA,FF,FD,1106,0,0,4B,4B,00,00,1
6331,1228,A,00,02,DATA,00,02,1107,0,0,4B,4B,00,00,1
6332,1228,B,57,FE,DATA,FE,57,1108,0,0,4B,4B,00,00,1
6333,1228,A,00,00,DATA,00,00,1109,0,0,4B,4B,00,00,1
6334,1228,B,FF,F5,DATA,F5,FF,1110,0,0,4B,4B,00,00,1
6335,1228,A,00,00,DATA,00,00,1111,0,0,4B,4B,00,00,1
6336,1228,B,50,E0,DATA,E0,50,1112,0,0,4B,4B,00,00,1
6337,1228,A,00,00,DATA,00,00,1113,0,0,4B,4B,00,00,1
6338,1228,B,00,F0,DATA,F0,00,1114,0,0,4B,4B,00,00,1
6339,1228,A,00,00,DATA,00,00,1115,0,0,4B,4B,00,00,1
6340,1228,B,40,F0,DATA,F0,40,1116,0,0,4B,4B,00,00,1
6341,1228,A,00,00,DATA,00,00,1117,0,0,4B,4B,00,00,1
6342,1228,B,04,75,DATA,75,04,1118,0,0,4B,4B,00,00,1
6343,1228,A,00,00,DATA,00,00,1119,0,0,4B,4B,00,00,1
6344,1228,B,AA,2A,DATA,2A,AA,1120,0,0,4B,4B,00,00,1
6345,1228,A,01,55,DATA,01,55,1121,0,0,4B,4B,00,00,1
6346,1228,B,FB,57,DATA,57,FB,1122,0,0,4B,4B,00,00,1
6347,1228,A,01,04,DATA,01,04,1123,0,0,4B,4B,00,00,1
6348,1228,B,13,02,DATA,02,13,1124,0,0,4B,4B,00,00,1
6349,1228,A,01,44,DATA,01,44,1125,0,0,4B,4B,00,00,1
6350,1228,B,FF,50,DATA,50,FF,1126,0,0,4B,4B,00,00,1
6351,1228,A,01,00,DATA,01,00,1127,0,0,4B,4B,00,00,1
6352,1228,B,1E,01,DATA,01,1E,1128,0,0,4B,4B,00,00,1
6353,1228,A,00,01,DATA,00,01,1129,0,0,4B,4B,00,00,1
6354,1228,B,0F,00,DATA,00,0F,1130,0,0,4B,4B,00,00,1
6355,1228,A,01,00,DATA,01,00,1131,0,0,4B,4B,00,00,1
6356,1228,B,10,00,DATA,00,10,1132,0,0,4B,4B,00,00,1
6357,1228,A,00,00,DATA,00,00,1133,0,0,4B,4B,00,00,1
6358,1228,B,92,41,DATA,41,92,1134,0,0,4B,4B,00,00,1
6359,1228,A,00,00,DATA,00,00,1135,0,0,4B,4B,00,00,1
6360,1228,B,EE,61,DATA,61,EE,1136,0,0,4B,4B,00,00,1
6361,1228,A,81,11,DATA,81,11,1137,0,0,4B,4B,00,00,1
6362,1228,B,FF,55,DATA,55,FF,1138,0,0,4B,4B,00,00,1
6363,1228,A,81,00,DATA,81,00,1139,0,0,4B,4B,00,00,1
6364,1228,B,E9,41,DATA,41,E9,1140,0,0,4B,4B,00,00,1
6365,1228,A,81,14,DATA,81,14,1141,0,0,4B,4B,00,00,1
6366,1228,B,F3,01,DATA,01,F3,1142,0,0,4B,4B,00,00,1
6367,1228,A,C1,0C,DATA,C1,0C,1143,0,0,4B,4B,00,00,1
6368,1228,B,B1,41,DATA,41,B1,1144,0,0,4B,4B,00,00,1
6369,1228,A,81,40,DATA,81,40,1145,0,0,4B,4B,00,00,1
6370,1228,B,A0,01,DATA,01,A0,1146,0,0,4B,4B,00,00,1
6371,1228,A,C1,00,DATA,C1,00,1147,0,0,4B,4B,00,00,1
6372,1228,B,40,81,DATA,81,40,1148,0,0,4B,4B,00,00,1
6373,1228,A,41,00,DATA,41,00,1149,0,0,4B,4B,00,00,1
6374,1228,B,00,01,DATA,01,00,1150,0,0,4B,4B,00,00,1
6375,1228,A,41,00,DATA,41,00,1151,0,0,4B,4B,00,00,1
6376,1228,B,8B,A1,DATA,A1,8B,1152,0,0,4B,4B,00,00,1
6377,1228,A,80,74,DATA,80,74,1153,0,0,4B,4B,00,00,1
6378,1228,B,45,F5,DATA,F5,45,1154,0,0,4B,4B,00,00,1
6379,1228,A,80,BA,DATA,80,BA,1155,0,0,4B,4B,00,00,1
6380,1228,B,DB,FF,DATA,FF,DB,1156,0,0,4B,4B,00,00,1
6381,1228,A,80,04,DATA,80,04,1157,0,0,4B,4B,00,00,1
6382,1228,B,EE,FE,DATA,FE,EE,1158,0,0,4B,4B,00,00,1
6383,1228,A,C1,00,DATA,C1,00,1159,0,0,4B,4B,00,00,1
6384,1228,B,77,9E,DATA,9E,77,1160,0,0,4B,4B,00,00,1
6385,1228,A,C1,00,DATA,C1,00,1161,0,0,4B,4B,00,00,1
6386,1228,B,02,90,DATA,90,02,1162,0,0,4B,4B,00,00,1
6387,1228,A,CF,00,DATA,CF,00,1163,0,0,4B,4B,00,00,1
6388,1228,B,00,F0,DATA,F0,00,1164,0,0,4B,4B,00,00,1
6389,1228,A,8F,00,DATA,8F,00,1165,0,0,4B,4B,00,00,1
6390,1228,B,00,B2,DATA,B2,00,1166,0,0,4B,4B,00,00,1
6391,1228,A,CD,00,DATA,CD,00,1167,0,0,4B,4B,00,00,1
6392,1228,B,76,00,DATA,00,76,1168,0,0,4B,4B,00,00,1
6393,1228,A,00,01,DATA,00,01,1169,0,0,4B,4B,00,00,1
6394,1228,B,FF,6D,DATA,6D,FF,1170,0,0,4B,4B,00,00,1
6395,1228,A,10,00,DATA,10,00,1171,0,0,4B,4B,00,00,1
6396,1228,B,5F,8F,DATA,8F,5F,1172,0,0,4B,4B,00,00,1
6397,1228,A,70,00,DATA,70,00,1173,0,0,4B,4B,00,00,1
6398,1228,B,AF,57,DATA,57,AF,1174,0,0,4B,4B,00,00,1
6399,1228,A,F8,00,DATA,F8,00,1175,0,0,4B,4B,00,00,1
6400,1228,B,55,07,DATA,07,55,1176,0,0,4B,4B,00,00,1
6401,1228,A,F8,00,DATA,F8,00,1177,0,0,4B,4B,00,00,1
6402,1228,B,BF,53,DATA,53,BF,1178,0,0,4B,4B,00,00,1
6403,1228,A,FC,00,DATA,FC,00,1179,0,0,4B,4B,00,00,1
6404,1228,B,05,03,DATA,03,05,1180,0,0,4B,4B,00,00,1
6405,1228,A,FC,00,DATA,FC,00,1181,0,0,4B,4B,00,00,1
6406,1228,B,00,02,DATA,02,00,1182,0,0,4B,4B,00,00,1
6407,1228,A,FD,00,DATA,FD,00,1183,0,0,4B,4B,00,00,1
6408,1228,B,E8,00,DATA,00,E8,1184,0,0,4B,4B,00,00,1
6409,1228,A,00,17,DATA,00,17,1185,0,0,4B,4B,00,00,1
6410,1228,B,DC,07,DATA,07,DC,1186,0,0,4B,4B,00,00,1
6411,1228,A,00,23,DATA,00,23,1187,0,0,4B,4B,00,00,1
6412,1228,B,AA,03,DATA,03,AA,1188,0,0,4B,4B,00,00,1
6413,1228,A,00,55,DATA,00,55,1189,0,0,4B,4B,00,00,1
6414,1228,B,75,F7,DATA,F7,75,1190,0,0,4B,4B,00,00,1
6415,1228,A,00,8A,DATA,00,8A,1191,0,0,4B,4B,00,00,1
6416,1228,B,7A,E6,DATA,E6,7A,1192,0,0,4B,4B,00,00,1
6417,1228,A,00,05,DATA,00,05,1193,0,0,4B,4B,00,00,1
6418,1228,B,AB,B0,DATA,B0,AB,1194,0,0,4B,4B,00,00,1
6419,1228,A,40,00,DATA,40,00,1195,0,0,4B,4B,00,00,1
6420,1228,B,FD,F0,DATA,F0,FD,1196,0,0,4B,4B,00,00,1
6421,1228,A,00,00,DATA,00,00,1197,0,0,4B,4B,00,00,1
6422,1228,B,2F,AD,DATA,AD,2F,1198,0,0,4B,4B,00,00,1
6423,1228,A,50,00,DATA,50,00,1199,0,0,4B,4B,00,00,1
6424,1228,B,98,61,DATA,61,98,1200,0,0,4B,4B,00,00,1
6425,1228,A,01,77,DATA,01,77,1201,0,0,4B,4B,00,00,1
6426,1228,B,00,41,DATA,41,00,1202,0,0,4B,4B,00,00,1
6427,1228,A,01,FF,DATA,01,FF,1203,0,0,4B,4B,00,00,1
6428,1228,B,B8,01,DATA,01,B8,1204,0,0,4B,4B,00,00,1
6429,1228,A,01,57,DATA,01,57,1205,0,0,4B,4B,00,00,1
6430,1228,B,40,01,DATA,01,40,1206,0,0,4B,4B,00,00,1
6431,1228,A,01,BF,DATA,01,BF,1207,0,0,4B,4B,00,00,1
6432,1228,B,95,01,DATA,01,95,1208,0,0,4B,4B,00,00,1
6433,1228,A,01,7F,DATA,01,7F,1209,0,0,4B,4B,00,00,1
6434,1228,B,C0,01,DATA,01,C0,1210,0,0,4B,4B,00,00,1
6435,1228,A,01,3F,DATA,01,3F,1211,0,0,4B,4B,00,00,1
6436,1228,B,52,01,DATA,01,52,1212,0,0,4B,4B,00,00,1
6437,1228,A,01,0D,DATA,01,0D,1213,0,0,4B,4B,00,00,1
6438,1228,B,B0,55,DATA,55,B0,1214,0,0,4B,4B,00,00,1
6439,1228,A,01,0F,DATA,01,0F,1215,0,0,4B,4B,00,00,1
6440,1228,B,18,BB,DATA,BB,18,1216,0,0,4B,4B,00,00,1
6441,1228,A,C4,F7,DATA,C4,F7,1217,0,0,4B,4B,00,00,1
6442,1228,B,06,C8,DATA,C8,06,1218,0,0,4B,4B,00,00,1
6443,1228,A,F7,FB,DATA,F7,FB,1219,0,0,4B,4B,00,00,1
6444,1228,B,26,80,DATA,80,26,1220,0,0,4B,4B,00,00,1
6445,1228,A,FF,DD,DATA,FF,DD,1221,0,0,4B,4B,00,00,1
6446,1228,B,03,FF,DATA,FF,03,1222,0,0,4B,4B,00,00,1
6447,1228,A,FF,FC,DATA,FF,FC,1223,0,0,4B,4B,00,00,1
6448,1228,B,5A,00,DATA,00,5A,1224,0,0,4B,4B,00,00,1
6449,1228,A,00,F5,DATA,00,F5,1225,0,0,4B,4B,00,00,1
6450,1228,B,05,00,DATA,00,05,1226,0,0,4B,4B,00,00,1
6451,1228,A,00,FA,DATA,00,FA,1227,0,0,4B,4B,00,00,1
6452,1228,B,0A,00,DATA,00,0A,1228,0,0,4B,4B,00,00,1
6453,1228,A,00,F5,DATA,00,F5,1229,0,0,4B,4B,00,00,1
6454,1228,B,25,00,DATA,00,25,1230,0,0,4B,4B,00,00,1
6455,1228,A,00,FA,DATA,00,FA,1231,0,0,4B,4B,00,00,1
6456,1228,B,58,B4,DATA,B4,58,1232,0,0,4B,4B,00,00,1
6457,1228,A,4B,F7,DATA,4B,F7,1233,0,0,4B,4B,00,00,1
6458,1228,B,20,AA,DATA,AA,20,1234,0,0,4B,4B,00,00,1
6459,1228,A,55,FF,DATA,55,FF,1235,0,0,4B,4B,00,00,1
6460,1228,B,92,1B,DATA,1B,92,1236,0,0,4B,4B,00,00,1
6461,1228,A,E4,7D,DATA,E4,7D,1237,0,0,4B,4B,00,00,1
6462,1228,B,00,FF,DATA,FF,00,1238,0,0,4B,4B,00,00,1
6463,1228,A,FF,FF,DATA,FF,FF,1239,0,0,4B,4B,00,00,1
6464,1228,B,A4,00,DATA,00,A4,1240,0,0,4B,4B,00,00,1
6465,1228,A,00,5F,DATA,00,5F,1241,0,0,4B,4B,00,00,1
6466,1228,B,50,00,DATA,00,50,1242,0,0,4B,4B,00,00,1
6467,1228,A,00,AF,DATA,00,AF,1243,0,0,4B,4B,00,00,1
6468,1228,B,A5,00,DATA,00,A5,1244,0,0,4B,4B,00,00,1
6469,1228,A,00,5F,DATA,00,5F,1245,0,0,4B,4B,00,00,1
6470,1228,B,72,00,DATA,00,72,1246,0,0,4B,4B,00,00,1
6471,1228,A,00,8D,DATA,00,8D,1247,0,0,4B,4B,00,00,1
6472,1228,B,93,7F,DATA,7F,93,1248,0,0,4B,4B,00,00,1
6473,1228,A,80,47,DATA,80,47,1249,0,0,4B,4B,00,00,1
6474,1228,B,16,BF,DATA,BF,16,1250,0,0,4B,4B,00,00,1
6475,1228,A,40,E3,DATA,40,E3,1251,0,0,4B,4B,00,00,1
6476,1228,B,B5,FF,DATA,FF,B5,1252,0,0,4B,4B,00,00,1
6477,1228,A,00,43,DATA,00,43,1253,0,0,4B,4B,00,00,1
6478,1228,B,0A,FF,DATA,FF,0A,1254,0,0,4B,4B,00,00,1
6479,1228,A,FF,F1,DATA,FF,F1,1255,0,0,4B,4B,00,00,1
6480,1228,B,9C,00,DATA,00,9C,1256,0,0,4B,4B,00,00,1
6481,1228,A,00,71,DATA,00,71,1257,0,0,4B,4B,00,00,1
6482,1228,B,07,00,DATA,00,07,1258,0,0,4B,4B,00,00,1
6483,1228,A,00,F8,DATA,00,F8,1259,0,0,4B,4B,00,00,1
6484,1228,B,29,00,DATA,00,29,1260,0,0,4B,4B,00,00,1
6485,1228,A,00,D4,DATA,00,D4,1261,0,0,4B,4B,00,00,1
6486,1228,B,02,00,DATA,00,02,1262,0,0,4B,4B,00,00,1
6487,1228,A,00,FC,DATA,00,FC,1263,0,0,4B,4B,00,00,1
6488,1228,B,FD,C1,DATA,C1,FD,1264,0,0,4B,4B,00,00,1
6489,1228,A,01,FF,DATA,01,FF,1265,0,0,4B,4B,00,00,1
6490,1228,B,FF,FD,DATA,FD,FF,1266,0,0,4B,4B,00,00,1
6491,1228,A,01,FF,DATA,01,FF,1267,0,0,4B,4B,00,00,1
6492,1228,B,DD,FF,DATA,FF,DD,1268,0,0,4B,4B,00,00,1
6493,1228,A,01,FF,DATA,01,FF,1269,0,0,4B,4B,00,00,1
6494,1228,B,FF,FF,DATA,FF,FF,1270,0,0,4B,4B,00,00,1
6495,1228,A,FF,FF,DATA,FF,FF,1271,0,0,4B,4B,00,00,1
6496,1228,B,55,00,DATA,00,55,1272,0,0,4B,4B,00,00,1
6497,1228,A,00,FF,DATA,00,FF,1273,0,0,4B,4B,00,00,1
6498,1228,B,FF,00,DATA,00,FF,1274,0,0,4B,4B,00,00,1
6499,1228,A,00,FF,DATA,00,FF,1275,0,0,4B,4B,00,00,1
6500,1228,B,7F,00,DATA,00,7F,1276,0,0,4B,4B,00,00,1
6501,1228,A,00,FF,DATA,00,FF,1277,0,0,4B,4B,00,00,1
6502,1228,B,3F,00,DATA,00,3F,1278,0,0,4B,4B,00,00,1
6503,1228,A,00,FF,DATA,00,FF,1279,0,0,4B,4B,00,00,1
6504,1228,B,F7,FF,DATA,FF,F7,1280,0,0,4B,4B,00,00,1
6505,1228,A,FF,FF,DATA,FF,FF,1281,0,0,4B,4B,00,00,1
6506,1228,B,FF,F8,DATA,F8,FF,1282,0,0,4B,4B,00,00,1
6507,1228,A,87,FE,DATA,87,FE,1283,0,0,4B,4B,00,00,1
6508,1228,B,D4,E0,DATA,E0,D4,1284,0,0,4B,4B,00,00,1
6509,1228,A,9F,FF,DATA,9F,FF,1285,0,0,4B,4B,00,00,1
6510,1228,B,FE,FD,DATA,FD,FE,1286,0,0,4B,4B,00,00,1
6511,1228,A,9F,FF,DATA,9F,FF,1287,0,0,4B,4B,00,00,1
6512,1228,B,F4,CD,DATA,CD,F4,1288,0,0,4B,4B,00,00,1
6513,1228,A,BF,FF,DATA,BF,FF,1289,0,0,4B,4B,00,00,1
6514,1228,B,FE,95,DATA,95,FE,1290,0,0,4B,4B,00,00,1
6515,1228,A,FF,FF,DATA,FF,FF,1291,0,0,4B,4B,00,00,1
6516,1228,B,D4,C0,DATA,C0,D4,1292,0,0,4B,4B,00,00,1
6517,1228,A,BF,FF,DATA,BF,FF,1293,0,0,4B,4B,00,00,1
6518,1228,B,FC,9A,DATA,9A,FC,1294,0,0,4B,4B,00,00,1
6519,1228,A,F5,FF,DATA,F5,FF,1295,0,0,4B,4B,00,00,1
6520,1228,B,5D,FF,DATA,FF,5D,1296,0,0,4B,4B,00,00,1
6521,1228,A,FF,F7,DATA,FF,F7,1297,0,0,4B,4B,00,00,1
6522,1228,B,00,0D,DATA,0D,00,1298,0,0,4B,4B,00,00,1
6523,1228,A,F0,FF,DATA,F0,FF,1299,0,0,4B,4B,00,00,1
6524,1228,B,65,07,DATA,07,65,1300,0,0,4B,4B,00,00,1
6525,1228,A,F8,DF,DATA,F8,DF,1301,0,0,4B,4B,00,00,1
6526,1228,B,E0,54,DATA,54,E0,1302,0,0,4B,4B,00,00,1
6527,1228,A,FF,FF,DATA,FF,FF,1303,0,0,4B,4B,00,00,1
6528,1228,B,15,C0,DATA,C0,15,1304,0,0,4B,4B,00,00,1
6529,1228,A,FF,FF,DATA,FF,FF,1305,0,0,4B,4B,00,00,1
6530,1228,B,83,55,DATA,55,83,1306,0,0,4B,4B,00,00,1
6531,1228,A,FF,FF,DATA,FF,FF,1307,0,0,4B,4B,00,00,1
6532,1228,B,54,00,DATA,00,54,1308,0,0,4B,4B,00,00,1
6533,1228,A,FF,FF,DATA,FF,FF,1309,0,0,4B,4B,00,00,1
6534,1228,B,C0,9D,DATA,9D,C0,1310,0,0,4B,4B,00,00,1
6535,1228,A,7F,FF,DATA,7F,FF,1311,0,0,4B,4B,00,00,1
6536,1228,B,6A,FF,DATA,FF,6A,1312,0,0,4B,4B,00,00,1
6537,1228,A,FF,D5,DATA,FF,D5,1313,0,0,4B,4B,00,00,1
6538,1228,B,05,55,DATA,55,05,1314,0,0,4B,4B,00,00,1
6539,1228,A,00,FA,DATA,00,FA,1315,0,0,4B,4B,00,00,1
6540,1228,B,52,00,DATA,00,52,1316,0,0,4B,4B,00,00,1
6541,1228,A,00,FD,DATA,00,FD,1317,0,0,4B,4B,00,00,1
6542,1228,B,00,D5,DATA,D5,00,1318,0,0,4B,4B,00,00,1
6543,1228,A,00,FF,DATA,00,FF,1319,0,0,4B,4B,00,00,1
6544,1228,B,18,C0,DATA,C0,18,1320,0,0,4B,4B,00,00,1
6545,1228,A,00,F7,DATA,00,F7,1321,0,0,4B,4B,00,00,1
6546,1228,B,00,15,DATA,15,00,1322,0,0,4B,4B,00,00,1
6547,1228,A,C0,FF,DATA,C0,FF,1323,0,0,4B,4B,00,00,1
6548,1228,B,24,20,DATA,20,24,1324,0,0,4B,4B,00,00,1
6549,1228,A,C0,DF,DATA,C0,DF,1325,0,0,4B,4B,00,00,1
6550,1228,B,00,55,DATA,55,00,1326,0,0,4B,4B,00,00,1
6551,1228,A,E0,FF,DATA,E0,FF,1327,0,0,4B,4B,00,00,1
6552,1228,B,AF,FF,DATA,FF,AF,1328,0,0,4B,4B,00,00,1
6553,1228,A,FF,50,DATA,FF,50,1329,0,0,4B,4B,00,00,1
6554,1228,B,CE,57,DATA,57,CE,1330,0,0,4B,4B,00,00,1
6555,1228,A,01,30,DATA,01,30,1331,0,0,4B,4B,00,00,1
6556,1228,B,A8,03,DATA,03,A8,1332,0,0,4B,4B,00,00,1
6557,1228,A,01,54,DATA,01,54,1333,0,0,4B,4B,00,00,1
6558,1228,B,BA,55,DATA,55,BA,1334,0,0,4B,4B,00,00,1
6559,1228,A,01,44,DATA,01,44,1335,0,0,4B,4B,00,00,1
6560,1228,B,E8,03,DATA,03,E8,1336,0,0,4B,4B,00,00,1
6561,1228,A,01,14,DATA,01,14,1337,0,0,4B,4B,00,00,1
6562,1228,B,5C,55,DATA,55,5C,1338,0,0,4B,4B,00,00,1
6563,1228,A,01,A0,DATA,01,A0,1339,0,0,4B,4B,00,00,1
6564,1228,B,A1,01,DATA,01,A1,1340,0,0,4B,4B,00,00,1
6565,1228,A,01,54,DATA,01,54,1341,0,0,4B,4B,00,00,1
6566,1228,B,BC,55,DATA,55,BC,1342,0,0,4B,4B,00,00,1
6567,1228,A,01,40,DATA,01,40,1343,0,0,4B,4B,00,00,1
6568,1228,B,15,CF,DATA,CF,15,1344,0,0,4B,4B,00,00,1
6569,1228,A,B0,00,DATA,B0,00,1345,0,0,4B,4B,00,00,1
6570,1228,B,3D,CB,DATA,CB,3D,1346,0,0,4B,4B,00,00,1
6571,1228,A,B4,02,DATA,B4,02,1347,0,0,4B,4B,00,00,1
6572,1228,B,6A,DF,DATA,DF,6A,1348,0,0,4B,4B,00,00,1
6573,1228,A,A0,15,DATA,A0,15,1349,0,0,4B,4B,00,00,1
6574,1228,B,C7,8B,DATA,8B,C7,1350,0,0,4B,4B,00,00,1
6575,1228,A,F4,38,DATA,F4,38,1351,0,0,4B,4B,00,00,1
6576,1228,B,BC,EF,DATA,EF,BC,1352,0,0,4B,4B,00,00,1
6577,1228,A,90,50,DATA,90,50,1353,0,0,4B,4B,00,00,1
6578,1228,B,00,E2,DATA,E2,00,1354,0,0,4B,4B,00,00,1
6579,1228,A,9D,F0,DATA,9D,F0,1355,0,0,4B,4B,00,00,1
6580,1228,B,24,FB,DATA,FB,24,1356,0,0,4B,4B,00,00,1
6581,1228,A,84,D0,DATA,84,D0,1357,0,0,4B,4B,00,00,1
6582,1228,B,90,DF,DATA,DF,90,1358,0,0,4B,4B,00,00,1
6583,1228,A,80,E0,DATA,80,E0,1359,0,0,4B,4B,00,00,1
6584,1228,B,10,E0,DATA,E0,10,1360,0,0,4B,4B,00,00,1
6585,1228,A,1F,04,DATA,1F,04,1361,0,0,4B,4B,00,00,1
6586,1228,B,82,E5,DATA,E5,82,1362,0,0,4B,4B,00,00,1
6587,1228,A,1F,00,DATA,1F,00,1363,0,0,4B,4B,00,00,1
6588,1228,B,80,F0,DATA,F0,80,1364,0,0,4B,4B,00,00,1
6589,1228,A,0F,40,DATA,0F,40,1365,0,0,4B,4B,00,00,1
6590,1228,B,20,E1,DATA,E1,20,1366,0,0,4B,4B,00,00,1
6591,1228,A,1F,C0,DATA,1F,C0,1367,0,0,4B,4B,00,00,1
6592,1228,B,81,F8,DATA,F8,81,1368,0,0,4B,4B,00,00,1
6593,1228,A,07,40,DATA,07,40,1369,0,0,4B,4B,00,00,1
6594,1228,B,0C,39,DATA,39,0C,1370,0,0,4B,4B,00,00,1
6595,1228,A,C7,03,DATA,C7,03,1371,0,0,4B,4B,00,00,1
6596,1228,B,12,1C,DATA,1C,12,1372,0,0,4B,4B,00,00,1
6597,1228,A,E3,0D,DATA,E3,0D,1373,0,0,4B,4B,00,00,1
6598,1228,B,22,AD,DATA,AD,22,1374,0,0,4B,4B,00,00,1
6599,1228,A,53,1C,DATA,53,1C,1375,0,0,4B,4B,00,00,1
6600,1228,B,1D,20,DATA,20,1D,1376,0,0,4B,4B,00,00,1
6601,1228,A,C0,40,DATA,C0,40,1377,0,0,4B,4B,00,00,1
6602,1228,B,BF,D5,DATA,D5,BF,1378,0,0,4B,4B,00,00,1
6603,1228,A,E0,00,DATA,E0,00,1379,0,0,4B,4B,00,00,1
6604,1228,B,15,10,DATA,10,15,1380,0,0,4B,4B,00,00,1
6605,1228,A,E0,00,DATA,E0,00,1381,0,0,4B,4B,00,00,1
6606,1228,B,00,51,DATA,51,00,1382,0,0,4B,4B,00,00,1
6607,1228,A,E0,00,DATA,E0,00,1383,0,0,4B,4B,00,00,1
6608,1228,B,01,20,DATA,20,01,1384,0,0,4B,4B,00,00,1
6609,1228,A,C0,00,DATA,C0,00,1385,0,0,4B,4B,00,00,1
6610,1228,B,76,20,DATA,20,76,1386,0,0,4B,4B,00,00,1
6611,1228,A,C0,80,DATA,C0,80,1387,0,0,4B,4B,00,00,1
6612,1228,B,2E,20,DATA,20,2E,1388,0,0,4B,4B,00,00,1
6613,1228,A,C0,D1,DATA,C0,D1,1389,0,0,4B,4B,00,00,1
6614,1228,B,87,20,DATA,20,87,1390,0,0,4B,4B,00,00,1
6615,1228,A,C0,78,DATA,C0,78,1391,0,0,4B,4B,00,00,1
6616,1228,B,77,01,DATA,01,77,1392,0,0,4B,4B,00,00,1
6617,1228,A,01,00,DATA,01,00,1393,0,0,4B,4B,00,00,1
6618,1228,B,33,55,DATA,55,33,1394,0,0,4B,4B,00,00,1
6619,1228,A,01,00,DATA,01,00,1395,0,0,4B,4B,00,00,1
6620,1228,B,55,01,DATA,01,55,1396,0,0,4B,4B,00,00,1
6621,1228,A,01,00,DATA,01,00,1397,0,0,4B,4B,00,00,1
6622,1228,B,00,55,DATA,55,00,1398,0,0,4B,4B,00,00,1
6623,1228,A,01,00,DATA,01,00,1399,0,0,4B,4B,00,00,1
6624,1228,B,00,01,DATA,01,00,1400,0,0,4B,4B,00,00,1
6625,1228,A,01,00,DATA,01,00,1401,0,0,4B,4B,00,00,1
6626,1228,B,80,55,DATA,55,80,1402,0,0,4B,4B,00,00,1
6627,1228,A,01,00,DATA,01,00,1403,0,0,4B,4B,00,00,1
6628,1228,B,ED,01,DATA,01,ED,1404,0,0,4B,4B,00,00,1
6629,1228,A,01,10,DATA,01,10,1405,0,0,4B,4B,00,00,1
6630,1228,B,F1,55,DATA,55,F1,1406,0,0,4B,4B,00,00,1
6631,1228,A,01,08,DATA,01,08,1407,0,0,4B,4B,00,00,1
6632,1228,B,51,9F,DATA,9F,51,1408,0,0,4B,4B,00,00,1
6633,1228,A,80,00,DATA,80,00,1409,0,0,4B,4B,00,00,1
6634,1228,B,82,DF,DATA,DF,82,1410,0,0,4B,4B,00,00,1
6635,1228,A,80,10,DATA,80,10,1411,0,0,4B,4B,00,00,1
6636,1228,B,5D,8F,DATA,8F,5D,1412,0,0,4B,4B,00,00,1
6637,1228,A,80,00,DATA,80,00,1413,0,0,4B,4B,00,00,1
6638,1228,B,08,D2,DATA,D2,08,1414,0,0,4B,4B,00,00,1
6639,1228,A,85,00,DATA,85,00,1415,0,0,4B,4B,00,00,1
6640,1228,B,00,C7,DATA,C7,00,1416,0,0,4B,4B,00,00,1
6641,1228,A,80,00,DATA,80,00,1417,0,0,4B,4B,00,00,1
6642,1228,B,00,F6,DATA,F6,00,1418,0,0,4B,4B,00,00,1
6643,1228,A,81,00,DATA,81,00,1419,0,0,4B,4B,00,00,1
6644,1228,B,41,C5,DATA,C5,41,1420,0,0,4B,4B,00,00,1
6645,1228,A,82,00,DATA,82,00,1421,0,0,4B,4B,00,00,1
6646,1228,B,52,F8,DATA,F8,52,1422,0,0,4B,4B,00,00,1
6647,1228,A,87,A1,DATA,87,A1,1423,0,0,4B,4B,00,00,1
6648,1228,B,00,FC,DATA,FC,00,1424,0,0,4B,4B,00,00,1
6649,1228,A,03,00,DATA,03,00,1425,0,0,4B,4B,00,00,1
6650,1228,B,00,F6,DATA,F6,00,1426,0,0,4B,4B,00,00,1
6651,1228,A,01,00,DATA,01,00,1427,0,0,4B,4B,00,00,1
6652,1228,B,00,FF,DATA,FF,00,1428,0,0,4B,4B,00,00,1
6653,1228,A,00,00,DATA,00,00,1429,0,0,4B,4B,00,00,1
6654,1228,B,00,FF,DATA,FF,00,1430,0,0,4B,4B,00,00,1
6655,1228,A,00,00,DATA,00,00,1431,0,0,4B,4B,00,00,1
6656,1228,B,00,FF,DATA,FF,00,1432,0,0,4B,4B,00,00,1
6657,1228,A,00,00,DATA,00,00,1433,0,0,4B,4B,00,00,1
6658,1228,B,00,EA,DATA,EA,00,1434,0,0,4B,4B,00,00,1
6659,1228,A,15,00,DATA,15,00,1435,0,0,4B,4B,00,00,1
6660,1228,B,44,E6,DATA,E6,44,1436,0,0,4B,4B,00,00,1
6661,1228,A,19,00,DATA,19,00,1437,0,0,4B,4B,00,00,1
6662,1228,B,2F,0B,DATA,0B,2F,1438,0,0,4B,4B,00,00,1
6663,1228,A,F5,C0,DATA,F5,C0,1439,0,0,4B,4B,00,00,1
6664,1228,B,11,40,DATA,40,11,1440,0,0,4B,4B,00,00,1
6665,1228,A,80,00,DATA,80,00,1441,0,0,4B,4B,00,00,1
6666,1228,B,00,C0,DATA,C0,00,1442,0,0,4B,4B,00,00,1
6667,1228,A,00,00,DATA,00,00,1443,0,0,4B,4B,00,00,1
6668,1228,B,04,80,DATA,80,04,1444,0,0,4B,4B,00,00,1
6669,1228,A,00,00,DATA,00,00,1445,0,0,4B,4B,00,00,1
6670,1228,B,00,80,DATA,80,00,1446,0,0,4B,4B,00,00,1
6671,1228,A,40,00,DATA,40,00,1447,0,0,4B,4B,00,00,1
6672,1228,B,10,80,DATA,80,10,1448,0,0,4B,4B,00,00,1
6673,1228,A,00,00,DATA,00,00,1449,0,0,4B,4B,00,00,1
6674,1228,B,00,D1,DATA,D1,00,1450,0,0,4B,4B,00,00,1
6675,1228,A,00,00,DATA,00,00,1451,0,0,4B,4B,00,00,1
6676,1228,B,01,40,DATA,40,01,1452,0,0,4B,4B,00,00,1
6677,1228,A,80,00,DATA,80,00,1453,0,0,4B,4B,00,00,1
6678,1228,B,F8,05,DATA,05,F8,1454,0,0,4B,4B,00,00,1
6679,1228,A,C0,00,DATA,C0,00,1455,0,0,4B,4B,00,00,1
6680,1228,B,99,01,DATA,01,99,1456,0,0,4B,4B,00,00,1
6681,1228,A,01,47,DATA,01,47,1457,0,0,4B,4B,00,00,1
6682,1228,B,FC,55,DATA,55,FC,1458,0,0,4B,4B,00,00,1
6683,1228,A,01,03,DATA,01,03,1459,0,0,4B,4B,00,00,1
6684,1228,B,3A,01,DATA,01,3A,1460,0,0,4B,4B,00,00,1
6685,1228,A,01,45,DATA,01,45,1461,0,0,4B,4B,00,00,1
6686,1228,B,6F,15,DATA,15,6F,1462,0,0,4B,4B,00,00,1
6687,1228,A,01,00,DATA,01,00,1463,0,0,4B,4B,00,00,1
6688,1228,B,52,01,DATA,01,52,1464,0,0,4B,4B,00,00,1
6689,1228,A,01,25,DATA,01,25,1465,0,0,4B,4B,00,00,1
6690,1228,B,3D,55,DATA,55,3D,1466,0,0,4B,4B,00,00,1
6691,1228,A,01,02,DATA,01,02,1467,0,0,4B,4B,00,00,1
6692,1228,B,73,01,DATA,01,73,1468,0,0,4B,4B,00,00,1
6693,1228,A,01,04,DATA,01,04,1469,0,0,4B,4B,00,00,1
6694,1228,B,1D,55,DATA,55,1D,1470,0,0,4B,4B,00,00,1
6695,1228,A,01,22,DATA,01,22,1471,0,0,4B,4B,00,00,1
6696,1228,B,1A,80,DATA,80,1A,1472,0,0,4B,4B,00,00,1
6697,1228,A,FF,F5,DATA,FF,F5,1473,0,0,4B,4B,00,00,1
6698,1228,B,47,F7,DATA,F7,47,1474,0,0,4B,4B,00,00,1
6699,1228,A,FF,B8,DATA,FF,B8,1475,0,0,4B,4B,00,00,1
6700,1228,B,52,BE,DATA,BE,52,1476,0,0,4B,4B,00,00,1
6701,1228,A,FF,FD,DATA,FF,FD,1477,0,0,4B,4B,00,00,1
6702,1228,B,05,FF,DATA,FF,05,1478,0,0,4B,4B,00,00,1
6703,1228,A,FF,FA,DATA,FF,FA,1479,0,0,4B,4B,00,00,1
6704,1228,B,EA,00,DATA,00,EA,1480,0,0,4B,4B,00,00,1
6705,1228,A,00,55,DATA,00,55,1481,0,0,4B,4B,00,00,1
6706,1228,B,54,00,DATA,00,54,1482,0,0,4B,4B,00,00,1
6707,1228,A,00,AB,DATA,00,AB,1483,0,0,4B,4B,00,00,1
6708,1228,B,AA,00,DATA,00,AA,1484,0,0,4B,4B,00,00,1
6709,1228,A,00,55,DATA,00,55,1485,0,0,4B,4B,00,00,1
6710,1228,B,57,00,DATA,00,57,1486,0,0,4B,4B,00,00,1
6711,1270,A,00,A8,DATA,00,A8,1487,0,0,4B,4B,00,00,1
6712,1270,B,A9,3C,DATA,3C,A9,1488,0,0,4B,4B,00,00,1
6713,1270,A,C3,57,DATA,C3,57,1489,0,0,4B,4B,00,00,1
6714,1270,B,C2,41,DATA,41,C2,1490,0,0,4B,4B,00,00,1
6715,1270,A,FF,3F,DATA,FF,3F,1491,0,0,4B,4B,00,00,1
6716,1270,B,EA,80,DATA,80,EA,1492,0,0,4B,4B,00,00,1
6717,1270,A,FF,15,DATA,FF,15,1493,0,0,4B,4B,00,00,1
6718,1270,B,10,FF,DATA,FF,10,1494,0,0,4B,4B,00,00,1
6719,1270,A,FF,EF,DATA,FF,EF,1495,0,0,4B,4B,00,00,1
6720,1270,B,A9,00,DATA,00,A9,1496,0,0,4B,4B,00,00,1
6721,1270,A,00,57,DATA,00,57,1497,0,0,4B,4B,00,00,1
6722,1270,B,43,00,DATA,00,43,1498,0,0,4B,4B,00,00,1
6723,1270,A,00,BF,DATA,00,BF,1499,0,0,4B,4B,00,00,1
6724,1270,B,A0,00,DATA,00,A0,1500,0,0,4B,4B,00,00,1
6725,1270,A,00,5F,DATA,00,5F,1501,0,0,4B,4B,00,00,1
6726,1270,B,4E,00,DATA,00,4E,1502,0,0,4B,4B,00,00,1
6727,1270,A,00,BF,DATA,00,BF,1503,0,0,4B,4B,00,00,1
6728,1270,B,57,20,DATA,20,57,1504,0,0,4B,4B,00,00,1
6729,1270,A,C0,FC,DATA,C0,FC,1505,0,0,4B,4B,00,00,1
6730,1270,B,81,C5,DATA,C5,81,1506,0,0,4B,4B,00,00,1
6731,1270,A,F0,FE,DATA,F0,FE,1507,0,0,4B,4B,00,00,1
6732,1270,B,4C,82,DATA,82,4C,1508,0,0,4B,4B,00,00,1
6733,1270,A,FC,F7,DATA,FC,F7,1509,0,0,4B,4B,00,00,1
6734,1270,B,2C,FF,DATA,FF,2C,1510,0,0,4B,4B,00,00,1
6735,1270,A,FF,FF,DATA,FF,FF,1511,0,0,4B,4B,00,00,1
6736,1270,B,51,00,DATA,00,51,1512,0,0,4B,4B,00,00,1
6737,1270,A,00,FF,DATA,00,FF,1513,0,0,4B,4B,00,00,1
6738,1270,B,0C,00,DATA,00,0C,1514,0,0,4B,4B,00,00,1
6739,1270,A,00,F3,DATA,00,F3,1515,0,0,4B,4B,00,00,1
6740,1270,B,51,00,DATA,00,51,1516,0,0,4B,4B,00,00,1
6741,1270,A,00,FF,DATA,00,FF,1517,0,0,4B,4B,00,00,1
6742,1270,B,A0,00,DATA,00,A0,1518,0,0,4B,4B,00,00,1
6743,1270,A,00,FF,DATA,00,FF,1519,0,0,4B,4B,00,00,1
6744,1270,B,3F,01,DATA,01,3F,1520,0,0,4B,4B,00,00,1
6745,1270,A,01,7F,DATA,01,7F,1521,0,0,4B,4B,00,00,1
6746,1270,B,FF,55,DATA,55,FF,1522,0,0,4B,4B,00,00,1
6747,1270,A,01,3F,DATA,01,3F,1523,0,0,4B,4B,00,00,1
6748,1270,B,7F,01,DATA,01,7F,1524,0,0,4B,4B,00,00,1
6749,1270,A,01,3F,DATA,01,3F,1525,0,0,4B,4B,00,00,1
6750,1270,B,CF,FF,DATA,FF,CF,1526,0,0,4B,4B,00,00,1
6751,1270,A,FF,3F,DATA,FF,3F,1527,0,0,4B,4B,00,00,1
6752,1270,B,D7,00,DATA,00,D7,1528,0,0,4B,4B,00,00,1
6753,1270,A,00,3F,DATA,00,3F,1529,0,0,4B,4B,00,00,1
6754,1270,B,6F,00,DATA,00,6F,1530,0,0,4B,4B,00,00,1
6755,1270,A,00,9F,DATA,00,9F,1531,0,0,4B,4B,00,00,1
6756,1270,B,6F,00,DATA,00,6F,1532,0,0,4B,4B,00,00,1
6757,1270,A,00,9F,DATA,00,9F,1533,0,0,4B,4B,00,00,1
6758,1270,B,7B,00,DATA,00,7B,1534,0,0,4B,4B,00,00,1
6759,1270,A,00,8F,DATA,00,8F,1535,0,0,4B,4B,00,00,1
6760,1270,B,FD,FF,DATA,FF,FD,1536,0,0,4B,4B,00,00,1
6761,1270,A,FF,FF,DATA,FF,FF,1537,0,0,4B,4B,00,00,1
6762,1270,B,FC,FF,DATA,FF,FC,1538,0,0,4B,4B,00,00,1
6763,1270,A,80,FF,DATA,80,FF,1539,0,0,4B,4B,00,00,1
6764,1270,B,D4,FB,DATA,FB,D4,1540,0,0,4B,4B,00,00,1
6765,1270,A,80,FF,DATA,80,FF,1541,0,0,4B,4B,00,00,1
6766,1270,B,FC,BF,DATA,BF,FC,1542,0,0,4B,4B,00,00,1
6767,1270,A,C0,FF,DATA,C0,FF,1543,0,0,4B,4B,00,00,1
6768,1270,B,F5,FF,DATA,FF,F5,1544,0,0,4B,4B,00,00,1
6769,1270,A,80,FF,DATA,80,FF,1545,0,0,4B,4B,00,00,1
6770,1270,B,FC,FF,DATA,FF,FC,1546,0,0,4B,4B,00,00,1
6771,1270,A,80,FF,DATA,80,FF,1547,0,0,4B,4B,00,00,1
6772,1270,B,D4,FF,DATA,FF,D4,1548,0,0,4B,4B,00,00,1
6773,1270,A,80,FF,DATA,80,FF,1549,0,0,4B,4B,00,00,1
6774,1270,B,FC,F2,DATA,F2,FC,1550,0,0,4B,4B,00,00,1
6775,1270,A,85,FF,DATA,85,FF,1551,0,0,4B,4B,00,00,1
6776,1270,B,91,FF,DATA,FF,91,1552,0,0,4B,4B,00,00,1
6777,1270,A,FF,7F,DATA,FF,7F,1553,0,0,4B,4B,00,00,1
6778,1270,B,94,AE,DATA,AE,94,1554,0,0,4B,4B,00,00,1
6779,1270,A,51,FF,DATA,51,FF,1555,0,0,4B,4B,00,00,1
6780,1270,B,58,FF,DATA,FF,58,1556,0,0,4B,4B,00,00,1
6781,1270,A,00,F7,DATA,00,F7,1557,0,0,4B,4B,00,00,1
6782,1270,B,00,EF,DATA,EF,00,1558,0,0,4B,4B,00,00,1
6783,1270,A,10,FF,DATA,10,FF,1559,0,0,4B,4B,00,00,1
6784,1270,B,50,FF,DATA,FF,50,1560,0,0,4B,4B,00,00,1
6785,1270,A,00,FF,DATA,00,FF,1561,0,0,4B,4B,00,00,1
6786,1270,B,20,BB,DATA,BB,20,1562,0,0,4B,4B,00,00,1
6787,1270,A,44,FF,DATA,44,FF,1563,0,0,4B,4B,00,00,1
6788,1270,B,12,E7,DATA,E7,12,1564,0,0,4B,4B,00,00,1
6789,1270,A,18,FD,DATA,18,FD,1565,0,0,4B,4B,00,00,1
6790,1270,B,00,D3,DATA,D3,00,1566,0,0,4B,4B,00,00,1
6791,1270,A,7C,FF,DATA,7C,FF,1567,0,0,4B,4B,00,00,1
6792,1270,B,76,FF,DATA,FF,76,1568,0,0,4B,4B,00,00,1
6793,1270,A,FF,DD,DATA,FF,DD,1569,0,0,4B,4B,00,00,1
6794,1270,B,01,FF,DATA,FF,01,1570,0,0,4B,4B,00,00,1
6795,1270,A,00,FE,DATA,00,FE,1571,0,0,4B,4B,00,00,1
6796,1270,B,C0,FF,DATA,FF,C0,1572,0,0,4B,4B,00,00,1
6797,1270,A,00,7F,DATA,00,7F,1573,0,0,4B,4B,00,00,1
6798,1270,B,01,FF,DATA,FF,01,1574,0,0,4B,4B,00,00,1
6799,1270,A,00,FE,DATA,00,FE,1575,0,0,4B,4B,00,00,1
6800,1270,B,AA,FF,DATA,FF,AA,1576,0,0,4B,4B,00,00,1
6801,1270,A,00,55,DATA,00,55,1577,0,0,4B,4B,00,00,1
6802,1270,B,08,F9,DATA,F9,08,1578,0,0,4B,4B,00,00,1
6803,1270,A,07,F7,DATA,07,F7,1579,0,0,4B,4B,00,00,1
6804,1270,B,2A,F8,DATA,F8,2A,1580,0,0,4B,4B,00,00,1
6805,1270,A,07,D5,DATA,07,D5,1581,0,0,4B,4B,00,00,1
6806,1270,B,01,FB,DATA,FB,01,1582,0,0,4B,4B,00,00,1
6807,1270,A,04,FE,DATA,04,FE,1583,0,0,4B,4B,00,00,1
6808,1270,B,A5,FF,DATA,FF,A5,1584,0,0,4B,4B,00,00,1
6809,1270,A,FF,50,DATA,FF,50,1585,0,0,4B,4B,00,00,1
6810,1270,B,5D,D5,DATA,D5,5D,1586,0,0,4B,4B,00,00,1
6811,1270,A,01,A0,DATA,01,A0,1587,0,0,4B,4B,00,00,1
6812,1270,B,A9,E1,DATA,E1,A9,1588,0,0,4B,4B,00,00,1
6813,1270,A,01,54,DATA,01,54,1589,0,0,4B,4B,00,00,1
6814,1270,B,68,F5,DATA,F5,68,1590,0,0,4B,4B,00,00,1
6815,1270,A,01,94,DATA,01,94,1591,0,0,4B,4B,00,00,1
6816,1270,B,A8,F1,DATA,F1,A8,1592,0,0,4B,4B,00,00,1
6817,1270,A,01,54,DATA,01,54,1593,0,0,4B,4B,00,00,1
6818,1270,B,CE,2D,DATA,2D,CE,1594,0,0,4B,4B,00,00,1
6819,1270,A,D1,30,DATA,D1,30,1595,0,0,4B,4B,00,00,1
6820,1270,B,AA,39,DATA,39,AA,1596,0,0,4B,4B,00,00,1
6821,1270,A,C1,54,DATA,C1,54,1597,0,0,4B,4B,00,00,1
6822,1270,B,3A,FD,DATA,FD,3A,1598,0,0,4B,4B,00,00,1
6823,1270,A,01,C4,DATA,01,C4,1599,0,0,4B,4B,00,00,1
6824,1270,B,31,C7,DATA,C7,31,1600,0,0,4B,4B,00,00,1
6825,1270,A,80,C0,DATA,80,C0,1601,0,0,4B,4B,00,00,1
6826,1270,B,11,D3,DATA,D3,11,1602,0,0,4B,4B,00,00,1
6827,1270,A,84,E0,DATA,84,E0,1603,0,0,4B,4B,00,00,1
6828,1270,B,24,87,DATA,87,24,1604,0,0,4B,4B,00,00,1
6829,1270,A,80,D0,DATA,80,D0,1605,0,0,4B,4B,00,00,1
6830,1270,B,00,D3,DATA,D3,00,1606,0,0,4B,4B,00,00,1
6831,1270,A,84,F0,DATA,84,F0,1607,0,0,4B,4B,00,00,1
6832,1270,B,31,E7,DATA,E7,31,1608,0,0,4B,4B,00,00,1
6833,1270,A,80,D0,DATA,80,D0,1609,0,0,4B,4B,00,00,1
6834,1270,B,80,D1,DATA,D1,80,1610,0,0,4B,4B,00,00,1
6835,1270,A,86,78,DATA,86,78,1611,0,0,4B,4B,00,00,1
6836,1270,B,08,E5,DATA,E5,08,1612,0,0,4B,4B,00,00,1
6837,1270,A,82,74,DATA,82,74,1613,0,0,4B,4B,00,00,1
6838,1270,B,03,B5,DATA,B5,03,1614,0,0,4B,4B,00,00,1
6839,1270,A,C2,3C,DATA,C2,3C,1615,0,0,4B,4B,00,00,1
6840,1270,B,29,3C,DATA,3C,29,1616,0,0,4B,4B,00,00,1
6841,1270,A,C0,14,DATA,C0,14,1617,0,0,4B,4B,00,00,1
6842,1270,B,12,5D,DATA,5D,12,1618,0,0,4B,4B,00,00,1
6843,1270,A,80,2C,DATA,80,2C,1619,0,0,4B,4B,00,00,1
6844,1270,B,49,BF,DATA,BF,49,1620,0,0,4B,4B,00,00,1
6845,1270,A,00,34,DATA,00,34,1621,0,0,4B,4B,00,00,1
6846,1270,B,10,A2,DATA,A2,10,1622,0,0,4B,4B,00,00,1
6847,1270,A,5D,2C,DATA,5D,2C,1623,0,0,4B,4B,00,00,1
6848,1270,B,0C,83,DATA,83,0C,1624,0,0,4B,4B,00,00,1
6849,1270,A,7C,34,DATA,7C,34,1625,0,0,4B,4B,00,00,1
6850,1270,B,2A,8B,DATA,8B,2A,1626,0,0,4B,4B,00,00,1
6851,1270,A,74,14,DATA,74,14,1627,0,0,4B,4B,00,00,1
6852,1270,B,4B,FF,DATA,FF,4B,1628,0,0,4B,4B,00,00,1
6853,1270,A,00,14,DATA,00,14,1629,0,0,4B,4B,00,00,1
6854,1270,B,C0,FD,DATA,FD,C0,1630,0,0,4B,4B,00,00,1
6855,1270,A,00,3F,DATA,00,3F,1631,0,0,4B,4B,00,00,1
6856,1270,B,4A,1F,DATA,1F,4A,1632,0,0,4B,4B,00,00,1
6857,1270,A,00,35,DATA,00,35,1633,0,0,4B,4B,00,00,1
6858,1270,B,2D,5A,DATA,5A,2D,1634,0,0,4B,4B,00,00,1
6859,1270,A,05,12,DATA,05,12,1635,0,0,4B,4B,00,00,1
6860,1270,B,2A,1F,DATA,1F,2A,1636,0,0,4B,4B,00,00,1
6861,1270,A,00,15,DATA,00,15,1637,0,0,4B,4B,00,00,1
6862,1270,B,2D,C8,DATA,C8,2D,1638,0,0,4B,4B,00,00,1
6863,1270,A,17,12,DATA,17,12,1639,0,0,4B,4B,00,00,1
6864,1270,B,0A,FF,DATA,FF,0A,1640,0,0,4B,4B,00,00,1
6865,1270,A,00,15,DATA,00,15,1641,0,0,4B,4B,00,00,1
6866,1270,B,25,FE,DATA,FE,25,1642,0,0,4B,4B,00,00,1
6867,1270,A,01,1A,DATA,01,1A,1643,0,0,4B,4B,00,00,1
6868,1270,B,6A,1F,DATA,1F,6A,1644,0,0,4B,4B,00,00,1
6869,1270,A,00,15,DATA,00,15,1645,0,0,4B,4B,00,00,1
6870,1270,B,C7,FD,DATA,FD,C7,1646,0,0,4B,4B,00,00,1
6871,1270,A,00,38,DATA,00,38,1647,0,0,4B,4B,00,00,1
6872,1270,B,85,39,DATA,39,85,1648,0,0,4B,4B,00,00,1
6873,1270,A,01,40,DATA,01,40,1649,0,0,4B,4B,00,00,1
6874,1270,B,01,DD,DATA,DD,01,1650,0,0,4B,4B,00,00,1
6875,1270,A,01,C0,DATA,01,C0,1651,0,0,4B,4B,00,00,1
6876,1270,B,91,ED,DATA,ED,91,1652,0,0,4B,4B,00,00,1
6877,1270,A,01,40,DATA,01,40,1653,0,0,4B,4B,00,00,1
6878,1270,B,39,B9,DATA,B9,39,1654,0,0,4B,4B,00,00,1
6879,1270,A,45,C0,DATA,45,C0,1655,0,0,4B,4B,00,00,1
6880,1270,B,98,F9,DATA,F9,98,1656,0,0,4B,4B,00,00,1
6881,1270,A,05,51,DATA,05,51,1657,0,0,4B,4B,00,00,1
6882,1270,B,C9,FB,DATA,FB,C9,1658,0,0,4B,4B,00,00,1
6883,1270,A,05,00,DATA,05,00,1659,0,0,4B,4B,00,00,1
6884,1270,B,81,FB,DATA,FB,81,1660,0,0,4B,4B,00,00,1
6885,1270,A,05,40,DATA,05,40,1661,0,0,4B,4B,00,00,1
6886,1270,B,81,FB,DATA,FB,81,1662,0,0,4B,4B,00,00,1
6887,1270,A,05,40,DATA,05,40,1663,0,0,4B,4B,00,00,1
6888,1270,B,92,BF,DATA,BF,92,1664,0,0,4B,4B,00,00,1
6889,1270,A,C0,61,DATA,C0,61,1665,0,0,4B,4B,00,00,1
6890,1270,B,42,AE,DATA,AE,42,1666,0,0,4B,4B,00,00,1
6891,1270,A,D1,A1,DATA,D1,A1,1667,0,0,4B,4B,00,00,1
6892,1270,B,B6,9F,DATA,9F,B6,1668,0,0,4B,4B,00,00,1
6893,1270,A,E0,41,DATA,E0,41,1669,0,0,4B,4B,00,00,1
6894,1270,B,42,8B,DATA,8B,42,1670,0,0,4B,4B,00,00,1
6895,1270,A,F4,A1,DATA,F4,A1,1671,0,0,4B,4B,00,00,1
6896,1270,B,B2,8F,DATA,8F,B2,1672,0,0,4B,4B,00,00,1
6897,1270,A,F0,41,DATA,F0,41,1673,0,0,4B,4B,00,00,1
6898,1270,B,01,83,DATA,83,01,1674,0,0,4B,4B,00,00,1
6899,1270,A,FC,E2,DATA,FC,E2,1675,0,0,4B,4B,00,00,1
6900,1270,B,B2,A7,DATA,A7,B2,1676,0,0,4B,4B,00,00,1
6901,1270,A,D8,41,DATA,D8,41,1677,0,0,4B,4B,00,00,1
6902,1270,B,03,AD,DATA,AD,03,1678,0,0,4B,4B,00,00,1
6903,1270,A,D0,E0,DATA,D0,E0,1679,0,0,4B,4B,00,00,1
6904,1270,B,D2,FE,DATA,FE,D2,1680,0,0,4B,4B,00,00,1
6905,1270,A,00,45,DATA,00,45,1681,0,0,4B,4B,00,00,1
6906,1270,B,2C,FF,DATA,FF,2C,1682,0,0,4B,4B,00,00,1
6907,1270,A,00,C3,DATA,00,C3,1683,0,0,4B,4B,00,00,1
6908,1270,B,C2,FF,DATA,FF,C2,1684,0,0,4B,4B,00,00,1
6909,1270,A,00,45,DATA,00,45,1685,0,0,4B,4B,00,00,1
6910,1270,B,28,AA,DATA,AA,28,1686,0,0,4B,4B,00,00,1
6911,1270,A,55,C7,DATA,55,C7,1687,0,0,4B,4B,00,00,1
6912,1270,B,C3,FF,DATA,FF,C3,1688,0,0,4B,4B,00,00,1
6913,1270,A,00,45,DATA,00,45,1689,0,0,4B,4B,00,00,1
6914,1270,B,28,DA,DATA,DA,28,1690,0,0,4B,4B,00,00,1
6915,1270,A,05,C7,DATA,05,C7,1691,0,0,4B,4B,00,00,1
6916,1270,B,82,FF,DATA,FF,82,1692,0,0,4B,4B,00,00,1
6917,1270,A,00,45,DATA,00,45,1693,0,0,4B,4B,00,00,1
6918,1270,B,A9,A7,DATA,A7,A9,1694,0,0,4B,4B,00,00,1
6919,1270,A,50,46,DATA,50,46,1695,0,0,4B,4B,00,00,1
6920,1270,B,A8,6F,DATA,6F,A8,1696,0,0,4B,4B,00,00,1
6921,1270,A,00,54,DATA,00,54,1697,0,0,4B,4B,00,00,1
6922,1270,B,A0,B3,DATA,B3,A0,1698,0,0,4B,4B,00,00,1
6923,1270,A,4C,1E,DATA,4C,1E,1699,0,0,4B,4B,00,00,1
6924,1270,B,DA,FF,DATA,FF,DA,1700,0,0,4B,4B,00,00,1
6925,1270,A,00,05,DATA,00,05,1701,0,0,4B,4B,00,00,1
6926,1270,B,14,EA,DATA,EA,14,1702,0,0,4B,4B,00,00,1
6927,1270,A,15,8B,DATA,15,8B,1703,0,0,4B,4B,00,00,1
6928,1270,B,0B,FF,DATA,FF,0B,1704,0,0,4B,4B,00,00,1
6929,1270,A,00,14,DATA,00,14,1705,0,0,4B,4B,00,00,1
6930,1270,B,76,FF,DATA,FF,76,1706,0,0,4B,4B,00,00,1
6931,1270,A,00,88,DATA,00,88,1707,0,0,4B,4B,00,00,1
6932,1270,B,AC,7E,DATA,7E,AC,1708,0,0,4B,4B,00,00,1
6933,1270,A,80,50,DATA,80,50,1709,0,0,4B,4B,00,00,1
6934,1270,B,10,EF,DATA,EF,10,1710,0,0,4B,4B,00,00,1
6935,1270,A,10,EC,DATA,10,EC,1711,0,0,4B,4B,00,00,1
6936,1270,B,26,FF,DATA,FF,26,1712,0,0,4B,4B,00,00,1
6937,1270,A,01,11,DATA,01,11,1713,0,0,4B,4B,00,00,1
6938,1270,B,3D,FB,DATA,FB,3D,1714,0,0,4B,4B,00,00,1
6939,1270,A,05,02,DATA,05,02,1715,0,0,4B,4B,00,00,1
6940,1270,B,17,FF,DATA,FF,17,1716,0,0,4B,4B,00,00,1
6941,1270,A,01,00,DATA,01,00,1717,0,0,4B,4B,00,00,1
6942,1270,B,3D,FD,DATA,FD,3D,1718,0,0,4B,4B,00,00,1
6943,1270,A,01,02,DATA,01,02,1719,0,0,4B,4B,00,00,1
6944,1270,B,16,69,DATA,69,16,1720,0,0,4B,4B,00,00,1
6945,1270,A,81,01,DATA,81,01,1721,0,0,4B,4B,00,00,1
6946,1270,B,3F,D7,DATA,D7,3F,1722,0,0,4B,4B,00,00,1
6947,1270,A,01,00,DATA,01,00,1723,0,0,4B,4B,00,00,1
6948,1270,B,1E,CF,DATA,CF,1E,1724,0,0,4B,4B,00,00,1
6949,1270,A,01,01,DATA,01,01,1725,0,0,4B,4B,00,00,1
6950,1270,B,3D,79,DATA,79,3D,1726,0,0,4B,4B,00,00,1
6951,1270,A,07,02,DATA,07,02,1727,0,0,4B,4B,00,00,1
6952,1270,B,AA,BC,DATA,BC,AA,1728,0,0,4B,4B,00,00,1
6953,1270,A,C0,55,DATA,C0,55,1729,0,0,4B,4B,00,00,1
6954,1270,B,CC,8F,DATA,8F,CC,1730,0,0,4B,4B,00,00,1
6955,1270,A,F0,33,DATA,F0,33,1731,0,0,4B,4B,00,00,1
6956,1270,B,AA,9F,DATA,9F,AA,1732,0,0,4B,4B,00,00,1
6957,1270,A,E0,55,DATA,E0,55,1733,0,0,4B,4B,00,00,1
6958,1270,B,40,FF,DATA,FF,40,1734,0,0,4B,4B,00,00,1
6959,1270,A,FF,BF,DATA,FF,BF,1735,0,0,4B,4B,00,00,1
6960,1270,B,B5,00,DATA,00,B5,1736,0,0,4B,4B,00,00,1
6961,1270,A,00,5F,DATA,00,5F,1737,0,0,4B,4B,00,00,1
6962,1270,B,40,00,DATA,00,40,1738,0,0,4B,4B,00,00,1
6963,1270,A,00,BF,DATA,00,BF,1739,0,0,4B,4B,00,00,1
6964,1270,B,B1,00,DATA,00,B1,1740,0,0,4B,4B,00,00,1
6965,1270,A,00,5F,DATA,00,5F,1741,0,0,4B,4B,00,00,1
6966,1270,B,40,00,DATA,00,40,1742,0,0,4B,4B,00,00,1
6967,1270,A,00,BF,DATA,00,BF,1743,0,0,4B,4B,00,00,1
6968,1270,B,E5,7F,DATA,7F,E5,1744,0,0,4B,4B,00,00,1
6969,1270,A,00,1F,DATA,00,1F,1745,0,0,4B,4B,00,00,1
6970,1270,B,42,6A,DATA,6A,42,1746,0,0,4B,4B,00,00,1
6971,1270,A,15,BF,DATA,15,BF,1747,0,0,4B,4B,00,00,1
6972,1270,B,A5,E3,DATA,E3,A5,1748,0,0,4B,4B,00,00,1
6973,1270,A,1C,5F,DATA,1C,5F,1749,0,0,4B,4B,00,00,1
6974,1270,B,00,FF,DATA,FF,00,1750,0,0,4B,4B,00,00,1
6975,1270,A,FF,FF,DATA,FF,FF,1751,0,0,4B,4B,00,00,1
6976,1270,B,55,00,DATA,00,55,1752,0,0,4B,4B,00,00,1
6977,1270,A,00,FF,DATA,00,FF,1753,0,0,4B,4B,00,00,1
6978,1270,B,09,00,DATA,00,09,1754,0,0,4B,4B,00,00,1
6979,1270,A,00,FF,DATA,00,FF,1755,0,0,4B,4B,00,00,1
6980,1270,B,54,00,DATA,00,54,1756,0,0,4B,4B,00,00,1
6981,1270,A,00,FF,DATA,00,FF,1757,0,0,4B,4B,00,00,1
6982,1270,B,20,00,DATA,00,20,1758,0,0,4B,4B,00,00,1
6983,1270,A,00,FF,DATA,00,FF,1759,0,0,4B,4B,00,00,1
6984,1270,B,51,9B,DATA,9B,51,1760,0,0,4B,4B,00,00,1
6985,1270,A,00,FF,DATA,00,FF,1761,0,0,4B,4B,00,00,1
6986,1270,B,00,FE,DATA,FE,00,1762,0,0,4B,4B,00,00,1
6987,1270,A,01,FF,DATA,01,FF,1763,0,0,4B,4B,00,00,1
6988,1270,B,44,FF,DATA,FF,44,1764,0,0,4B,4B,00,00,1
6989,1270,A,00,FF,DATA,00,FF,1765,0,0,4B,4B,00,00,1
6990,1270,B,81,FF,DATA,FF,81,1766,0,0,4B,4B,00,00,1
6991,1270,A,FF,FE,DATA,FF,FE,1767,0,0,4B,4B,00,00,1
6992,1270,B,12,00,DATA,00,12,1768,0,0,4B,4B,00,00,1
6993,1270,A,00,FD,DATA,00,FD,1769,0,0,4B,4B,00,00,1
6994,1270,B,20,00,DATA,00,20,1770,0,0,4B,4B,00,00,1
6995,1270,A,00,FF,DATA,00,FF,1771,0,0,4B,4B,00,00,1
6996,1270,B,56,00,DATA,00,56,1772,0,0,4B,4B,00,00,1
6997,1270,A,00,FD,DATA,00,FD,1773,0,0,4B,4B,00,00,1
6998,1270,B,03,00,DATA,00,03,1774,0,0,4B,4B,00,00,1
6999,1270,A,00,FC,DATA,00,FC,1775,0,0,4B,4B,00,00,1
7000,1270,B,17,FF,DATA,FF,17,1776,0,0,4B,4B,00,00,1
7001,1270,A,01,CF,DATA,01,CF,1777,0,0,4B,4B,00,00,1
7002,1270,B,3B,EB,DATA,EB,3B,1778,0,0,4B,4B,00,00,1
7003,1270,A,15,CF,DATA,15,CF,1779,0,0,4B,4B,00,00,1
7004,1270,B,3D,F7,DATA,F7,3D,1780,0,0,4B,4B,00,00,1
7005,1270,A,09,C7,DATA,09,C7,1781,0,0,4B,4B,00,00,1
7006,1270,B,13,FF,DATA,FF,13,1782,0,0,4B,4B,00,00,1
7007,1270,A,FF,EF,DATA,FF,EF,1783,0,0,4B,4B,00,00,1
7008,1270,B,4F,00,DATA,00,4F,1784,0,0,4B,4B,00,00,1
7009,1270,A,00,F7,DATA,00,F7,1785,0,0,4B,4B,00,00,1
7010,1270,B,93,00,DATA,00,93,1786,0,0,4B,4B,00,00,1
7011,1270,A,00,EF,DATA,00,EF,1787,0,0,4B,4B,00,00,1
7012,1270,B,89,00,DATA,00,89,1788,0,0,4B,4B,00,00,1
7013,1270,A,00,77,DATA,00,77,1789,0,0,4B,4B,00,00,1
7014,1270,B,0B,00,DATA,00,0B,1790,0,0,4B,4B,00,00,1
7015,1270,A,00,F7,DATA,00,F7,1791,0,0,4B,4B,00,00,1
7016,1270,B,FC,FF,DATA,FF,FC,1792,0,0,4B,4B,00,00,1
7017,1270,A,FF,FF,DATA,FF,FF,1793,0,0,4B,4B,00,00,1
7018,1270,B,FF,D5,DATA,D5,FF,1794,0,0,4B,4B,00,00,1
7019,1270,A,FF,FF,DATA,FF,FF,1795,0,0,4B,4B,00,00,1
7020,1270,B,DC,80,DATA,80,DC,1796,0,0,4B,4B,00,00,1
7021,1270,A,FF,FF,DATA,FF,FF,1797,0,0,4B,4B,00,00,1
7022,1270,B,FE,D5,DATA,D5,FE,1798,0,0,4B,4B,00,00,1
7023,1270,A,FF,FF,DATA,FF,FF,1799,0,0,4B,4B,00,00,1
7024,1270,B,F5,80,DATA,80,F5,1800,0,0,4B,4B,00,00,1
7025,1270,A,FF,FF,DATA,FF,FF,1801,0,0,4B,4B,00,00,1
7026,1270,B,FE,D4,DATA,D4,FE,1802,0,0,4B,4B,00,00,1
7027,1270,A,FF,FF,DATA,FF,FF,1803,0,0,4B,4B,00,00,1
7028,1270,B,FD,80,DATA,80,FD,1804,0,0,4B,4B,00,00,1
7029,1270,A,FF,FF,DATA,FF,FF,1805,0,0,4B,4B,00,00,1
7030,1270,B,FE,D4,DATA,D4,FE,1806,0,0,4B,4B,00,00,1
7031,1270,A,FF,FF,DATA,FF,FF,1807,0,0,4B,4B,00,00,1
7032,1270,B,50,FF,DATA,FF,50,1808,0,0,4B,4B,00,00,1
7033,1270,A,FF,FF,DATA,FF,FF,1809,0,0,4B,4B,00,00,1
7034,1270,B,D1,00,DATA,00,D1,1810,0,0,4B,4B,00,00,1
7035,1270,A,FF,FF,DATA,FF,FF,1811,0,0,4B,4B,00,00,1
7036,1270,B,55,20,DATA,20,55,1812,0,0,4B,4B,00,00,1
7037,1270,A,DF,FF,DATA,DF,FF,1813,0,0,4B,4B,00,00,1
7038,1270,B,84,00,DATA,00,84,1814,0,0,4B,4B,00,00,1
7039,1270,A,FF,FF,DATA,FF,FF,1815,0,0,4B,4B,00,00,1
7040,1270,B,75,00,DATA,00,75,1816,0,0,4B,4B,00,00,1
7041,1270,A,FF,DF,DATA,FF,DF,1817,0,0,4B,4B,00,00,1
7042,1270,B,9A,2A,DATA,2A,9A,1818,0,0,4B,4B,00,00,1
7043,1270,A,D5,FF,DATA,D5,FF,1819,0,0,4B,4B,00,00,1
7044,1270,B,65,7E,DATA,7E,65,1820,0,0,4B,4B,00,00,1
7045,1270,A,80,DF,DATA,80,DF,1821,0,0,4B,4B,00,00,1
7046,1270,B,80,C4,DATA,C4,80,1822,0,0,4B,4B,00,00,1
7047,1270,A,00,FF,DATA,00,FF,1823,0,0,4B,4B,00,00,1
7048,1270,B,AA,FF,DATA,FF,AA,1824,0,0,4B,4B,00,00,1
7049,1270,A,FF,55,DATA,FF,55,1825,0,0,4B,4B,00,00,1
7050,1270,B,10,40,DATA,40,10,1826,0,0,4B,4B,00,00,1
7051,1270,A,FF,EF,DATA,FF,EF,1827,0,0,4B,4B,00,00,1
7052,1270,B,6A,00,DATA,00,6A,1828,0,0,4B,4B,00,00,1
7053,1270,A,FF,D5,DATA,FF,D5,1829,0,0,4B,4B,00,00,1
7054,1270,B,00,00,DATA,00,00,1830,0,0,4B,4B,00,00,1
7055,1270,A,FF,FF,DATA,FF,FF,1831,0,0,4B,4B,00,00,1
7056,1270,B,51,00,DATA,00,51,1832,0,0,4B,4B,00,00,1
7057,1270,A,FF,FF,DATA,FF,FF,1833,0,0,4B,4B,00,00,1
7058,1270,B,00,80,DATA,80,00,1834,0,0,4B,4B,00,00,1
7059,1270,A,7F,FF,DATA,7F,FF,1835,0,0,4B,4B,00,00,1
7060,1270,B,48,F0,DATA,F0,48,1836,0,0,4B,4B,00,00,1
7061,1270,A,0F,F7,DATA,0F,F7,1837,0,0,4B,4B,00,00,1
7062,1270,B,00,68,DATA,68,00,1838,0,0,4B,4B,00,00,1
7063,1270,A,17,FF,DATA,17,FF,1839,0,0,4B,4B,00,00,1
7064,1270,B,AB,FF,DATA,FF,AB,1840,0,0,4B,4B,00,00,1
7065,1270,A,FF,54,DATA,FF,54,1841,0,0,4B,4B,00,00,1
7066,1270,B,4E,09,DATA,09,4E,1842,0,0,4B,4B,00,00,1
7067,1270,A,F7,B0,DATA,F7,B0,1843,0,0,4B,4B,00,00,1
7068,1270,B,AB,05,DATA,05,AB,1844,0,0,4B,4B,00,00,1
7069,1270,A,FB,54,DATA,FB,54,1845,0,0,4B,4B,00,00,1
7070,1270,B,77,41,DATA,41,77,1846,0,0,4B,4B,00,00,1
7071,1270,A,FF,88,DATA,FF,88,1847,0,0,4B,4B,00,00,1
7072,1270,B,AB,01,DATA,01,AB,1848,0,0,4B,4B,00,00,1
7073,1270,A,FF,54,DATA,FF,54,1849,0,0,4B,4B,00,00,1
7074,1270,B,3F,01,DATA,01,3F,1850,0,0,4B,4B,00,00,1
7075,1270,A,FF,C0,DATA,FF,C0,1851,0,0,4B,4B,00,00,1
7076,1270,B,3F,01,DATA,01,3F,1852,0,0,4B,4B,00,00,1
7077,1270,A,FF,C0,DATA,FF,C0,1853,0,0,4B,4B,00,00,1
7078,1270,B,1F,05,DATA,05,1F,1854,0,0,4B,4B,00,00,1
7079,1270,A,FF,E0,DATA,FF,E0,1855,0,0,4B,4B,00,00,1
7080,1270,B,1A,80,DATA,80,1A,1856,0,0,4B,4B,00,00,1
7081,1270,A,FF,05,DATA,FF,05,1857,0,0,4B,4B,00,00,1
7082,1270,B,0D,D0,DATA,D0,0D,1858,0,0,4B,4B,00,00,1
7083,1270,A,FF,02,DATA,FF,02,1859,0,0,4B,4B,00,00,1
7084,1270,B,00,81,DATA,81,00,1860,0,0,4B,4B,00,00,1
7085,1270,A,FE,00,DATA,FE,00,1861,0,0,4B,4B,00,00,1
7086,1270,B,00,C0,DATA,C0,00,1862,0,0,4B,4B,00,00,1
7087,1270,A,FF,00,DATA,FF,00,1863,0,0,4B,4B,00,00,1
7088,1270,B,00,81,DATA,81,00,1864,0,0,4B,4B,00,00,1
7089,1270,A,FE,00,DATA,FE,00,1865,0,0,4B,4B,00,00,1
7090,1270,B,00,C0,DATA,C0,00,1866,0,0,4B,4B,00,00,1
7091,1270,A,FF,00,DATA,FF,00,1867,0,0,4B,4B,00,00,1
7092,1270,B,D0,83,DATA,83,D0,1868,0,0,4B,4B,00,00,1
7093,1270,A,FC,00,DATA,FC,00,1869,0,0,4B,4B,00,00,1
7094,1270,B,80,D3,DATA,D3,80,1870,0,0,4B,4B,00,00,1
7095,1270,A,FC,00,DATA,FC,00,1871,0,0,4B,4B,00,00,1
7096,1270,B,B6,80,DATA,80,B6,1872,0,0,4B,4B,00,00,1
7097,1270,A,00,41,DATA,00,41,1873,0,0,4B,4B,00,00,1
7098,1270,B,60,40,DATA,40,60,1874,0,0,4B,4B,00,00,1
7099,1270,A,00,80,DATA,00,80,1875,0,0,4B,4B,00,00,1
7100,1270,B,00,00,DATA,00,00,1876,0,0,4B,4B,00,00,1
7101,1270,A,00,00,DATA,00,00,1877,0,0,4B,4B,00,00,1
7102,1270,B,00,F0,DATA,F0,00,1878,0,0,4B,4B,00,00,1
7103,1270,A,00,00,DATA,00,00,1879,0,0,4B,4B,00,00,1
7104,1270,B,00,D0,DATA,D0,00,1880,0,0,4B,4B,00,00,1
7105,1270,A,00,00,DATA,00,00,1881,0,0,4B,4B,00,00,1
7106,1270,B,00,FF,DATA,FF,00,1882,0,0,4B,4B,00,00,1
7107,1270,A,00,00,DATA,00,00,1883,0,0,4B,4B,00,00,1
7108,1270,B,7C,C8,DATA,C8,7C,1884,0,0,4B,4B,00,00,1
7109,1270,A,00,40,DATA,00,40,1885,0,0,4B,4B,00,00,1
7110,1270,B,00,C8,DATA,C8,00,1886,0,0,4B,4B,00,00,1
7111,1270,A,00,78,DATA,00,78,1887,0,0,4B,4B,00,00,1
7112,1270,B,A6,1C,DATA,1C,A6,1888,0,0,4B,4B,00,00,1
7113,1270,A,03,51,DATA,03,51,1889,0,0,4B,4B,00,00,1
7114,1270,B,83,18,DATA,18,83,1890,0,0,4B,4B,00,00,1
7115,1270,A,07,00,DATA,07,00,1891,0,0,4B,4B,00,00,1
7116,1270,B,00,1C,DATA,1C,00,1892,0,0,4B,4B,00,00,1
7117,1270,A,03,00,DATA,03,00,1893,0,0,4B,4B,00,00,1
7118,1270,B,00,1A,DATA,1A,00,1894,0,0,4B,4B,00,00,1
7119,1270,A,05,00,DATA,05,00,1895,0,0,4B,4B,00,00,1
7120,1270,B,01,08,DATA,08,01,1896,0,0,4B,4B,00,00,1
7121,1270,A,07,00,DATA,07,00,1897,0,0,4B,4B,00,00,1
7122,1270,B,01,58,DATA,58,01,1898,0,0,4B,4B,00,00,1
7123,1270,A,07,00,DATA,07,00,1899,0,0,4B,4B,00,00,1
7124,1270,B,00,1F,DATA,1F,00,1900,0,0,4B,4B,00,00,1
7125,1270,A,00,01,DATA,00,01,1901,0,0,4B,4B,00,00,1
7126,1270,B,01,1C,DATA,1C,01,1902,0,0,4B,4B,00,00,1
7127,1270,A,01,00,DATA,01,00,1903,0,0,4B,4B,00,00,1
7128,1270,B,B7,01,DATA,01,B7,1904,0,0,4B,4B,00,00,1
7129,1270,A,FF,40,DATA,FF,40,1905,0,0,4B,4B,00,00,1
7130,1270,B,CA,01,DATA,01,CA,1906,0,0,4B,4B,00,00,1
7131,1270,A,FF,34,DATA,FF,34,1907,0,0,4B,4B,00,00,1
7132,1270,B,54,01,DATA,01,54,1908,0,0,4B,4B,00,00,1
7133,1270,A,FF,00,DATA,FF,00,1909,0,0,4B,4B,00,00,1
7134,1270,B,00,01,DATA,01,00,1910,0,0,4B,4B,00,00,1
7135,1270,A,FF,00,DATA,FF,00,1911,0,0,4B,4B,00,00,1
7136,1270,B,D4,21,DATA,21,D4,1912,0,0,4B,4B,00,00,1
7137,1270,A,DF,00,DATA,DF,00,1913,0,0,4B,4B,00,00,1
7138,1270,B,38,A1,DATA,A1,38,1914,0,0,4B,4B,00,00,1
7139,1270,A,5F,A4,DATA,5F,A4,1915,0,0,4B,4B,00,00,1
7140,1270,B,E8,D7,DATA,D7,E8,1916,0,0,4B,4B,00,00,1
7141,1270,A,29,14,DATA,29,14,1917,0,0,4B,4B,00,00,1
7142,1270,B,7C,AB,DATA,AB,7C,1918,0,0,4B,4B,00,00,1
7143,1270,A,55,80,DATA,55,80,1919,0,0,4B,4B,00,00,1
7144,1270,B,A6,81,DATA,81,A6,1920,0,0,4B,4B,00,00,1
7145,1270,A,FE,51,DATA,FE,51,1921,0,0,4B,4B,00,00,1
7146,1270,B,0D,C0,DATA,C0,0D,1922,0,0,4B,4B,00,00,1
7147,1270,A,FF,F2,DATA,FF,F2,1923,0,0,4B,4B,00,00,1
7148,1270,B,2A,80,DATA,80,2A,1924,0,0,4B,4B,00,00,1
7149,1270,A,FF,55,DATA,FF,55,1925,0,0,4B,4B,00,00,1
7150,1270,B,08,C0,DATA,C0,08,1926,0,0,4B,4B,00,00,1
7151,1270,A,FF,00,DATA,FF,00,1927,0,0,4B,4B,00,00,1
7152,1270,B,00,80,DATA,80,00,1928,0,0,4B,4B,00,00,1
7153,1270,A,FF,00,DATA,FF,00,1929,0,0,4B,4B,00,00,1
7154,1270,B,00,C0,DATA,C0,00,1930,0,0,4B,4B,00,00,1
7155,1270,A,FF,00,DATA,FF,00,1931,0,0,4B,4B,00,00,1
7156,1270,B,00,80,DATA,80,00,1932,0,0,4B,4B,00,00,1
7157,1270,A,FF,00,DATA,FF,00,1933,0,0,4B,4B,00,00,1
7158,1270,B,00,C0,DATA,C0,00,1934,0,0,4B,4B,00,00,1
7159,1270,A,FF,00,DATA,FF,00,1935,0,0,4B,4B,00,00,1
7160,1270,B,C2,80,DATA,80,C2,1936,0,0,4B,4B,00,00,1
7161,1270,A,00,45,DATA,00,45,1937,0,0,4B,4B,00,00,1
7162,1270,B,AC,C0,DATA,C0,AC,1938,0,0,4B,4B,00,00,1
7163,1270,A,00,43,DATA,00,43,1939,0,0,4B,4B,00,00,1
7164,1270,B,82,80,DATA,80,82,1940,0,0,4B,4B,00,00,1
7165,1270,A,00,45,DATA,00,45,1941,0,0,4B,4B,00,00,1
7166,1270,B,EC,D0,DATA,D0,EC,1942,0,0,4B,4B,00,00,1
7167,1270,A,00,03,DATA,00,03,1943,0,0,4B,4B,00,00,1
7168,1270,B,01,40,DATA,40,01,1944,0,0,4B,4B,00,00,1
7169,1270,A,80,00,DATA,80,00,1945,0,0,4B,4B,00,00,1
7170,1270,B,00,10,DATA,10,00,1946,0,0,4B,4B,00,00,1
7171,1270,A,C0,00,DATA,C0,00,1947,0,0,4B,4B,00,00,1
7172,1270,B,00,60,DATA,60,00,1948,0,0,4B,4B,00,00,1
7173,1270,A,80,00,DATA,80,00,1949,0,0,4B,4B,00,00,1
7174,1270,B,00,B5,DATA,B5,00,1950,0,0,4B,4B,00,00,1
7175,1270,A,40,00,DATA,40,00,1951,0,0,4B,4B,00,00,1
7176,1270,B,EC,00,DATA,00,EC,1952,0,0,4B,4B,00,00,1
7177,1270,A,00,14,DATA,00,14,1953,0,0,4B,4B,00,00,1
7178,1270,B,8C,01,DATA,01,8C,1954,0,0,4B,4B,00,00,1
7179,1270,A,00,32,DATA,00,32,1955,0,0,4B,4B,00,00,1
7180,1270,B,0B,01,DATA,01,0B,1956,0,0,4B,4B,00,00,1
7181,1270,A,00,14,DATA,00,14,1957,0,0,4B,4B,00,00,1
7182,1270,B,14,00,DATA,00,14,1958,0,0,4B,4B,00,00,1
7183,1270,A,01,8B,DATA,01,8B,1959,0,0,4B,4B,00,00,1
7184,1270,B,1B,03,DATA,03,1B,1960,0,0,4B,4B,00,00,1
7185,1270,A,00,05,DATA,00,05,1961,0,0,4B,4B,00,00,1
7186,1270,B,02,16,DATA,16,02,1962,0,0,4B,4B,00,00,1
7187,1270,A,01,00,DATA,01,00,1963,0,0,4B,4B,00,00,1
7188,1270,B,00,0F,DATA,0F,00,1964,0,0,4B,4B,00,00,1
7189,1270,A,00,00,DATA,00,00,1965,0,0,4B,4B,00,00,1
7190,1270,B,00,5A,DATA,5A,00,1966,0,0,4B,4B,00,00,1
7191,1270,A,05,00,DATA,05,00,1967,0,0,4B,4B,00,00,1
7192,1270,B,16,FF,DATA,FF,16,1968,0,0,4B,4B,00,00,1
7193,1270,A,01,01,DATA,01,01,1969,0,0,4B,4B,00,00,1
7194,1270,B,3D,AB,DATA,AB,3D,1970,0,0,4B,4B,00,00,1
7195,1270,A,55,02,DATA,55,02,1971,0,0,4B,4B,00,00,1
7196,1270,B,1E,FF,DATA,FF,1E,1972,0,0,4B,4B,00,00,1
7197,1270,A,01,01,DATA,01,01,1973,0,0,4B,4B,00,00,1
7198,1270,B,3F,AB,DATA,AB,3F,1974,0,0,4B,4B,00,00,1
7199,1270,A,55,00,DATA,55,00,1975,0,0,4B,4B,00,00,1
7200,1270,B,1A,FD,DATA,FD,1A,1976,0,0,4B,4B,00,00,1
7201,1270,A,03,05,DATA,03,05,1977,0,0,4B,4B,00,00,1
7202,1270,B,3D,A9,DATA,A9,3D,1978,0,0,4B,4B,00,00,1
7203,1270,A,57,02,DATA,57,02,1979,0,0,4B,4B,00,00,1
7204,1312,B,6A,FF,DATA,FF,6A,1980,0,0,4B,4B,00,00,1
7205,1312,A,01,15,DATA,01,15,1981,0,0,4B,4B,00,00,1
7206,1312,B,59,AB,DATA,AB,59,1982,0,0,4B,4B,00,00,1
7207,1312,A,55,26,DATA,55,26,1983,0,0,4B,4B,00,00,1
7208,1312,B,A1,80,DATA,80,A1,1984,0,0,4B,4B,00,00,1
7209,1312,A,FF,5F,DATA,FF,5F,1985,0,0,4B,4B,00,00,1
7210,1312,B,C2,C0,DATA,C0,C2,1986,0,0,4B,4B,00,00,1
7211,1312,A,FF,3F,DATA,FF,3F,1987,0,0,4B,4B,00,00,1
7212,1312,B,A0,80,DATA,80,A0,1988,0,0,4B,4B,00,00,1
7213,1312,A,FF,5F,DATA,FF,5F,1989,0,0,4B,4B,00,00,1
7214,1312,B,D0,FF,DATA,FF,D0,1990,0,0,4B,4B,00,00,1
7215,1312,A,FF,2F,DATA,FF,2F,1991,0,0,4B,4B,00,00,1
7216,1312,B,AA,00,DATA,00,AA,1992,0,0,4B,4B,00,00,1
7217,1312,A,00,55,DATA,00,55,1993,0,0,4B,4B,00,00,1
7218,1312,B,FD,00,DATA,00,FD,1994,0,0,4B,4B,00,00,1
7219,1312,A,00,02,DATA,00,02,1995,0,0,4B,4B,00,00,1
7220,1312,B,AA,00,DATA,00,AA,1996,0,0,4B,4B,00,00,1
7221,1312,A,00,55,DATA,00,55,1997,0,0,4B,4B,00,00,1
7222,1312,B,75,00,DATA,00,75,1998,0,0,4B,4B,00,00,1
7223,1312,A,00,8A,DATA,00,8A,1999,0,0,4B,4B,00,00,1
7224,1312,B,10,7C,DATA,7C,10,2000,0,0,4B,4B,00,00,1
7225,1312,A,80,FF,DATA,80,FF,2001,0,0,4B,4B,00,00,1
7226,1312,B,01,BD,DATA,BD,01,2002,0,0,4B,4B,00,00,1
7227,1312,A,40,FE,DATA,40,FE,2003,0,0,4B,4B,00,00,1
7228,1312,B,4A,E0,DATA,E0,4A,2004,0,0,4B,4B,00,00,1
7229,1312,A,00,F5,DATA,00,F5,2005,0,0,4B,4B,00,00,1
7230,1312,B,1D,FF,DATA,FF,1D,2006,0,0,4B,4B,00,00,1
7231,1312,A,FF,E2,DATA,FF,E2,2007,0,0,4B,4B,00,00,1
7232,1312,B,AA,00,DATA,00,AA,2008,0,0,4B,4B,00,00,1
7233,1312,A,00,55,DATA,00,55,2009,0,0,4B,4B,00,00,1
7234,1312,B,44,00,DATA,00,44,2010,0,0,4B,4B,00,00,1
7235,1312,A,00,BB,DATA,00,BB,2011,0,0,4B,4B,00,00,1
7236,1312,B,AA,00,DATA,00,AA,2012,0,0,4B,4B,00,00,1
7237,1312,A,00,55,DATA,00,55,2013,0,0,4B,4B,00,00,1
7238,1312,B,03,00,DATA,00,03,2014,0,0,4B,4B,00,00,1
7239,1312,A,00,FC,DATA,00,FC,2015,0,0,4B,4B,00,00,1
7240,1312,B,92,0F,DATA,0F,92,2016,0,0,4B,4B,00,00,1
7241,1312,A,00,7D,DATA,00,7D,2017,0,0,4B,4B,00,00,1
7242,1312,B,C2,4A,DATA,4A,C2,2018,0,0,4B,4B,00,00,1
7243,1312,A,05,3F,DATA,05,3F,2019,0,0,4B,4B,00,00,1
7244,1312,B,95,0F,DATA,0F,95,2020,0,0,4B,4B,00,00,1
7245,1312,A,00,7F,DATA,00,7F,2021,0,0,4B,4B,00,00,1
7246,1312,B,43,FF,DATA,FF,43,2022,0,0,4B,4B,00,00,1
7247,1312,A,FF,BC,DATA,FF,BC,2023,0,0,4B,4B,00,00,1
7248,1312,B,B6,00,DATA,00,B6,2024,0,0,4B,4B,00,00,1
7249,1312,A,00,41,DATA,00,41,2025,0,0,4B,4B,00,00,1
7250,1312,B,DA,00,DATA,00,DA,2026,0,0,4B,4B,00,00,1
7251,1312,A,00,27,DATA,00,27,2027,0,0,4B,4B,00,00,1
7252,1312,B,2C,00,DATA,00,2C,2028,0,0,4B,4B,00,00,1
7253,1312,A,00,DF,DATA,00,DF,2029,0,0,4B,4B,00,00,1
7254,1312,B,42,00,DATA,00,42,2030,0,0,4B,4B,00,00,1
7255,1312,A,00,BF,DATA,00,BF,2031,0,0,4B,4B,00,00,1
7256,1312,B,89,FF,DATA,FF,89,2032,0,0,4B,4B,00,00,1
7257,1312,A,01,77,DATA,01,77,2033,0,0,4B,4B,00,00,1
7258,1312,B,2F,AB,DATA,AB,2F,2034,0,0,4B,4B,00,00,1
7259,1312,A,55,F3,DATA,55,F3,2035,0,0,4B,4B,00,00,1
7260,1312,B,09,FF,DATA,FF,09,2036,0,0,4B,4B,00,00,1
7261,1312,A,01,F7,DATA,01,F7,2037,0,0,4B,4B,00,00,1
7262,1312,B,EF,FF,DATA,FF,EF,2038,0,0,4B,4B,00,00,1
7263,1312,A,FF,03,DATA,FF,03,2039,0,0,4B,4B,00,00,1
7264,1312,B,F1,00,DATA,00,F1,2040,0,0,4B,4B,00,00,1
7265,1312,A,00,07,DATA,00,07,2041,0,0,4B,4B,00,00,1
7266,1312,B,AF,00,DATA,00,AF,2042,0,0,4B,4B,00,00,1
7267,1312,A,00,F3,DATA,00,F3,2043,0,0,4B,4B,00,00,1
7268,1312,B,8D,00,DATA,00,8D,2044,0,0,4B,4B,00,00,1
7269,1312,A,00,73,DATA,00,73,2045,0,0,4B,4B,00,00,1
7270,1312,B,0C,00,DATA,00,0C,2046,0,0,4B,4B,00,00,1
7271,1312,A,00,F3,DATA,00,F3,2047,0,0,4B,4B,00,00,1
7272,1312,B,FF,00,DATA,00,FF,2048,0,0,4B,4B,00,00,1
7273,1312,A,00,FF,DATA,00,FF,2049,0,0,4B,4B,00,00,1
7274,1312,B,FF,00,DATA,00,FF,2050,0,0,4B,4B,00,00,1
7275,1312,A,00,FF,DATA,00,FF,2051,0,0,4B,4B,00,00,1
7276,1312,B,FF,00,DATA,00,FF,2052,0,0,4B,4B,00,00,1
7277,1312,A,00,FF,DATA,00,FF,2053,0,0,4B,4B,00,00,1
7278,1312,B,FF,00,DATA,00,FF,2054,0,0,4B,4B,00,00,1
7279,1312,A,00,FF,DATA,00,FF,2055,0,0,4B,4B,00,00,1
7280,1312,B,F7,00,DATA,00,F7,2056,0,0,4B,4B,00,00,1
7281,1312,A,00,FF,DATA,00,FF,2057,0,0,4B,4B,00,00,1
7282,1312,B,FF,00,DATA,00,FF,2058,0,0,4B,4B,00,00,1
7283,1312,A,00,FF,DATA,00,FF,2059,0,0,4B,4B,00,00,1
7284,1312,B,DD,00,DATA,00,DD,2060,0,0,4B,4B,00,00,1
7285,1312,A,00,FF,DATA,00,FF,2061,0,0,4B,4B,00,00,1
7286,1312,B,FF,00,DATA,00,FF,2062,0,0,4B,4B,00,00,1
7287,1312,A,00,FF,DATA,00,FF,2063,0,0,4B,4B,00,00,1
7288,1312,B,C5,00,DATA,00,C5,2064,0,0,4B,4B,00,00,1
7289,1312,A,00,7F,DATA,00,7F,2065,0,0,4B,4B,00,00,1
7290,1312,B,83,00,DATA,00,83,2066,0,0,4B,4B,00,00,1
7291,1312,A,00,7F,DATA,00,7F,2067,0,0,4B,4B,00,00,1
7292,1312,B,85,00,DATA,00,85,2068,0,0,4B,4B,00,00,1
7293,1312,A,00,7F,DATA,00,7F,2069,0,0,4B,4B,00,00,1
7294,1312,B,40,00,DATA,00,40,2070,0,0,4B,4B,00,00,1
7295,1312,A,00,BF,DATA,00,BF,2071,0,0,4B,4B,00,00,1
7296,1312,B,5D,00,DATA,00,5D,2072,0,0,4B,4B,00,00,1
7297,1312,A,00,B7,DATA,00,B7,2073,0,0,4B,4B,00,00,1
7298,1312,B,C0,00,DATA,00,C0,2074,0,0,4B,4B,00,00,1
7299,1312,A,00,BF,DATA,00,BF,2075,0,0,4B,4B,00,00,1
7300,1312,B,51,00,DATA,00,51,2076,0,0,4B,4B,00,00,1
7301,1312,A,00,DF,DATA,00,DF,2077,0,0,4B,4B,00,00,1
7302,1312,B,E4,00,DATA,00,E4,2078,0,0,4B,4B,00,00,1
7303,1312,A,00,DB,DATA,00,DB,2079,0,0,4B,4B,00,00,1
7304,1312,B,5A,00,DATA,00,5A,2080,0,0,4B,4B,00,00,1
7305,1312,A,00,F5,DATA,00,F5,2081,0,0,4B,4B,00,00,1
7306,1312,B,80,00,DATA,00,80,2082,0,0,4B,4B,00,00,1
7307,1312,A,00,FF,DATA,00,FF,2083,0,0,4B,4B,00,00,1
7308,1312,B,42,00,DATA,00,42,2084,0,0,4B,4B,00,00,1
7309,1312,A,00,FD,DATA,00,FD,2085,0,0,4B,4B,00,00,1
7310,1312,B,60,00,DATA,00,60,2086,0,0,4B,4B,00,00,1
7311,1312,A,00,FF,DATA,00,FF,2087,0,0,4B,4B,00,00,1
7312,1312,B,18,00,DATA,00,18,2088,0,0,4B,4B,00,00,1
7313,1312,A,00,F7,DATA,00,F7,2089,0,0,4B,4B,00,00,1
7314,1312,B,00,00,DATA,00,00,2090,0,0,4B,4B,00,00,1
7315,1312,A,00,FF,DATA,00,FF,2091,0,0,4B,4B,00,00,1
7316,1312,B,50,00,DATA,00,50,2092,0,0,4B,4B,00,00,1
7317,1312,A,00,FF,DATA,00,FF,2093,0,0,4B,4B,00,00,1
7318,1312,B,80,00,DATA,00,80,2094,0,0,4B,4B,00,00,1
7319,1312,A,00,FF,DATA,00,FF,2095,0,0,4B,4B,00,00,1
7320,1312,B,8E,00,DATA,00,8E,2096,0,0,4B,4B,00,00,1
7321,1312,A,00,71,DATA,00,71,2097,0,0,4B,4B,00,00,1
7322,1312,B,0D,00,DATA,00,0D,2098,0,0,4B,4B,00,00,1
7323,1312,A,00,F2,DATA,00,F2,2099,0,0,4B,4B,00,00,1
7324,1312,B,2A,00,DATA,00,2A,2100,0,0,4B,4B,00,00,1
7325,1312,A,00,D5,DATA,00,D5,2101,0,0,4B,4B,00,00,1
7326,1312,B,73,00,DATA,00,73,2102,0,0,4B,4B,00,00,1
7327,1312,A,00,8C,DATA,00,8C,2103,0,0,4B,4B,00,00,1
7328,1312,B,AA,00,DATA,00,AA,2104,0,0,4B,4B,00,00,1
7329,1312,A,00,55,DATA,00,55,2105,0,0,4B,4B,00,00,1
7330,1312,B,FD,00,DATA,00,FD,2106,0,0,4B,4B,00,00,1
7331,1312,A,00,02,DATA,00,02,2107,0,0,4B,4B,00,00,1
7332,1312,B,BA,00,DATA,00,BA,2108,0,0,4B,4B,00,00,1
7333,1312,A,00,45,DATA,00,45,2109,0,0,4B,4B,00,00,1
7334,1312,B,FE,00,DATA,00,FE,2110,0,0,4B,4B,00,00,1
7335,1312,A,00,01,DATA,00,01,2111,0,0,4B,4B,00,00,1
7336,1312,B,40,00,DATA,00,40,2112,0,0,4B,4B,00,00,1
7337,1312,A,00,00,DATA,00,00,2113,0,0,4B,4B,00,00,1
7338,1312,B,C0,00,DATA,00,C0,2114,0,0,4B,4B,00,00,1
7339,1312,A,00,00,DATA,00,00,2115,0,0,4B,4B,00,00,1
7340,1312,B,C5,00,DATA,00,C5,2116,0,0,4B,4B,00,00,1
7341,1312,A,00,00,DATA,00,00,2117,0,0,4B,4B,00,00,1
7342,1312,B,E0,00,DATA,00,E0,2118,0,0,4B,4B,00,00,1
7343,1312,A,00,00,DATA,00,00,2119,0,0,4B,4B,00,00,1
7344,1312,B,A4,00,DATA,00,A4,2120,0,0,4B,4B,00,00,1
7345,1312,A,00,50,DATA,00,50,2121,0,0,4B,4B,00,00,1
7346,1312,B,70,00,DATA,00,70,2122,0,0,4B,4B,00,00,1
7347,1312,A,00,80,DATA,00,80,2123,0,0,4B,4B,00,00,1
7348,1312,B,BC,00,DATA,00,BC,2124,0,0,4B,4B,00,00,1
7349,1312,A,00,40,DATA,00,40,2125,0,0,4B,4B,00,00,1
7350,1312,B,3C,00,DATA,00,3C,2126,0,0,4B,4B,00,00,1
7351,1312,A,00,C0,DATA,00,C0,2127,0,0,4B,4B,00,00,1
7352,1312,B,69,00,DATA,00,69,2128,0,0,4B,4B,00,00,1
7353,1312,A,00,10,DATA,00,10,2129,0,0,4B,4B,00,00,1
7354,1312,B,40,00,DATA,00,40,2130,0,0,4B,4B,00,00,1
7355,1312,A,00,38,DATA,00,38,2131,0,0,4B,4B,00,00,1
7356,1312,B,2C,00,DATA,00,2C,2132,0,0,4B,4B,00,00,1
7357,1312,A,00,50,DATA,00,50,2133,0,0,4B,4B,00,00,1
7358,1312,B,40,00,DATA,00,40,2134,0,0,4B,4B,00,00,1
7359,1312,A,00,38,DATA,00,38,2135,0,0,4B,4B,00,00,1
7360,1312,B,0D,00,DATA,00,0D,2136,0,0,4B,4B,00,00,1
7361,1312,A,00,70,DATA,00,70,2137,0,0,4B,4B,00,00,1
7362,1312,B,40,00,DATA,00,40,2138,0,0,4B,4B,00,00,1
7363,1312,A,00,38,DATA,00,38,2139,0,0,4B,4B,00,00,1
7364,1312,B,4D,00,DATA,00,4D,2140,0,0,4B,4B,00,00,1
7365,1312,A,00,30,DATA,00,30,2141,0,0,4B,4B,00,00,1
7366,1312,B,40,00,DATA,00,40,2142,0,0,4B,4B,00,00,1
7367,1312,A,00,38,DATA,00,38,2143,0,0,4B,4B,00,00,1
7368,1312,B,01,00,DATA,00,01,2144,0,0,4B,4B,00,00,1
7369,1312,A,00,00,DATA,00,00,2145,0,0,4B,4B,00,00,1
7370,1312,B,00,00,DATA,00,00,2146,0,0,4B,4B,00,00,1
7371,1312,A,00,00,DATA,00,00,2147,0,0,4B,4B,00,00,1
7372,1312,B,34,00,DATA,00,34,2148,0,0,4B,4B,00,00,1
7373,1312,A,00,40,DATA,00,40,2149,0,0,4B,4B,00,00,1
7374,1312,B,40,00,DATA,00,40,2150,0,0,4B,4B,00,00,1
7375,1312,A,00,38,DATA,00,38,2151,0,0,4B,4B,00,00,1
7376,1312,B,6C,00,DATA,00,6C,2152,0,0,4B,4B,00,00,1
7377,1312,A,00,11,DATA,00,11,2153,0,0,4B,4B,00,00,1
7378,1312,B,5A,00,DATA,00,5A,2154,0,0,4B,4B,00,00,1
7379,1312,A,00,21,DATA,00,21,2155,0,0,4B,4B,00,00,1
7380,1312,B,6E,00,DATA,00,6E,2156,0,0,4B,4B,00,00,1
7381,1312,A,00,11,DATA,00,11,2157,0,0,4B,4B,00,00,1
7382,1312,B,54,00,DATA,00,54,2158,0,0,4B,4B,00,00,1
7383,1312,A,00,2B,DATA,00,2B,2159,0,0,4B,4B,00,00,1
7384,1312,B,98,00,DATA,00,98,2160,0,0,4B,4B,00,00,1
7385,1312,A,00,44,DATA,00,44,2161,0,0,4B,4B,00,00,1
7386,1312,B,02,00,DATA,00,02,2162,0,0,4B,4B,00,00,1
7387,1312,A,00,00,DATA,00,00,2163,0,0,4B,4B,00,00,1
7388,1312,B,00,00,DATA,00,00,2164,0,0,4B,4B,00,00,1
7389,1312,A,00,00,DATA,00,00,2165,0,0,4B,4B,00,00,1
7390,1312,B,EE,00,DATA,00,EE,2166,0,0,4B,4B,00,00,1
7391,1312,A,00,10,DATA,00,10,2167,0,0,4B,4B,00,00,1
7392,1312,B,BA,00,DATA,00,BA,2168,0,0,4B,4B,00,00,1
7393,1312,A,00,45,DATA,00,45,2169,0,0,4B,4B,00,00,1
7394,1312,B,24,00,DATA,00,24,2170,0,0,4B,4B,00,00,1
7395,1312,A,00,C3,DATA,00,C3,2171,0,0,4B,4B,00,00,1
7396,1312,B,80,00,DATA,00,80,2172,0,0,4B,4B,00,00,1
7397,1312,A,00,43,DATA,00,43,2173,0,0,4B,4B,00,00,1
7398,1312,B,41,00,DATA,00,41,2174,0,0,4B,4B,00,00,1
7399,1312,A,00,82,DATA,00,82,2175,0,0,4B,4B,00,00,1
7400,1312,B,00,00,DATA,00,00,2176,0,0,4B,4B,00,00,1
7401,1312,A,00,00,DATA,00,00,2177,0,0,4B,4B,00,00,1
7402,1312,B,00,00,DATA,00,00,2178,0,0,4B,4B,00,00,1
7403,1312,A,00,00,DATA,00,00,2179,0,0,4B,4B,00,00,1
7404,1312,B,00,00,DATA,00,00,2180,0,0,4B,4B,00,00,1
7405,1312,A,00,00,DATA,00,00,2181,0,0,4B,4B,00,00,1
7406,1312,B,20,00,DATA,00,20,2182,0,0,4B,4B,00,00,1
7407,1312,A,00,00,DATA,00,00,2183,0,0,4B,4B,00,00,1
7408,1312,B,04,00,DATA,00,04,2184,0,0,4B,4B,00,00,1
7409,1312,A,00,10,DATA,00,10,2185,0,0,4B,4B,00,00,1
7410,1312,B,01,00,DATA,00,01,2186,0,0,4B,4B,00,00,1
7411,1312,A,00,9E,DATA,00,9E,2187,0,0,4B,4B,00,00,1
7412,1312,B,93,00,DATA,00,93,2188,0,0,4B,4B,00,00,1
7413,1312,A,00,4D,DATA,00,4D,2189,0,0,4B,4B,00,00,1
7414,1312,B,30,00,DATA,00,30,2190,0,0,4B,4B,00,00,1
7415,1312,A,00,CF,DATA,00,CF,2191,0,0,4B,4B,00,00,1
7416,1312,B,00,00,DATA,00,00,2192,0,0,4B,4B,00,00,1
7417,1312,A,00,00,DATA,00,00,2193,0,0,4B,4B,00,00,1
7418,1312,B,00,00,DATA,00,00,2194,0,0,4B,4B,00,00,1
7419,1312,A,00,00,DATA,00,00,2195,0,0,4B,4B,00,00,1
7420,1312,B,00,00,DATA,00,00,2196,0,0,4B,4B,00,00,1
7421,1312,A,00,00,DATA,00,00,2197,0,0,4B,4B,00,00,1
7422,1312,B,00,00,DATA,00,00,2198,0,0,4B,4B,00,00,1
7423,1312,A,00,00,DATA,00,00,2199,0,0,4B,4B,00,00,1
7424,1312,B,10,00,DATA,00,10,2200,0,0,4B,4B,00,00,1
7425,1312,A,00,00,DATA,00,00,2201,0,0,4B,4B,00,00,1
7426,1312,B,1C,00,DATA,00,1C,2202,0,0,4B,4B,00,00,1
7427,1312,A,00,00,DATA,00,00,2203,0,0,4B,4B,00,00,1
7428,1312,B,18,00,DATA,00,18,2204,0,0,4B,4B,00,00,1
7429,1312,A,00,04,DATA,00,04,2205,0,0,4B,4B,00,00,1
7430,1312,B,90,00,DATA,00,90,2206,0,0,4B,4B,00,00,1
7431,1312,A,00,0C,DATA,00,0C,2207,0,0,4B,4B,00,00,1
7432,1312,B,00,00,DATA,00,00,2208,0,0,4B,4B,00,00,1
7433,1312,A,00,00,DATA,00,00,2209,0,0,4B,4B,00,00,1
7434,1312,B,00,00,DATA,00,00,2210,0,0,4B,4B,00,00,1
7435,1312,A,00,00,DATA,00,00,2211,0,0,4B,4B,00,00,1
7436,1312,B,00,00,DATA,00,00,2212,0,0,4B,4B,00,00,1
7437,1312,A,00,00,DATA,00,00,2213,0,0,4B,4B,00,00,1
7438,1312,B,00,00,DATA,00,00,2214,0,0,4B,4B,00,00,1
7439,1312,A,00,00,DATA,00,00,2215,0,0,4B,4B,00,00,1
7440,1312,B,11,00,DATA,00,11,2216,0,0,4B,4B,00,00,1
7441,1312,A,00,00,DATA,00,00,2217,0,0,4B,4B,00,00,1
7442,1312,B,01,00,DATA,00,01,2218,0,0,4B,4B,00,00,1
7443,1312,A,00,00,DATA,00,00,2219,0,0,4B,4B,00,00,1
7444,1312,B,01,00,DATA,00,01,2220,0,0,4B,4B,00,00,1
7445,1312,A,00,00,DATA,00,00,2221,0,0,4B,4B,00,00,1
7446,1312,B,03,00,DATA,00,03,2222,0,0,4B,4B,00,00,1
7447,1312,A,00,00,DATA,00,00,2223,0,0,4B,4B,00,00,1
7448,1312,B,4A,00,DATA,00,4A,2224,0,0,4B,4B,00,00,1
7449,1312,A,00,35,DATA,00,35,2225,0,0,4B,4B,00,00,1
7450,1312,B,F7,00,DATA,00,F7,2226,0,0,4B,4B,00,00,1
7451,1312,A,00,08,DATA,00,08,2227,0,0,4B,4B,00,00,1
7452,1312,B,2A,00,DATA,00,2A,2228,0,0,4B,4B,00,00,1
7453,1312,A,00,55,DATA,00,55,2229,0,0,4B,4B,00,00,1
7454,1312,B,E4,00,DATA,00,E4,2230,0,0,4B,4B,00,00,1
7455,1312,A,00,1B,DATA,00,1B,2231,0,0,4B,4B,00,00,1
7456,1312,B,EA,00,DATA,00,EA,2232,0,0,4B,4B,00,00,1
7457,1312,A,00,15,DATA,00,15,2233,0,0,4B,4B,00,00,1
7458,1312,B,E4,00,DATA,00,E4,2234,0,0,4B,4B,00,00,1
7459,1312,A,00,1B,DATA,00,1B,2235,0,0,4B,4B,00,00,1
7460,1312,B,A6,00,DATA,00,A6,2236,0,0,4B,4B,00,00,1
7461,1312,A,00,5D,DATA,00,5D,2237,0,0,4B,4B,00,00,1
7462,1312,B,40,00,DATA,00,40,2238,0,0,4B,4B,00,00,1
7463,1312,A,00,BF,DATA,00,BF,2239,0,0,4B,4B,00,00,1
7464,1312,B,AA,00,DATA,00,AA,2240,0,0,4B,4B,00,00,1
7465,1312,A,00,55,DATA,00,55,2241,0,0,4B,4B,00,00,1
7466,1312,B,5C,00,DATA,00,5C,2242,0,0,4B,4B,00,00,1
7467,1312,A,00,A3,DATA,00,A3,2243,0,0,4B,4B,00,00,1
7468,1312,B,AA,00,DATA,00,AA,2244,0,0,4B,4B,00,00,1
7469,1312,A,00,55,DATA,00,55,2245,0,0,4B,4B,00,00,1
7470,1312,B,10,00,DATA,00,10,2246,0,0,4B,4B,00,00,1
7471,1312,A,00,EF,DATA,00,EF,2247,0,0,4B,4B,00,00,1
7472,1312,B,95,00,DATA,00,95,2248,0,0,4B,4B,00,00,1
7473,1312,A,00,7F,DATA,00,7F,2249,0,0,4B,4B,00,00,1
7474,1312,B,20,00,DATA,00,20,2250,0,0,4B,4B,00,00,1
7475,1312,A,00,FF,DATA,00,FF,2251,0,0,4B,4B,00,00,1
7476,1312,B,43,00,DATA,00,43,2252,0,0,4B,4B,00,00,1
7477,1312,A,00,FD,DATA,00,FD,2253,0,0,4B,4B,00,00,1
7478,1312,B,00,00,DATA,00,00,2254,0,0,4B,4B,00,00,1
7479,1312,A,00,FF,DATA,00,FF,2255,0,0,4B,4B,00,00,1
7480,1312,B,BA,00,DATA,00,BA,2256,0,0,4B,4B,00,00,1
7481,1312,A,00,55,DATA,00,55,2257,0,0,4B,4B,00,00,1
7482,1312,B,04,00,DATA,00,04,2258,0,0,4B,4B,00,00,1
7483,1312,A,00,FB,DATA,00,FB,2259,0,0,4B,4B,00,00,1
7484,1312,B,2A,00,DATA,00,2A,2260,0,0,4B,4B,00,00,1
7485,1312,A,00,D5,DATA,00,D5,2261,0,0,4B,4B,00,00,1
7486,1312,B,50,00,DATA,00,50,2262,0,0,4B,4B,00,00,1
7487,1312,A,00,AF,DATA,00,AF,2263,0,0,4B,4B,00,00,1
7488,1312,B,15,00,DATA,00,15,2264,0,0,4B,4B,00,00,1
7489,1312,A,00,FF,DATA,00,FF,2265,0,0,4B,4B,00,00,1
7490,1312,B,BA,00,DATA,00,BA,2266,0,0,4B,4B,00,00,1
7491,1312,A,00,FF,DATA,00,FF,2267,0,0,4B,4B,00,00,1
7492,1312,B,15,00,DATA,00,15,2268,0,0,4B,4B,00,00,1
7493,1312,A,00,FF,DATA,00,FF,2269,0,0,4B,4B,00,00,1
7494,1312,B,00,00,DATA,00,00,2270,0,0,4B,4B,00,00,1
7495,1312,A,00,FF,DATA,00,FF,2271,0,0,4B,4B,00,00,1
7496,1312,B,95,00,DATA,00,95,2272,0,0,4B,4B,00,00,1
7497,1312,A,00,7F,DATA,00,7F,2273,0,0,4B,4B,00,00,1
7498,1312,B,7B,00,DATA,00,7B,2274,0,0,4B,4B,00,00,1
7499,1312,A,00,BF,DATA,00,BF,2275,0,0,4B,4B,00,00,1
7500,1312,B,A4,00,DATA,00,A4,2276,0,0,4B,4B,00,00,1
7501,1312,A,00,5F,DATA,00,5F,2277,0,0,4B,4B,00,00,1
7502,1312,B,0A,00,DATA,00,0A,2278,0,0,4B,4B,00,00,1
7503,1312,A,00,FF,DATA,00,FF,2279,0,0,4B,4B,00,00,1
7504,1312,B,57,00,DATA,00,57,2280,0,0,4B,4B,00,00,1
7505,1312,A,00,FF,DATA,00,FF,2281,0,0,4B,4B,00,00,1
7506,1312,B,01,00,DATA,00,01,2282,0,0,4B,4B,00,00,1
7507,1312,A,00,FF,DATA,00,FF,2283,0,0,4B,4B,00,00,1
7508,1312,B,01,00,DATA,00,01,2284,0,0,4B,4B,00,00,1
7509,1312,A,00,FF,DATA,00,FF,2285,0,0,4B,4B,00,00,1
7510,1312,B,03,00,DATA,00,03,2286,0,0,4B,4B,00,00,1
7511,1312,A,00,FF,DATA,00,FF,2287,0,0,4B,4B,00,00,1
7512,1312,B,49,00,DATA,00,49,2288,0,0,4B,4B,00,00,1
7513,1312,A,00,F7,DATA,00,F7,2289,0,0,4B,4B,00,00,1
7514,1312,B,EF,00,DATA,00,EF,2290,0,0,4B,4B,00,00,1
7515,1312,A,00,F3,DATA,00,F3,2291,0,0,4B,4B,00,00,1
7516,1312,B,99,00,DATA,00,99,2292,0,0,4B,4B,00,00,1
7517,1312,A,00,77,DATA,00,77,2293,0,0,4B,4B,00,00,1
7518,1312,B,05,00,DATA,00,05,2294,0,0,4B,4B,00,00,1
7519,1312,A,00,FB,DATA,00,FB,2295,0,0,4B,4B,00,00,1
7520,1312,B,0D,00,DATA,00,0D,2296,0,0,4B,4B,00,00,1
7521,1312,A,00,F3,DATA,00,F3,2297,0,0,4B,4B,00,00,1
7522,1312,B,8F,00,DATA,00,8F,2298,0,0,4B,4B,00,00,1
7523,1312,A,00,F3,DATA,00,F3,2299,0,0,4B,4B,00,00,1
7524,1312,B,49,00,DATA,00,49,2300,0,0,4B,4B,00,00,1
7525,1312,A,00,F7,DATA,00,F7,2301,0,0,4B,4B,00,00,1
7526,1312,B,AB,00,DATA,00,AB,2302,0,0,4B,4B,00,00,1
7527,1312,A,00,F7,DATA,00,F7,2303,0,0,4B,4B,00,00,1
7528,1312,B,FF,00,DATA,00,FF,2304,0,0,4B,4B,00,00,1
7529,1312,A,00,FF,DATA,00,FF,2305,0,0,4B,4B,00,00,1
7530,1312,B,FF,00,DATA,00,FF,2306,0,0,4B,4B,00,00,1
7531,1312,A,00,FF,DATA,00,FF,2307,0,0,4B,4B,00,00,1
7532,1312,B,FF,00,DATA,00,FF,2308,0,0,4B,4B,00,00,1
7533,1312,A,00,FF,DATA,00,FF,2309,0,0,4B,4B,00,00,1
7534,1312,B,FF,00,DATA,00,FF,2310,0,0,4B,4B,00,00,1
7535,1312,A,00,FF,DATA,00,FF,2311,0,0,4B,4B,00,00,1
7536,1312,B,7F,00,DATA,00,7F,2312,0,0,4B,4B,00,00,1
7537,1312,A,00,FF,DATA,00,FF,2313,0,0,4B,4B,00,00,1
7538,1312,B,FF,00,DATA,00,FF,2314,0,0,4B,4B,00,00,1
7539,1312,A,00,FF,DATA,00,FF,2315,0,0,4B,4B,00,00,1
7540,1312,B,DF,00,DATA,00,DF,2316,0,0,4B,4B,00,00,1
7541,1312,A,00,FF,DATA,00,FF,2317,0,0,4B,4B,00,00,1
7542,1312,B,FF,00,DATA,00,FF,2318,0,0,4B,4B,00,00,1
7543,1312,A,00,FF,DATA,00,FF,2319,0,0,4B,4B,00,00,1
7544,1312,B,F5,00,DATA,00,F5,2320,0,0,4B,4B,00,00,1
7545,1312,A,00,CF,DATA,00,CF,2321,0,0,4B,4B,00,00,1
7546,1312,B,F0,00,DATA,00,F0,2322,0,0,4B,4B,00,00,1
7547,1312,A,00,EF,DATA,00,EF,2323,0,0,4B,4B,00,00,1
7548,1312,B,5E,00,DATA,00,5E,2324,0,0,4B,4B,00,00,1
7549,1312,A,00,F5,DATA,00,F5,2325,0,0,4B,4B,00,00,1
7550,1312,B,B2,00,DATA,00,B2,2326,0,0,4B,4B,00,00,1
7551,1312,A,00,FF,DATA,00,FF,2327,0,0,4B,4B,00,00,1
7552,1312,B,D1,00,DATA,00,D1,2328,0,0,4B,4B,00,00,1
7553,1312,A,00,FF,DATA,00,FF,2329,0,0,4B,4B,00,00,1
7554,1312,B,F8,00,DATA,00,F8,2330,0,0,4B,4B,00,00,1
7555,1312,A,00,FF,DATA,00,FF,2331,0,0,4B,4B,00,00,1
7556,1312,B,D7,00,DATA,00,D7,2332,0,0,4B,4B,00,00,1
7557,1312,A,00,FD,DATA,00,FD,2333,0,0,4B,4B,00,00,1
7558,1312,B,FE,00,DATA,00,FE,2334,0,0,4B,4B,00,00,1
7559,1312,A,00,FD,DATA,00,FD,2335,0,0,4B,4B,00,00,1
7560,1312,B,54,00,DATA,00,54,2336,0,0,4B,4B,00,00,1
7561,1312,A,00,FF,DATA,00,FF,2337,0,0,4B,4B,00,00,1
7562,1312,B,70,00,DATA,00,70,2338,0,0,4B,4B,00,00,1
7563,1312,A,00,FF,DATA,00,FF,2339,0,0,4B,4B,00,00,1
7564,1312,B,14,00,DATA,00,14,2340,0,0,4B,4B,00,00,1
7565,1312,A,00,FF,DATA,00,FF,2341,0,0,4B,4B,00,00,1
7566,1312,B,00,00,DATA,00,00,2342,0,0,4B,4B,00,00,1
7567,1312,A,00,FF,DATA,00,FF,2343,0,0,4B,4B,00,00,1
7568,1312,B,D4,00,DATA,00,D4,2344,0,0,4B,4B,00,00,1
7569,1312,A,00,7F,DATA,00,7F,2345,0,0,4B,4B,00,00,1
7570,1312,B,20,00,DATA,00,20,2346,0,0,4B,4B,00,00,1
7571,1312,A,00,FF,DATA,00,FF,2347,0,0,4B,4B,00,00,1
7572,1312,B,54,00,DATA,00,54,2348,0,0,4B,4B,00,00,1
7573,1312,A,00,FF,DATA,00,FF,2349,0,0,4B,4B,00,00,1
7574,1312,B,2A,00,DATA,00,2A,2350,0,0,4B,4B,00,00,1
7575,1312,A,00,FF,DATA,00,FF,2351,0,0,4B,4B,00,00,1
7576,1312,B,AA,00,DATA,00,AA,2352,0,0,4B,4B,00,00,1
7577,1312,A,00,55,DATA,00,55,2353,0,0,4B,4B,00,00,1
7578,1312,B,FE,00,DATA,00,FE,2354,0,0,4B,4B,00,00,1
7579,1312,A,00,01,DATA,00,01,2355,0,0,4B,4B,00,00,1
7580,1312,B,AA,00,DATA,00,AA,2356,0,0,4B,4B,00,00,1
7581,1312,A,00,55,DATA,00,55,2357,0,0,4B,4B,00,00,1
7582,1312,B,31,00,DATA,00,31,2358,0,0,4B,4B,00,00,1
7583,1312,A,00,CE,DATA,00,CE,2359,0,0,4B,4B,00,00,1
7584,1312,B,2A,00,DATA,00,2A,2360,0,0,4B,4B,00,00,1
7585,1312,A,00,D5,DATA,00,D5,2361,0,0,4B,4B,00,00,1
7586,1312,B,1C,00,DATA,00,1C,2362,0,0,4B,4B,00,00,1
7587,1312,A,00,E3,DATA,00,E3,2363,0,0,4B,4B,00,00,1
7588,1312,B,2A,00,DATA,00,2A,2364,0,0,4B,4B,00,00,1
7589,1312,A,00,D5,DATA,00,D5,2365,0,0,4B,4B,00,00,1
7590,1312,B,03,00,DATA,00,03,2366,0,0,4B,4B,00,00,1
7591,1312,A,00,FC,DATA,00,FC,2367,0,0,4B,4B,00,00,1
7592,1312,B,A8,00,DATA,00,A8,2368,0,0,4B,4B,00,00,1
7593,1312,A,00,54,DATA,00,54,2369,0,0,4B,4B,00,00,1
7594,1312,B,FE,00,DATA,00,FE,2370,0,0,4B,4B,00,00,1
7595,1312,A,00,00,DATA,00,00,2371,0,0,4B,4B,00,00,1
7596,1312,B,AB,00,DATA,00,AB,2372,0,0,4B,4B,00,00,1
7597,1312,A,00,54,DATA,00,54,2373,0,0,4B,4B,00,00,1
7598,1312,B,7F,00,DATA,00,7F,2374,0,0,4B,4B,00,00,1
7599,1312,A,00,80,DATA,00,80,2375,0,0,4B,4B,00,00,1
7600,1312,B,A7,00,DATA,00,A7,2376,0,0,4B,4B,00,00,1
7601,1312,A,00,50,DATA,00,50,2377,0,0,4B,4B,00,00,1
7602,1312,B,DF,00,DATA,00,DF,2378,0,0,4B,4B,00,00,1
7603,1312,A,00,20,DATA,00,20,2379,0,0,4B,4B,00,00,1
7604,1312,B,AA,00,DATA,00,AA,2380,0,0,4B,4B,00,00,1
7605,1312,A,00,55,DATA,00,55,2381,0,0,4B,4B,00,00,1
7606,1312,B,D1,00,DATA,00,D1,2382,0,0,4B,4B,00,00,1
7607,1312,A,00,2E,DATA,00,2E,2383,0,0,4B,4B,00,00,1
7608,1312,B,4D,00,DATA,00,4D,2384,0,0,4B,4B,00,00,1
7609,1312,A,00,30,DATA,00,30,2385,0,0,4B,4B,00,00,1
7610,1312,B,05,00,DATA,00,05,2386,0,0,4B,4B,00,00,1
7611,1312,A,00,38,DATA,00,38,2387,0,0,4B,4B,00,00,1
7612,1312,B,4A,00,DATA,00,4A,2388,0,0,4B,4B,00,00,1
7613,1312,A,00,35,DATA,00,35,2389,0,0,4B,4B,00,00,1
7614,1312,B,10,00,DATA,00,10,2390,0,0,4B,4B,00,00,1
7615,1312,A,00,2F,DATA,00,2F,2391,0,0,4B,4B,00,00,1
7616,1312,B,15,00,DATA,00,15,2392,0,0,4B,4B,00,00,1
7617,1312,A,00,00,DATA,00,00,2393,0,0,4B,4B,00,00,1
7618,1312,B,C0,00,DATA,00,C0,2394,0,0,4B,4B,00,00,1
7619,1312,A,00,00,DATA,00,00,2395,0,0,4B,4B,00,00,1
7620,1312,B,80,00,DATA,00,80,2396,0,0,4B,4B,00,00,1
7621,1312,A,00,40,DATA,00,40,2397,0,0,4B,4B,00,00,1
7622,1312,B,F0,00,DATA,00,F0,2398,0,0,4B,4B,00,00,1
7623,1312,A,00,00,DATA,00,00,2399,0,0,4B,4B,00,00,1
7624,1312,B,4A,00,DATA,00,4A,2400,0,0,4B,4B,00,00,1
7625,1312,A,00,35,DATA,00,35,2401,0,0,4B,4B,00,00,1
7626,1312,B,44,00,DATA,00,44,2402,0,0,4B,4B,00,00,1
7627,1312,A,00,3B,DATA,00,3B,2403,0,0,4B,4B,00,00,1
7628,1312,B,EE,00,DATA,00,EE,2404,0,0,4B,4B,00,00,1
7629,1312,A,00,11,DATA,00,11,2405,0,0,4B,4B,00,00,1
7630,1312,B,C0,00,DATA,00,C0,2406,0,0,4B,4B,00,00,1
7631,1312,A,00,39,DATA,00,39,2407,0,0,4B,4B,00,00,1
7632,1312,B,45,00,DATA,00,45,2408,0,0,4B,4B,00,00,1
7633,1312,A,00,38,DATA,00,38,2409,0,0,4B,4B,00,00,1
7634,1312,B,00,00,DATA,00,00,2410,0,0,4B,4B,00,00,1
7635,1312,A,00,00,DATA,00,00,2411,0,0,4B,4B,00,00,1
7636,1312,B,00,00,DATA,00,00,2412,0,0,4B,4B,00,00,1
7637,1312,A,00,00,DATA,00,00,2413,0,0,4B,4B,00,00,1
7638,1312,B,A8,00,DATA,00,A8,2414,0,0,4B,4B,00,00,1
7639,1312,A,00,00,DATA,00,00,2415,0,0,4B,4B,00,00,1
7640,1312,B,80,00,DATA,00,80,2416,0,0,4B,4B,00,00,1
7641,1312,A,00,41,DATA,00,41,2417,0,0,4B,4B,00,00,1
7642,1312,B,22,00,DATA,00,22,2418,0,0,4B,4B,00,00,1
7643,1312,A,00,C1,DATA,00,C1,2419,0,0,4B,4B,00,00,1
7644,1312,B,80,00,DATA,00,80,2420,0,0,4B,4B,00,00,1
7645,1312,A,00,41,DATA,00,41,2421,0,0,4B,4B,00,00,1
7646,1312,B,A2,00,DATA,00,A2,2422,0,0,4B,4B,00,00,1
7647,1312,A,00,41,DATA,00,41,2423,0,0,4B,4B,00,00,1
7648,1312,B,36,00,DATA,00,36,2424,0,0,4B,4B,00,00,1
7649,1312,A,00,C1,DATA,00,C1,2425,0,0,4B,4B,00,00,1
7650,1312,B,C4,00,DATA,00,C4,2426,0,0,4B,4B,00,00,1
7651,1312,A,00,3B,DATA,00,3B,2427,0,0,4B,4B,00,00,1
7652,1312,B,15,00,DATA,00,15,2428,0,0,4B,4B,00,00,1
7653,1312,A,00,00,DATA,00,00,2429,0,0,4B,4B,00,00,1
7654,1312,B,00,00,DATA,00,00,2430,0,0,4B,4B,00,00,1
7655,1312,A,00,00,DATA,00,00,2431,0,0,4B,4B,00,00,1
7656,1312,B,AA,00,DATA,00,AA,2432,0,0,4B,4B,00,00,1
7657,1312,A,00,55,DATA,00,55,2433,0,0,4B,4B,00,00,1
7658,1312,B,70,00,DATA,00,70,2434,0,0,4B,4B,00,00,1
7659,1312,A,00,8F,DATA,00,8F,2435,0,0,4B,4B,00,00,1
7660,1312,B,AA,00,DATA,00,AA,2436,0,0,4B,4B,00,00,1
7661,1312,A,00,55,DATA,00,55,2437,0,0,4B,4B,00,00,1
7662,1312,B,34,00,DATA,00,34,2438,0,0,4B,4B,00,00,1
7663,1312,A,00,C9,DATA,00,C9,2439,0,0,4B,4B,00,00,1
7664,1312,B,D9,00,DATA,00,D9,2440,0,0,4B,4B,00,00,1
7665,1312,A,00,04,DATA,00,04,2441,0,0,4B,4B,00,00,1
7666,1312,B,94,00,DATA,00,94,2442,0,0,4B,4B,00,00,1
7667,1312,A,00,08,DATA,00,08,2443,0,0,4B,4B,00,00,1
7668,1312,B,04,00,DATA,00,04,2444,0,0,4B,4B,00,00,1
7669,1312,A,00,1C,DATA,00,1C,2445,0,0,4B,4B,00,00,1
7670,1312,B,0C,00,DATA,00,0C,2446,0,0,4B,4B,00,00,1
7671,1312,A,00,00,DATA,00,00,2447,0,0,4B,4B,00,00,1
7672,1312,B,D8,00,DATA,00,D8,2448,0,0,4B,4B,00,00,1
7673,1312,A,00,04,DATA,00,04,2449,0,0,4B,4B,00,00,1
7674,1312,B,04,00,DATA,00,04,2450,0,0,4B,4B,00,00,1
7675,1312,A,00,C8,DATA,00,C8,2451,0,0,4B,4B,00,00,1
7676,1312,B,B8,00,DATA,00,B8,2452,0,0,4B,4B,00,00,1
7677,1312,A,00,44,DATA,00,44,2453,0,0,4B,4B,00,00,1
7678,1312,B,5C,00,DATA,00,5C,2454,0,0,4B,4B,00,00,1
7679,1312,A,00,A0,DATA,00,A0,2455,0,0,4B,4B,00,00,1
7680,1312,B,28,00,DATA,00,28,2456,0,0,4B,4B,00,00,1
7681,1312,A,00,D4,DATA,00,D4,2457,0,0,4B,4B,00,00,1
7682,1312,B,24,00,DATA,00,24,2458,0,0,4B,4B,00,00,1
7683,1312,A,00,D8,DATA,00,D8,2459,0,0,4B,4B,00,00,1
7684,1312,B,08,00,DATA,00,08,2460,0,0,4B,4B,00,00,1
7685,1312,A,00,74,DATA,00,74,2461,0,0,4B,4B,00,00,1
7686,1312,B,04,00,DATA,00,04,2462,0,0,4B,4B,00,00,1
7687,1312,A,00,38,DATA,00,38,2463,0,0,4B,4B,00,00,1
7688,1312,B,07,00,DATA,00,07,2464,0,0,4B,4B,00,00,1
7689,1312,A,00,00,DATA,00,00,2465,0,0,4B,4B,00,00,1
7690,1312,B,03,00,DATA,00,03,2466,0,0,4B,4B,00,00,1
7691,1312,A,00,00,DATA,00,00,2467,0,0,4B,4B,00,00,1
7692,1312,B,04,00,DATA,00,04,2468,0,0,4B,4B,00,00,1
7693,1312,A,00,01,DATA,00,01,2469,0,0,4B,4B,00,00,1
7694,1312,B,0D,00,DATA,00,0D,2470,0,0,4B,4B,00,00,1
7695,1312,A,00,02,DATA,00,02,2471,0,0,4B,4B,00,00,1
7696,1312,B,16,00,DATA,00,16,2472,0,0,4B,4B,00,00,1
7697,1312,A,00,01,DATA,00,01,2473,0,0,4B,4B,00,00,1
7698,1354,B,37,00,DATA,00,37,2474,0,0,4B,4B,00,00,1
7699,1354,A,00,08,DATA,00,08,2475,0,0,4B,4B,00,00,1
7700,1354,B,5A,00,DATA,00,5A,2476,0,0,4B,4B,00,00,1
7701,1354,A,00,05,DATA,00,05,2477,0,0,4B,4B,00,00,1
7702,1354,B,BF,00,DATA,00,BF,2478,0,0,4B,4B,00,00,1
7703,1354,A,00,00,DATA,00,00,2479,0,0,4B,4B,00,00,1
7704,1354,B,A9,00,DATA,00,A9,2480,0,0,4B,4B,00,00,1
7705,1354,A,00,57,DATA,00,57,2481,0,0,4B,4B,00,00,1
7706,1354,B,D0,00,DATA,00,D0,2482,0,0,4B,4B,00,00,1
7707,1354,A,00,2F,DATA,00,2F,2483,0,0,4B,4B,00,00,1
7708,1354,B,AB,00,DATA,00,AB,2484,0,0,4B,4B,00,00,1
7709,1354,A,00,55,DATA,00,55,2485,0,0,4B,4B,00,00,1
7710,1354,B,D5,00,DATA,00,D5,2486,0,0,4B,4B,00,00,1
7711,1354,A,00,2A,DATA,00,2A,2487,0,0,4B,4B,00,00,1
7712,1354,B,9A,00,DATA,00,9A,2488,0,0,4B,4B,00,00,1
7713,1354,A,00,75,DATA,00,75,2489,0,0,4B,4B,00,00,1
7714,1354,B,0F,00,DATA,00,0F,2490,0,0,4B,4B,00,00,1
7715,1354,A,00,F0,DATA,00,F0,2491,0,0,4B,4B,00,00,1
7716,1354,B,AA,00,DATA,00,AA,2492,0,0,4B,4B,00,00,1
7717,1354,A,00,55,DATA,00,55,2493,0,0,4B,4B,00,00,1
7718,1354,B,5C,00,DATA,00,5C,2494,0,0,4B,4B,00,00,1
7719,1354,A,00,A3,DATA,00,A3,2495,0,0,4B,4B,00,00,1
7720,1354,B,49,00,DATA,00,49,2496,0,0,4B,4B,00,00,1
7721,1354,A,00,F7,DATA,00,F7,2497,0,0,4B,4B,00,00,1
7722,1354,B,A0,00,DATA,00,A0,2498,0,0,4B,4B,00,00,1
7723,1354,A,00,FF,DATA,00,FF,2499,0,0,4B,4B,00,00,1
7724,1354,B,51,00,DATA,00,51,2500,0,0,4B,4B,00,00,1
7725,1354,A,00,FF,DATA,00,FF,2501,0,0,4B,4B,00,00,1
7726,1354,B,00,00,DATA,00,00,2502,0,0,4B,4B,00,00,1
7727,1354,A,00,FF,DATA,00,FF,2503,0,0,4B,4B,00,00,1
7728,1354,B,95,00,DATA,00,95,2504,0,0,4B,4B,00,00,1
7729,1354,A,00,7F,DATA,00,7F,2505,0,0,4B,4B,00,00,1
7730,1354,B,40,00,DATA,00,40,2506,0,0,4B,4B,00,00,1
7731,1354,A,00,BF,DATA,00,BF,2507,0,0,4B,4B,00,00,1
7732,1354,B,A4,00,DATA,00,A4,2508,0,0,4B,4B,00,00,1
7733,1354,A,00,5F,DATA,00,5F,2509,0,0,4B,4B,00,00,1
7734,1354,B,10,00,DATA,00,10,2510,0,0,4B,4B,00,00,1
7735,1354,A,00,EF,DATA,00,EF,2511,0,0,4B,4B,00,00,1
7736,1354,B,55,00,DATA,00,55,2512,0,0,4B,4B,00,00,1
7737,1354,A,00,FF,DATA,00,FF,2513,0,0,4B,4B,00,00,1
7738,1354,B,00,00,DATA,00,00,2514,0,0,4B,4B,00,00,1
7739,1354,A,00,FF,DATA,00,FF,2515,0,0,4B,4B,00,00,1
7740,1354,B,41,00,DATA,00,41,2516,0,0,4B,4B,00,00,1
7741,1354,A,00,FF,DATA,00,FF,2517,0,0,4B,4B,00,00,1
7742,1354,B,00,00,DATA,00,00,2518,0,0,4B,4B,00,00,1
7743,1354,A,00,FF,DATA,00,FF,2519,0,0,4B,4B,00,00,1
7744,1354,B,55,00,DATA,00,55,2520,0,0,4B,4B,00,00,1
7745,1354,A,00,FF,DATA,00,FF,2521,0,0,4B,4B,00,00,1
7746,1354,B,00,00,DATA,00,00,2522,0,0,4B,4B,00,00,1
7747,1354,A,00,FF,DATA,00,FF,2523,0,0,4B,4B,00,00,1
7748,1354,B,44,00,DATA,00,44,2524,0,0,4B,4B,00,00,1
7749,1354,A,00,FF,DATA,00,FF,2525,0,0,4B,4B,00,00,1
7750,1354,B,00,00,DATA,00,00,2526,0,0,4B,4B,00,00,1
7751,1354,A,00,FF,DATA,00,FF,2527,0,0,4B,4B,00,00,1
7752,1354,B,0A,00,DATA,00,0A,2528,0,0,4B,4B,00,00,1
7753,1354,A,00,F5,DATA,00,F5,2529,0,0,4B,4B,00,00,1
7754,1354,B,01,00,DATA,00,01,2530,0,0,4B,4B,00,00,1
7755,1354,A,00,FE,DATA,00,FE,2531,0,0,4B,4B,00,00,1
7756,1354,B,15,00,DATA,00,15,2532,0,0,4B,4B,00,00,1
7757,1354,A,00,FF,DATA,00,FF,2533,0,0,4B,4B,00,00,1
7758,1354,B,00,00,DATA,00,00,2534,0,0,4B,4B,00,00,1
7759,1354,A,00,FF,DATA,00,FF,2535,0,0,4B,4B,00,00,1
7760,1354,B,12,00,DATA,00,12,2536,0,0,4B,4B,00,00,1
7761,1354,A,00,FD,DATA,00,FD,2537,0,0,4B,4B,00,00,1
7762,1354,B,00,00,DATA,00,00,2538,0,0,4B,4B,00,00,1
7763,1354,A,00,FF,DATA,00,FF,2539,0,0,4B,4B,00,00,1
7764,1354,B,08,00,DATA,00,08,2540,0,0,4B,4B,00,00,1
7765,1354,A,00,F7,DATA,00,F7,2541,0,0,4B,4B,00,00,1
7766,1354,B,06,00,DATA,00,06,2542,0,0,4B,4B,00,00,1
7767,1354,A,00,F9,DATA,00,F9,2543,0,0,4B,4B,00,00,1
7768,1354,B,89,00,DATA,00,89,2544,0,0,4B,4B,00,00,1
7769,1354,A,00,77,DATA,00,77,2545,0,0,4B,4B,00,00,1
7770,1354,B,23,00,DATA,00,23,2546,0,0,4B,4B,00,00,1
7771,1354,A,00,FF,DATA,00,FF,2547,0,0,4B,4B,00,00,1
7772,1354,B,4D,00,DATA,00,4D,2548,0,0,4B,4B,00,00,1
7773,1354,A,00,F7,DATA,00,F7,2549,0,0,4B,4B,00,00,1
7774,1354,B,D2,00,DATA,00,D2,2550,0,0,4B,4B,00,00,1
7775,1354,A,00,EF,DATA,00,EF,2551,0,0,4B,4B,00,00,1
7776,1354,B,CF,00,DATA,00,CF,2552,0,0,4B,4B,00,00,1
7777,1354,A,00,77,DATA,00,77,2553,0,0,4B,4B,00,00,1
7778,1354,B,03,00,DATA,00,03,2554,0,0,4B,4B,00,00,1
7779,1354,A,00,FF,DATA,00,FF,2555,0,0,4B,4B,00,00,1
7780,1354,B,25,00,DATA,00,25,2556,0,0,4B,4B,00,00,1
7781,1354,A,00,DF,DATA,00,DF,2557,0,0,4B,4B,00,00,1
7782,1354,B,0F,00,DATA,00,0F,2558,0,0,4B,4B,00,00,1
7783,1354,A,00,FF,DATA,00,FF,2559,0,0,4B,4B,00,00,1
7784,1354,B,FF,00,DATA,00,FF,2560,0,0,4B,4B,00,00,1
7785,1354,A,00,FF,DATA,00,FF,2561,0,0,4B,4B,00,00,1
7786,1354,B,FF,00,DATA,00,FF,2562,0,0,4B,4B,00,00,1
7787,1354,A,00,FF,DATA,00,FF,2563,0,0,4B,4B,00,00,1
7788,1354,B,F5,00,DATA,00,F5,2564,0,0,4B,4B,00,00,1
7789,1354,A,00,FF,DATA,00,FF,2565,0,0,4B,4B,00,00,1
7790,1354,B,FF,00,DATA,00,FF,2566,0,0,4B,4B,00,00,1
7791,1354,A,00,FF,DATA,00,FF,2567,0,0,4B,4B,00,00,1
7792,1354,B,D5,00,DATA,00,D5,2568,0,0,4B,4B,00,00,1
7793,1354,A,00,FF,DATA,00,FF,2569,0,0,4B,4B,00,00,1
7794,1354,B,FF,00,DATA,00,FF,2570,0,0,4B,4B,00,00,1
7795,1354,A,00,FF,DATA,00,FF,2571,0,0,4B,4B,00,00,1
7796,1354,B,FF,00,DATA,00,FF,2572,0,0,4B,4B,00,00,1
7797,1354,A,00,FF,DATA,00,FF,2573,0,0,4B,4B,00,00,1
7798,1354,B,FF,00,DATA,00,FF,2574,0,0,4B,4B,00,00,1
7799,1354,A,00,FF,DATA,00,FF,2575,0,0,4B,4B,00,00,1
7800,1354,B,F5,00,DATA,00,F5,2576,0,0,4B,4B,00,00,1
7801,1354,A,00,FE,DATA,00,FE,2577,0,0,4B,4B,00,00,1
7802,1354,B,FC,00,DATA,00,FC,2578,0,0,4B,4B,00,00,1
7803,1354,A,00,FF,DATA,00,FF,2579,0,0,4B,4B,00,00,1
7804,1354,B,F5,00,DATA,00,F5,2580,0,0,4B,4B,00,00,1
7805,1354,A,00,FF,DATA,00,FF,2581,0,0,4B,4B,00,00,1
7806,1354,B,FD,00,DATA,00,FD,2582,0,0,4B,4B,00,00,1
7807,1354,A,00,FF,DATA,00,FF,2583,0,0,4B,4B,00,00,1
7808,1354,B,DD,00,DATA,00,DD,2584,0,0,4B,4B,00,00,1
7809,1354,A,00,FF,DATA,00,FF,2585,0,0,4B,4B,00,00,1
7810,1354,B,FF,00,DATA,00,FF,2586,0,0,4B,4B,00,00,1
7811,1354,A,00,FF,DATA,00,FF,2587,0,0,4B,4B,00,00,1
7812,1354,B,55,00,DATA,00,55,2588,0,0,4B,4B,00,00,1
7813,1354,A,00,FF,DATA,00,FF,2589,0,0,4B,4B,00,00,1
7814,1354,B,FE,00,DATA,00,FE,2590,0,0,4B,4B,00,00,1
7815,1354,A,00,FF,DATA,00,FF,2591,0,0,4B,4B,00,00,1
7816,1354,B,36,00,DATA,00,36,2592,0,0,4B,4B,00,00,1
7817,1354,A,00,DD,DATA,00,DD,2593,0,0,4B,4B,00,00,1
7818,1354,B,80,00,DATA,00,80,2594,0,0,4B,4B,00,00,1
7819,1354,A,00,7F,DATA,00,7F,2595,0,0,4B,4B,00,00,1
7820,1354,B,95,00,DATA,00,95,2596,0,0,4B,4B,00,00,1
7821,1354,A,00,7F,DATA,00,7F,2597,0,0,4B,4B,00,00,1
7822,1354,B,44,00,DATA,00,44,2598,0,0,4B,4B,00,00,1
7823,1354,A,00,BF,DATA,00,BF,2599,0,0,4B,4B,00,00,1
7824,1354,B,28,00,DATA,00,28,2600,0,0,4B,4B,00,00,1
7825,1354,A,00,D7,DATA,00,D7,2601,0,0,4B,4B,00,00,1
7826,1354,B,E0,00,DATA,00,E0,2602,0,0,4B,4B,00,00,1
7827,1354,A,00,DF,DATA,00,DF,2603,0,0,4B,4B,00,00,1
7828,1354,B,76,00,DATA,00,76,2604,0,0,4B,4B,00,00,1
7829,1354,A,00,CD,DATA,00,CD,2605,0,0,4B,4B,00,00,1
7830,1354,B,A8,00,DATA,00,A8,2606,0,0,4B,4B,00,00,1
7831,1354,A,00,F7,DATA,00,F7,2607,0,0,4B,4B,00,00,1
7832,1354,B,AA,00,DATA,00,AA,2608,0,0,4B,4B,00,00,1
7833,1354,A,00,55,DATA,00,55,2609,0,0,4B,4B,00,00,1
7834,1354,B,00,00,DATA,00,00,2610,0,0,4B,4B,00,00,1
7835,1354,A,00,FF,DATA,00,FF,2611,0,0,4B,4B,00,00,1
7836,1354,B,22,00,DATA,00,22,2612,0,0,4B,4B,00,00,1
7837,1354,A,00,DD,DATA,00,DD,2613,0,0,4B,4B,00,00,1
7838,1354,B,11,00,DATA,00,11,2614,0,0,4B,4B,00,00,1
7839,1354,A,00,EE,DATA,00,EE,2615,0,0,4B,4B,00,00,1
7840,1354,B,AA,00,DATA,00,AA,2616,0,0,4B,4B,00,00,1
7841,1354,A,00,55,DATA,00,55,2617,0,0,4B,4B,00,00,1
7842,1354,B,05,00,DATA,00,05,2618,0,0,4B,4B,00,00,1
7843,1354,A,00,FA,DATA,00,FA,2619,0,0,4B,4B,00,00,1
7844,1354,B,6A,00,DATA,00,6A,2620,0,0,4B,4B,00,00,1
7845,1354,A,00,D5,DATA,00,D5,2621,0,0,4B,4B,00,00,1
7846,1354,B,1F,00,DATA,00,1F,2622,0,0,4B,4B,00,00,1
7847,1354,A,00,E0,DATA,00,E0,2623,0,0,4B,4B,00,00,1
7848,1354,B,AA,00,DATA,00,AA,2624,0,0,4B,4B,00,00,1
7849,1354,A,00,55,DATA,00,55,2625,0,0,4B,4B,00,00,1
7850,1354,B,A8,00,DATA,00,A8,2626,0,0,4B,4B,00,00,1
7851,1354,A,00,57,DATA,00,57,2627,0,0,4B,4B,00,00,1
7852,1354,B,AA,00,DATA,00,AA,2628,0,0,4B,4B,00,00,1
7853,1354,A,00,55,DATA,00,55,2629,0,0,4B,4B,00,00,1
7854,1354,B,14,00,DATA,00,14,2630,0,0,4B,4B,00,00,1
7855,1354,A,00,EB,DATA,00,EB,2631,0,0,4B,4B,00,00,1
7856,1354,B,A8,00,DATA,00,A8,2632,0,0,4B,4B,00,00,1
7857,1354,A,00,57,DATA,00,57,2633,0,0,4B,4B,00,00,1
7858,1354,B,40,00,DATA,00,40,2634,0,0,4B,4B,00,00,1
7859,1354,A,00,BF,DATA,00,BF,2635,0,0,4B,4B,00,00,1
7860,1354,B,AA,00,DATA,00,AA,2636,0,0,4B,4B,00,00,1
7861,1354,A,00,55,DATA,00,55,2637,0,0,4B,4B,00,00,1
7862,1354,B,00,00,DATA,00,00,2638,0,0,4B,4B,00,00,1
7863,1354,A,00,FF,DATA,00,FF,2639,0,0,4B,4B,00,00,1
7864,1354,B,A0,00,DATA,00,A0,2640,0,0,4B,4B,00,00,1
7865,1354,A,00,50,DATA,00,50,2641,0,0,4B,4B,00,00,1
7866,1354,B,7C,00,DATA,00,7C,2642,0,0,4B,4B,00,00,1
7867,1354,A,00,80,DATA,00,80,2643,0,0,4B,4B,00,00,1
7868,1354,B,B8,00,DATA,00,B8,2644,0,0,4B,4B,00,00,1
7869,1354,A,00,44,DATA,00,44,2645,0,0,4B,4B,00,00,1
7870,1354,B,3F,00,DATA,00,3F,2646,0,0,4B,4B,00,00,1
7871,1354,A,00,C0,DATA,00,C0,2647,0,0,4B,4B,00,00,1
7872,1354,B,BF,00,DATA,00,BF,2648,0,0,4B,4B,00,00,1
7873,1354,A,00,40,DATA,00,40,2649,0,0,4B,4B,00,00,1
7874,1354,B,3F,00,DATA,00,3F,2650,0,0,4B,4B,00,00,1
7875,1354,A,00,C0,DATA,00,C0,2651,0,0,4B,4B,00,00,1
7876,1354,B,8B,00,DATA,00,8B,2652,0,0,4B,4B,00,00,1
7877,1354,A,00,54,DATA,00,54,2653,0,0,4B,4B,00,00,1
7878,1354,B,3F,00,DATA,00,3F,2654,0,0,4B,4B,00,00,1
7879,1354,A,00,C0,DATA,00,C0,2655,0,0,4B,4B,00,00,1
7880,1354,B,55,00,DATA,00,55,2656,0,0,4B,4B,00,00,1
7881,1354,A,00,00,DATA,00,00,2657,0,0,4B,4B,00,00,1
7882,1354,B,0B,00,DATA,00,0B,2658,0,0,4B,4B,00,00,1
7883,1354,A,00,00,DATA,00,00,2659,0,0,4B,4B,00,00,1
7884,1354,B,40,00,DATA,00,40,2660,0,0,4B,4B,00,00,1
7885,1354,A,00,00,DATA,00,00,2661,0,0,4B,4B,00,00,1
7886,1354,B,22,00,DATA,00,22,2662,0,0,4B,4B,00,00,1
7887,1354,A,00,00,DATA,00,00,2663,0,0,4B,4B,00,00,1
7888,1354,B,11,00,DATA,00,11,2664,0,0,4B,4B,00,00,1
7889,1354,A,00,00,DATA,00,00,2665,0,0,4B,4B,00,00,1
7890,1354,B,80,00,DATA,00,80,2666,0,0,4B,4B,00,00,1
7891,1354,A,00,00,DATA,00,00,2667,0,0,4B,4B,00,00,1
7892,1354,B,80,00,DATA,00,80,2668,0,0,4B,4B,00,00,1
7893,1354,A,00,40,DATA,00,40,2669,0,0,4B,4B,00,00,1
7894,1354,B,F0,00,DATA,00,F0,2670,0,0,4B,4B,00,00,1
7895,1354,A,00,00,DATA,00,00,2671,0,0,4B,4B,00,00,1
7896,1354,B,50,00,DATA,00,50,2672,0,0,4B,4B,00,00,1
7897,1354,A,00,00,DATA,00,00,2673,0,0,4B,4B,00,00,1
7898,1354,B,CB,00,DATA,00,CB,2674,0,0,4B,4B,00,00,1
7899,1354,A,00,00,DATA,00,00,2675,0,0,4B,4B,00,00,1
7900,1354,B,15,00,DATA,00,15,2676,0,0,4B,4B,00,00,1
7901,1354,A,00,00,DATA,00,00,2677,0,0,4B,4B,00,00,1
7902,1354,B,80,00,DATA,00,80,2678,0,0,4B,4B,00,00,1
7903,1354,A,00,00,DATA,00,00,2679,0,0,4B,4B,00,00,1
7904,1354,B,55,00,DATA,00,55,2680,0,0,4B,4B,00,00,1
7905,1354,A,00,00,DATA,00,00,2681,0,0,4B,4B,00,00,1
7906,1354,B,2B,00,DATA,00,2B,2682,0,0,4B,4B,00,00,1
7907,1354,A,00,00,DATA,00,00,2683,0,0,4B,4B,00,00,1
7908,1354,B,00,00,DATA,00,00,2684,0,0,4B,4B,00,00,1
7909,1354,A,00,00,DATA,00,00,2685,0,0,4B,4B,00,00,1
7910,1354,B,00,00,DATA,00,00,2686,0,0,4B,4B,00,00,1
7911,1354,A,00,00,DATA,00,00,2687,0,0,4B,4B,00,00,1
7912,1354,B,00,00,DATA,00,00,2688,0,0,4B,4B,00,00,1
7913,1354,A,00,00,DATA,00,00,2689,0,0,4B,4B,00,00,1
7914,1354,B,00,00,DATA,00,00,2690,0,0,4B,4B,00,00,1
7915,1354,A,00,00,DATA,00,00,2691,0,0,4B,4B,00,00,1
7916,1354,B,50,00,DATA,00,50,2692,0,0,4B,4B,00,00,1
7917,1354,A,00,00,DATA,00,00,2693,0,0,4B,4B,00,00,1
7918,1354,B,08,00,DATA,00,08,2694,0,0,4B,4B,00,00,1
7919,1354,A,00,00,DATA,00,00,2695,0,0,4B,4B,00,00,1
7920,1354,B,10,00,DATA,00,10,2696,0,0,4B,4B,00,00,1
7921,1354,A,00,00,DATA,00,00,2697,0,0,4B,4B,00,00,1
7922,1354,B,38,00,DATA,00,38,2698,0,0,4B,4B,00,00,1
7923,1354,A,00,00,DATA,00,00,2699,0,0,4B,4B,00,00,1
7924,1354,B,50,00,DATA,00,50,2700,0,0,4B,4B,00,00,1
7925,1354,A,00,00,DATA,00,00,2701,0,0,4B,4B,00,00,1
7926,1354,B,01,00,DATA,00,01,2702,0,0,4B,4B,00,00,1
7927,1354,A,00,00,DATA,00,00,2703,0,0,4B,4B,00,00,1
7928,1354,B,1D,00,DATA,00,1D,2704,0,0,4B,4B,00,00,1
7929,1354,A,00,00,DATA,00,00,2705,0,0,4B,4B,00,00,1
7930,1354,B,03,00,DATA,00,03,2706,0,0,4B,4B,00,00,1
7931,1354,A,00,00,DATA,00,00,2707,0,0,4B,4B,00,00,1
7932,1354,B,05,00,DATA,00,05,2708,0,0,4B,4B,00,00,1
7933,1354,A,00,00,DATA,00,00,2709,0,0,4B,4B,00,00,1
7934,1354,B,0F,00,DATA,00,0F,2710,0,0,4B,4B,00,00,1
7935,1354,A,00,00,DATA,00,00,2711,0,0,4B,4B,00,00,1
7936,1354,B,16,00,DATA,00,16,2712,0,0,4B,4B,00,00,1
7937,1354,A,00,01,DATA,00,01,2713,0,0,4B,4B,00,00,1
7938,1354,B,3D,00,DATA,00,3D,2714,0,0,4B,4B,00,00,1
7939,1354,A,00,02,DATA,00,02,2715,0,0,4B,4B,00,00,1
7940,1354,B,6A,00,DATA,00,6A,2716,0,0,4B,4B,00,00,1
7941,1354,A,00,15,DATA,00,15,2717,0,0,4B,4B,00,00,1
7942,1354,B,C2,00,DATA,00,C2,2718,0,0,4B,4B,00,00,1
7943,1354,A,00,3D,DATA,00,3D,2719,0,0,4B,4B,00,00,1
7944,1354,B,EA,00,DATA,00,EA,2720,0,0,4B,4B,00,00,1
7945,1354,A,00,15,DATA,00,15,2721,0,0,4B,4B,00,00,1
7946,1354,B,FF,00,DATA,00,FF,2722,0,0,4B,4B,00,00,1
7947,1354,A,00,00,DATA,00,00,2723,0,0,4B,4B,00,00,1
7948,1354,B,AB,00,DATA,00,AB,2724,0,0,4B,4B,00,00,1
7949,1354,A,00,54,DATA,00,54,2725,0,0,4B,4B,00,00,1
7950,1354,B,FF,00,DATA,00,FF,2726,0,0,4B,4B,00,00,1
7951,1354,A,00,00,DATA,00,00,2727,0,0,4B,4B,00,00,1
7952,1354,B,AA,00,DATA,00,AA,2728,0,0,4B,4B,00,00,1
7953,1354,A,00,55,DATA,00,55,2729,0,0,4B,4B,00,00,1
7954,1354,B,5D,00,DATA,00,5D,2730,0,0,4B,4B,00,00,1
7955,1354,A,00,A2,DATA,00,A2,2731,0,0,4B,4B,00,00,1
7956,1354,B,AA,00,DATA,00,AA,2732,0,0,4B,4B,00,00,1
7957,1354,A,00,55,DATA,00,55,2733,0,0,4B,4B,00,00,1
7958,1354,B,1F,00,DATA,00,1F,2734,0,0,4B,4B,00,00,1
7959,1354,A,00,E0,DATA,00,E0,2735,0,0,4B,4B,00,00,1
7960,1354,B,AA,00,DATA,00,AA,2736,0,0,4B,4B,00,00,1
7961,1354,A,00,55,DATA,00,55,2737,0,0,4B,4B,00,00,1
7962,1354,B,FD,00,DATA,00,FD,2738,0,0,4B,4B,00,00,1
7963,1354,A,00,02,DATA,00,02,2739,0,0,4B,4B,00,00,1
7964,1354,B,EA,00,DATA,00,EA,2740,0,0,4B,4B,00,00,1
7965,1354,A,00,15,DATA,00,15,2741,0,0,4B,4B,00,00,1
7966,1354,B,FF,00,DATA,00,FF,2742,0,0,4B,4B,00,00,1
7967,1354,A,00,00,DATA,00,00,2743,0,0,4B,4B,00,00,1
7968,1354,B,A6,00,DATA,00,A6,2744,0,0,4B,4B,00,00,1
7969,1354,A,00,51,DATA,00,51,2745,0,0,4B,4B,00,00,1
7970,1354,B,DD,00,DATA,00,DD,2746,0,0,4B,4B,00,00,1
7971,1354,A,00,22,DATA,00,22,2747,0,0,4B,4B,00,00,1
7972,1354,B,BA,00,DATA,00,BA,2748,0,0,4B,4B,00,00,1
7973,1354,A,00,45,DATA,00,45,2749,0,0,4B,4B,00,00,1
7974,1354,B,7D,00,DATA,00,7D,2750,0,0,4B,4B,00,00,1
7975,1354,A,00,82,DATA,00,82,2751,0,0,4B,4B,00,00,1
7976,1354,B,A5,00,DATA,00,A5,2752,0,0,4B,4B,00,00,1
7977,1354,A,00,5F,DATA,00,5F,2753,0,0,4B,4B,00,00,1
7978,1354,B,92,00,DATA,00,92,2754,0,0,4B,4B,00,00,1
7979,1354,A,00,6F,DATA,00,6F,2755,0,0,4B,4B,00,00,1
7980,1354,B,25,00,DATA,00,25,2756,0,0,4B,4B,00,00,1
7981,1354,A,00,DF,DATA,00,DF,2757,0,0,4B,4B,00,00,1
7982,1354,B,10,00,DATA,00,10,2758,0,0,4B,4B,00,00,1
7983,1354,A,00,EF,DATA,00,EF,2759,0,0,4B,4B,00,00,1
7984,1354,B,E5,00,DATA,00,E5,2760,0,0,4B,4B,00,00,1
7985,1354,A,00,1F,DATA,00,1F,2761,0,0,4B,4B,00,00,1
7986,1354,B,C2,00,DATA,00,C2,2762,0,0,4B,4B,00,00,1
7987,1354,A,00,3F,DATA,00,3F,2763,0,0,4B,4B,00,00,1
7988,1354,B,95,00,DATA,00,95,2764,0,0,4B,4B,00,00,1
7989,1354,A,00,7F,DATA,00,7F,2765,0,0,4B,4B,00,00,1
7990,1354,B,00,00,DATA,00,00,2766,0,0,4B,4B,00,00,1
7991,1354,A,00,FF,DATA,00,FF,2767,0,0,4B,4B,00,00,1
7992,1354,B,01,00,DATA,00,01,2768,0,0,4B,4B,00,00,1
7993,1354,A,00,FF,DATA,00,FF,2769,0,0,4B,4B,00,00,1
7994,1354,B,02,00,DATA,00,02,2770,0,0,4B,4B,00,00,1
7995,1354,A,00,FF,DATA,00,FF,2771,0,0,4B,4B,00,00,1
7996,1354,B,3C,00,DATA,00,3C,2772,0,0,4B,4B,00,00,1
7997,1354,A,00,D7,DATA,00,D7,2773,0,0,4B,4B,00,00,1
7998,1354,B,00,00,DATA,00,00,2774,0,0,4B,4B,00,00,1
7999,1354,A,00,FF,DATA,00,FF,2775,0,0,4B,4B,00,00,1
8000,1354,B,21,00,DATA,00,21,2776,0,0,4B,4B,00,00,1
8001,1354,A,00,DF,DATA,00,DF,2777,0,0,4B,4B,00,00,1
8002,1354,B,00,00,DATA,00,00,2778,0,0,4B,4B,00,00,1
8003,1354,A,00,FF,DATA,00,FF,2779,0,0,4B,4B,00,00,1
8004,1354,B,46,00,DATA,00,46,2780,0,0,4B,4B,00,00,1
8005,1354,A,00,FD,DATA,00,FD,2781,0,0,4B,4B,00,00,1
8006,1354,B,00,00,DATA,00,00,2782,0,0,4B,4B,00,00,1
8007,1354,A,00,FF,DATA,00,FF,2783,0,0,4B,4B,00,00,1
8008,1354,B,1E,00,DATA,00,1E,2784,0,0,4B,4B,00,00,1
8009,1354,A,00,F1,DATA,00,F1,2785,0,0,4B,4B,00,00,1
8010,1354,B,00,00,DATA,00,00,2786,0,0,4B,4B,00,00,1
8011,1354,A,00,FF,DATA,00,FF,2787,0,0,4B,4B,00,00,1
8012,1354,B,48,00,DATA,00,48,2788,0,0,4B,4B,00,00,1
8013,1354,A,00,F7,DATA,00,F7,2789,0,0,4B,4B,00,00,1
8014,1354,B,0C,00,DATA,00,0C,2790,0,0,4B,4B,00,00,1
8015,1354,A,00,F3,DATA,00,F3,2791,0,0,4B,4B,00,00,1
8016,1354,B,5A,00,DATA,00,5A,2792,0,0,4B,4B,00,00,1
8017,1354,A,00,F5,DATA,00,F5,2793,0,0,4B,4B,00,00,1
8018,1354,B,01,00,DATA,00,01,2794,0,0,4B,4B,00,00,1
8019,1354,A,00,FE,DATA,00,FE,2795,0,0,4B,4B,00,00,1
8020,1354,B,46,00,DATA,00,46,2796,0,0,4B,4B,00,00,1
8021,1354,A,00,FD,DATA,00,FD,2797,0,0,4B,4B,00,00,1
8022,1354,B,01,00,DATA,00,01,2798,0,0,4B,4B,00,00,1
8023,1354,A,00,FE,DATA,00,FE,2799,0,0,4B,4B,00,00,1
8024,1354,B,3F,00,DATA,00,3F,2800,0,0,4B,4B,00,00,1
8025,1354,A,00,DF,DATA,00,DF,2801,0,0,4B,4B,00,00,1
8026,1354,B,5F,00,DATA,00,5F,2802,0,0,4B,4B,00,00,1
8027,1354,A,00,BF,DATA,00,BF,2803,0,0,4B,4B,00,00,1
8028,1354,B,9F,00,DATA,00,9F,2804,0,0,4B,4B,00,00,1
8029,1354,A,00,7F,DATA,00,7F,2805,0,0,4B,4B,00,00,1
8030,1354,B,BF,00,DATA,00,BF,2806,0,0,4B,4B,00,00,1
8031,1354,A,00,7F,DATA,00,7F,2807,0,0,4B,4B,00,00,1
8032,1354,B,97,00,DATA,00,97,2808,0,0,4B,4B,00,00,1
8033,1354,A,00,7F,DATA,00,7F,2809,0,0,4B,4B,00,00,1
8034,1354,B,3F,00,DATA,00,3F,2810,0,0,4B,4B,00,00,1
8035,1354,A,00,FF,DATA,00,FF,2811,0,0,4B,4B,00,00,1
8036,1354,B,7F,00,DATA,00,7F,2812,0,0,4B,4B,00,00,1
8037,1354,A,00,FF,DATA,00,FF,2813,0,0,4B,4B,00,00,1
8038,1354,B,3F,00,DATA,00,3F,2814,0,0,4B,4B,00,00,1
8039,1354,A,00,FF,DATA,00,FF,2815,0,0,4B,4B,00,00,1
8040,1354,B,FD,00,DATA,00,FD,2816,0,0,4B,4B,00,00,1
8041,1354,A,00,FF,DATA,00,FF,2817,0,0,4B,4B,00,00,1
8042,1354,B,FF,00,DATA,00,FF,2818,0,0,4B,4B,00,00,1
8043,1354,A,00,FF,DATA,00,FF,2819,0,0,4B,4B,00,00,1
8044,1354,B,FF,00,DATA,00,FF,2820,0,0,4B,4B,00,00,1
8045,1354,A,00,FF,DATA,00,FF,2821,0,0,4B,4B,00,00,1
8046,1354,B,FF,00,DATA,00,FF,2822,0,0,4B,4B,00,00,1
8047,1354,A,00,FF,DATA,00,FF,2823,0,0,4B,4B,00,00,1
8048,1354,B,FD,00,DATA,00,FD,2824,0,0,4B,4B,00,00,1
8049,1354,A,00,FF,DATA,00,FF,2825,0,0,4B,4B,00,00,1
8050,1354,B,FF,00,DATA,00,FF,2826,0,0,4B,4B,00,00,1
8051,1354,A,00,FF,DATA,00,FF,2827,0,0,4B,4B,00,00,1
8052,1354,B,F7,00,DATA,00,F7,2828,0,0,4B,4B,00,00,1
8053,1354,A,00,FF,DATA,00,FF,2829,0,0,4B,4B,00,00,1
8054,1354,B,DF,00,DATA,00,DF,2830,0,0,4B,4B,00,00,1
8055,1354,A,00,FF,DATA,00,FF,2831,0,0,4B,4B,00,00,1
8056,1354,B,75,00,DATA,00,75,2832,0,0,4B,4B,00,00,1
8057,1354,A,00,FF,DATA,00,FF,2833,0,0,4B,4B,00,00,1
8058,1354,B,FF,00,DATA,00,FF,2834,0,0,4B,4B,00,00,1
8059,1354,A,00,FF,DATA,00,FF,2835,0,0,4B,4B,00,00,1
8060,1354,B,55,00,DATA,00,55,2836,0,0,4B,4B,00,00,1
8061,1354,A,00,FF,DATA,00,FF,2837,0,0,4B,4B,00,00,1
8062,1354,B,FE,00,DATA,00,FE,2838,0,0,4B,4B,00,00,1
8063,1354,A,00,FF,DATA,00,FF,2839,0,0,4B,4B,00,00,1
8064,1354,B,D5,00,DATA,00,D5,2840,0,0,4B,4B,00,00,1
8065,1354,A,00,FF,DATA,00,FF,2841,0,0,4B,4B,00,00,1
8066,1354,B,FD,00,DATA,00,FD,2842,0,0,4B,4B,00,00,1
8067,1354,A,00,FF,DATA,00,FF,2843,0,0,4B,4B,00,00,1
8068,1354,B,55,00,DATA,00,55,2844,0,0,4B,4B,00,00,1
8069,1354,A,00,FF,DATA,00,FF,2845,0,0,4B,4B,00,00,1
8070,1354,B,FF,00,DATA,00,FF,2846,0,0,4B,4B,00,00,1
8071,1354,A,00,FF,DATA,00,FF,2847,0,0,4B,4B,00,00,1
8072,1354,B,5D,00,DATA,00,5D,2848,0,0,4B,4B,00,00,1
8073,1354,A,00,F3,DATA,00,F3,2849,0,0,4B,4B,00,00,1
8074,1354,B,83,00,DATA,00,83,2850,0,0,4B,4B,00,00,1
8075,1354,A,00,FD,DATA,00,FD,2851,0,0,4B,4B,00,00,1
8076,1354,B,57,00,DATA,00,57,2852,0,0,4B,4B,00,00,1
8077,1354,A,00,FC,DATA,00,FC,2853,0,0,4B,4B,00,00,1
8078,1354,B,AE,00,DATA,00,AE,2854,0,0,4B,4B,00,00,1
8079,1354,A,00,FF,DATA,00,FF,2855,0,0,4B,4B,00,00,1
8080,1354,B,55,00,DATA,00,55,2856,0,0,4B,4B,00,00,1
8081,1354,A,00,FF,DATA,00,FF,2857,0,0,4B,4B,00,00,1
8082,1354,B,FB,00,DATA,00,FB,2858,0,0,4B,4B,00,00,1
8083,1354,A,00,FF,DATA,00,FF,2859,0,0,4B,4B,00,00,1
8084,1354,B,55,00,DATA,00,55,2860,0,0,4B,4B,00,00,1
8085,1354,A,00,FF,DATA,00,FF,2861,0,0,4B,4B,00,00,1
8086,1354,B,F6,00,DATA,00,F6,2862,0,0,4B,4B,00,00,1
8087,1354,A,00,FF,DATA,00,FF,2863,0,0,4B,4B,00,00,1
8088,1354,B,5A,00,DATA,00,5A,2864,0,0,4B,4B,00,00,1
8089,1354,A,00,F5,DATA,00,F5,2865,0,0,4B,4B,00,00,1
8090,1354,B,40,00,DATA,00,40,2866,0,0,4B,4B,00,00,1
8091,1354,A,00,BF,DATA,00,BF,2867,0,0,4B,4B,00,00,1
8092,1354,B,86,00,DATA,00,86,2868,0,0,4B,4B,00,00,1
8093,1354,A,00,7D,DATA,00,7D,2869,0,0,4B,4B,00,00,1
8094,1354,B,40,00,DATA,00,40,2870,0,0,4B,4B,00,00,1
8095,1354,A,00,FF,DATA,00,FF,2871,0,0,4B,4B,00,00,1
8096,1354,B,14,00,DATA,00,14,2872,0,0,4B,4B,00,00,1
8097,1354,A,00,FF,DATA,00,FF,2873,0,0,4B,4B,00,00,1
8098,1354,B,64,00,DATA,00,64,2874,0,0,4B,4B,00,00,1
8099,1354,A,00,9B,DATA,00,9B,2875,0,0,4B,4B,00,00,1
8100,1354,B,70,00,DATA,00,70,2876,0,0,4B,4B,00,00,1
8101,1354,A,00,CF,DATA,00,CF,2877,0,0,4B,4B,00,00,1
8102,1354,B,58,00,DATA,00,58,2878,0,0,4B,4B,00,00,1
8103,1354,A,00,E7,DATA,00,E7,2879,0,0,4B,4B,00,00,1
8104,1354,B,B8,00,DATA,00,B8,2880,0,0,4B,4B,00,00,1
8105,1354,A,00,57,DATA,00,57,2881,0,0,4B,4B,00,00,1
8106,1354,B,80,00,DATA,00,80,2882,0,0,4B,4B,00,00,1
8107,1354,A,00,7F,DATA,00,7F,2883,0,0,4B,4B,00,00,1
8108,1354,B,D1,00,DATA,00,D1,2884,0,0,4B,4B,00,00,1
8109,1354,A,00,7F,DATA,00,7F,2885,0,0,4B,4B,00,00,1
8110,1354,B,00,00,DATA,00,00,2886,0,0,4B,4B,00,00,1
8111,1354,A,00,FF,DATA,00,FF,2887,0,0,4B,4B,00,00,1
8112,1354,B,B8,00,DATA,00,B8,2888,0,0,4B,4B,00,00,1
8113,1354,A,00,57,DATA,00,57,2889,0,0,4B,4B,00,00,1
8114,1354,B,00,00,DATA,00,00,2890,0,0,4B,4B,00,00,1
8115,1354,A,00,FF,DATA,00,FF,2891,0,0,4B,4B,00,00,1
8116,1354,B,6E,00,DATA,00,6E,2892,0,0,4B,4B,00,00,1
8117,1354,A,00,D5,DATA,00,D5,2893,0,0,4B,4B,00,00,1
8118,1354,B,00,00,DATA,00,00,2894,0,0,4B,4B,00,00,1
8119,1354,A,00,FF,DATA,00,FF,2895,0,0,4B,4B,00,00,1
8120,1354,B,BF,00,DATA,00,BF,2896,0,0,4B,4B,00,00,1
8121,1354,A,00,40,DATA,00,40,2897,0,0,4B,4B,00,00,1
8122,1354,B,07,00,DATA,00,07,2898,0,0,4B,4B,00,00,1
8123,1354,A,00,F8,DATA,00,F8,2899,0,0,4B,4B,00,00,1
8124,1354,B,AA,00,DATA,00,AA,2900,0,0,4B,4B,00,00,1
8125,1354,A,00,55,DATA,00,55,2901,0,0,4B,4B,00,00,1
8126,1354,B,07,00,DATA,00,07,2902,0,0,4B,4B,00,00,1
8127,1354,A,00,F8,DATA,00,F8,2903,0,0,4B,4B,00,00,1
8128,1354,B,8A,00,DATA,00,8A,2904,0,0,4B,4B,00,00,1
8129,1354,A,00,75,DATA,00,75,2905,0,0,4B,4B,00,00,1
8130,1354,B,01,00,DATA,00,01,2906,0,0,4B,4B,00,00,1
8131,1354,A,00,FE,DATA,00,FE,2907,0,0,4B,4B,00,00,1
8132,1354,B,EA,00,DATA,00,EA,2908,0,0,4B,4B,00,00,1
8133,1354,A,00,55,DATA,00,55,2909,0,0,4B,4B,00,00,1
8134,1354,B,00,00,DATA,00,00,2910,0,0,4B,4B,00,00,1
8135,1354,A,00,FF,DATA,00,FF,2911,0,0,4B,4B,00,00,1
8136,1354,B,A4,00,DATA,00,A4,2912,0,0,4B,4B,00,00,1
8137,1354,A,00,50,DATA,00,50,2913,0,0,4B,4B,00,00,1
8138,1354,B,FE,00,DATA,00,FE,2914,0,0,4B,4B,00,00,1
8139,1354,A,00,00,DATA,00,00,2915,0,0,4B,4B,00,00,1
8140,1354,B,8B,00,DATA,00,8B,2916,0,0,4B,4B,00,00,1
8141,1354,A,00,54,DATA,00,54,2917,0,0,4B,4B,00,00,1
8142,1354,B,66,00,DATA,00,66,2918,0,0,4B,4B,00,00,1
8143,1354,A,00,99,DATA,00,99,2919,0,0,4B,4B,00,00,1
8144,1354,B,AA,00,DATA,00,AA,2920,0,0,4B,4B,00,00,1
8145,1354,A,00,55,DATA,00,55,2921,0,0,4B,4B,00,00,1
8146,1354,B,E8,00,DATA,00,E8,2922,0,0,4B,4B,00,00,1
8147,1354,A,00,17,DATA,00,17,2923,0,0,4B,4B,00,00,1
8148,1354,B,AA,00,DATA,00,AA,2924,0,0,4B,4B,00,00,1
8149,1354,A,00,55,DATA,00,55,2925,0,0,4B,4B,00,00,1
8150,1354,B,10,00,DATA,00,10,2926,0,0,4B,4B,00,00,1
8151,1354,A,00,EF,DATA,00,EF,2927,0,0,4B,4B,00,00,1
8152,1354,B,00,00,DATA,00,00,2928,0,0,4B,4B,00,00,1
8153,1354,A,00,00,DATA,00,00,2929,0,0,4B,4B,00,00,1
8154,1354,B,00,00,DATA,00,00,2930,0,0,4B,4B,00,00,1
8155,1354,A,00,00,DATA,00,00,2931,0,0,4B,4B,00,00,1
8156,1354,B,00,00,DATA,00,00,2932,0,0,4B,4B,00,00,1
8157,1354,A,00,00,DATA,00,00,2933,0,0,4B,4B,00,00,1
8158,1354,B,83,00,DATA,00,83,2934,0,0,4B,4B,00,00,1
8159,1354,A,00,00,DATA,00,00,2935,0,0,4B,4B,00,00,1
8160,1354,B,96,00,DATA,00,96,2936,0,0,4B,4B,00,00,1
8161,1354,A,00,41,DATA,00,41,2937,0,0,4B,4B,00,00,1
8162,1354,B,3C,00,DATA,00,3C,2938,0,0,4B,4B,00,00,1
8163,1354,A,00,C3,DATA,00,C3,2939,0,0,4B,4B,00,00,1
8164,1354,B,AA,00,DATA,00,AA,2940,0,0,4B,4B,00,00,1
8165,1354,A,00,55,DATA,00,55,2941,0,0,4B,4B,00,00,1
8166,1354,B,00,00,DATA,00,00,2942,0,0,4B,4B,00,00,1
8167,1354,A,00,FF,DATA,00,FF,2943,0,0,4B,4B,00,00,1
8168,1354,B,06,00,DATA,00,06,2944,0,0,4B,4B,00,00,1
8169,1354,A,00,01,DATA,00,01,2945,0,0,4B,4B,00,00,1
8170,1354,B,1E,00,DATA,00,1E,2946,0,0,4B,4B,00,00,1
8171,1354,A,00,01,DATA,00,01,2947,0,0,4B,4B,00,00,1
8172,1354,B,4A,00,DATA,00,4A,2948,0,0,4B,4B,00,00,1
8173,1354,A,00,15,DATA,00,15,2949,0,0,4B,4B,00,00,1
8174,1354,B,C5,00,DATA,00,C5,2950,0,0,4B,4B,00,00,1
8175,1354,A,00,3A,DATA,00,3A,2951,0,0,4B,4B,00,00,1
8176,1354,B,AA,00,DATA,00,AA,2952,0,0,4B,4B,00,00,1
8177,1354,A,00,55,DATA,00,55,2953,0,0,4B,4B,00,00,1
8178,1354,B,C8,00,DATA,00,C8,2954,0,0,4B,4B,00,00,1
8179,1354,A,00,37,DATA,00,37,2955,0,0,4B,4B,00,00,1
8180,1354,B,AA,00,DATA,00,AA,2956,0,0,4B,4B,00,00,1
8181,1354,A,00,55,DATA,00,55,2957,0,0,4B,4B,00,00,1
8182,1354,B,95,00,DATA,00,95,2958,0,0,4B,4B,00,00,1
8183,1354,A,00,6A,DATA,00,6A,2959,0,0,4B,4B,00,00,1
8184,1354,B,AB,00,DATA,00,AB,2960,0,0,4B,4B,00,00,1
8185,1354,A,00,55,DATA,00,55,2961,0,0,4B,4B,00,00,1
8186,1354,B,5C,00,DATA,00,5C,2962,0,0,4B,4B,00,00,1
8187,1354,A,00,A3,DATA,00,A3,2963,0,0,4B,4B,00,00,1
8188,1354,B,A9,00,DATA,00,A9,2964,0,0,4B,4B,00,00,1
8189,1354,A,00,57,DATA,00,57,2965,0,0,4B,4B,00,00,1
8190,1396,B,1C,00,DATA,00,1C,2966,0,0,4B,4B,00,00,1
8191,1396,A,00,E3,DATA,00,E3,2967,0,0,4B,4B,00,00,1
8192,1396,B,A9,00,DATA,00,A9,2968,0,0,4B,4B,00,00,1
8193,1396,A,00,57,DATA,00,57,2969,0,0,4B,4B,00,00,1
8194,1396,B,C2,00,DATA,00,C2,2970,0,0,4B,4B,00,00,1
8195,1396,A,00,3F,DATA,00,3F,2971,0,0,4B,4B,00,00,1
8196,1396,B,A9,00,DATA,00,A9,2972,0,0,4B,4B,00,00,1
8197,1396,A,00,57,DATA,00,57,2973,0,0,4B,4B,00,00,1
8198,1396,B,90,00,DATA,00,90,2974,0,0,4B,4B,00,00,1
8199,1396,A,00,6F,DATA,00,6F,2975,0,0,4B,4B,00,00,1
8200,1396,B,2A,00,DATA,00,2A,2976,0,0,4B,4B,00,00,1
8201,1396,A,00,D5,DATA,00,D5,2977,0,0,4B,4B,00,00,1
8202,1396,B,1D,00,DATA,00,1D,2978,0,0,4B,4B,00,00,1
8203,1396,A,00,E2,DATA,00,E2,2979,0,0,4B,4B,00,00,1
8204,1396,B,2A,00,DATA,00,2A,2980,0,0,4B,4B,00,00,1
8205,1396,A,00,D5,DATA,00,D5,2981,0,0,4B,4B,00,00,1
8206,1396,B,17,00,DATA,00,17,2982,0,0,4B,4B,00,00,1
8207,1396,A,00,E8,DATA,00,E8,2983,0,0,4B,4B,00,00,1
8208,1396,B,0A,00,DATA,00,0A,2984,0,0,4B,4B,00,00,1
8209,1396,A,00,F5,DATA,00,F5,2985,0,0,4B,4B,00,00,1
8210,1396,B,0F,00,DATA,00,0F,2986,0,0,4B,4B,00,00,1
8211,1396,A,00,F0,DATA,00,F0,2987,0,0,4B,4B,00,00,1
8212,1396,B,7E,00,DATA,00,7E,2988,0,0,4B,4B,00,00,1
8213,1396,A,00,D1,DATA,00,D1,2989,0,0,4B,4B,00,00,1
8214,1396,B,03,00,DATA,00,03,2990,0,0,4B,4B,00,00,1
8215,1396,A,00,FC,DATA,00,FC,2991,0,0,4B,4B,00,00,1
8216,1396,B,AB,00,DATA,00,AB,2992,0,0,4B,4B,00,00,1
8217,1396,A,00,55,DATA,00,55,2993,0,0,4B,4B,00,00,1
8218,1396,B,40,00,DATA,00,40,2994,0,0,4B,4B,00,00,1
8219,1396,A,00,BF,DATA,00,BF,2995,0,0,4B,4B,00,00,1
8220,1396,B,85,00,DATA,00,85,2996,0,0,4B,4B,00,00,1
8221,1396,A,00,7F,DATA,00,7F,2997,0,0,4B,4B,00,00,1
8222,1396,B,00,00,DATA,00,00,2998,0,0,4B,4B,00,00,1
8223,1396,A,00,FF,DATA,00,FF,2999,0,0,4B,4B,00,00,1
8224,1396,B,90,00,DATA,00,90,3000,0,0,4B,4B,00,00,1
8225,1396,A,00,7F,DATA,00,7F,3001,0,0,4B,4B,00,00,1
8226,1396,B,45,00,DATA,00,45,3002,0,0,4B,4B,00,00,1
8227,1396,A,00,BA,DATA,00,BA,3003,0,0,4B,4B,00,00,1
8228,1396,B,AA,00,DATA,00,AA,3004,0,0,4B,4B,00,00,1
8229,1396,A,00,55,DATA,00,55,3005,0,0,4B,4B,00,00,1
8230,1396,B,00,00,DATA,00,00,3006,0,0,4B,4B,00,00,1
8231,1396,A,00,FF,DATA,00,FF,3007,0,0,4B,4B,00,00,1
8232,1396,B,54,00,DATA,00,54,3008,0,0,4B,4B,00,00,1
8233,1396,A,00,FF,DATA,00,FF,3009,0,0,4B,4B,00,00,1
8234,1396,B,00,00,DATA,00,00,3010,0,0,4B,4B,00,00,1
8235,1396,A,00,FF,DATA,00,FF,3011,0,0,4B,4B,00,00,1
8236,1396,B,20,00,DATA,00,20,3012,0,0,4B,4B,00,00,1
8237,1396,A,00,DF,DATA,00,DF,3013,0,0,4B,4B,00,00,1
8238,1396,B,00,00,DATA,00,00,3014,0,0,4B,4B,00,00,1
8239,1396,A,00,FF,DATA,00,FF,3015,0,0,4B,4B,00,00,1
8240,1396,B,A9,00,DATA,00,A9,3016,0,0,4B,4B,00,00,1
8241,1396,A,00,57,DATA,00,57,3017,0,0,4B,4B,00,00,1
8242,1396,B,5D,00,DATA,00,5D,3018,0,0,4B,4B,00,00,1
8243,1396,A,00,A2,DATA,00,A2,3019,0,0,4B,4B,00,00,1
8244,1396,B,A0,00,DATA,00,A0,3020,0,0,4B,4B,00,00,1
8245,1396,A,00,5F,DATA,00,5F,3021,0,0,4B,4B,00,00,1
8246,1396,B,00,00,DATA,00,00,3022,0,0,4B,4B,00,00,1
8247,1396,A,00,FF,DATA,00,FF,3023,0,0,4B,4B,00,00,1
8248,1396,B,09,00,DATA,00,09,3024,0,0,4B,4B,00,00,1
8249,1396,A,00,F7,DATA,00,F7,3025,0,0,4B,4B,00,00,1
8250,1396,B,00,00,DATA,00,00,3026,0,0,4B,4B,00,00,1
8251,1396,A,00,FF,DATA,00,FF,3027,0,0,4B,4B,00,00,1
8252,1396,B,06,00,DATA,00,06,3028,0,0,4B,4B,00,00,1
8253,1396,A,00,FD,DATA,00,FD,3029,0,0,4B,4B,00,00,1
8254,1396,B,03,00,DATA,00,03,3030,0,0,4B,4B,00,00,1
8255,1396,A,00,FC,DATA,00,FC,3031,0,0,4B,4B,00,00,1
8256,1396,B,16,00,DATA,00,16,3032,0,0,4B,4B,00,00,1
8257,1396,A,00,FD,DATA,00,FD,3033,0,0,4B,4B,00,00,1
8258,1396,B,22,00,DATA,00,22,3034,0,0,4B,4B,00,00,1
8259,1396,A,00,FF,DATA,00,FF,3035,0,0,4B,4B,00,00,1
8260,1396,B,49,00,DATA,00,49,3036,0,0,4B,4B,00,00,1
8261,1396,A,00,F7,DATA,00,F7,3037,0,0,4B,4B,00,00,1
8262,1396,B,04,00,DATA,00,04,3038,0,0,4B,4B,00,00,1
8263,1396,A,00,FB,DATA,00,FB,3039,0,0,4B,4B,00,00,1
8264,1396,B,F2,00,DATA,00,F2,3040,0,0,4B,4B,00,00,1
8265,1396,A,00,1D,DATA,00,1D,3041,0,0,4B,4B,00,00,1
8266,1396,B,44,00,DATA,00,44,3042,0,0,4B,4B,00,00,1
8267,1396,A,00,BB,DATA,00,BB,3043,0,0,4B,4B,00,00,1
8268,1396,B,59,00,DATA,00,59,3044,0,0,4B,4B,00,00,1
8269,1396,A,00,F7,DATA,00,F7,3045,0,0,4B,4B,00,00,1
8270,1396,B,02,00,DATA,00,02,3046,0,0,4B,4B,00,00,1
8271,1396,A,00,FF,DATA,00,FF,3047,0,0,4B,4B,00,00,1
8272,1396,B,87,00,DATA,00,87,3048,0,0,4B,4B,00,00,1
8273,1396,A,00,7F,DATA,00,7F,3049,0,0,4B,4B,00,00,1
8274,1396,B,8F,00,DATA,00,8F,3050,0,0,4B,4B,00,00,1
8275,1396,A,00,FF,DATA,00,FF,3051,0,0,4B,4B,00,00,1
8276,1396,B,25,00,DATA,00,25,3052,0,0,4B,4B,00,00,1
8277,1396,A,00,DF,DATA,00,DF,3053,0,0,4B,4B,00,00,1
8278,1396,B,0B,00,DATA,00,0B,3054,0,0,4B,4B,00,00,1
8279,1396,A,00,FF,DATA,00,FF,3055,0,0,4B,4B,00,00,1
8280,1396,B,5F,00,DATA,00,5F,3056,0,0,4B,4B,00,00,1
8281,1396,A,00,FF,DATA,00,FF,3057,0,0,4B,4B,00,00,1
8282,1396,B,FF,00,DATA,00,FF,3058,0,0,4B,4B,00,00,1
8283,1396,A,00,FF,DATA,00,FF,3059,0,0,4B,4B,00,00,1
8284,1396,B,55,00,DATA,00,55,3060,0,0,4B,4B,00,00,1
8285,1396,A,00,FF,DATA,00,FF,3061,0,0,4B,4B,00,00,1
8286,1396,B,FF,00,DATA,00,FF,3062,0,0,4B,4B,00,00,1
8287,1396,A,00,FF,DATA,00,FF,3063,0,0,4B,4B,00,00,1
8288,1396,B,F7,00,DATA,00,F7,3064,0,0,4B,4B,00,00,1
8289,1396,A,00,FF,DATA,00,FF,3065,0,0,4B,4B,00,00,1
8290,1396,B,FF,00,DATA,00,FF,3066,0,0,4B,4B,00,00,1
8291,1396,A,00,FF,DATA,00,FF,3067,0,0,4B,4B,00,00,1
8292,1396,B,F7,00,DATA,00,F7,3068,0,0,4B,4B,00,00,1
8293,1396,A,00,FF,DATA,00,FF,3069,0,0,4B,4B,00,00,1
8294,1396,B,FF,00,DATA,00,FF,3070,0,0,4B,4B,00,00,1
8295,1396,A,00,FF,DATA,00,FF,3071,0,0,4B,4B,00,00,1
8296,1396,B,F7,00,DATA,00,F7,3072,0,0,4B,4B,00,00,1
8297,1396,A,00,FF,DATA,00,FF,3073,0,0,4B,4B,00,00,1
8298,1396,B,FF,00,DATA,00,FF,3074,0,0,4B,4B,00,00,1
8299,1396,A,00,FF,DATA,00,FF,3075,0,0,4B,4B,00,00,1
8300,1396,B,55,00,DATA,00,55,3076,0,0,4B,4B,00,00,1
8301,1396,A,00,FF,DATA,00,FF,3077,0,0,4B,4B,00,00,1
8302,1396,B,FF,00,DATA,00,FF,3078,0,0,4B,4B,00,00,1
8303,1396,A,00,FF,DATA,00,FF,3079,0,0,4B,4B,00,00,1
8304,1396,B,F7,00,DATA,00,F7,3080,0,0,4B,4B,00,00,1
8305,1396,A,00,FF,DATA,00,FF,3081,0,0,4B,4B,00,00,1
8306,1396,B,FF,00,DATA,00,FF,3082,0,0,4B,4B,00,00,1
8307,1396,A,00,FF,DATA,00,FF,3083,0,0,4B,4B,00,00,1
8308,1396,B,D5,00,DATA,00,D5,3084,0,0,4B,4B,00,00,1
8309,1396,A,00,FF,DATA,00,FF,3085,0,0,4B,4B,00,00,1
8310,1396,B,FE,00,DATA,00,FE,3086,0,0,4B,4B,00,00,1
8311,1396,A,00,FF,DATA,00,FF,3087,0,0,4B,4B,00,00,1
8312,1396,B,75,00,DATA,00,75,3088,0,0,4B,4B,00,00,1
8313,1396,A,00,FF,DATA,00,FF,3089,0,0,4B,4B,00,00,1
8314,1396,B,EF,00,DATA,00,EF,3090,0,0,4B,4B,00,00,1
8315,1396,A,00,FF,DATA,00,FF,3091,0,0,4B,4B,00,00,1
8316,1396,B,D7,00,DATA,00,D7,3092,0,0,4B,4B,00,00,1
8317,1396,A,00,FF,DATA,00,FF,3093,0,0,4B,4B,00,00,1
8318,1396,B,DF,00,DATA,00,DF,3094,0,0,4B,4B,00,00,1
8319,1396,A,00,FF,DATA,00,FF,3095,0,0,4B,4B,00,00,1
8320,1396,B,D5,00,DATA,00,D5,3096,0,0,4B,4B,00,00,1
8321,1396,A,00,FF,DATA,00,FF,3097,0,0,4B,4B,00,00,1
8322,1396,B,FF,00,DATA,00,FF,3098,0,0,4B,4B,00,00,1
8323,1396,A,00,FF,DATA,00,FF,3099,0,0,4B,4B,00,00,1
8324,1396,B,55,00,DATA,00,55,3100,0,0,4B,4B,00,00,1
8325,1396,A,00,FF,DATA,00,FF,3101,0,0,4B,4B,00,00,1
8326,1396,B,6F,00,DATA,00,6F,3102,0,0,4B,4B,00,00,1
8327,1396,A,00,FF,DATA,00,FF,3103,0,0,4B,4B,00,00,1
8328,1396,B,55,00,DATA,00,55,3104,0,0,4B,4B,00,00,1
8329,1396,A,00,FF,DATA,00,FF,3105,0,0,4B,4B,00,00,1
8330,1396,B,FF,00,DATA,00,FF,3106,0,0,4B,4B,00,00,1
8331,1396,A,00,FF,DATA,00,FF,3107,0,0,4B,4B,00,00,1
8332,1396,B,55,00,DATA,00,55,3108,0,0,4B,4B,00,00,1
8333,1396,A,00,FF,DATA,00,FF,3109,0,0,4B,4B,00,00,1
8334,1396,B,D6,00,DATA,00,D6,3110,0,0,4B,4B,00,00,1
8335,1396,A,00,FF,DATA,00,FF,3111,0,0,4B,4B,00,00,1
8336,1396,B,55,00,DATA,00,55,3112,0,0,4B,4B,00,00,1
8337,1396,A,00,FF,DATA,00,FF,3113,0,0,4B,4B,00,00,1
8338,1396,B,F2,00,DATA,00,F2,3114,0,0,4B,4B,00,00,1
8339,1396,A,00,FF,DATA,00,FF,3115,0,0,4B,4B,00,00,1
8340,1396,B,55,00,DATA,00,55,3116,0,0,4B,4B,00,00,1
8341,1396,A,00,FF,DATA,00,FF,3117,0,0,4B,4B,00,00,1
8342,1396,B,FF,00,DATA,00,FF,3118,0,0,4B,4B,00,00,1
8343,1396,A,00,FF,DATA,00,FF,3119,0,0,4B,4B,00,00,1
8344,1396,B,54,00,DATA,00,54,3120,0,0,4B,4B,00,00,1
8345,1396,A,00,F3,DATA,00,F3,3121,0,0,4B,4B,00,00,1
8346,1396,B,D6,00,DATA,00,D6,3122,0,0,4B,4B,00,00,1
8347,1396,A,00,F9,DATA,00,F9,3123,0,0,4B,4B,00,00,1
8348,1396,B,57,00,DATA,00,57,3124,0,0,4B,4B,00,00,1
8349,1396,A,00,FC,DATA,00,FC,3125,0,0,4B,4B,00,00,1
8350,1396,B,80,00,DATA,00,80,3126,0,0,4B,4B,00,00,1
8351,1396,A,00,FF,DATA,00,FF,3127,0,0,4B,4B,00,00,1
8352,1396,B,55,00,DATA,00,55,3128,0,0,4B,4B,00,00,1
8353,1396,A,00,FF,DATA,00,FF,3129,0,0,4B,4B,00,00,1
8354,1396,B,2B,00,DATA,00,2B,3130,0,0,4B,4B,00,00,1
8355,1396,A,00,FF,DATA,00,FF,3131,0,0,4B,4B,00,00,1
8356,1396,B,55,00,DATA,00,55,3132,0,0,4B,4B,00,00,1
8357,1396,A,00,FF,DATA,00,FF,3133,0,0,4B,4B,00,00,1
8358,1396,B,5C,00,DATA,00,5C,3134,0,0,4B,4B,00,00,1
8359,1396,A,00,FF,DATA,00,FF,3135,0,0,4B,4B,00,00,1
8360,1396,B,90,00,DATA,00,90,3136,0,0,4B,4B,00,00,1
8361,1396,A,00,7F,DATA,00,7F,3137,0,0,4B,4B,00,00,1
8362,1396,B,80,00,DATA,00,80,3138,0,0,4B,4B,00,00,1
8363,1396,A,00,7F,DATA,00,7F,3139,0,0,4B,4B,00,00,1
8364,1396,B,A8,00,DATA,00,A8,3140,0,0,4B,4B,00,00,1
8365,1396,A,00,57,DATA,00,57,3141,0,0,4B,4B,00,00,1
8366,1396,B,D0,00,DATA,00,D0,3142,0,0,4B,4B,00,00,1
8367,1396,A,00,2F,DATA,00,2F,3143,0,0,4B,4B,00,00,1
8368,1396,B,E9,00,DATA,00,E9,3144,0,0,4B,4B,00,00,1
8369,1396,A,00,17,DATA,00,17,3145,0,0,4B,4B,00,00,1
8370,1396,B,30,00,DATA,00,30,3146,0,0,4B,4B,00,00,1
8371,1396,A,00,CF,DATA,00,CF,3147,0,0,4B,4B,00,00,1
8372,1396,B,61,00,DATA,00,61,3148,0,0,4B,4B,00,00,1
8373,1396,A,00,D7,DATA,00,D7,3149,0,0,4B,4B,00,00,1
8374,1396,B,43,00,DATA,00,43,3150,0,0,4B,4B,00,00,1
8375,1396,A,00,FC,DATA,00,FC,3151,0,0,4B,4B,00,00,1
8376,1396,B,AA,00,DATA,00,AA,3152,0,0,4B,4B,00,00,1
8377,1396,A,00,55,DATA,00,55,3153,0,0,4B,4B,00,00,1
8378,1396,B,44,00,DATA,00,44,3154,0,0,4B,4B,00,00,1
8379,1396,A,00,BB,DATA,00,BB,3155,0,0,4B,4B,00,00,1
8380,1396,B,AA,00,DATA,00,AA,3156,0,0,4B,4B,00,00,1
8381,1396,A,00,55,DATA,00,55,3157,0,0,4B,4B,00,00,1
8382,1396,B,24,00,DATA,00,24,3158,0,0,4B,4B,00,00,1
8383,1396,A,00,DB,DATA,00,DB,3159,0,0,4B,4B,00,00,1
8384,1396,B,AA,00,DATA,00,AA,3160,0,0,4B,4B,00,00,1
8385,1396,A,00,55,DATA,00,55,3161,0,0,4B,4B,00,00,1
8386,1396,B,04,00,DATA,00,04,3162,0,0,4B,4B,00,00,1
8387,1396,A,00,FB,DATA,00,FB,3163,0,0,4B,4B,00,00,1
8388,1396,B,22,00,DATA,00,22,3164,0,0,4B,4B,00,00,1
8389,1396,A,00,DD,DATA,00,DD,3165,0,0,4B,4B,00,00,1
8390,1396,B,21,00,DATA,00,21,3166,0,0,4B,4B,00,00,1
8391,1396,A,00,DE,DATA,00,DE,3167,0,0,4B,4B,00,00,1
8392,1396,B,AA,00,DATA,00,AA,3168,0,0,4B,4B,00,00,1
8393,1396,A,00,55,DATA,00,55,3169,0,0,4B,4B,00,00,1
8394,1396,B,76,00,DATA,00,76,3170,0,0,4B,4B,00,00,1
8395,1396,A,00,89,DATA,00,89,3171,0,0,4B,4B,00,00,1
8396,1396,B,AB,00,DATA,00,AB,3172,0,0,4B,4B,00,00,1
8397,1396,A,00,55,DATA,00,55,3173,0,0,4B,4B,00,00,1
8398,1396,B,00,00,DATA,00,00,3174,0,0,4B,4B,00,00,1
8399,1396,A,00,FF,DATA,00,FF,3175,0,0,4B,4B,00,00,1
8400,1396,B,A9,00,DATA,00,A9,3176,0,0,4B,4B,00,00,1
8401,1396,A,00,57,DATA,00,57,3177,0,0,4B,4B,00,00,1
8402,1396,B,02,00,DATA,00,02,3178,0,0,4B,4B,00,00,1
8403,1396,A,00,FF,DATA,00,FF,3179,0,0,4B,4B,00,00,1
8404,1396,B,A8,00,DATA,00,A8,3180,0,0,4B,4B,00,00,1
8405,1396,A,00,57,DATA,00,57,3181,0,0,4B,4B,00,00,1
8406,1396,B,00,00,DATA,00,00,3182,0,0,4B,4B,00,00,1
8407,1396,A,00,FF,DATA,00,FF,3183,0,0,4B,4B,00,00,1
8408,1396,B,0A,00,DATA,00,0A,3184,0,0,4B,4B,00,00,1
8409,1396,A,00,F5,DATA,00,F5,3185,0,0,4B,4B,00,00,1
8410,1396,B,00,00,DATA,00,00,3186,0,0,4B,4B,00,00,1
8411,1396,A,00,FF,DATA,00,FF,3187,0,0,4B,4B,00,00,1
8412,1396,B,A2,00,DATA,00,A2,3188,0,0,4B,4B,00,00,1
8413,1396,A,00,5D,DATA,00,5D,3189,0,0,4B,4B,00,00,1
8414,1396,B,88,00,DATA,00,88,3190,0,0,4B,4B,00,00,1
8415,1396,A,00,67,DATA,00,67,3191,0,0,4B,4B,00,00,1
8416,1396,B,93,00,DATA,00,93,3192,0,0,4B,4B,00,00,1
8417,1396,A,00,65,DATA,00,65,3193,0,0,4B,4B,00,00,1
8418,1396,B,CB,00,DATA,00,CB,3194,0,0,4B,4B,00,00,1
8419,1396,A,00,24,DATA,00,24,3195,0,0,4B,4B,00,00,1
8420,1396,B,55,00,DATA,00,55,3196,0,0,4B,4B,00,00,1
8421,1396,A,00,24,DATA,00,24,3197,0,0,4B,4B,00,00,1
8422,1396,B,8A,00,DATA,00,8A,3198,0,0,4B,4B,00,00,1
8423,1396,A,00,34,DATA,00,34,3199,0,0,4B,4B,00,00,1
8424,1396,B,AA,00,DATA,00,AA,3200,0,0,4B,4B,00,00,1
8425,1396,A,00,55,DATA,00,55,3201,0,0,4B,4B,00,00,1
8426,1396,B,00,00,DATA,00,00,3202,0,0,4B,4B,00,00,1
8427,1396,A,00,FF,DATA,00,FF,3203,0,0,4B,4B,00,00,1
8428,1396,B,A8,00,DATA,00,A8,3204,0,0,4B,4B,00,00,1
8429,1396,A,00,57,DATA,00,57,3205,0,0,4B,4B,00,00,1
8430,1396,B,C0,00,DATA,00,C0,3206,0,0,4B,4B,00,00,1
8431,1396,A,00,3F,DATA,00,3F,3207,0,0,4B,4B,00,00,1
8432,1396,B,89,00,DATA,00,89,3208,0,0,4B,4B,00,00,1
8433,1396,A,00,77,DATA,00,77,3209,0,0,4B,4B,00,00,1
8434,1396,B,00,00,DATA,00,00,3210,0,0,4B,4B,00,00,1
8435,1396,A,00,FF,DATA,00,FF,3211,0,0,4B,4B,00,00,1
8436,1396,B,28,00,DATA,00,28,3212,0,0,4B,4B,00,00,1
8437,1396,A,00,D7,DATA,00,D7,3213,0,0,4B,4B,00,00,1
8438,1396,B,00,00,DATA,00,00,3214,0,0,4B,4B,00,00,1
8439,1396,A,00,FF,DATA,00,FF,3215,0,0,4B,4B,00,00,1
8440,1396,B,A5,00,DATA,00,A5,3216,0,0,4B,4B,00,00,1
8441,1396,A,00,5F,DATA,00,5F,3217,0,0,4B,4B,00,00,1
8442,1396,B,00,00,DATA,00,00,3218,0,0,4B,4B,00,00,1
8443,1396,A,00,FF,DATA,00,FF,3219,0,0,4B,4B,00,00,1
8444,1396,B,E0,00,DATA,00,E0,3220,0,0,4B,4B,00,00,1
8445,1396,A,00,5F,DATA,00,5F,3221,0,0,4B,4B,00,00,1
8446,1396,B,00,00,DATA,00,00,3222,0,0,4B,4B,00,00,1
8447,1396,A,00,FF,DATA,00,FF,3223,0,0,4B,4B,00,00,1
8448,1396,B,39,00,DATA,00,39,3224,0,0,4B,4B,00,00,1
8449,1396,A,00,D7,DATA,00,D7,3225,0,0,4B,4B,00,00,1
8450,1396,B,00,00,DATA,00,00,3226,0,0,4B,4B,00,00,1
8451,1396,A,00,FF,DATA,00,FF,3227,0,0,4B,4B,00,00,1
8452,1396,B,2A,00,DATA,00,2A,3228,0,0,4B,4B,00,00,1
8453,1396,A,00,D5,DATA,00,D5,3229,0,0,4B,4B,00,00,1
8454,1396,B,10,00,DATA,00,10,3230,0,0,4B,4B,00,00,1
8455,1396,A,00,EF,DATA,00,EF,3231,0,0,4B,4B,00,00,1
8456,1396,B,6A,00,DATA,00,6A,3232,0,0,4B,4B,00,00,1
8457,1396,A,00,D5,DATA,00,D5,3233,0,0,4B,4B,00,00,1
8458,1396,B,01,00,DATA,00,01,3234,0,0,4B,4B,00,00,1
8459,1396,A,00,FE,DATA,00,FE,3235,0,0,4B,4B,00,00,1
8460,1396,B,E0,00,DATA,00,E0,3236,0,0,4B,4B,00,00,1
8461,1396,A,00,5F,DATA,00,5F,3237,0,0,4B,4B,00,00,1
8462,1396,B,00,00,DATA,00,00,3238,0,0,4B,4B,00,00,1
8463,1396,A,00,FF,DATA,00,FF,3239,0,0,4B,4B,00,00,1
8464,1396,B,08,00,DATA,00,08,3240,0,0,4B,4B,00,00,1
8465,1396,A,00,F7,DATA,00,F7,3241,0,0,4B,4B,00,00,1
8466,1396,B,00,00,DATA,00,00,3242,0,0,4B,4B,00,00,1
8467,1396,A,00,FF,DATA,00,FF,3243,0,0,4B,4B,00,00,1
8468,1396,B,02,00,DATA,00,02,3244,0,0,4B,4B,00,00,1
8469,1396,A,00,FD,DATA,00,FD,3245,0,0,4B,4B,00,00,1
8470,1396,B,20,00,DATA,00,20,3246,0,0,4B,4B,00,00,1
8471,1396,A,00,FF,DATA,00,FF,3247,0,0,4B,4B,00,00,1
8472,1396,B,AA,00,DATA,00,AA,3248,0,0,4B,4B,00,00,1
8473,1396,A,00,55,DATA,00,55,3249,0,0,4B,4B,00,00,1
8474,1396,B,44,00,DATA,00,44,3250,0,0,4B,4B,00,00,1
8475,1396,A,00,BB,DATA,00,BB,3251,0,0,4B,4B,00,00,1
8476,1396,B,E2,00,DATA,00,E2,3252,0,0,4B,4B,00,00,1
8477,1396,A,00,5D,DATA,00,5D,3253,0,0,4B,4B,00,00,1
8478,1396,B,00,00,DATA,00,00,3254,0,0,4B,4B,00,00,1
8479,1396,A,00,FF,DATA,00,FF,3255,0,0,4B,4B,00,00,1
8480,1396,B,1D,00,DATA,00,1D,3256,0,0,4B,4B,00,00,1
8481,1396,A,00,F7,DATA,00,F7,3257,0,0,4B,4B,00,00,1
8482,1396,B,20,00,DATA,00,20,3258,0,0,4B,4B,00,00,1
8483,1396,A,00,FF,DATA,00,FF,3259,0,0,4B,4B,00,00,1
8484,1396,B,C4,00,DATA,00,C4,3260,0,0,4B,4B,00,00,1
8485,1396,A,00,7F,DATA,00,7F,3261,0,0,4B,4B,00,00,1
8486,1396,B,02,00,DATA,00,02,3262,0,0,4B,4B,00,00,1
8487,1396,A,00,FF,DATA,00,FF,3263,0,0,4B,4B,00,00,1
8488,1396,B,A3,00,DATA,00,A3,3264,0,0,4B,4B,00,00,1
8489,1396,A,00,5D,DATA,00,5D,3265,0,0,4B,4B,00,00,1
8490,1396,B,03,00,DATA,00,03,3266,0,0,4B,4B,00,00,1
8491,1396,A,00,FF,DATA,00,FF,3267,0,0,4B,4B,00,00,1
8492,1396,B,AC,00,DATA,00,AC,3268,0,0,4B,4B,00,00,1
8493,1396,A,00,57,DATA,00,57,3269,0,0,4B,4B,00,00,1
8494,1396,B,01,00,DATA,00,01,3270,0,0,4B,4B,00,00,1
8495,1396,A,00,FE,DATA,00,FE,3271,0,0,4B,4B,00,00,1
8496,1396,B,04,00,DATA,00,04,3272,0,0,4B,4B,00,00,1
8497,1396,A,00,FF,DATA,00,FF,3273,0,0,4B,4B,00,00,1
8498,1396,B,18,00,DATA,00,18,3274,0,0,4B,4B,00,00,1
8499,1396,A,00,E7,DATA,00,E7,3275,0,0,4B,4B,00,00,1
8500,1396,B,29,00,DATA,00,29,3276,0,0,4B,4B,00,00,1
8501,1396,A,00,D7,DATA,00,D7,3277,0,0,4B,4B,00,00,1
8502,1396,B,00,00,DATA,00,00,3278,0,0,4B,4B,00,00,1
8503,1396,A,00,FF,DATA,00,FF,3279,0,0,4B,4B,00,00,1
8504,1396,B,01,00,DATA,00,01,3280,0,0,4B,4B,00,00,1
8505,1396,A,00,FF,DATA,00,FF,3281,0,0,4B,4B,00,00,1
8506,1396,B,00,00,DATA,00,00,3282,0,0,4B,4B,00,00,1
8507,1396,A,00,FF,DATA,00,FF,3283,0,0,4B,4B,00,00,1
8508,1396,B,6A,00,DATA,00,6A,3284,0,0,4B,4B,00,00,1
8509,1396,A,00,D5,DATA,00,D5,3285,0,0,4B,4B,00,00,1
8510,1396,B,04,00,DATA,00,04,3286,0,0,4B,4B,00,00,1
8511,1396,A,00,FB,DATA,00,FB,3287,0,0,4B,4B,00,00,1
8512,1396,B,49,00,DATA,00,49,3288,0,0,4B,4B,00,00,1
8513,1396,A,00,F7,DATA,00,F7,3289,0,0,4B,4B,00,00,1
8514,1396,B,03,00,DATA,00,03,3290,0,0,4B,4B,00,00,1
8515,1396,A,00,FF,DATA,00,FF,3291,0,0,4B,4B,00,00,1
8516,1396,B,05,00,DATA,00,05,3292,0,0,4B,4B,00,00,1
8517,1396,A,00,FF,DATA,00,FF,3293,0,0,4B,4B,00,00,1
8518,1396,B,3F,00,DATA,00,3F,3294,0,0,4B,4B,00,00,1
8519,1396,A,00,FF,DATA,00,FF,3295,0,0,4B,4B,00,00,1
8520,1396,B,97,00,DATA,00,97,3296,0,0,4B,4B,00,00,1
8521,1396,A,00,7F,DATA,00,7F,3297,0,0,4B,4B,00,00,1
8522,1396,B,3F,00,DATA,00,3F,3298,0,0,4B,4B,00,00,1
8523,1396,A,00,FF,DATA,00,FF,3299,0,0,4B,4B,00,00,1
8524,1396,B,55,00,DATA,00,55,3300,0,0,4B,4B,00,00,1
8525,1396,A,00,FF,DATA,00,FF,3301,0,0,4B,4B,00,00,1
8526,1396,B,FF,00,DATA,00,FF,3302,0,0,4B,4B,00,00,1
8527,1396,A,00,FF,DATA,00,FF,3303,0,0,4B,4B,00,00,1
8528,1396,B,57,00,DATA,00,57,3304,0,0,4B,4B,00,00,1
8529,1396,A,00,FF,DATA,00,FF,3305,0,0,4B,4B,00,00,1
8530,1396,B,FF,00,DATA,00,FF,3306,0,0,4B,4B,00,00,1
8531,1396,A,00,FF,DATA,00,FF,3307,0,0,4B,4B,00,00,1
8532,1396,B,55,00,DATA,00,55,3308,0,0,4B,4B,00,00,1
8533,1396,A,00,FF,DATA,00,FF,3309,0,0,4B,4B,00,00,1
8534,1396,B,AF,00,DATA,00,AF,3310,0,0,4B,4B,00,00,1
8535,1396,A,00,FF,DATA,00,FF,3311,0,0,4B,4B,00,00,1
8536,1396,B,57,00,DATA,00,57,3312,0,0,4B,4B,00,00,1
8537,1396,A,00,FF,DATA,00,FF,3313,0,0,4B,4B,00,00,1
8538,1396,B,E7,00,DATA,00,E7,3314,0,0,4B,4B,00,00,1
8539,1396,A,00,FF,DATA,00,FF,3315,0,0,4B,4B,00,00,1
8540,1396,B,7F,00,DATA,00,7F,3316,0,0,4B,4B,00,00,1
8541,1396,A,00,FF,DATA,00,FF,3317,0,0,4B,4B,00,00,1
8542,1396,B,FB,00,DATA,00,FB,3318,0,0,4B,4B,00,00,1
8543,1396,A,00,FF,DATA,00,FF,3319,0,0,4B,4B,00,00,1
8544,1396,B,DF,00,DATA,00,DF,3320,0,0,4B,4B,00,00,1
8545,1396,A,00,FF,DATA,00,FF,3321,0,0,4B,4B,00,00,1
8546,1396,B,FF,00,DATA,00,FF,3322,0,0,4B,4B,00,00,1
8547,1396,A,00,FF,DATA,00,FF,3323,0,0,4B,4B,00,00,1
8548,1396,B,DF,00,DATA,00,DF,3324,0,0,4B,4B,00,00,1
8549,1396,A,00,FF,DATA,00,FF,3325,0,0,4B,4B,00,00,1
8550,1396,B,FF,00,DATA,00,FF,3326,0,0,4B,4B,00,00,1
8551,1396,A,00,FF,DATA,00,FF,3327,0,0,4B,4B,00,00,1
8552,1396,B,F7,00,DATA,00,F7,3328,0,0,4B,4B,00,00,1
8553,1396,A,00,FF,DATA,00,FF,3329,0,0,4B,4B,00,00,1
8554,1396,B,FF,00,DATA,00,FF,3330,0,0,4B,4B,00,00,1
8555,1396,A,00,FF,DATA,00,FF,3331,0,0,4B,4B,00,00,1
8556,1396,B,5D,00,DATA,00,5D,3332,0,0,4B,4B,00,00,1
8557,1396,A,00,FF,DATA,00,FF,3333,0,0,4B,4B,00,00,1
8558,1396,B,DF,00,DATA,00,DF,3334,0,0,4B,4B,00,00,1
8559,1396,A,00,FF,DATA,00,FF,3335,0,0,4B,4B,00,00,1
8560,1396,B,FF,00,DATA,00,FF,3336,0,0,4B,4B,00,00,1
8561,1396,A,00,FF,DATA,00,FF,3337,0,0,4B,4B,00,00,1
8562,1396,B,7F,00,DATA,00,7F,3338,0,0,4B,4B,00,00,1
8563,1396,A,00,FF,DATA,00,FF,3339,0,0,4B,4B,00,00,1
8564,1396,B,95,00,DATA,00,95,3340,0,0,4B,4B,00,00,1
8565,1396,A,00,7F,DATA,00,7F,3341,0,0,4B,4B,00,00,1
8566,1396,B,CF,00,DATA,00,CF,3342,0,0,4B,4B,00,00,1
8567,1396,A,00,3F,DATA,00,3F,3343,0,0,4B,4B,00,00,1
8568,1396,B,F7,00,DATA,00,F7,3344,0,0,4B,4B,00,00,1
8569,1396,A,00,FF,DATA,00,FF,3345,0,0,4B,4B,00,00,1
8570,1396,B,FF,00,DATA,00,FF,3346,0,0,4B,4B,00,00,1
8571,1396,A,00,FF,DATA,00,FF,3347,0,0,4B,4B,00,00,1
8572,1396,B,D5,00,DATA,00,D5,3348,0,0,4B,4B,00,00,1
8573,1396,A,00,FF,DATA,00,FF,3349,0,0,4B,4B,00,00,1
8574,1396,B,FF,00,DATA,00,FF,3350,0,0,4B,4B,00,00,1
8575,1396,A,00,FF,DATA,00,FF,3351,0,0,4B,4B,00,00,1
8576,1396,B,55,00,DATA,00,55,3352,0,0,4B,4B,00,00,1
8577,1396,A,00,FF,DATA,00,FF,3353,0,0,4B,4B,00,00,1
8578,1396,B,F5,00,DATA,00,F5,3354,0,0,4B,4B,00,00,1
8579,1396,A,00,FF,DATA,00,FF,3355,0,0,4B,4B,00,00,1
8580,1396,B,77,00,DATA,00,77,3356,0,0,4B,4B,00,00,1
8581,1396,A,00,FF,DATA,00,FF,3357,0,0,4B,4B,00,00,1
8582,1396,B,F5,00,DATA,00,F5,3358,0,0,4B,4B,00,00,1
8583,1396,A,00,FF,DATA,00,FF,3359,0,0,4B,4B,00,00,1
8584,1396,B,D5,00,DATA,00,D5,3360,0,0,4B,4B,00,00,1
8585,1396,A,00,FF,DATA,00,FF,3361,0,0,4B,4B,00,00,1
8586,1396,B,F7,00,DATA,00,F7,3362,0,0,4B,4B,00,00,1
8587,1396,A,00,FF,DATA,00,FF,3363,0,0,4B,4B,00,00,1
8588,1396,B,5D,00,DATA,00,5D,3364,0,0,4B,4B,00,00,1
8589,1396,A,00,FF,DATA,00,FF,3365,0,0,4B,4B,00,00,1
8590,1396,B,FE,00,DATA,00,FE,3366,0,0,4B,4B,00,00,1
8591,1396,A,00,FF,DATA,00,FF,3367,0,0,4B,4B,00,00,1
8592,1396,B,55,00,DATA,00,55,3368,0,0,4B,4B,00,00,1
8593,1396,A,00,FF,DATA,00,FF,3369,0,0,4B,4B,00,00,1
8594,1396,B,FF,00,DATA,00,FF,3370,0,0,4B,4B,00,00,1
8595,1396,A,00,FF,DATA,00,FF,3371,0,0,4B,4B,00,00,1
8596,1396,B,F5,00,DATA,00,F5,3372,0,0,4B,4B,00,00,1
8597,1396,A,00,FF,DATA,00,FF,3373,0,0,4B,4B,00,00,1
8598,1396,B,FD,00,DATA,00,FD,3374,0,0,4B,4B,00,00,1
8599,1396,A,00,FF,DATA,00,FF,3375,0,0,4B,4B,00,00,1
8600,1396,B,55,00,DATA,00,55,3376,0,0,4B,4B,00,00,1
8601,1396,A,00,FF,DATA,00,FF,3377,0,0,4B,4B,00,00,1
8602,1396,B,A5,00,DATA,00,A5,3378,0,0,4B,4B,00,00,1
8603,1396,A,00,FF,DATA,00,FF,3379,0,0,4B,4B,00,00,1
8604,1396,B,57,00,DATA,00,57,3380,0,0,4B,4B,00,00,1
8605,1396,A,00,FF,DATA,00,FF,3381,0,0,4B,4B,00,00,1
8606,1396,B,91,00,DATA,00,91,3382,0,0,4B,4B,00,00,1
8607,1396,A,00,FF,DATA,00,FF,3383,0,0,4B,4B,00,00,1
8608,1396,B,55,00,DATA,00,55,3384,0,0,4B,4B,00,00,1
8609,1396,A,00,FF,DATA,00,FF,3385,0,0,4B,4B,00,00,1
8610,1396,B,7F,00,DATA,00,7F,3386,0,0,4B,4B,00,00,1
8611,1396,A,00,FF,DATA,00,FF,3387,0,0,4B,4B,00,00,1
8612,1396,B,55,00,DATA,00,55,3388,0,0,4B,4B,00,00,1
8613,1396,A,00,FF,DATA,00,FF,3389,0,0,4B,4B,00,00,1
8614,1396,B,CA,00,DATA,00,CA,3390,0,0,4B,4B,00,00,1
8615,1396,A,00,FF,DATA,00,FF,3391,0,0,4B,4B,00,00,1
8616,1396,B,56,00,DATA,00,56,3392,0,0,4B,4B,00,00,1
8617,1396,A,00,FD,DATA,00,FD,3393,0,0,4B,4B,00,00,1
8618,1396,B,84,00,DATA,00,84,3394,0,0,4B,4B,00,00,1
8619,1396,A,00,FF,DATA,00,FF,3395,0,0,4B,4B,00,00,1
8620,1396,B,55,00,DATA,00,55,3396,0,0,4B,4B,00,00,1
8621,1396,A,00,FF,DATA,00,FF,3397,0,0,4B,4B,00,00,1
8622,1396,B,E1,00,DATA,00,E1,3398,0,0,4B,4B,00,00,1
8623,1396,A,00,FF,DATA,00,FF,3399,0,0,4B,4B,00,00,1
8624,1396,B,55,00,DATA,00,55,3400,0,0,4B,4B,00,00,1
8625,1396,A,00,FF,DATA,00,FF,3401,0,0,4B,4B,00,00,1
8626,1396,B,F2,00,DATA,00,F2,3402,0,0,4B,4B,00,00,1
8627,1396,A,00,FF,DATA,00,FF,3403,0,0,4B,4B,00,00,1
8628,1396,B,55,00,DATA,00,55,3404,0,0,4B,4B,00,00,1
8629,1396,A,00,FF,DATA,00,FF,3405,0,0,4B,4B,00,00,1
8630,1396,B,FA,00,DATA,00,FA,3406,0,0,4B,4B,00,00,1
8631,1396,A,00,FF,DATA,00,FF,3407,0,0,4B,4B,00,00,1
8632,1396,B,B7,00,DATA,00,B7,3408,0,0,4B,4B,00,00,1
8633,1396,A,00,5D,DATA,00,5D,3409,0,0,4B,4B,00,00,1
8634,1396,B,4A,00,DATA,00,4A,3410,0,0,4B,4B,00,00,1
8635,1396,A,00,BD,DATA,00,BD,3411,0,0,4B,4B,00,00,1
8636,1396,B,6A,00,DATA,00,6A,3412,0,0,4B,4B,00,00,1
8637,1396,A,00,D5,DATA,00,D5,3413,0,0,4B,4B,00,00,1
8638,1396,B,04,00,DATA,00,04,3414,0,0,4B,4B,00,00,1
8639,1396,A,00,FB,DATA,00,FB,3415,0,0,4B,4B,00,00,1
8640,1396,B,76,00,DATA,00,76,3416,0,0,4B,4B,00,00,1
8641,1396,A,00,FD,DATA,00,FD,3417,0,0,4B,4B,00,00,1
8642,1396,B,3C,00,DATA,00,3C,3418,0,0,4B,4B,00,00,1
8643,1396,A,00,FF,DATA,00,FF,3419,0,0,4B,4B,00,00,1
8644,1396,B,55,00,DATA,00,55,3420,0,0,4B,4B,00,00,1
8645,1396,A,00,FF,DATA,00,FF,3421,0,0,4B,4B,00,00,1
8646,1396,B,FE,00,DATA,00,FE,3422,0,0,4B,4B,00,00,1
8647,1396,A,00,FF,DATA,00,FF,3423,0,0,4B,4B,00,00,1
8648,1396,B,D5,00,DATA,00,D5,3424,0,0,4B,4B,00,00,1
8649,1396,A,00,7F,DATA,00,7F,3425,0,0,4B,4B,00,00,1
8650,1396,B,01,00,DATA,00,01,3426,0,0,4B,4B,00,00,1
8651,1396,A,00,FF,DATA,00,FF,3427,0,0,4B,4B,00,00,1
8652,1396,B,A3,00,DATA,00,A3,3428,0,0,4B,4B,00,00,1
8653,1396,A,00,5D,DATA,00,5D,3429,0,0,4B,4B,00,00,1
8654,1396,B,84,00,DATA,00,84,3430,0,0,4B,4B,00,00,1
8655,1396,A,00,FB,DATA,00,FB,3431,0,0,4B,4B,00,00,1
8656,1396,B,B9,00,DATA,00,B9,3432,0,0,4B,4B,00,00,1
8657,1396,A,00,57,DATA,00,57,3433,0,0,4B,4B,00,00,1
8658,1396,B,7D,00,DATA,00,7D,3434,0,0,4B,4B,00,00,1
8659,1396,A,00,83,DATA,00,83,3435,0,0,4B,4B,00,00,1
8660,1396,B,6E,00,DATA,00,6E,3436,0,0,4B,4B,00,00,1
8661,1396,A,00,D1,DATA,00,D1,3437,0,0,4B,4B,00,00,1
8662,1396,B,83,00,DATA,00,83,3438,0,0,4B,4B,00,00,1
8663,1396,A,00,FC,DATA,00,FC,3439,0,0,4B,4B,00,00,1
8664,1396,B,95,00,DATA,00,95,3440,0,0,4B,4B,00,00,1
8665,1396,A,00,32,DATA,00,32,3441,0,0,4B,4B,00,00,1
8666,1396,B,AF,00,DATA,00,AF,3442,0,0,4B,4B,00,00,1
8667,1396,A,00,32,DATA,00,32,3443,0,0,4B,4B,00,00,1
8668,1396,B,28,00,DATA,00,28,3444,0,0,4B,4B,00,00,1
8669,1396,A,00,D7,DATA,00,D7,3445,0,0,4B,4B,00,00,1
8670,1396,B,00,00,DATA,00,00,3446,0,0,4B,4B,00,00,1
8671,1396,A,00,FF,DATA,00,FF,3447,0,0,4B,4B,00,00,1
8672,1396,B,99,00,DATA,00,99,3448,0,0,4B,4B,00,00,1
8673,1396,A,00,77,DATA,00,77,3449,0,0,4B,4B,00,00,1
8674,1396,B,CC,00,DATA,00,CC,3450,0,0,4B,4B,00,00,1
8675,1396,A,00,33,DATA,00,33,3451,0,0,4B,4B,00,00,1
8676,1396,B,18,00,DATA,00,18,3452,0,0,4B,4B,00,00,1
8677,1396,A,00,F7,DATA,00,F7,3453,0,0,4B,4B,00,00,1
8678,1396,B,F0,00,DATA,00,F0,3454,0,0,4B,4B,00,00,1
8679,1396,A,00,0F,DATA,00,0F,3455,0,0,4B,4B,00,00,1
8680,1396,B,E0,00,DATA,00,E0,3456,0,0,4B,4B,00,00,1
8681,1396,A,00,5F,DATA,00,5F,3457,0,0,4B,4B,00,00,1
8682,1396,B,80,00,DATA,00,80,3458,0,0,4B,4B,00,00,1
8683,1438,A,00,7F,DATA,00,7F,3459,0,0,4B,4B,00,00,1
8684,1438,B,D6,00,DATA,00,D6,3460,0,0,4B,4B,00,00,1
8685,1438,A,00,7D,DATA,00,7D,3461,0,0,4B,4B,00,00,1
8686,1438,B,00,00,DATA,00,00,3462,0,0,4B,4B,00,00,1
8687,1438,A,00,FF,DATA,00,FF,3463,0,0,4B,4B,00,00,1
8688,1438,B,10,00,DATA,00,10,3464,0,0,4B,4B,00,00,1
8689,1438,A,00,FF,DATA,00,FF,3465,0,0,4B,4B,00,00,1
8690,1438,B,00,00,DATA,00,00,3466,0,0,4B,4B,00,00,1
8691,1438,A,00,FF,DATA,00,FF,3467,0,0,4B,4B,00,00,1
8692,1438,B,94,00,DATA,00,94,3468,0,0,4B,4B,00,00,1
8693,1438,A,00,7F,DATA,00,7F,3469,0,0,4B,4B,00,00,1
8694,1438,B,C0,00,DATA,00,C0,3470,0,0,4B,4B,00,00,1
8695,1438,A,00,3F,DATA,00,3F,3471,0,0,4B,4B,00,00,1
8696,1438,B,A9,00,DATA,00,A9,3472,0,0,4B,4B,00,00,1
8697,1438,A,00,57,DATA,00,57,3473,0,0,4B,4B,00,00,1
8698,1438,B,02,00,DATA,00,02,3474,0,0,4B,4B,00,00,1
8699,1438,A,00,FF,DATA,00,FF,3475,0,0,4B,4B,00,00,1
8700,1438,B,27,00,DATA,00,27,3476,0,0,4B,4B,00,00,1
8701,1438,A,00,DD,DATA,00,DD,3477,0,0,4B,4B,00,00,1
8702,1438,B,00,00,DATA,00,00,3478,0,0,4B,4B,00,00,1
8703,1438,A,00,FF,DATA,00,FF,3479,0,0,4B,4B,00,00,1
8704,1438,B,95,00,DATA,00,95,3480,0,0,4B,4B,00,00,1
8705,1438,A,00,7F,DATA,00,7F,3481,0,0,4B,4B,00,00,1
8706,1438,B,08,00,DATA,00,08,3482,0,0,4B,4B,00,00,1
8707,1438,A,00,F7,DATA,00,F7,3483,0,0,4B,4B,00,00,1
8708,1438,B,01,00,DATA,00,01,3484,0,0,4B,4B,00,00,1
8709,1438,A,00,F7,DATA,00,F7,3485,0,0,4B,4B,00,00,1
8710,1438,B,2A,00,DATA,00,2A,3486,0,0,4B,4B,00,00,1
8711,1438,A,00,F7,DATA,00,F7,3487,0,0,4B,4B,00,00,1
8712,1438,B,95,00,DATA,00,95,3488,0,0,4B,4B,00,00,1
8713,1438,A,00,7F,DATA,00,7F,3489,0,0,4B,4B,00,00,1
8714,1438,B,F0,00,DATA,00,F0,3490,0,0,4B,4B,00,00,1
8715,1438,A,00,3F,DATA,00,3F,3491,0,0,4B,4B,00,00,1
8716,1438,B,14,00,DATA,00,14,3492,0,0,4B,4B,00,00,1
8717,1438,A,00,FF,DATA,00,FF,3493,0,0,4B,4B,00,00,1
8718,1438,B,89,00,DATA,00,89,3494,0,0,4B,4B,00,00,1
8719,1438,A,00,FE,DATA,00,FE,3495,0,0,4B,4B,00,00,1
8720,1438,B,58,00,DATA,00,58,3496,0,0,4B,4B,00,00,1
8721,1438,A,00,F7,DATA,00,F7,3497,0,0,4B,4B,00,00,1
8722,1438,B,42,00,DATA,00,42,3498,0,0,4B,4B,00,00,1
8723,1438,A,00,FF,DATA,00,FF,3499,0,0,4B,4B,00,00,1
8724,1438,B,88,00,DATA,00,88,3500,0,0,4B,4B,00,00,1
8725,1438,A,00,77,DATA,00,77,3501,0,0,4B,4B,00,00,1
8726,1438,B,07,00,DATA,00,07,3502,0,0,4B,4B,00,00,1
8727,1438,A,00,F8,DATA,00,F8,3503,0,0,4B,4B,00,00,1
8728,1438,B,57,00,DATA,00,57,3504,0,0,4B,4B,00,00,1
8729,1438,A,00,FD,DATA,00,FD,3505,0,0,4B,4B,00,00,1
8730,1438,B,01,00,DATA,00,01,3506,0,0,4B,4B,00,00,1
8731,1438,A,00,FE,DATA,00,FE,3507,0,0,4B,4B,00,00,1
8732,1438,B,74,00,DATA,00,74,3508,0,0,4B,4B,00,00,1
8733,1438,A,00,CF,DATA,00,CF,3509,0,0,4B,4B,00,00,1
8734,1438,B,16,00,DATA,00,16,3510,0,0,4B,4B,00,00,1
8735,1438,A,00,EF,DATA,00,EF,3511,0,0,4B,4B,00,00,1
8736,1438,B,1A,00,DATA,00,1A,3512,0,0,4B,4B,00,00,1
8737,1438,A,00,75,DATA,00,75,3513,0,0,4B,4B,00,00,1
8738,1438,B,07,00,DATA,00,07,3514,0,0,4B,4B,00,00,1
8739,1438,A,00,F8,DATA,00,F8,3515,0,0,4B,4B,00,00,1
8740,1438,B,99,00,DATA,00,99,3516,0,0,4B,4B,00,00,1
8741,1438,A,00,47,DATA,00,47,3517,0,0,4B,4B,00,00,1
8742,1438,B,D6,00,DATA,00,D6,3518,0,0,4B,4B,00,00,1
8743,1438,A,00,2F,DATA,00,2F,3519,0,0,4B,4B,00,00,1
8744,1438,B,50,00,DATA,00,50,3520,0,0,4B,4B,00,00,1
8745,1438,A,00,FF,DATA,00,FF,3521,0,0,4B,4B,00,00,1
8746,1438,B,84,00,DATA,00,84,3522,0,0,4B,4B,00,00,1
8747,1438,A,00,FB,DATA,00,FB,3523,0,0,4B,4B,00,00,1
8748,1438,B,49,00,DATA,00,49,3524,0,0,4B,4B,00,00,1
8749,1438,A,00,F7,DATA,00,F7,3525,0,0,4B,4B,00,00,1
8750,1438,B,46,00,DATA,00,46,3526,0,0,4B,4B,00,00,1
8751,1438,A,00,BF,DATA,00,BF,3527,0,0,4B,4B,00,00,1
8752,1438,B,95,00,DATA,00,95,3528,0,0,4B,4B,00,00,1
8753,1438,A,00,7F,DATA,00,7F,3529,0,0,4B,4B,00,00,1
8754,1438,B,3F,00,DATA,00,3F,3530,0,0,4B,4B,00,00,1
8755,1438,A,00,FF,DATA,00,FF,3531,0,0,4B,4B,00,00,1
8756,1438,B,D5,00,DATA,00,D5,3532,0,0,4B,4B,00,00,1
8757,1438,A,00,FF,DATA,00,FF,3533,0,0,4B,4B,00,00,1
8758,1438,B,FF,00,DATA,00,FF,3534,0,0,4B,4B,00,00,1
8759,1438,A,00,FF,DATA,00,FF,3535,0,0,4B,4B,00,00,1
8760,1438,B,FD,00,DATA,00,FD,3536,0,0,4B,4B,00,00,1
8761,1438,A,00,7F,DATA,00,7F,3537,0,0,4B,4B,00,00,1
8762,1438,B,BB,00,DATA,00,BB,3538,0,0,4B,4B,00,00,1
8763,1438,A,00,FF,DATA,00,FF,3539,0,0,4B,4B,00,00,1
8764,1438,B,FD,00,DATA,00,FD,3540,0,0,4B,4B,00,00,1
8765,1438,A,00,FF,DATA,00,FF,3541,0,0,4B,4B,00,00,1
8766,1438,B,FF,00,DATA,00,FF,3542,0,0,4B,4B,00,00,1
8767,1438,A,00,FF,DATA,00,FF,3543,0,0,4B,4B,00,00,1
8768,1438,B,57,00,DATA,00,57,3544,0,0,4B,4B,00,00,1
8769,1438,A,00,FF,DATA,00,FF,3545,0,0,4B,4B,00,00,1
8770,1438,B,FF,00,DATA,00,FF,3546,0,0,4B,4B,00,00,1
8771,1438,A,00,FF,DATA,00,FF,3547,0,0,4B,4B,00,00,1
8772,1438,B,57,00,DATA,00,57,3548,0,0,4B,4B,00,00,1
8773,1438,A,00,FF,DATA,00,FF,3549,0,0,4B,4B,00,00,1
8774,1438,B,FF,00,DATA,00,FF,3550,0,0,4B,4B,00,00,1
8775,1438,A,00,FF,DATA,00,FF,3551,0,0,4B,4B,00,00,1
8776,1438,B,77,00,DATA,00,77,3552,0,0,4B,4B,00,00,1
8777,1438,A,00,FF,DATA,00,FF,3553,0,0,4B,4B,00,00,1
8778,1438,B,FF,00,DATA,00,FF,3554,0,0,4B,4B,00,00,1
8779,1438,A,00,FF,DATA,00,FF,3555,0,0,4B,4B,00,00,1
8780,1438,B,DF,00,DATA,00,DF,3556,0,0,4B,4B,00,00,1
8781,1438,A,00,FF,DATA,00,FF,3557,0,0,4B,4B,00,00,1
8782,1438,B,EF,00,DATA,00,EF,3558,0,0,4B,4B,00,00,1
8783,1438,A,00,FF,DATA,00,FF,3559,0,0,4B,4B,00,00,1
8784,1438,B,F7,00,DATA,00,F7,3560,0,0,4B,4B,00,00,1
8785,1438,A,00,FF,DATA,00,FF,3561,0,0,4B,4B,00,00,1
8786,1438,B,BF,00,DATA,00,BF,3562,0,0,4B,4B,00,00,1
8787,1438,A,00,FF,DATA,00,FF,3563,0,0,4B,4B,00,00,1
8788,1438,B,5D,00,DATA,00,5D,3564,0,0,4B,4B,00,00,1
8789,1438,A,00,FF,DATA,00,FF,3565,0,0,4B,4B,00,00,1
8790,1438,B,FF,00,DATA,00,FF,3566,0,0,4B,4B,00,00,1
8791,1438,A,00,FF,DATA,00,FF,3567,0,0,4B,4B,00,00,1
8792,1438,B,F7,00,DATA,00,F7,3568,0,0,4B,4B,00,00,1
8793,1438,A,00,FF,DATA,00,FF,3569,0,0,4B,4B,00,00,1
8794,1438,B,FF,00,DATA,00,FF,3570,0,0,4B,4B,00,00,1
8795,1438,A,00,FF,DATA,00,FF,3571,0,0,4B,4B,00,00,1
8796,1438,B,FD,00,DATA,00,FD,3572,0,0,4B,4B,00,00,1
8797,1438,A,00,FF,DATA,00,FF,3573,0,0,4B,4B,00,00,1
8798,1438,B,FF,00,DATA,00,FF,3574,0,0,4B,4B,00,00,1
8799,1438,A,00,FF,DATA,00,FF,3575,0,0,4B,4B,00,00,1
8800,1438,B,FD,00,DATA,00,FD,3576,0,0,4B,4B,00,00,1
8801,1438,A,00,FF,DATA,00,FF,3577,0,0,4B,4B,00,00,1
8802,1438,B,FF,00,DATA,00,FF,3578,0,0,4B,4B,00,00,1
8803,1438,A,00,FF,DATA,00,FF,3579,0,0,4B,4B,00,00,1
8804,1438,B,7F,00,DATA,00,7F,3580,0,0,4B,4B,00,00,1
8805,1438,A,00,FF,DATA,00,FF,3581,0,0,4B,4B,00,00,1
8806,1438,B,FF,00,DATA,00,FF,3582,0,0,4B,4B,00,00,1
8807,1438,A,00,FF,DATA,00,FF,3583,0,0,4B,4B,00,00,1
8808,1438,B,FF,00,DATA,00,FF,3584,0,0,4B,4B,00,00,1
8809,1438,A,00,FF,DATA,00,FF,3585,0,0,4B,4B,00,00,1
8810,1438,B,F5,00,DATA,00,F5,3586,0,0,4B,4B,00,00,1
8811,1438,A,00,FF,DATA,00,FF,3587,0,0,4B,4B,00,00,1
8812,1438,B,A1,00,DATA,00,A1,3588,0,0,4B,4B,00,00,1
8813,1438,A,00,FE,DATA,00,FE,3589,0,0,4B,4B,00,00,1
8814,1438,B,F2,00,DATA,00,F2,3590,0,0,4B,4B,00,00,1
8815,1438,A,00,FD,DATA,00,FD,3591,0,0,4B,4B,00,00,1
8816,1438,B,85,00,DATA,00,85,3592,0,0,4B,4B,00,00,1
8817,1438,A,00,FA,DATA,00,FA,3593,0,0,4B,4B,00,00,1
8818,1438,B,D8,00,DATA,00,D8,3594,0,0,4B,4B,00,00,1
8819,1438,A,00,F7,DATA,00,F7,3595,0,0,4B,4B,00,00,1
8820,1438,B,80,00,DATA,00,80,3596,0,0,4B,4B,00,00,1
8821,1438,A,00,FF,DATA,00,FF,3597,0,0,4B,4B,00,00,1
8822,1438,B,C0,00,DATA,00,C0,3598,0,0,4B,4B,00,00,1
8823,1438,A,00,FF,DATA,00,FF,3599,0,0,4B,4B,00,00,1
8824,1438,B,FF,00,DATA,00,FF,3600,0,0,4B,4B,00,00,1
8825,1438,A,00,FF,DATA,00,FF,3601,0,0,4B,4B,00,00,1
8826,1438,B,EF,00,DATA,00,EF,3602,0,0,4B,4B,00,00,1
8827,1438,A,00,10,DATA,00,10,3603,0,0,4B,4B,00,00,1
8828,1438,B,A7,00,DATA,00,A7,3604,0,0,4B,4B,00,00,1
8829,1438,A,00,58,DATA,00,58,3605,0,0,4B,4B,00,00,1
8830,1438,B,A6,00,DATA,00,A6,3606,0,0,4B,4B,00,00,1
8831,1438,A,00,59,DATA,00,59,3607,0,0,4B,4B,00,00,1
8832,1438,B,E3,00,DATA,00,E3,3608,0,0,4B,4B,00,00,1
8833,1438,A,00,1C,DATA,00,1C,3609,0,0,4B,4B,00,00,1
8834,1438,B,EA,00,DATA,00,EA,3610,0,0,4B,4B,00,00,1
8835,1438,A,00,15,DATA,00,15,3611,0,0,4B,4B,00,00,1
8836,1438,B,FF,00,DATA,00,FF,3612,0,0,4B,4B,00,00,1
8837,1438,A,00,00,DATA,00,00,3613,0,0,4B,4B,00,00,1
8838,1438,B,EF,00,DATA,00,EF,3614,0,0,4B,4B,00,00,1
8839,1438,A,00,10,DATA,00,10,3615,0,0,4B,4B,00,00,1
8840,1438,B,FF,00,DATA,00,FF,3616,0,0,4B,4B,00,00,1
8841,1438,A,00,FF,DATA,00,FF,3617,0,0,4B,4B,00,00,1
8842,1438,B,F5,00,DATA,00,F5,3618,0,0,4B,4B,00,00,1
8843,1438,A,00,03,DATA,00,03,3619,0,0,4B,4B,00,00,1
8844,1438,B,FD,00,DATA,00,FD,3620,0,0,4B,4B,00,00,1
8845,1438,A,00,00,DATA,00,00,3621,0,0,4B,4B,00,00,1
8846,1438,B,2B,00,DATA,00,2B,3622,0,0,4B,4B,00,00,1
8847,1438,A,00,D4,DATA,00,D4,3623,0,0,4B,4B,00,00,1
8848,1438,B,7F,00,DATA,00,7F,3624,0,0,4B,4B,00,00,1
8849,1438,A,00,80,DATA,00,80,3625,0,0,4B,4B,00,00,1
8850,1438,B,3A,00,DATA,00,3A,3626,0,0,4B,4B,00,00,1
8851,1438,A,00,C5,DATA,00,C5,3627,0,0,4B,4B,00,00,1
8852,1438,B,7C,00,DATA,00,7C,3628,0,0,4B,4B,00,00,1
8853,1438,A,00,83,DATA,00,83,3629,0,0,4B,4B,00,00,1
8854,1438,B,F8,00,DATA,00,F8,3630,0,0,4B,4B,00,00,1
8855,1438,A,00,07,DATA,00,07,3631,0,0,4B,4B,00,00,1
8856,1438,B,FF,00,DATA,00,FF,3632,0,0,4B,4B,00,00,1
8857,1438,A,00,FF,DATA,00,FF,3633,0,0,4B,4B,00,00,1
8858,1438,B,57,00,DATA,00,57,3634,0,0,4B,4B,00,00,1
8859,1438,A,00,FF,DATA,00,FF,3635,0,0,4B,4B,00,00,1
8860,1438,B,01,00,DATA,00,01,3636,0,0,4B,4B,00,00,1
8861,1438,A,00,FF,DATA,00,FF,3637,0,0,4B,4B,00,00,1
8862,1438,B,15,00,DATA,00,15,3638,0,0,4B,4B,00,00,1
8863,1438,A,00,7F,DATA,00,7F,3639,0,0,4B,4B,00,00,1
8864,1438,B,81,00,DATA,00,81,3640,0,0,4B,4B,00,00,1
8865,1438,A,00,3F,DATA,00,3F,3641,0,0,4B,4B,00,00,1
8866,1438,B,A5,00,DATA,00,A5,3642,0,0,4B,4B,00,00,1
8867,1438,A,00,5F,DATA,00,5F,3643,0,0,4B,4B,00,00,1
8868,1438,B,71,00,DATA,00,71,3644,0,0,4B,4B,00,00,1
8869,1438,A,00,8F,DATA,00,8F,3645,0,0,4B,4B,00,00,1
8870,1438,B,25,00,DATA,00,25,3646,0,0,4B,4B,00,00,1
8871,1438,A,00,D7,DATA,00,D7,3647,0,0,4B,4B,00,00,1
8872,1438,B,BB,00,DATA,00,BB,3648,0,0,4B,4B,00,00,1
8873,1438,A,00,C4,DATA,00,C4,3649,0,0,4B,4B,00,00,1
8874,1438,B,CB,00,DATA,00,CB,3650,0,0,4B,4B,00,00,1
8875,1438,A,00,F4,DATA,00,F4,3651,0,0,4B,4B,00,00,1
8876,1438,B,86,00,DATA,00,86,3652,0,0,4B,4B,00,00,1
8877,1438,A,00,F8,DATA,00,F8,3653,0,0,4B,4B,00,00,1
8878,1438,B,83,00,DATA,00,83,3654,0,0,4B,4B,00,00,1
8879,1438,A,00,FC,DATA,00,FC,3655,0,0,4B,4B,00,00,1
8880,1438,B,86,00,DATA,00,86,3656,0,0,4B,4B,00,00,1
8881,1438,A,00,F8,DATA,00,F8,3657,0,0,4B,4B,00,00,1
8882,1438,B,8B,00,DATA,00,8B,3658,0,0,4B,4B,00,00,1
8883,1438,A,00,F4,DATA,00,F4,3659,0,0,4B,4B,00,00,1
8884,1438,B,8F,00,DATA,00,8F,3660,0,0,4B,4B,00,00,1
8885,1438,A,00,F0,DATA,00,F0,3661,0,0,4B,4B,00,00,1
8886,1438,B,C3,00,DATA,00,C3,3662,0,0,4B,4B,00,00,1
8887,1438,A,00,FC,DATA,00,FC,3663,0,0,4B,4B,00,00,1
8888,1438,B,3F,00,DATA,00,3F,3664,0,0,4B,4B,00,00,1
8889,1438,A,00,00,DATA,00,00,3665,0,0,4B,4B,00,00,1
8890,1438,B,04,00,DATA,00,04,3666,0,0,4B,4B,00,00,1
8891,1438,A,00,00,DATA,00,00,3667,0,0,4B,4B,00,00,1
8892,1438,B,40,00,DATA,00,40,3668,0,0,4B,4B,00,00,1
8893,1438,A,00,00,DATA,00,00,3669,0,0,4B,4B,00,00,1
8894,1438,B,9C,00,DATA,00,9C,3670,0,0,4B,4B,00,00,1
8895,1438,A,00,00,DATA,00,00,3671,0,0,4B,4B,00,00,1
8896,1438,B,96,00,DATA,00,96,3672,0,0,4B,4B,00,00,1
8897,1438,A,00,00,DATA,00,00,3673,0,0,4B,4B,00,00,1
8898,1438,B,F4,00,DATA,00,F4,3674,0,0,4B,4B,00,00,1
8899,1438,A,00,00,DATA,00,00,3675,0,0,4B,4B,00,00,1
8900,1438,B,00,00,DATA,00,00,3676,0,0,4B,4B,00,00,1
8901,1438,A,00,00,DATA,00,00,3677,0,0,4B,4B,00,00,1
8902,1438,B,03,00,DATA,00,03,3678,0,0,4B,4B,00,00,1
8903,1438,A,00,00,DATA,00,00,3679,0,0,4B,4B,00,00,1
8904,1438,B,DF,00,DATA,00,DF,3680,0,0,4B,4B,00,00,1
8905,1438,A,00,00,DATA,00,00,3681,0,0,4B,4B,00,00,1
8906,1438,B,16,00,DATA,00,16,3682,0,0,4B,4B,00,00,1
8907,1438,A,00,01,DATA,00,01,3683,0,0,4B,4B,00,00,1
8908,1438,B,01,00,DATA,00,01,3684,0,0,4B,4B,00,00,1
8909,1438,A,00,00,DATA,00,00,3685,0,0,4B,4B,00,00,1
8910,1438,B,01,00,DATA,00,01,3686,0,0,4B,4B,00,00,1
8911,1438,A,00,00,DATA,00,00,3687,0,0,4B,4B,00,00,1
8912,1438,B,BD,00,DATA,00,BD,3688,0,0,4B,4B,00,00,1
8913,1438,A,00,00,DATA,00,00,3689,0,0,4B,4B,00,00,1
8914,1438,B,ED,00,DATA,00,ED,3690,0,0,4B,4B,00,00,1
8915,1438,A,00,10,DATA,00,10,3691,0,0,4B,4B,00,00,1
8916,1438,B,D5,00,DATA,00,D5,3692,0,0,4B,4B,00,00,1
8917,1438,A,00,00,DATA,00,00,3693,0,0,4B,4B,00,00,1
8918,1438,B,05,00,DATA,00,05,3694,0,0,4B,4B,00,00,1
8919,1438,A,00,00,DATA,00,00,3695,0,0,4B,4B,00,00,1
8920,1438,B,5D,00,DATA,00,5D,3696,0,0,4B,4B,00,00,1
8921,1438,A,00,A3,DATA,00,A3,3697,0,0,4B,4B,00,00,1
8922,1438,B,2D,00,DATA,00,2D,3698,0,0,4B,4B,00,00,1
8923,1438,A,00,D3,DATA,00,D3,3699,0,0,4B,4B,00,00,1
8924,1438,B,73,00,DATA,00,73,3700,0,0,4B,4B,00,00,1
8925,1438,A,00,8D,DATA,00,8D,3701,0,0,4B,4B,00,00,1
8926,1438,B,A3,00,DATA,00,A3,3702,0,0,4B,4B,00,00,1
8927,1438,A,00,5D,DATA,00,5D,3703,0,0,4B,4B,00,00,1
8928,1438,B,E3,00,DATA,00,E3,3704,0,0,4B,4B,00,00,1
8929,1438,A,00,1D,DATA,00,1D,3705,0,0,4B,4B,00,00,1
8930,1438,B,81,00,DATA,00,81,3706,0,0,4B,4B,00,00,1
8931,1438,A,00,7F,DATA,00,7F,3707,0,0,4B,4B,00,00,1
8932,1438,B,9B,00,DATA,00,9B,3708,0,0,4B,4B,00,00,1
8933,1438,A,00,65,DATA,00,65,3709,0,0,4B,4B,00,00,1
8934,1438,B,EB,00,DATA,00,EB,3710,0,0,4B,4B,00,00,1
8935,1438,A,00,15,DATA,00,15,3711,0,0,4B,4B,00,00,1
8936,1438,B,E7,00,DATA,00,E7,3712,0,0,4B,4B,00,00,1
8937,1438,A,00,D8,DATA,00,D8,3713,0,0,4B,4B,00,00,1
8938,1438,B,C3,00,DATA,00,C3,3714,0,0,4B,4B,00,00,1
8939,1438,A,00,FC,DATA,00,FC,3715,0,0,4B,4B,00,00,1
8940,1438,B,C3,00,DATA,00,C3,3716,0,0,4B,4B,00,00,1
8941,1438,A,00,FC,DATA,00,FC,3717,0,0,4B,4B,00,00,1
8942,1438,B,C2,00,DATA,00,C2,3718,0,0,4B,4B,00,00,1
8943,1438,A,00,FD,DATA,00,FD,3719,0,0,4B,4B,00,00,1
8944,1438,B,AB,00,DATA,00,AB,3720,0,0,4B,4B,00,00,1
8945,1438,A,00,F4,DATA,00,F4,3721,0,0,4B,4B,00,00,1
8946,1438,B,D3,00,DATA,00,D3,3722,0,0,4B,4B,00,00,1
8947,1438,A,00,FC,DATA,00,FC,3723,0,0,4B,4B,00,00,1
8948,1438,B,81,00,DATA,00,81,3724,0,0,4B,4B,00,00,1
8949,1438,A,00,FE,DATA,00,FE,3725,0,0,4B,4B,00,00,1
8950,1438,B,D6,00,DATA,00,D6,3726,0,0,4B,4B,00,00,1
8951,1438,A,00,FD,DATA,00,FD,3727,0,0,4B,4B,00,00,1
8952,1438,B,20,00,DATA,00,20,3728,0,0,4B,4B,00,00,1
8953,1438,A,00,00,DATA,00,00,3729,0,0,4B,4B,00,00,1
8954,1438,B,BF,00,DATA,00,BF,3730,0,0,4B,4B,00,00,1
8955,1438,A,00,00,DATA,00,00,3731,0,0,4B,4B,00,00,1
8956,1438,B,BC,00,DATA,00,BC,3732,0,0,4B,4B,00,00,1
8957,1438,A,00,00,DATA,00,00,3733,0,0,4B,4B,00,00,1
8958,1438,B,C1,00,DATA,00,C1,3734,0,0,4B,4B,00,00,1
8959,1438,A,00,00,DATA,00,00,3735,0,0,4B,4B,00,00,1
8960,1438,B,E0,00,DATA,00,E0,3736,0,0,4B,4B,00,00,1
8961,1438,A,00,00,DATA,00,00,3737,0,0,4B,4B,00,00,1
8962,1438,B,B0,00,DATA,00,B0,3738,0,0,4B,4B,00,00,1
8963,1438,A,00,40,DATA,00,40,3739,0,0,4B,4B,00,00,1
8964,1438,B,B8,00,DATA,00,B8,3740,0,0,4B,4B,00,00,1
8965,1438,A,00,40,DATA,00,40,3741,0,0,4B,4B,00,00,1
8966,1438,B,AA,00,DATA,00,AA,3742,0,0,4B,4B,00,00,1
8967,1438,A,00,55,DATA,00,55,3743,0,0,4B,4B,00,00,1
8968,1438,B,03,00,DATA,00,03,3744,0,0,4B,4B,00,00,1
8969,1438,A,00,00,DATA,00,00,3745,0,0,4B,4B,00,00,1
8970,1438,B,92,00,DATA,00,92,3746,0,0,4B,4B,00,00,1
8971,1438,A,00,41,DATA,00,41,3747,0,0,4B,4B,00,00,1
8972,1438,B,E3,00,DATA,00,E3,3748,0,0,4B,4B,00,00,1
8973,1438,A,00,00,DATA,00,00,3749,0,0,4B,4B,00,00,1
8974,1438,B,77,00,DATA,00,77,3750,0,0,4B,4B,00,00,1
8975,1438,A,00,00,DATA,00,00,3751,0,0,4B,4B,00,00,1
8976,1438,B,0F,00,DATA,00,0F,3752,0,0,4B,4B,00,00,1
8977,1438,A,00,00,DATA,00,00,3753,0,0,4B,4B,00,00,1
8978,1438,B,1F,00,DATA,00,1F,3754,0,0,4B,4B,00,00,1
8979,1438,A,00,00,DATA,00,00,3755,0,0,4B,4B,00,00,1
8980,1438,B,7E,00,DATA,00,7E,3756,0,0,4B,4B,00,00,1
8981,1438,A,00,01,DATA,00,01,3757,0,0,4B,4B,00,00,1
8982,1438,B,A6,00,DATA,00,A6,3758,0,0,4B,4B,00,00,1
8983,1438,A,00,59,DATA,00,59,3759,0,0,4B,4B,00,00,1
8984,1438,B,F9,00,DATA,00,F9,3760,0,0,4B,4B,00,00,1
8985,1438,A,00,07,DATA,00,07,3761,0,0,4B,4B,00,00,1
8986,1438,B,01,00,DATA,00,01,3762,0,0,4B,4B,00,00,1
8987,1438,A,00,FF,DATA,00,FF,3763,0,0,4B,4B,00,00,1
8988,1438,B,05,00,DATA,00,05,3764,0,0,4B,4B,00,00,1
8989,1438,A,00,FB,DATA,00,FB,3765,0,0,4B,4B,00,00,1
8990,1438,B,83,00,DATA,00,83,3766,0,0,4B,4B,00,00,1
8991,1438,A,00,7D,DATA,00,7D,3767,0,0,4B,4B,00,00,1
8992,1438,B,85,00,DATA,00,85,3768,0,0,4B,4B,00,00,1
8993,1438,A,00,7B,DATA,00,7B,3769,0,0,4B,4B,00,00,1
8994,1438,B,81,00,DATA,00,81,3770,0,0,4B,4B,00,00,1
8995,1438,A,00,7F,DATA,00,7F,3771,0,0,4B,4B,00,00,1
8996,1438,B,1D,00,DATA,00,1D,3772,0,0,4B,4B,00,00,1
8997,1438,A,00,E3,DATA,00,E3,3773,0,0,4B,4B,00,00,1
8998,1438,B,8F,00,DATA,00,8F,3774,0,0,4B,4B,00,00,1
8999,1438,A,00,77,DATA,00,77,3775,0,0,4B,4B,00,00,1
9000,1438,B,81,00,DATA,00,81,3776,0,0,4B,4B,00,00,1
9001,1438,A,00,FE,DATA,00,FE,3777,0,0,4B,4B,00,00,1
9002,1438,B,D5,00,DATA,00,D5,3778,0,0,4B,4B,00,00,1
9003,1438,A,00,FF,DATA,00,FF,3779,0,0,4B,4B,00,00,1
9004,1438,B,80,00,DATA,00,80,3780,0,0,4B,4B,00,00,1
9005,1438,A,00,FF,DATA,00,FF,3781,0,0,4B,4B,00,00,1
9006,1438,B,FF,00,DATA,00,FF,3782,0,0,4B,4B,00,00,1
9007,1438,A,00,FF,DATA,00,FF,3783,0,0,4B,4B,00,00,1
9008,1438,B,00,00,DATA,00,00,3784,0,0,4B,4B,00,00,1
9009,1438,A,00,00,DATA,00,00,3785,0,0,4B,4B,00,00,1
9010,1438,B,00,00,DATA,00,00,3786,0,0,4B,4B,00,00,1
9011,1438,A,00,00,DATA,00,00,3787,0,0,4B,4B,00,00,1
9012,1438,B,00,00,DATA,00,00,3788,0,0,4B,4B,00,00,1
9013,1438,A,00,00,DATA,00,00,3789,0,0,4B,4B,00,00,1
9014,1438,B,00,00,DATA,00,00,3790,0,0,4B,4B,00,00,1
9015,1438,A,00,00,DATA,00,00,3791,0,0,4B,4B,00,00,1
9016,1438,B,FF,00,DATA,00,FF,3792,0,0,4B,4B,00,00,1
9017,1438,A,00,00,DATA,00,00,3793,0,0,4B,4B,00,00,1
9018,1438,B,AB,00,DATA,00,AB,3794,0,0,4B,4B,00,00,1
9019,1438,A,00,54,DATA,00,54,3795,0,0,4B,4B,00,00,1
9020,1438,B,33,00,DATA,00,33,3796,0,0,4B,4B,00,00,1
9021,1438,A,00,CC,DATA,00,CC,3797,0,0,4B,4B,00,00,1
9022,1438,B,FF,00,DATA,00,FF,3798,0,0,4B,4B,00,00,1
9023,1438,A,00,FF,DATA,00,FF,3799,0,0,4B,4B,00,00,1
9024,1438,B,00,00,DATA,00,00,3800,0,0,4B,4B,00,00,1
9025,1438,A,00,00,DATA,00,00,3801,0,0,4B,4B,00,00,1
9026,1438,B,00,00,DATA,00,00,3802,0,0,4B,4B,00,00,1
9027,1438,A,00,00,DATA,00,00,3803,0,0,4B,4B,00,00,1
9028,1438,B,00,00,DATA,00,00,3804,0,0,4B,4B,00,00,1
9029,1438,A,00,00,DATA,00,00,3805,0,0,4B,4B,00,00,1
9030,1438,B,00,00,DATA,00,00,3806,0,0,4B,4B,00,00,1
9031,1438,A,00,00,DATA,00,00,3807,0,0,4B,4B,00,00,1
9032,1438,B,EF,00,DATA,00,EF,3808,0,0,4B,4B,00,00,1
9033,1438,A,00,10,DATA,00,10,3809,0,0,4B,4B,00,00,1
9034,1438,B,A0,00,DATA,00,A0,3810,0,0,4B,4B,00,00,1
9035,1438,A,00,5F,DATA,00,5F,3811,0,0,4B,4B,00,00,1
9036,1438,B,A0,00,DATA,00,A0,3812,0,0,4B,4B,00,00,1
9037,1438,A,00,5F,DATA,00,5F,3813,0,0,4B,4B,00,00,1
9038,1438,B,FF,00,DATA,00,FF,3814,0,0,4B,4B,00,00,1
9039,1438,A,00,FF,DATA,00,FF,3815,0,0,4B,4B,00,00,1
9040,1438,B,00,00,DATA,00,00,3816,0,0,4B,4B,00,00,1
9041,1438,A,00,00,DATA,00,00,3817,0,0,4B,4B,00,00,1
9042,1438,B,00,00,DATA,00,00,3818,0,0,4B,4B,00,00,1
9043,1438,A,00,00,DATA,00,00,3819,0,0,4B,4B,00,00,1
9044,1438,B,00,00,DATA,00,00,3820,0,0,4B,4B,00,00,1
9045,1438,A,00,00,DATA,00,00,3821,0,0,4B,4B,00,00,1
9046,1438,B,00,00,DATA,00,00,3822,0,0,4B,4B,00,00,1
9047,1438,A,00,00,DATA,00,00,3823,0,0,4B,4B,00,00,1
9048,1438,B,91,00,DATA,00,91,3824,0,0,4B,4B,00,00,1
9049,1438,A,00,6F,DATA,00,6F,3825,0,0,4B,4B,00,00,1
9050,1438,B,95,00,DATA,00,95,3826,0,0,4B,4B,00,00,1
9051,1438,A,00,7F,DATA,00,7F,3827,0,0,4B,4B,00,00,1
9052,1438,B,03,00,DATA,00,03,3828,0,0,4B,4B,00,00,1
9053,1438,A,00,FF,DATA,00,FF,3829,0,0,4B,4B,00,00,1
9054,1438,B,FF,00,DATA,00,FF,3830,0,0,4B,4B,00,00,1
9055,1438,A,00,FF,DATA,00,FF,3831,0,0,4B,4B,00,00,1
9056,1438,B,00,00,DATA,00,00,3832,0,0,4B,4B,00,00,1
9057,1438,A,00,00,DATA,00,00,3833,0,0,4B,4B,00,00,1
9058,1438,B,00,00,DATA,00,00,3834,0,0,4B,4B,00,00,1
9059,1438,A,00,00,DATA,00,00,3835,0,0,4B,4B,00,00,1
9060,1438,B,00,00,DATA,00,00,3836,0,0,4B,4B,00,00,1
9061,1438,A,00,00,DATA,00,00,3837,0,0,4B,4B,00,00,1
9062,1438,B,00,00,DATA,00,00,3838,0,0,4B,4B,00,00,1
9063,1438,A,00,00,DATA,00,00,3839,0,0,4B,4B,00,00,1
9064,1438,B,44,00,DATA,00,44,3840,0,0,4B,4B,00,00,1
9065,1438,A,00,23,DATA,00,23,3841,0,0,4B,4B,00,00,1
9066,1438,B,37,00,DATA,00,37,3842,0,0,4B,4B,00,00,1
9067,1438,A,00,92,DATA,00,92,3843,0,0,4B,4B,00,00,1
9068,1438,B,56,00,DATA,00,56,3844,0,0,4B,4B,00,00,1
9069,1438,A,00,61,DATA,00,61,3845,0,0,4B,4B,00,00,1
9070,1438,B,5A,00,DATA,00,5A,3846,0,0,4B,4B,00,00,1
9071,1438,A,00,6D,DATA,00,6D,3847,0,0,4B,4B,00,00,1
9072,1438,B,56,00,DATA,00,56,3848,0,0,4B,4B,00,00,1
9073,1438,A,00,63,DATA,00,63,3849,0,0,4B,4B,00,00,1
9074,1438,B,59,00,DATA,00,59,3850,0,0,4B,4B,00,00,1
9075,1438,A,00,67,DATA,00,67,3851,0,0,4B,4B,00,00,1
9076,1438,B,5A,00,DATA,00,5A,3852,0,0,4B,4B,00,00,1
9077,1438,A,00,01,DATA,00,01,3853,0,0,4B,4B,00,00,1
9078,1438,B,2A,00,DATA,00,2A,3854,0,0,4B,4B,00,00,1
9079,1438,A,00,A2,DATA,00,A2,3855,0,0,4B,4B,00,00,1
9080,1438,B,41,00,DATA,00,41,3856,0,0,4B,4B,00,00,1
9081,1438,A,00,14,DATA,00,14,3857,0,0,4B,4B,00,00,1
9082,1438,B,00,00,DATA,00,00,3858,0,0,4B,4B,00,00,1
9083,1438,A,00,00,DATA,00,00,3859,0,0,4B,4B,00,00,1
9084,1438,B,00,00,DATA,00,00,3860,0,0,4B,4B,00,00,1
9085,1438,A,00,00,DATA,00,00,3861,0,0,4B,4B,00,00,1
9086,1438,B,00,00,DATA,00,00,3862,0,0,4B,4B,00,00,1
9087,1438,A,00,00,DATA,00,00,3863,0,0,4B,4B,00,00,1
9088,1438,B,00,00,DATA,00,00,3864,0,0,4B,4B,00,00,1
9089,1438,A,00,00,DATA,00,00,3865,0,0,4B,4B,00,00,1
9090,1438,B,00,00,DATA,00,00,3866,0,0,4B,4B,00,00,1
9091,1438,A,00,00,DATA,00,00,3867,0,0,4B,4B,00,00,1
9092,1438,B,00,00,DATA,00,00,3868,0,0,4B,4B,00,00,1
9093,1438,A,00,00,DATA,00,00,3869,0,0,4B,4B,00,00,1
9094,1438,B,00,00,DATA,00,00,3870,0,0,4B,4B,00,00,1
9095,1438,A,00,00,DATA,00,00,3871,0,0,4B,4B,00,00,1
9096,1438,B,00,00,DATA,00,00,3872,0,0,4B,4B,00,00,1
9097,1438,A,00,00,DATA,00,00,3873,0,0,4B,4B,00,00,1
9098,1438,B,00,00,DATA,00,00,3874,0,0,4B,4B,00,00,1
9099,1438,A,00,00,DATA,00,00,3875,0,0,4B,4B,00,00,1
9100,1438,B,00,00,DATA,00,00,3876,0,0,4B,4B,00,00,1
9101,1438,A,00,00,DATA,00,00,3877,0,0,4B,4B,00,00,1
9102,1438,B,00,00,DATA,00,00,3878,0,0,4B,4B,00,00,1
9103,1438,A,00,00,DATA,00,00,3879,0,0,4B,4B,00,00,1
9104,1438,B,00,00,DATA,00,00,3880,0,0,4B,4B,00,00,1
9105,1438,A,00,00,DATA,00,00,3881,0,0,4B,4B,00,00,1
9106,1438,B,00,00,DATA,00,00,3882,0,0,4B,4B,00,00,1
9107,1438,A,00,00,DATA,00,00,3883,0,0,4B,4B,00,00,1
9108,1438,B,00,00,DATA,00,00,3884,0,0,4B,4B,00,00,1
9109,1438,A,00,00,DATA,00,00,3885,0,0,4B,4B,00,00,1
9110,1438,B,00,00,DATA,00,00,3886,0,0,4B,4B,00,00,1
9111,1438,A,00,00,DATA,00,00,3887,0,0,4B,4B,00,00,1
9112,1438,B,00,00,DATA,00,00,3888,0,0,4B,4B,00,00,1
9113,1438,A,00,00,DATA,00,00,3889,0,0,4B,4B,00,00,1
9114,1438,B,00,00,DATA,00,00,3890,0,0,4B,4B,00,00,1
9115,1438,A,00,00,DATA,00,00,3891,0,0,4B,4B,00,00,1
9116,1438,B,F1,00,DATA,00,F1,3892,0,0,4B,4B,00,00,1
9117,1438,A,00,67,DATA,00,67,3893,0,0,4B,4B,00,00,1
9118,1438,B,00,00,DATA,00,00,3894,0,0,4B,4B,00,00,1
9119,1438,A,00,00,DATA,00,00,3895,0,0,4B,4B,00,00,1
9120,1438,B,00,00,DATA,00,00,3896,0,0,4B,4B,00,00,1
9121,1438,A,00,00,DATA,00,00,3897,0,0,4B,4B,00,00,1
9122,1438,B,00,00,DATA,00,00,3898,0,0,4B,4B,00,00,1
9123,1438,A,00,00,DATA,00,00,3899,0,0,4B,4B,00,00,1
9124,1438,B,00,00,DATA,00,00,3900,0,0,4B,4B,00,00,1
9125,1438,A,00,00,DATA,00,00,3901,0,0,4B,4B,00,00,1
9126,1438,B,00,00,DATA,00,00,3902,0,0,4B,4B,00,00,1
9127,1438,A,00,00,DATA,00,00,3903,0,0,4B,4B,00,00,1
9128,1438,B,00,00,DATA,00,00,3904,0,0,4B,4B,00,00,1
9129,1438,A,00,00,DATA,00,00,3905,0,0,4B,4B,00,00,1
9130,1438,B,00,00,DATA,00,00,3906,0,0,4B,4B,00,00,1
9131,1438,A,00,00,DATA,00,00,3907,0,0,4B,4B,00,00,1
9132,1438,B,00,00,DATA,00,00,3908,0,0,4B,4B,00,00,1
9133,1438,A,00,00,DATA,00,00,3909,0,0,4B,4B,00,00,1
9134,1438,B,00,00,DATA,00,00,3910,0,0,4B,4B,00,00,1
9135,1438,A,00,00,DATA,00,00,3911,0,0,4B,4B,00,00,1
9136,1438,B,00,00,DATA,00,00,3912,0,0,4B,4B,00,00,1
9137,1438,A,00,00,DATA,00,00,3913,0,0,4B,4B,00,00,1
9138,1438,B,00,00,DATA,00,00,3914,0,0,4B,4B,00,00,1
9139,1438,A,00,00,DATA,00,00,3915,0,0,4B,4B,00,00,1
9140,1438,B,00,00,DATA,00,00,3916,0,0,4B,4B,00,00,1
9141,1438,A,00,00,DATA,00,00,3917,0,0,4B,4B,00,00,1
9142,1438,B,00,00,DATA,00,00,3918,0,0,4B,4B,00,00,1
9143,1438,A,00,00,DATA,00,00,3919,0,0,4B,4B,00,00,1
9144,1438,B,00,00,DATA,00,00,3920,0,0,4B,4B,00,00,1
9145,1438,A,00,00,DATA,00,00,3921,0,0,4B,4B,00,00,1
9146,1438,B,00,00,DATA,00,00,3922,0,0,4B,4B,00,00,1
9147,1438,A,00,00,DATA,00,00,3923,0,0,4B,4B,00,00,1
9148,1438,B,00,00,DATA,00,00,3924,0,0,4B,4B,00,00,1
9149,1438,A,00,4D,DATA,00,4D,3925,0,0,4B,4B,00,00,1
9150,1438,B,61,00,DATA,00,61,3926,0,0,4B,4B,00,00,1
9151,1438,A,00,67,DATA,00,67,3927,0,0,4B,4B,00,00,1
9152,1438,B,69,00,DATA,00,69,3928,0,0,4B,4B,00,00,1
9153,1438,A,00,63,DATA,00,63,3929,0,0,4B,4B,00,00,1
9154,1438,B,2A,00,DATA,00,2A,3930,0,0,4B,4B,00,00,1
9155,1438,A,00,CC,DATA,00,CC,3931,0,0,4B,4B,00,00,1
9156,1438,B,44,00,DATA,00,44,3932,0,0,4B,4B,00,00,1
9157,1438,A,00,23,DATA,00,23,3933,0,0,4B,4B,00,00,1
9158,1438,B,37,00,DATA,00,37,3934,0,0,4B,4B,00,00,1
9159,1438,A,00,92,DATA,00,92,3935,0,0,4B,4B,00,00,1
9160,1438,B,56,00,DATA,00,56,3936,0,0,4B,4B,00,00,1
9161,1438,A,00,61,DATA,00,61,3937,0,0,4B,4B,00,00,1
9162,1438,B,5A,00,DATA,00,5A,3938,0,0,4B,4B,00,00,1
9163,1438,A,00,6D,DATA,00,6D,3939,0,0,4B,4B,00,00,1
9164,1438,B,56,00,DATA,00,56,3940,0,0,4B,4B,00,00,1
9165,1438,A,00,63,DATA,00,63,3941,0,0,4B,4B,00,00,1
9166,1438,B,59,00,DATA,00,59,3942,0,0,4B,4B,00,00,1
9167,1438,A,00,67,DATA,00,67,3943,0,0,4B,4B,00,00,1
9168,1438,B,5A,00,DATA,00,5A,3944,0,0,4B,4B,00,00,1
9169,1438,A,00,01,DATA,00,01,3945,0,0,4B,4B,00,00,1
9170,1438,B,2A,00,DATA,00,2A,3946,0,0,4B,4B,00,00,1
9171,1438,A,00,A2,DATA,00,A2,3947,0,0,4B,4B,00,00,1
9172,1438,B,41,00,DATA,00,41,3948,0,0,4B,4B,00,00,1
9173,1438,A,00,14,DATA,00,14,3949,0,0,4B,4B,00,00,1
9174,1438,B,00,00,DATA,00,00,3950,0,0,4B,4B,00,00,1
9175,1438,A,00,00,DATA,00,00,3951,0,0,4B,4B,00,00,1
9176,1480,B,00,00,DATA,00,00,3952,0,0,4B,4B,00,00,1
9177,1480,A,00,00,DATA,00,00,3953,0,0,4B,4B,00,00,1
9178,1480,B,00,00,DATA,00,00,3954,0,0,4B,4B,00,00,1
9179,1480,A,00,00,DATA,00,00,3955,0,0,4B,4B,00,00,1
9180,1480,B,00,00,DATA,00,00,3956,0,0,4B,4B,00,00,1
9181,1480,A,00,00,DATA,00,00,3957,0,0,4B,4B,00,00,1
9182,1480,B,00,00,DATA,00,00,3958,0,0,4B,4B,00,00,1
9183,1480,A,00,00,DATA,00,00,3959,0,0,4B,4B,00,00,1
9184,1480,B,00,00,DATA,00,00,3960,0,0,4B,4B,00,00,1
9185,1480,A,00,00,DATA,00,00,3961,0,0,4B,4B,00,00,1
9186,1480,B,00,00,DATA,00,00,3962,0,0,4B,4B,00,00,1
9187,1480,A,00,00,DATA,00,00,3963,0,0,4B,4B,00,00,1
9188,1480,B,00,00,DATA,00,00,3964,0,0,4B,4B,00,00,1
9189,1480,A,00,00,DATA,00,00,3965,0,0,4B,4B,00,00,1
9190,1480,B,00,00,DATA,00,00,3966,0,0,4B,4B,00,00,1
9191,1480,A,00,00,DATA,00,00,3967,0,0,4B,4B,00,00,1
9192,1480,B,00,00,DATA,00,00,3968,0,0,4B,4B,00,00,1
9193,1480,A,00,00,DATA,00,00,3969,0,0,4B,4B,00,00,1
9194,1480,B,00,00,DATA,00,00,3970,0,0,4B,4B,00,00,1
9195,1480,A,00,00,DATA,00,00,3971,0,0,4B,4B,00,00,1
9196,1480,B,00,00,DATA,00,00,3972,0,0,4B,4B,00,00,1
9197,1480,A,00,00,DATA,00,00,3973,0,0,4B,4B,00,00,1
9198,1480,B,00,00,DATA,00,00,3974,0,0,4B,4B,00,00,1
9199,1480,A,00,00,DATA,00,00,3975,0,0,4B,4B,00,00,1
9200,1480,B,00,00,DATA,00,00,3976,0,0,4B,4B,00,00,1
9201,1480,A,00,00,DATA,00,00,3977,0,0,4B,4B,00,00,1
9202,1480,B,00,00,DATA,00,00,3978,0,0,4B,4B,00,00,1
9203,1480,A,00,00,DATA,00,00,3979,0,0,4B,4B,00,00,1
9204,1480,B,00,00,DATA,00,00,3980,0,0,4B,4B,00,00,1
9205,1480,A,00,00,DATA,00,00,3981,0,0,4B,4B,00,00,1
9206,1480,B,00,00,DATA,00,00,3982,0,0,4B,4B,00,00,1
9207,1480,A,00,00,DATA,00,00,3983,0,0,4B,4B,00,00,1
9208,1480,B,F1,00,DATA,00,F1,3984,0,0,4B,4B,00,00,1
9209,1480,A,00,67,DATA,00,67,3985,0,0,4B,4B,00,00,1
9210,1480,B,00,00,DATA,00,00,3986,0,0,4B,4B,00,00,1
9211,1480,A,00,00,DATA,00,00,3987,0,0,4B,4B,00,00,1
9212,1480,B,00,00,DATA,00,00,3988,0,0,4B,4B,00,00,1
9213,1480,A,00,00,DATA,00,00,3989,0,0,4B,4B,00,00,1
9214,1480,B,00,00,DATA,00,00,3990,0,0,4B,4B,00,00,1
9215,1480,A,00,00,DATA,00,00,3991,0,0,4B,4B,00,00,1
9216,1480,B,00,00,DATA,00,00,3992,0,0,4B,4B,00,00,1
9217,1480,A,00,00,DATA,00,00,3993,0,0,4B,4B,00,00,1
9218,1480,B,00,00,DATA,00,00,3994,0,0,4B,4B,00,00,1
9219,1480,A,00,00,DATA,00,00,3995,0,0,4B,4B,00,00,1
9220,1480,B,00,00,DATA,00,00,3996,0,0,4B,4B,00,00,1
9221,1480,A,00,00,DATA,00,00,3997,0,0,4B,4B,00,00,1
9222,1480,B,00,00,DATA,00,00,3998,0,0,4B,4B,00,00,1
9223,1480,A,00,00,DATA,00,00,3999,0,0,4B,4B,00,00,1
9224,1480,B,00,00,DATA,00,00,4000,0,0,4B,4B,00,00,1
9225,1480,A,00,00,DATA,00,00,4001,0,0,4B,4B,00,00,1
9226,1480,B,00,00,DATA,00,00,4002,0,0,4B,4B,00,00,1
9227,1480,A,00,00,DATA,00,00,4003,0,0,4B,4B,00,00,1
9228,1480,B,00,00,DATA,00,00,4004,0,0,4B,4B,00,00,1
9229,1480,A,00,00,DATA,00,00,4005,0,0,4B,4B,00,00,1
9230,1480,B,00,00,DATA,00,00,4006,0,0,4B,4B,00,00,1
9231,1480,A,00,00,DATA,00,00,4007,0,0,4B,4B,00,00,1
9232,1480,B,00,00,DATA,00,00,4008,0,0,4B,4B,00,00,1
9233,1480,A,00,00,DATA,00,00,4009,0,0,4B,4B,00,00,1
9234,1480,B,00,00,DATA,00,00,4010,0,0,4B,4B,00,00,1
9235,1480,A,00,00,DATA,00,00,4011,0,0,4B,4B,00,00,1
9236,1480,B,00,00,DATA,00,00,4012,0,0,4B,4B,00,00,1
9237,1480,A,00,00,DATA,00,00,4013,0,0,4B,4B,00,00,1
9238,1480,B,00,00,DATA,00,00,4014,0,0,4B,4B,00,00,1
9239,1480,A,00,00,DATA,00,00,4015,0,0,4B,4B,00,00,1
9240,1480,B,00,00,DATA,00,00,4016,0,0,4B,4B,00,00,1
9241,1480,A,00,4D,DATA,00,4D,4017,0,0,4B,4B,00,00,1
9242,1480,B,61,00,DATA,00,61,4018,0,0,4B,4B,00,00,1
9243,1480,A,00,67,DATA,00,67,4019,0,0,4B,4B,00,00,1
9244,1480,B,69,00,DATA,00,69,4020,0,0,4B,4B,00,00,1
9245,1480,A,00,63,DATA,00,63,4021,0,0,4B,4B,00,00,1
9246,1480,B,2A,00,DATA,00,2A,4022,0,0,4B,4B,00,00,1
9247,1480,A,00,CC,DATA,00,CC,4023,0,0,4B,4B,00,00,1
9248,1480,B,00,00,DATA,00,00,4024,0,0,4B,4B,00,00,1
9249,1480,A,00,00,DATA,00,00,4025,0,0,4B,4B,00,00,1
9250,1480,B,00,00,DATA,00,00,4026,0,0,4B,4B,00,00,1
9251,1480,A,00,00,DATA,00,00,4027,0,0,4B,4B,00,00,1
9252,1480,B,00,00,DATA,00,00,4028,0,0,4B,4B,00,00,1
9253,1480,A,00,00,DATA,00,00,4029,0,0,4B,4B,00,00,1
9254,1480,B,00,00,DATA,00,00,4030,0,0,4B,4B,00,00,1
9255,1480,A,00,00,DATA,00,00,4031,0,0,4B,4B,00,00,1
9256,1480,B,00,00,DATA,00,00,4032,0,0,4B,4B,00,00,1
9257,1480,A,00,00,DATA,00,00,4033,0,0,4B,4B,00,00,1
9258,1480,B,00,00,DATA,00,00,4034,0,0,4B,4B,00,00,1
9259,1480,A,00,00,DATA,00,00,4035,0,0,4B,4B,00,00,1
9260,1480,B,00,00,DATA,00,00,4036,0,0,4B,4B,00,00,1
9261,1480,A,00,00,DATA,00,00,4037,0,0,4B,4B,00,00,1
9262,1480,B,00,00,DATA,00,00,4038,0,0,4B,4B,00,00,1
9263,1480,A,00,00,DATA,00,00,4039,0,0,4B,4B,00,00,1
9264,1480,B,00,00,DATA,00,00,4040,0,0,4B,4B,00,00,1
9265,1480,A,00,00,DATA,00,00,4041,0,0,4B,4B,00,00,1
9266,1480,B,00,00,DATA,00,00,4042,0,0,4B,4B,00,00,1
9267,1480,A,00,00,DATA,00,00,4043,0,0,4B,4B,00,00,1
9268,1480,B,00,00,DATA,00,00,4044,0,0,4B,4B,00,00,1
9269,1480,A,00,00,DATA,00,00,4045,0,0,4B,4B,00,00,1
9270,1480,B,00,00,DATA,00,00,4046,0,0,4B,4B,00,00,1
9271,1480,A,00,00,DATA,00,00,4047,0,0,4B,4B,00,00,1
9272,1480,B,00,00,DATA,00,00,4048,0,0,4B,4B,00,00,1
9273,1480,A,00,00,DATA,00,00,4049,0,0,4B,4B,00,00,1
9274,1480,B,00,00,DATA,00,00,4050,0,0,4B,4B,00,00,1
9275,1480,A,00,00,DATA,00,00,4051,0,0,4B,4B,00,00,1
9276,1480,B,00,00,DATA,00,00,4052,0,0,4B,4B,00,00,1
9277,1480,A,00,00,DATA,00,00,4053,0,0,4B,4B,00,00,1
9278,1480,B,00,00,DATA,00,00,4054,0,0,4B,4B,00,00,1
9279,1480,A,00,00,DATA,00,00,4055,0,0,4B,4B,00,00,1
9280,1480,B,00,00,DATA,00,00,4056,0,0,4B,4B,00,00,1
9281,1480,A,00,00,DATA,00,00,4057,0,0,4B,4B,00,00,1
9282,1480,B,00,00,DATA,00,00,4058,0,0,4B,4B,00,00,1
9283,1480,A,00,00,DATA,00,00,4059,0,0,4B,4B,00,00,1
9284,1480,B,00,00,DATA,00,00,4060,0,0,4B,4B,00,00,1
9285,1480,A,00,00,DATA,00,00,4061,0,0,4B,4B,00,00,1
9286,1480,B,00,00,DATA,00,00,4062,0,0,4B,4B,00,00,1
9287,1480,A,00,00,DATA,00,00,4063,0,0,4B,4B,00,00,1
9288,1480,B,00,00,DATA,00,00,4064,0,0,4B,4B,00,00,1
9289,1480,A,00,00,DATA,00,00,4065,0,0,4B,4B,00,00,1
9290,1480,B,00,00,DATA,00,00,4066,0,0,4B,4B,00,00,1
9291,1480,A,00,00,DATA,00,00,4067,0,0,4B,4B,00,00,1
9292,1480,B,00,00,DATA,00,00,4068,0,0,4B,4B,00,00,1
9293,1480,A,00,00,DATA,00,00,4069,0,0,4B,4B,00,00,1
9294,1480,B,00,00,DATA,00,00,4070,0,0,4B,4B,00,00,1
9295,1480,A,00,00,DATA,00,00,4071,0,0,4B,4B,00,00,1
9296,1480,B,00,00,DATA,00,00,4072,0,0,4B,4B,00,00,1
9297,1480,A,00,00,DATA,00,00,4073,0,0,4B,4B,00,00,1
9298,1480,B,00,00,DATA,00,00,4074,0,0,4B,4B,00,00,1
9299,1480,A,00,00,DATA,00,00,4075,0,0,4B,4B,00,00,1
9300,1480,B,00,00,DATA,00,00,4076,0,0,4B,4B,00,00,1
9301,1480,A,00,00,DATA,00,00,4077,0,0,4B,4B,00,00,1
9302,1480,B,00,00,DATA,00,00,4078,0,0,4B,4B,00,00,1
9303,1480,A,00,00,DATA,00,00,4079,0,0,4B,4B,00,00,1
9304,1480,B,00,00,DATA,00,00,4080,0,0,4B,4B,00,00,1
9305,1480,A,00,00,DATA,00,00,4081,0,0,4B,4B,00,00,1
9306,1480,B,00,00,DATA,00,00,4082,0,0,4B,4B,00,00,1
9307,1480,A,00,00,DATA,00,00,4083,0,0,4B,4B,00,00,1
9308,1480,B,00,00,DATA,00,00,4084,0,0,4B,4B,00,00,1
9309,1480,A,00,00,DATA,00,00,4085,0,0,4B,4B,00,00,1
9310,1480,B,00,00,DATA,00,00,4086,0,0,4B,4B,00,00,1
9311,1480,A,00,00,DATA,00,00,4087,0,0,4B,4B,00,00,1
9312,1480,B,00,00,DATA,00,00,4088,0,0,4B,4B,00,00,1
9313,1480,A,00,00,DATA,00,00,4089,0,0,4B,4B,00,00,1
9314,1480,B,00,00,DATA,00,00,4090,0,0,4B,4B,00,00,1
9315,1480,A,00,00,DATA,00,00,4091,0,0,4B,4B,00,00,1
9316,1480,B,00,00,DATA,00,00,4092,0,0,4B,4B,00,00,1
9317,1480,A,00,00,DATA,00,00,4093,0,0,4B,4B,00,00,1
9318,1480,B,00,00,DATA,00,00,4094,0,0,4B,4B,00,00,1
9319,1480,A,00,01,DATA,00,01,4095,0,0,4B,4B,00,00,1
