n,frame,master,master_tx,master_rx,phase,initiator_tx,responder_tx,data_index,A_stage,B_stage,A_cmd,B_cmd_rx,A_ready,B_ready,delivered
0,268,A,29,12,HELLO,29,12,,0,0,00,00,00,00,1
1,268,B,1B,80,INFO,80,1B,,1,1,00,00,00,00,1
2,268,A,00,00,PRELUDE,00,00,,1,1,80,00,00,00,1
3,268,B,00,80,COMMAND,80,00,,2,2,80,00,00,00,1
4,268,A,00,00,SYNC,00,00,,3,3,80,80,00,00,1
5,268,B,00,00,SYNC,00,00,,3,3,80,80,00,00,1
6,268,A,00,00,SYNC,00,00,,3,3,80,80,00,00,1
7,268,B,00,00,SYNC,00,00,,3,3,80,80,00,00,1
8,268,A,00,00,SYNC,00,00,,3,3,80,80,00,00,1
9,268,B,00,00,SYNC,00,00,,3,3,80,80,00,00,1
10,268,A,00,00,SYNC,00,00,,3,3,80,80,00,00,1
11,268,B,00,00,SYNC,00,00,,3,3,80,80,00,00,1
12,268,A,00,00,SYNC,00,00,,3,3,80,80,00,00,1
13,268,B,00,00,SYNC,00,00,,3,3,80,80,00,00,1
14,268,A,00,00,SYNC,00,00,,3,3,80,80,00,00,1
15,268,B,00,00,SYNC,00,00,,3,3,80,80,00,00,1
16,268,A,00,00,SYNC,00,00,,3,3,80,80,00,00,1
17,268,B,00,00,SYNC,00,00,,3,3,80,80,00,00,1
18,268,A,00,00,SYNC,00,00,,3,3,80,80,00,00,1
19,268,B,00,00,SYNC,00,00,,3,3,80,80,00,00,1
20,268,A,00,00,SYNC,00,00,,3,3,80,80,00,00,1
21,268,B,00,00,SYNC,00,00,,3,3,80,80,00,00,1
22,268,A,00,00,SYNC,00,00,,3,3,80,80,00,00,1
23,268,B,00,00,SYNC,00,00,,3,3,80,80,00,00,1
24,268,A,00,00,SYNC,00,00,,3,3,80,80,00,00,1
25,268,B,00,00,SYNC,00,00,,3,3,80,80,00,00,1
26,268,A,00,01,SYNC,00,01,,3,3,80,80,00,01,1
27,268,B,00,01,DATA,01,00,first(not stored),0,0,80,80,00,00,1
28,268,A,00,FF,DATA,00,FF,0,0,0,80,80,00,00,1
29,268,B,FF,06,DATA,06,FF,1,0,0,80,80,00,00,1
30,268,A,01,D4,DATA,01,D4,2,0,0,80,80,00,00,1
31,268,B,FF,05,DATA,05,FF,3,0,0,80,80,00,00,1
32,268,A,02,80,DATA,02,80,4,0,0,80,80,00,00,1
33,268,B,FF,05,DATA,05,FF,5,0,0,80,80,00,00,1
34,268,A,03,80,DATA,03,80,6,0,0,80,80,00,00,1
35,268,B,FF,05,DATA,05,FF,7,0,0,80,80,00,00,1
36,268,A,02,C9,DATA,02,C9,8,0,0,80,80,00,00,1
37,268,B,B6,05,DATA,05,B6,9,0,0,80,80,00,00,1
38,268,A,01,A8,DATA,01,A8,10,0,0,80,80,00,00,1
39,268,B,97,05,DATA,05,97,11,0,0,80,80,00,00,1
40,268,A,00,8E,DATA,00,8E,12,0,0,80,80,00,00,1
41,268,B,81,06,DATA,06,81,13,0,0,80,80,00,00,1
42,268,A,04,86,DATA,04,86,14,0,0,80,80,00,00,1
43,268,B,81,05,DATA,05,81,15,0,0,80,80,00,00,1
44,268,A,05,FF,DATA,05,FF,16,0,0,80,80,00,00,1
45,268,B,FF,05,DATA,05,FF,17,0,0,80,80,00,00,1
46,268,A,06,55,DATA,06,55,18,0,0,80,80,00,00,1
47,268,B,FF,05,DATA,05,FF,19,0,0,80,80,00,00,1
48,268,A,05,05,DATA,05,05,20,0,0,80,80,00,00,1
49,268,B,FF,05,DATA,05,FF,21,0,0,80,80,00,00,1
50,268,A,04,57,DATA,04,57,22,0,0,80,80,00,00,1
51,268,B,FF,05,DATA,05,FF,23,0,0,80,80,00,00,1
52,268,A,FF,8F,DATA,FF,8F,24,0,0,80,80,00,00,1
53,268,B,7F,00,DATA,00,7F,25,0,0,80,80,00,00,1
54,268,A,FF,85,DATA,FF,85,26,0,0,80,80,00,00,1
55,268,B,7F,FF,DATA,FF,7F,27,0,0,80,80,00,00,1
56,268,A,FF,00,DATA,FF,00,28,0,0,80,80,00,00,1
57,268,B,FF,FF,DATA,FF,FF,29,0,0,80,80,00,00,1
58,268,A,FF,A9,DATA,FF,A9,30,0,0,80,80,00,00,1
59,268,B,57,FF,DATA,FF,57,31,0,0,80,80,00,00,1
60,268,A,FF,FF,DATA,FF,FF,32,0,0,80,80,00,00,1
61,268,B,FF,FF,DATA,FF,FF,33,0,0,80,80,00,00,1
62,268,A,FF,FE,DATA,FF,FE,34,0,0,80,80,00,00,1
63,268,B,FF,FF,DATA,FF,FF,35,0,0,80,80,00,00,1
64,268,A,FF,FD,DATA,FF,FD,36,0,0,80,80,00,00,1
65,268,B,FE,FF,DATA,FF,FE,37,0,0,80,80,00,00,1
66,268,A,FF,FD,DATA,FF,FD,38,0,0,80,80,00,00,1
67,268,B,FE,FF,DATA,FF,FE,39,0,0,80,80,00,00,1
68,268,A,FF,F0,DATA,FF,F0,40,0,0,80,80,00,00,1
69,268,B,FE,FF,DATA,FF,FE,41,0,0,80,80,00,00,1
70,268,A,FF,F9,DATA,FF,F9,42,0,0,80,80,00,00,1
71,268,B,FC,FF,DATA,FF,FC,43,0,0,80,80,00,00,1
72,268,A,FF,00,DATA,FF,00,44,0,0,80,80,00,00,1
73,268,B,F8,FF,DATA,FF,F8,45,0,0,80,80,00,00,1
74,268,A,FF,55,DATA,FF,55,46,0,0,80,80,00,00,1
75,268,B,F8,FF,DATA,FF,F8,47,0,0,80,80,00,00,1
76,268,A,FF,FF,DATA,FF,FF,48,0,0,80,80,00,00,1
77,268,B,FF,00,DATA,00,FF,49,0,0,80,80,00,00,1
78,268,A,00,6F,DATA,00,6F,50,0,0,80,80,00,00,1
79,268,B,11,00,DATA,00,11,51,0,0,80,80,00,00,1
80,268,A,00,3F,DATA,00,3F,52,0,0,80,80,00,00,1
81,268,B,01,00,DATA,00,01,53,0,0,80,80,00,00,1
82,268,A,00,77,DATA,00,77,54,0,0,80,80,00,00,1
83,268,B,01,00,DATA,00,01,55,0,0,80,80,00,00,1
84,268,A,00,03,DATA,00,03,56,0,0,80,80,00,00,1
85,268,B,01,00,DATA,00,01,57,0,0,80,80,00,00,1
86,268,A,00,57,DATA,00,57,58,0,0,80,80,00,00,1
87,268,B,01,00,DATA,00,01,59,0,0,80,80,00,00,1
88,268,A,00,07,DATA,00,07,60,0,0,80,80,00,00,1
89,268,B,01,00,DATA,00,01,61,0,0,80,80,00,00,1
90,268,A,00,57,DATA,00,57,62,0,0,80,80,00,00,1
91,268,B,01,00,DATA,00,01,63,0,0,80,80,00,00,1
92,268,A,00,81,DATA,00,81,64,0,0,80,80,00,00,1
93,268,B,80,00,DATA,00,80,65,0,0,80,80,00,00,1
94,268,A,00,81,DATA,00,81,66,0,0,80,80,00,00,1
95,268,B,80,00,DATA,00,80,67,0,0,80,80,00,00,1
96,268,A,00,80,DATA,00,80,68,0,0,80,80,00,00,1
97,268,B,80,00,DATA,00,80,69,0,0,80,80,00,00,1
98,268,A,00,FF,DATA,00,FF,70,0,0,80,80,00,00,1
99,268,B,80,00,DATA,00,80,71,0,0,80,80,00,00,1
100,268,A,00,FD,DATA,00,FD,72,0,0,80,80,00,00,1
101,268,B,82,00,DATA,00,82,73,0,0,80,80,00,00,1
102,268,A,00,AA,DATA,00,AA,74,0,0,80,80,00,00,1
103,268,B,D5,00,DATA,00,D5,75,0,0,80,80,00,00,1
104,268,A,00,FE,DATA,00,FE,76,0,0,80,80,00,00,1
105,268,B,81,00,DATA,00,81,77,0,0,80,80,00,00,1
106,268,A,00,E8,DATA,00,E8,78,0,0,80,80,00,00,1
107,268,B,97,00,DATA,00,97,79,0,0,80,80,00,00,1
108,268,A,00,08,DATA,00,08,80,0,0,80,80,00,00,1
109,268,B,F7,00,DATA,00,F7,81,0,0,80,80,00,00,1
110,268,A,00,89,DATA,00,89,82,0,0,80,80,00,00,1
111,268,B,77,00,DATA,00,77,83,0,0,80,80,00,00,1
112,268,A,00,20,DATA,00,20,84,0,0,80,80,00,00,1
113,268,B,1F,00,DATA,00,1F,85,0,0,80,80,00,00,1
114,268,A,00,97,DATA,00,97,86,0,0,80,80,00,00,1
115,268,B,7F,00,DATA,00,7F,87,0,0,80,80,00,00,1
116,268,A,00,00,DATA,00,00,88,0,0,80,80,00,00,1
117,268,B,FF,00,DATA,00,FF,89,0,0,80,80,00,00,1
118,268,A,00,22,DATA,00,22,90,0,0,80,80,00,00,1
119,268,B,DD,00,DATA,00,DD,91,0,0,80,80,00,00,1
120,268,A,00,E7,DATA,00,E7,92,0,0,80,80,00,00,1
121,268,B,18,00,DATA,00,18,93,0,0,80,80,00,00,1
122,268,A,00,FA,DATA,00,FA,94,0,0,80,80,00,00,1
123,268,B,05,00,DATA,00,05,95,0,0,80,80,00,00,1
124,268,A,00,08,DATA,00,08,96,0,0,80,80,00,00,1
125,268,B,F0,00,DATA,00,F0,97,0,0,80,80,00,00,1
126,268,A,00,5D,DATA,00,5D,98,0,0,80,80,00,00,1
127,268,B,F0,00,DATA,00,F0,99,0,0,80,80,00,00,1
128,268,A,00,08,DATA,00,08,100,0,0,80,80,00,00,1
129,268,B,F0,00,DATA,00,F0,101,0,0,80,80,00,00,1
130,268,A,00,54,DATA,00,54,102,0,0,80,80,00,00,1
131,268,B,F8,00,DATA,00,F8,103,0,0,80,80,00,00,1
132,268,A,00,08,DATA,00,08,104,0,0,80,80,00,00,1
133,268,B,F0,00,DATA,00,F0,105,0,0,80,80,00,00,1
134,268,A,00,0C,DATA,00,0C,106,0,0,80,80,00,00,1
135,268,B,F0,00,DATA,00,F0,107,0,0,80,80,00,00,1
136,268,A,00,0C,DATA,00,0C,108,0,0,80,80,00,00,1
137,268,B,F0,00,DATA,00,F0,109,0,0,80,80,00,00,1
138,268,A,00,0C,DATA,00,0C,110,0,0,80,80,00,00,1
139,268,B,F0,00,DATA,00,F0,111,0,0,80,80,00,00,1
140,268,A,00,07,DATA,00,07,112,0,0,80,80,00,00,1
141,268,B,01,00,DATA,00,01,113,0,0,80,80,00,00,1
142,268,A,00,5F,DATA,00,5F,114,0,0,80,80,00,00,1
143,268,B,01,00,DATA,00,01,115,0,0,80,80,00,00,1
144,268,A,00,07,DATA,00,07,116,0,0,80,80,00,00,1
145,268,B,01,00,DATA,00,01,117,0,0,80,80,00,00,1
146,268,A,00,17,DATA,00,17,118,0,0,80,80,00,00,1
147,268,B,01,00,DATA,00,01,119,0,0,80,80,00,00,1
148,268,A,00,07,DATA,00,07,120,0,0,80,80,00,00,1
149,268,B,01,00,DATA,00,01,121,0,0,80,80,00,00,1
150,268,A,00,07,DATA,00,07,122,0,0,80,80,00,00,1
151,268,B,01,00,DATA,00,01,123,0,0,80,80,00,00,1
152,268,A,00,03,DATA,00,03,124,0,0,80,80,00,00,1
153,268,B,01,00,DATA,00,01,125,0,0,80,80,00,00,1
154,268,A,00,17,DATA,00,17,126,0,0,80,80,00,00,1
155,268,B,01,00,DATA,00,01,127,0,0,80,80,00,00,1
156,268,A,00,87,DATA,00,87,128,0,0,80,80,00,00,1
157,268,B,80,00,DATA,00,80,129,0,0,80,80,00,00,1
158,268,A,00,D5,DATA,00,D5,130,0,0,80,80,00,00,1
159,268,B,80,00,DATA,00,80,131,0,0,80,80,00,00,1
160,268,A,00,90,DATA,00,90,132,0,0,80,80,00,00,1
161,268,B,80,00,DATA,00,80,133,0,0,80,80,00,00,1
162,268,A,00,84,DATA,00,84,134,0,0,80,80,00,00,1
163,268,B,F8,00,DATA,00,F8,135,0,0,80,80,00,00,1
164,268,A,00,E0,DATA,00,E0,136,0,0,80,80,00,00,1
165,268,B,F8,00,DATA,00,F8,137,0,0,80,80,00,00,1
166,268,A,00,D2,DATA,00,D2,138,0,0,80,80,00,00,1
167,268,B,FD,00,DATA,00,FD,139,0,0,80,80,00,00,1
168,268,A,00,A0,DATA,00,A0,140,0,0,80,80,00,00,1
169,268,B,FF,00,DATA,00,FF,141,0,0,80,80,00,00,1
170,268,A,00,82,DATA,00,82,142,0,0,80,80,00,00,1
171,268,B,FD,00,DATA,00,FD,143,0,0,80,80,00,00,1
172,268,A,00,37,DATA,00,37,144,0,0,80,80,00,00,1
173,268,B,00,00,DATA,00,00,145,0,0,80,80,00,00,1
174,268,A,00,66,DATA,00,66,146,0,0,80,80,00,00,1
175,268,B,11,00,DATA,00,11,147,0,0,80,80,00,00,1
176,268,A,00,90,DATA,00,90,148,0,0,80,80,00,00,1
177,268,B,00,00,DATA,00,00,149,0,0,80,80,00,00,1
178,268,A,00,B5,DATA,00,B5,150,0,0,80,80,00,00,1
179,268,B,40,00,DATA,00,40,151,0,0,80,80,00,00,1
180,268,A,00,70,DATA,00,70,152,0,0,80,80,00,00,1
181,268,B,00,00,DATA,00,00,153,0,0,80,80,00,00,1
182,268,A,00,AD,DATA,00,AD,154,0,0,80,80,00,00,1
183,268,B,50,00,DATA,00,50,155,0,0,80,80,00,00,1
184,268,A,00,FF,DATA,00,FF,156,0,0,80,80,00,00,1
185,268,B,00,00,DATA,00,00,157,0,0,80,80,00,00,1
186,268,A,00,FE,DATA,00,FE,158,0,0,80,80,00,00,1
187,268,B,01,00,DATA,00,01,159,0,0,80,80,00,00,1
188,268,A,00,88,DATA,00,88,160,0,0,80,80,00,00,1
189,268,B,70,00,DATA,00,70,161,0,0,80,80,00,00,1
190,268,A,00,AC,DATA,00,AC,162,0,0,80,80,00,00,1
191,268,B,50,00,DATA,00,50,163,0,0,80,80,00,00,1
192,268,A,00,F8,DATA,00,F8,164,0,0,80,80,00,00,1
193,268,B,00,00,DATA,00,00,165,0,0,80,80,00,00,1
194,268,A,00,74,DATA,00,74,166,0,0,80,80,00,00,1
195,268,B,00,00,DATA,00,00,167,0,0,80,80,00,00,1
196,268,A,00,00,DATA,00,00,168,0,0,80,80,00,00,1
197,268,B,00,00,DATA,00,00,169,0,0,80,80,00,00,1
198,268,A,00,F4,DATA,00,F4,170,0,0,80,80,00,00,1
199,268,B,00,00,DATA,00,00,171,0,0,80,80,00,00,1
200,268,A,00,60,DATA,00,60,172,0,0,80,80,00,00,1
201,268,B,80,00,DATA,00,80,173,0,0,80,80,00,00,1
202,268,A,00,B0,DATA,00,B0,174,0,0,80,80,00,00,1
203,268,B,40,00,DATA,00,40,175,0,0,80,80,00,00,1
204,268,A,00,07,DATA,00,07,176,0,0,80,80,00,00,1
205,268,B,01,00,DATA,00,01,177,0,0,80,80,00,00,1
206,268,A,00,07,DATA,00,07,178,0,0,80,80,00,00,1
207,268,B,01,00,DATA,00,01,179,0,0,80,80,00,00,1
208,268,A,00,03,DATA,00,03,180,0,0,80,80,00,00,1
209,268,B,01,00,DATA,00,01,181,0,0,80,80,00,00,1
210,268,A,00,07,DATA,00,07,182,0,0,80,80,00,00,1
211,268,B,01,00,DATA,00,01,183,0,0,80,80,00,00,1
212,268,A,00,03,DATA,00,03,184,0,0,80,80,00,00,1
213,268,B,01,00,DATA,00,01,185,0,0,80,80,00,00,1
214,268,A,00,07,DATA,00,07,186,0,0,80,80,00,00,1
215,268,B,01,00,DATA,00,01,187,0,0,80,80,00,00,1
216,268,A,00,03,DATA,00,03,188,0,0,80,80,00,00,1
217,268,B,01,00,DATA,00,01,189,0,0,80,80,00,00,1
218,268,A,00,01,DATA,00,01,190,0,0,80,80,00,00,1
219,268,B,01,00,DATA,00,01,191,0,0,80,80,00,00,1
220,268,A,00,FF,DATA,00,FF,192,0,0,80,80,00,00,1
221,268,B,80,00,DATA,00,80,193,0,0,80,80,00,00,1
222,268,A,00,AF,DATA,00,AF,194,0,0,80,80,00,00,1
223,268,B,D0,00,DATA,00,D0,195,0,0,80,80,00,00,1
224,268,A,00,BF,DATA,00,BF,196,0,0,80,80,00,00,1
225,268,B,C0,00,DATA,00,C0,197,0,0,80,80,00,00,1
226,268,A,00,FF,DATA,00,FF,198,0,0,80,80,00,00,1
227,268,B,FF,00,DATA,00,FF,199,0,0,80,80,00,00,1
228,268,A,00,00,DATA,00,00,200,0,0,80,80,00,00,1
229,268,B,00,00,DATA,00,00,201,0,0,80,80,00,00,1
230,268,A,00,00,DATA,00,00,202,0,0,80,80,00,00,1
231,268,B,00,00,DATA,00,00,203,0,0,80,80,00,00,1
232,268,A,00,00,DATA,00,00,204,0,0,80,80,00,00,1
233,268,B,00,00,DATA,00,00,205,0,0,80,80,00,00,1
234,268,A,00,00,DATA,00,00,206,0,0,80,80,00,00,1
235,268,B,00,00,DATA,00,00,207,0,0,80,80,00,00,1
236,268,A,00,63,DATA,00,63,208,0,0,80,80,00,00,1
237,268,B,00,00,DATA,00,00,209,0,0,80,80,00,00,1
238,268,A,00,69,DATA,00,69,210,0,0,80,80,00,00,1
239,268,B,04,00,DATA,00,04,211,0,0,80,80,00,00,1
240,268,A,00,0B,DATA,00,0B,212,0,0,80,80,00,00,1
241,268,B,04,00,DATA,00,04,213,0,0,80,80,00,00,1
242,268,A,00,FF,DATA,00,FF,214,0,0,80,80,00,00,1
243,268,B,FF,00,DATA,00,FF,215,0,0,80,80,00,00,1
244,268,A,00,00,DATA,00,00,216,0,0,80,80,00,00,1
245,268,B,00,00,DATA,00,00,217,0,0,80,80,00,00,1
246,268,A,00,00,DATA,00,00,218,0,0,80,80,00,00,1
247,268,B,00,00,DATA,00,00,219,0,0,80,80,00,00,1
248,268,A,00,00,DATA,00,00,220,0,0,80,80,00,00,1
249,268,B,00,00,DATA,00,00,221,0,0,80,80,00,00,1
250,268,A,00,00,DATA,00,00,222,0,0,80,80,00,00,1
251,268,B,00,00,DATA,00,00,223,0,0,80,80,00,00,1
252,268,A,00,F0,DATA,00,F0,224,0,0,80,80,00,00,1
253,268,B,00,00,DATA,00,00,225,0,0,80,80,00,00,1
254,268,A,00,A0,DATA,00,A0,226,0,0,80,80,00,00,1
255,268,B,50,00,DATA,00,50,227,0,0,80,80,00,00,1
256,268,A,00,F0,DATA,00,F0,228,0,0,80,80,00,00,1
257,268,B,00,00,DATA,00,00,229,0,0,80,80,00,00,1
258,268,A,00,FF,DATA,00,FF,230,0,0,80,80,00,00,1
259,268,B,FF,00,DATA,00,FF,231,0,0,80,80,00,00,1
260,268,A,00,00,DATA,00,00,232,0,0,80,80,00,00,1
261,268,B,00,00,DATA,00,00,233,0,0,80,80,00,00,1
262,268,A,00,00,DATA,00,00,234,0,0,80,80,00,00,1
263,268,B,00,00,DATA,00,00,235,0,0,80,80,00,00,1
264,268,A,00,00,DATA,00,00,236,0,0,80,80,00,00,1
265,268,B,00,00,DATA,00,00,237,0,0,80,80,00,00,1
266,268,A,00,00,DATA,00,00,238,0,0,80,80,00,00,1
267,268,B,00,00,DATA,00,00,239,0,0,80,80,00,00,1
268,268,A,00,01,DATA,00,01,240,0,0,80,80,00,00,1
269,268,B,01,00,DATA,00,01,241,0,0,80,80,00,00,1
270,268,A,00,11,DATA,00,11,242,0,0,80,80,00,00,1
271,268,B,01,00,DATA,00,01,243,0,0,80,80,00,00,1
272,268,A,00,01,DATA,00,01,244,0,0,80,80,00,00,1
273,268,B,01,00,DATA,00,01,245,0,0,80,80,00,00,1
274,268,A,00,FF,DATA,00,FF,246,0,0,80,80,00,00,1
275,268,B,FF,00,DATA,00,FF,247,0,0,80,80,00,00,1
276,268,A,00,00,DATA,00,00,248,0,0,80,80,00,00,1
277,268,B,00,00,DATA,00,00,249,0,0,80,80,00,00,1
278,268,A,00,00,DATA,00,00,250,0,0,80,80,00,00,1
279,268,B,00,00,DATA,00,00,251,0,0,80,80,00,00,1
280,268,A,00,00,DATA,00,00,252,0,0,80,80,00,00,1
281,268,B,00,00,DATA,00,00,253,0,0,80,80,00,00,1
282,268,A,00,00,DATA,00,00,254,0,0,80,80,00,00,1
283,268,B,00,00,DATA,00,00,255,0,0,80,80,00,00,1
284,268,A,00,FF,DATA,00,FF,256,0,0,80,80,00,00,1
285,268,B,FF,00,DATA,00,FF,257,0,0,80,80,00,00,1
286,268,A,00,B8,DATA,00,B8,258,0,0,80,80,00,00,1
287,268,B,C7,00,DATA,00,C7,259,0,0,80,80,00,00,1
288,268,A,00,F8,DATA,00,F8,260,0,0,80,80,00,00,1
289,268,B,87,00,DATA,00,87,261,0,0,80,80,00,00,1
290,268,A,00,E0,DATA,00,E0,262,0,0,80,80,00,00,1
291,268,B,9F,00,DATA,00,9F,263,0,0,80,80,00,00,1
292,268,A,00,F3,DATA,00,F3,264,0,0,80,80,00,00,1
293,268,B,8C,00,DATA,00,8C,265,0,0,80,80,00,00,1
294,268,A,00,E7,DATA,00,E7,266,0,0,80,80,00,00,1
295,268,B,98,00,DATA,00,98,267,0,0,80,80,00,00,1
296,268,A,00,F8,DATA,00,F8,268,0,0,80,80,00,00,1
297,268,B,80,00,DATA,00,80,269,0,0,80,80,00,00,1
298,268,A,00,ED,DATA,00,ED,270,0,0,80,80,00,00,1
299,268,B,90,00,DATA,00,90,271,0,0,80,80,00,00,1
300,268,A,00,FF,DATA,00,FF,272,0,0,80,80,00,00,1
301,268,B,FF,00,DATA,00,FF,273,0,0,80,80,00,00,1
302,268,A,00,11,DATA,00,11,274,0,0,80,80,00,00,1
303,268,B,FF,00,DATA,00,FF,275,0,0,80,80,00,00,1
304,268,A,00,00,DATA,00,00,276,0,0,80,80,00,00,1
305,268,B,FF,00,DATA,00,FF,277,0,0,80,80,00,00,1
306,268,A,00,28,DATA,00,28,278,0,0,80,80,00,00,1
307,268,B,D7,00,DATA,00,D7,279,0,0,80,80,00,00,1
308,268,A,00,F2,DATA,00,F2,280,0,0,80,80,00,00,1
309,268,B,01,00,DATA,00,01,281,0,0,80,80,00,00,1
310,268,A,00,57,DATA,00,57,282,0,0,80,80,00,00,1
311,268,B,00,00,DATA,00,00,283,0,0,80,80,00,00,1
312,268,A,00,01,DATA,00,01,284,0,0,80,80,00,00,1
313,268,B,00,00,DATA,00,00,285,0,0,80,80,00,00,1
314,268,A,00,55,DATA,00,55,286,0,0,80,80,00,00,1
315,268,B,00,00,DATA,00,00,287,0,0,80,80,00,00,1
316,268,A,00,FF,DATA,00,FF,288,0,0,80,80,00,00,1
317,268,B,FF,00,DATA,00,FF,289,0,0,80,80,00,00,1
318,268,A,00,5C,DATA,00,5C,290,0,0,80,80,00,00,1
319,268,B,FF,00,DATA,00,FF,291,0,0,80,80,00,00,1
320,268,A,00,20,DATA,00,20,292,0,0,80,80,00,00,1
321,268,B,FF,00,DATA,00,FF,293,0,0,80,80,00,00,1
322,268,A,00,54,DATA,00,54,294,0,0,80,80,00,00,1
323,268,B,FF,00,DATA,00,FF,295,0,0,80,80,00,00,1
324,268,A,00,00,DATA,00,00,296,0,0,80,80,00,00,1
325,268,B,FF,00,DATA,00,FF,297,0,0,80,80,00,00,1
326,268,A,00,95,DATA,00,95,298,0,0,80,80,00,00,1
327,268,B,7F,00,DATA,00,7F,299,0,0,80,80,00,00,1
328,268,A,00,C0,DATA,00,C0,300,0,0,80,80,00,00,1
329,268,B,3F,00,DATA,00,3F,301,0,0,80,80,00,00,1
330,268,A,00,E5,DATA,00,E5,302,0,0,80,80,00,00,1
331,268,B,1F,00,DATA,00,1F,303,0,0,80,80,00,00,1
332,268,A,00,FF,DATA,00,FF,304,0,0,80,80,00,00,1
333,268,B,FF,00,DATA,00,FF,305,0,0,80,80,00,00,1
334,268,A,00,57,DATA,00,57,306,0,0,80,80,00,00,1
335,268,B,01,00,DATA,00,01,307,0,0,80,80,00,00,1
336,268,A,00,C3,DATA,00,C3,308,0,0,80,80,00,00,1
337,268,B,01,00,DATA,00,01,309,0,0,80,80,00,00,1
338,268,A,00,55,DATA,00,55,310,0,0,80,80,00,00,1
339,268,B,81,00,DATA,00,81,311,0,0,80,80,00,00,1
340,268,A,00,41,DATA,00,41,312,0,0,80,80,00,00,1
341,268,B,81,00,DATA,00,81,313,0,0,80,80,00,00,1
342,268,A,00,55,DATA,00,55,314,0,0,80,80,00,00,1
343,268,B,81,00,DATA,00,81,315,0,0,80,80,00,00,1
344,268,A,00,41,DATA,00,41,316,0,0,80,80,00,00,1
345,268,B,81,00,DATA,00,81,317,0,0,80,80,00,00,1
346,268,A,00,15,DATA,00,15,318,0,0,80,80,00,00,1
347,268,B,C1,00,DATA,00,C1,319,0,0,80,80,00,00,1
348,268,A,00,F8,DATA,00,F8,320,0,0,80,80,00,00,1
349,268,B,80,00,DATA,00,80,321,0,0,80,80,00,00,1
350,268,A,00,FD,DATA,00,FD,322,0,0,80,80,00,00,1
351,268,B,80,00,DATA,00,80,323,0,0,80,80,00,00,1
352,268,A,00,C0,DATA,00,C0,324,0,0,80,80,00,00,1
353,268,B,80,00,DATA,00,80,325,0,0,80,80,00,00,1
354,268,A,00,F5,DATA,00,F5,326,0,0,80,80,00,00,1
355,268,B,80,00,DATA,00,80,327,0,0,80,80,00,00,1
356,268,A,00,C7,DATA,00,C7,328,0,0,80,80,00,00,1
357,268,B,80,00,DATA,00,80,329,0,0,80,80,00,00,1
358,268,A,00,F6,DATA,00,F6,330,0,0,80,80,00,00,1
359,268,B,81,00,DATA,00,81,331,0,0,80,80,00,00,1
360,268,A,00,C1,DATA,00,C1,332,0,0,80,80,00,00,1
361,268,B,80,00,DATA,00,80,333,0,0,80,80,00,00,1
362,268,A,00,F5,DATA,00,F5,334,0,0,80,80,00,00,1
363,268,B,80,00,DATA,00,80,335,0,0,80,80,00,00,1
364,268,A,00,00,DATA,00,00,336,0,0,80,80,00,00,1
365,268,B,00,00,DATA,00,00,337,0,0,80,80,00,00,1
366,268,A,00,57,DATA,00,57,338,0,0,80,80,00,00,1
367,268,B,00,00,DATA,00,00,339,0,0,80,80,00,00,1
368,268,A,00,0F,DATA,00,0F,340,0,0,80,80,00,00,1
369,268,B,00,00,DATA,00,00,341,0,0,80,80,00,00,1
370,268,A,00,5B,DATA,00,5B,342,0,0,80,80,00,00,1
371,268,B,04,00,DATA,00,04,343,0,0,80,80,00,00,1
372,268,A,00,9F,DATA,00,9F,344,0,0,80,80,00,00,1
373,268,B,00,00,DATA,00,00,345,0,0,80,80,00,00,1
374,268,A,00,DE,DATA,00,DE,346,0,0,80,80,00,00,1
375,268,B,01,00,DATA,00,01,347,0,0,80,80,00,00,1
376,268,A,00,48,DATA,00,48,348,0,0,80,80,00,00,1
377,268,B,80,00,DATA,00,80,349,0,0,80,80,00,00,1
378,268,A,00,D5,DATA,00,D5,350,0,0,80,80,00,00,1
379,268,B,00,00,DATA,00,00,351,0,0,80,80,00,00,1
380,268,A,00,70,DATA,00,70,352,0,0,80,80,00,00,1
381,268,B,0F,00,DATA,00,0F,353,0,0,80,80,00,00,1
382,268,A,00,F8,DATA,00,F8,354,0,0,80,80,00,00,1
383,268,B,07,00,DATA,00,07,355,0,0,80,80,00,00,1
384,268,A,00,FF,DATA,00,FF,356,0,0,80,80,00,00,1
385,268,B,00,00,DATA,00,00,357,0,0,80,80,00,00,1
386,268,A,00,F7,DATA,00,F7,358,0,0,80,80,00,00,1
387,268,B,00,00,DATA,00,00,359,0,0,80,80,00,00,1
388,268,A,00,C7,DATA,00,C7,360,0,0,80,80,00,00,1
389,268,B,00,00,DATA,00,00,361,0,0,80,80,00,00,1
390,268,A,00,D7,DATA,00,D7,362,0,0,80,80,00,00,1
391,268,B,00,00,DATA,00,00,363,0,0,80,80,00,00,1
392,268,A,00,07,DATA,00,07,364,0,0,80,80,00,00,1
393,268,B,00,00,DATA,00,00,365,0,0,80,80,00,00,1
394,268,A,00,56,DATA,00,56,366,0,0,80,80,00,00,1
395,268,B,01,00,DATA,00,01,367,0,0,80,80,00,00,1
396,268,A,00,E1,DATA,00,E1,368,0,0,80,80,00,00,1
397,268,B,01,00,DATA,00,01,369,0,0,80,80,00,00,1
398,268,A,00,95,DATA,00,95,370,0,0,80,80,00,00,1
399,268,B,41,00,DATA,00,41,371,0,0,80,80,00,00,1
400,268,A,00,C1,DATA,00,C1,372,0,0,80,80,00,00,1
401,268,B,01,00,DATA,00,01,373,0,0,80,80,00,00,1
402,268,A,00,B5,DATA,00,B5,374,0,0,80,80,00,00,1
403,268,B,41,00,DATA,00,41,375,0,0,80,80,00,00,1
404,268,A,00,FD,DATA,00,FD,376,0,0,80,80,00,00,1
405,268,B,01,00,DATA,00,01,377,0,0,80,80,00,00,1
406,268,A,00,BD,DATA,00,BD,378,0,0,80,80,00,00,1
407,268,B,41,00,DATA,00,41,379,0,0,80,80,00,00,1
408,268,A,00,F9,DATA,00,F9,380,0,0,80,80,00,00,1
409,268,B,01,00,DATA,00,01,381,0,0,80,80,00,00,1
410,268,A,00,D5,DATA,00,D5,382,0,0,80,80,00,00,1
411,268,B,01,00,DATA,00,01,383,0,0,80,80,00,00,1
412,268,A,00,E0,DATA,00,E0,384,0,0,80,80,00,00,1
413,268,B,80,00,DATA,00,80,385,0,0,80,80,00,00,1
414,268,A,00,B5,DATA,00,B5,386,0,0,80,80,00,00,1
415,268,B,C0,00,DATA,00,C0,387,0,0,80,80,00,00,1
416,268,A,00,80,DATA,00,80,388,0,0,80,80,00,00,1
417,268,B,E0,00,DATA,00,E0,389,0,0,80,80,00,00,1
418,268,A,00,D5,DATA,00,D5,390,0,0,80,80,00,00,1
419,268,B,E0,00,DATA,00,E0,391,0,0,80,80,00,00,1
420,268,A,00,90,DATA,00,90,392,0,0,80,80,00,00,1
421,268,B,E0,00,DATA,00,E0,393,0,0,80,80,00,00,1
422,268,A,00,D5,DATA,00,D5,394,0,0,80,80,00,00,1
423,268,B,E0,00,DATA,00,E0,395,0,0,80,80,00,00,1
424,268,A,00,98,DATA,00,98,396,0,0,80,80,00,00,1
425,268,B,E0,00,DATA,00,E0,397,0,0,80,80,00,00,1
426,268,A,00,C5,DATA,00,C5,398,0,0,80,80,00,00,1
427,268,B,F0,00,DATA,00,F0,399,0,0,80,80,00,00,1
428,268,A,00,00,DATA,00,00,400,0,0,80,80,00,00,1
429,268,B,00,00,DATA,00,00,401,0,0,80,80,00,00,1
430,268,A,00,57,DATA,00,57,402,0,0,80,80,00,00,1
431,268,B,00,00,DATA,00,00,403,0,0,80,80,00,00,1
432,268,A,00,1F,DATA,00,1F,404,0,0,80,80,00,00,1
433,268,B,00,00,DATA,00,00,405,0,0,80,80,00,00,1
434,268,A,00,57,DATA,00,57,406,0,0,80,80,00,00,1
435,268,B,00,00,DATA,00,00,407,0,0,80,80,00,00,1
436,268,A,00,03,DATA,00,03,408,0,0,80,80,00,00,1
437,268,B,00,00,DATA,00,00,409,0,0,80,80,00,00,1
438,268,A,00,55,DATA,00,55,410,0,0,80,80,00,00,1
439,268,B,00,00,DATA,00,00,411,0,0,80,80,00,00,1
440,268,A,00,01,DATA,00,01,412,0,0,80,80,00,00,1
441,268,B,00,00,DATA,00,00,413,0,0,80,80,00,00,1
442,268,A,00,55,DATA,00,55,414,0,0,80,80,00,00,1
443,268,B,00,00,DATA,00,00,415,0,0,80,80,00,00,1
444,268,A,00,03,DATA,00,03,416,0,0,80,80,00,00,1
445,268,B,00,00,DATA,00,00,417,0,0,80,80,00,00,1
446,268,A,00,57,DATA,00,57,418,0,0,80,80,00,00,1
447,268,B,00,00,DATA,00,00,419,0,0,80,80,00,00,1
448,268,A,00,87,DATA,00,87,420,0,0,80,80,00,00,1
449,268,B,00,00,DATA,00,00,421,0,0,80,80,00,00,1
450,268,A,00,FF,DATA,00,FF,422,0,0,80,80,00,00,1
451,268,B,00,00,DATA,00,00,423,0,0,80,80,00,00,1
452,268,A,00,FF,DATA,00,FF,424,0,0,80,80,00,00,1
453,268,B,00,00,DATA,00,00,425,0,0,80,80,00,00,1
454,268,A,00,FF,DATA,00,FF,426,0,0,80,80,00,00,1
455,268,B,00,00,DATA,00,00,427,0,0,80,80,00,00,1
456,268,A,00,FF,DATA,00,FF,428,0,0,80,80,00,00,1
457,268,B,00,00,DATA,00,00,429,0,0,80,80,00,00,1
458,268,A,00,FF,DATA,00,FF,430,0,0,80,80,00,00,1
459,268,B,00,00,DATA,00,00,431,0,0,80,80,00,00,1
460,268,A,00,81,DATA,00,81,432,0,0,80,80,00,00,1
461,268,B,01,00,DATA,00,01,433,0,0,80,80,00,00,1
462,268,A,00,D5,DATA,00,D5,434,0,0,80,80,00,00,1
463,268,B,01,00,DATA,00,01,435,0,0,80,80,00,00,1
464,268,A,00,81,DATA,00,81,436,0,0,80,80,00,00,1
465,268,B,01,00,DATA,00,01,437,0,0,80,80,00,00,1
466,268,A,00,D5,DATA,00,D5,438,0,0,80,80,00,00,1
467,268,B,01,00,DATA,00,01,439,0,0,80,80,00,00,1
468,268,A,00,F1,DATA,00,F1,440,0,0,80,80,00,00,1
469,268,B,01,00,DATA,00,01,441,0,0,80,80,00,00,1
470,268,A,00,FD,DATA,00,FD,442,0,0,80,80,00,00,1
471,268,B,01,00,DATA,00,01,443,0,0,80,80,00,00,1
472,268,A,00,F9,DATA,00,F9,444,0,0,80,80,00,00,1
473,268,B,01,00,DATA,00,01,445,0,0,80,80,00,00,1
474,268,A,00,F5,DATA,00,F5,446,0,0,80,80,00,00,1
475,268,B,01,00,DATA,00,01,447,0,0,80,80,00,00,1
476,268,A,00,90,DATA,00,90,448,0,0,80,80,00,00,1
477,268,B,E0,00,DATA,00,E0,449,0,0,80,80,00,00,1
478,268,A,00,D5,DATA,00,D5,450,0,0,80,80,00,00,1
479,268,B,E0,00,DATA,00,E0,451,0,0,80,80,00,00,1
480,268,A,00,91,DATA,00,91,452,0,0,80,80,00,00,1
481,268,B,E0,00,DATA,00,E0,453,0,0,80,80,00,00,1
482,268,A,00,FF,DATA,00,FF,454,0,0,80,80,00,00,1
483,268,B,FF,00,DATA,00,FF,455,0,0,80,80,00,00,1
484,268,A,00,00,DATA,00,00,456,0,0,80,80,00,00,1
485,268,B,00,00,DATA,00,00,457,0,0,80,80,00,00,1
486,268,A,00,00,DATA,00,00,458,0,0,80,80,00,00,1
487,268,B,00,00,DATA,00,00,459,0,0,80,80,00,00,1
488,268,A,00,00,DATA,00,00,460,0,0,80,80,00,00,1
489,268,B,00,00,DATA,00,00,461,0,0,80,80,00,00,1
490,268,A,00,00,DATA,00,00,462,0,0,80,80,00,00,1
491,268,B,00,00,DATA,00,00,463,0,0,80,80,00,00,1
492,268,A,00,E2,DATA,00,E2,464,0,0,80,80,00,00,1
493,268,B,00,00,DATA,00,00,465,0,0,80,80,00,00,1
494,268,A,00,AD,DATA,00,AD,466,0,0,80,80,00,00,1
495,268,B,50,00,DATA,00,50,467,0,0,80,80,00,00,1
496,268,A,00,FF,DATA,00,FF,468,0,0,80,80,00,00,1
497,268,B,00,00,DATA,00,00,469,0,0,80,80,00,00,1
498,268,A,00,FF,DATA,00,FF,470,0,0,80,80,00,00,1
499,268,B,FF,00,DATA,00,FF,471,0,0,80,80,00,00,1
500,268,A,00,00,DATA,00,00,472,0,0,80,80,00,00,1
501,268,B,00,00,DATA,00,00,473,0,0,80,80,00,00,1
502,268,A,00,00,DATA,00,00,474,0,0,80,80,00,00,1
503,268,B,00,00,DATA,00,00,475,0,0,80,80,00,00,1
504,268,A,00,00,DATA,00,00,476,0,0,80,80,00,00,1
505,268,B,00,00,DATA,00,00,477,0,0,80,80,00,00,1
506,268,A,00,00,DATA,00,00,478,0,0,80,80,00,00,1
507,268,B,00,00,DATA,00,00,479,0,0,80,80,00,00,1
508,268,A,00,FE,DATA,00,FE,480,0,0,80,80,00,00,1
509,268,B,00,00,DATA,00,00,481,0,0,80,80,00,00,1
510,268,A,00,AF,DATA,00,AF,482,0,0,80,80,00,00,1
511,268,B,50,00,DATA,00,50,483,0,0,80,80,00,00,1
512,268,A,00,FA,DATA,00,FA,484,0,0,80,80,00,00,1
513,268,B,00,00,DATA,00,00,485,0,0,80,80,00,00,1
514,268,A,00,FF,DATA,00,FF,486,0,0,80,80,00,00,1
515,268,B,FF,00,DATA,00,FF,487,0,0,80,80,00,00,1
516,268,A,00,00,DATA,00,00,488,0,0,80,80,00,00,1
517,268,B,00,00,DATA,00,00,489,0,0,80,80,00,00,1
518,268,A,00,00,DATA,00,00,490,0,0,80,80,00,00,1
519,268,B,00,00,DATA,00,00,491,0,0,80,80,00,00,1
520,268,A,00,00,DATA,00,00,492,0,0,80,80,00,00,1
521,268,B,00,00,DATA,00,00,493,0,0,80,80,00,00,1
522,268,A,00,00,DATA,00,00,494,0,0,80,80,00,00,1
523,268,B,00,00,DATA,00,00,495,0,0,80,80,00,00,1
524,268,A,00,E1,DATA,00,E1,496,0,0,80,80,00,00,1
525,268,B,01,00,DATA,00,01,497,0,0,80,80,00,00,1
526,268,A,00,F5,DATA,00,F5,498,0,0,80,80,00,00,1
527,268,B,01,00,DATA,00,01,499,0,0,80,80,00,00,1
528,268,A,00,21,DATA,00,21,500,0,0,80,80,00,00,1
529,268,B,01,00,DATA,00,01,501,0,0,80,80,00,00,1
530,268,A,00,FF,DATA,00,FF,502,0,0,80,80,00,00,1
531,268,B,FF,00,DATA,00,FF,503,0,0,80,80,00,00,1
532,268,A,00,00,DATA,00,00,504,0,0,80,80,00,00,1
533,268,B,00,00,DATA,00,00,505,0,0,80,80,00,00,1
534,268,A,00,00,DATA,00,00,506,0,0,80,80,00,00,1
535,268,B,00,00,DATA,00,00,507,0,0,80,80,00,00,1
536,268,A,00,00,DATA,00,00,508,0,0,80,80,00,00,1
537,268,B,00,00,DATA,00,00,509,0,0,80,80,00,00,1
538,268,A,00,00,DATA,00,00,510,0,0,80,80,00,00,1
539,268,B,00,00,DATA,00,00,511,0,0,80,80,00,00,1
540,268,A,00,FF,DATA,00,FF,512,0,0,80,80,00,00,1
541,268,B,FF,00,DATA,00,FF,513,0,0,80,80,00,00,1
542,268,A,00,C0,DATA,00,C0,514,0,0,80,80,00,00,1
543,268,B,80,00,DATA,00,80,515,0,0,80,80,00,00,1
544,268,A,00,C0,DATA,00,C0,516,0,0,80,80,00,00,1
545,268,B,80,00,DATA,00,80,517,0,0,80,80,00,00,1
546,268,A,00,C1,DATA,00,C1,518,0,0,80,80,00,00,1
547,268,B,80,00,DATA,00,80,519,0,0,80,80,00,00,1
548,268,A,00,80,DATA,00,80,520,0,0,80,80,00,00,1
549,268,B,80,00,DATA,00,80,521,0,0,80,80,00,00,1
550,268,A,00,C5,DATA,00,C5,522,0,0,80,80,00,00,1
551,268,B,80,00,DATA,00,80,523,0,0,80,80,00,00,1
552,268,A,00,80,DATA,00,80,524,0,0,80,80,00,00,1
553,268,B,80,00,DATA,00,80,525,0,0,80,80,00,00,1
554,268,A,00,85,DATA,00,85,526,0,0,80,80,00,00,1
555,268,B,80,00,DATA,00,80,527,0,0,80,80,00,00,1
556,268,A,00,FF,DATA,00,FF,528,0,0,80,80,00,00,1
557,268,B,FF,00,DATA,00,FF,529,0,0,80,80,00,00,1
558,268,A,00,55,DATA,00,55,530,0,0,80,80,00,00,1
559,268,B,00,00,DATA,00,00,531,0,0,80,80,00,00,1
560,268,A,00,01,DATA,00,01,532,0,0,80,80,00,00,1
561,268,B,00,00,DATA,00,00,533,0,0,80,80,00,00,1
562,268,A,00,5F,DATA,00,5F,534,0,0,80,80,00,00,1
563,268,B,00,00,DATA,00,00,535,0,0,80,80,00,00,1
564,268,A,00,0F,DATA,00,0F,536,0,0,80,80,00,00,1
565,268,B,00,00,DATA,00,00,537,0,0,80,80,00,00,1
566,268,A,00,5F,DATA,00,5F,538,0,0,80,80,00,00,1
567,268,B,00,00,DATA,00,00,539,0,0,80,80,00,00,1
568,268,A,00,0F,DATA,00,0F,540,0,0,80,80,00,00,1
569,268,B,00,00,DATA,00,00,541,0,0,80,80,00,00,1
570,268,A,00,5A,DATA,00,5A,542,0,0,80,80,00,00,1
571,268,B,05,00,DATA,00,05,543,0,0,80,80,00,00,1
572,268,A,00,FF,DATA,00,FF,544,0,0,80,80,00,00,1
573,268,B,FF,00,DATA,00,FF,545,0,0,80,80,00,00,1
574,268,A,00,D5,DATA,00,D5,546,0,0,80,80,00,00,1
575,268,B,00,00,DATA,00,00,547,0,0,80,80,00,00,1
576,268,A,00,C0,DATA,00,C0,548,0,0,80,80,00,00,1
577,268,B,00,00,DATA,00,00,549,0,0,80,80,00,00,1
578,268,A,00,B5,DATA,00,B5,550,0,0,80,80,00,00,1
579,268,B,40,00,DATA,00,40,551,0,0,80,80,00,00,1
580,268,A,00,FC,DATA,00,FC,552,0,0,80,80,00,00,1
581,268,B,00,00,DATA,00,00,553,0,0,80,80,00,00,1
582,268,A,00,AD,DATA,00,AD,554,0,0,80,80,00,00,1
583,268,B,50,00,DATA,00,50,555,0,0,80,80,00,00,1
584,268,A,00,FF,DATA,00,FF,556,0,0,80,80,00,00,1
585,268,B,00,00,DATA,00,00,557,0,0,80,80,00,00,1
586,268,A,00,AB,DATA,00,AB,558,0,0,80,80,00,00,1
587,268,B,54,00,DATA,00,54,559,0,0,80,80,00,00,1
588,268,A,00,FF,DATA,00,FF,560,0,0,80,80,00,00,1
589,268,B,FF,00,DATA,00,FF,561,0,0,80,80,00,00,1
590,268,A,00,45,DATA,00,45,562,0,0,80,80,00,00,1
591,268,B,01,00,DATA,00,01,563,0,0,80,80,00,00,1
592,268,A,00,01,DATA,00,01,564,0,0,80,80,00,00,1
593,268,B,01,00,DATA,00,01,565,0,0,80,80,00,00,1
594,268,A,00,55,DATA,00,55,566,0,0,80,80,00,00,1
595,268,B,01,00,DATA,00,01,567,0,0,80,80,00,00,1
596,268,A,00,01,DATA,00,01,568,0,0,80,80,00,00,1
597,268,B,01,00,DATA,00,01,569,0,0,80,80,00,00,1
598,268,A,00,55,DATA,00,55,570,0,0,80,80,00,00,1
599,268,B,01,00,DATA,00,01,571,0,0,80,80,00,00,1
600,268,A,00,E1,DATA,00,E1,572,0,0,80,80,00,00,1
601,268,B,01,00,DATA,00,01,573,0,0,80,80,00,00,1
602,268,A,00,B5,DATA,00,B5,574,0,0,80,80,00,00,1
603,268,B,41,00,DATA,00,41,575,0,0,80,80,00,00,1
604,268,A,00,80,DATA,00,80,576,0,0,80,80,00,00,1
605,268,B,80,00,DATA,00,80,577,0,0,80,80,00,00,1
606,268,A,00,85,DATA,00,85,578,0,0,80,80,00,00,1
607,268,B,80,00,DATA,00,80,579,0,0,80,80,00,00,1
608,268,A,00,80,DATA,00,80,580,0,0,80,80,00,00,1
609,268,B,80,00,DATA,00,80,581,0,0,80,80,00,00,1
610,268,A,00,81,DATA,00,81,582,0,0,80,80,00,00,1
611,268,B,80,00,DATA,00,80,583,0,0,80,80,00,00,1
612,268,A,00,80,DATA,00,80,584,0,0,80,80,00,00,1
613,268,B,80,00,DATA,00,80,585,0,0,80,80,00,00,1
614,268,A,00,80,DATA,00,80,586,0,0,80,80,00,00,1
615,268,B,80,00,DATA,00,80,587,0,0,80,80,00,00,1
616,268,A,00,80,DATA,00,80,588,0,0,80,80,00,00,1
617,268,B,80,00,DATA,00,80,589,0,0,80,80,00,00,1
618,268,A,00,94,DATA,00,94,590,0,0,80,80,00,00,1
619,268,B,80,00,DATA,00,80,591,0,0,80,80,00,00,1
620,268,A,00,1B,DATA,00,1B,592,0,0,80,80,00,00,1
621,268,B,04,00,DATA,00,04,593,0,0,80,80,00,00,1
622,268,A,00,5A,DATA,00,5A,594,0,0,80,80,00,00,1
623,268,B,05,00,DATA,00,05,595,0,0,80,80,00,00,1
624,268,A,00,0F,DATA,00,0F,596,0,0,80,80,00,00,1
625,268,B,00,00,DATA,00,00,597,0,0,80,80,00,00,1
626,268,A,00,16,DATA,00,16,598,0,0,80,80,00,00,1
627,268,B,01,00,DATA,00,01,599,0,0,80,80,00,00,1
628,268,A,00,03,DATA,00,03,600,0,0,80,80,00,00,1
629,268,B,00,00,DATA,00,00,601,0,0,80,80,00,00,1
630,268,A,00,05,DATA,00,05,602,0,0,80,80,00,00,1
631,268,B,00,00,DATA,00,00,603,0,0,80,80,00,00,1
632,268,A,00,00,DATA,00,00,604,0,0,80,80,00,00,1
633,268,B,00,00,DATA,00,00,605,0,0,80,80,00,00,1
634,268,A,00,01,DATA,00,01,606,0,0,80,80,00,00,1
635,268,B,00,00,DATA,00,00,607,0,0,80,80,00,00,1
636,268,A,00,FF,DATA,00,FF,608,0,0,80,80,00,00,1
637,268,B,00,00,DATA,00,00,609,0,0,80,80,00,00,1
638,268,A,00,8B,DATA,00,8B,610,0,0,80,80,00,00,1
639,268,B,74,00,DATA,00,74,611,0,0,80,80,00,00,1
640,268,A,00,FF,DATA,00,FF,612,0,0,80,80,00,00,1
641,268,B,00,00,DATA,00,00,613,0,0,80,80,00,00,1
642,268,A,00,8A,DATA,00,8A,614,0,0,80,80,00,00,1
643,268,B,75,00,DATA,00,75,615,0,0,80,80,00,00,1
644,268,A,00,07,DATA,00,07,616,0,0,80,80,00,00,1
645,268,B,F8,00,DATA,00,F8,617,0,0,80,80,00,00,1
646,268,A,00,80,DATA,00,80,618,0,0,80,80,00,00,1
647,268,B,7F,00,DATA,00,7F,619,0,0,80,80,00,00,1
648,268,A,00,F0,DATA,00,F0,620,0,0,80,80,00,00,1
649,268,B,0F,00,DATA,00,0F,621,0,0,80,80,00,00,1
650,268,A,00,A0,DATA,00,A0,622,0,0,80,80,00,00,1
651,268,B,5F,00,DATA,00,5F,623,0,0,80,80,00,00,1
652,268,A,00,F9,DATA,00,F9,624,0,0,80,80,00,00,1
653,268,B,01,00,DATA,00,01,625,0,0,80,80,00,00,1
654,268,A,00,BD,DATA,00,BD,626,0,0,80,80,00,00,1
655,268,B,41,00,DATA,00,41,627,0,0,80,80,00,00,1
656,268,A,00,F9,DATA,00,F9,628,0,0,80,80,00,00,1
657,268,B,01,00,DATA,00,01,629,0,0,80,80,00,00,1
658,268,A,00,AD,DATA,00,AD,630,0,0,80,80,00,00,1
659,268,B,51,00,DATA,00,51,631,0,0,80,80,00,00,1
660,268,A,00,FD,DATA,00,FD,632,0,0,80,80,00,00,1
661,268,B,01,00,DATA,00,01,633,0,0,80,80,00,00,1
662,268,A,00,2D,DATA,00,2D,634,0,0,80,80,00,00,1
663,268,B,D1,00,DATA,00,D1,635,0,0,80,80,00,00,1
664,268,A,00,79,DATA,00,79,636,0,0,80,80,00,00,1
665,268,B,81,00,DATA,00,81,637,0,0,80,80,00,00,1
666,268,A,00,FD,DATA,00,FD,638,0,0,80,80,00,00,1
667,268,B,01,00,DATA,00,01,639,0,0,80,80,00,00,1
668,268,A,00,84,DATA,00,84,640,0,0,80,80,00,00,1
669,268,B,80,00,DATA,00,80,641,0,0,80,80,00,00,1
670,268,A,00,DD,DATA,00,DD,642,0,0,80,80,00,00,1
671,268,B,80,00,DATA,00,80,643,0,0,80,80,00,00,1
672,268,A,00,BE,DATA,00,BE,644,0,0,80,80,00,00,1
673,268,B,80,00,DATA,00,80,645,0,0,80,80,00,00,1
674,268,A,00,FB,DATA,00,FB,646,0,0,80,80,00,00,1
675,268,B,84,00,DATA,00,84,647,0,0,80,80,00,00,1
676,268,A,00,FD,DATA,00,FD,648,0,0,80,80,00,00,1
677,268,B,82,00,DATA,00,82,649,0,0,80,80,00,00,1
678,268,A,00,F8,DATA,00,F8,650,0,0,80,80,00,00,1
679,268,B,87,00,DATA,00,87,651,0,0,80,80,00,00,1
680,268,A,00,F8,DATA,00,F8,652,0,0,80,80,00,00,1
681,268,B,87,00,DATA,00,87,653,0,0,80,80,00,00,1
682,268,A,00,A8,DATA,00,A8,654,0,0,80,80,00,00,1
683,268,B,D7,00,DATA,00,D7,655,0,0,80,80,00,00,1
684,268,A,00,00,DATA,00,00,656,0,0,80,80,00,00,1
685,268,B,00,00,DATA,00,00,657,0,0,80,80,00,00,1
686,268,A,00,01,DATA,00,01,658,0,0,80,80,00,00,1
687,268,B,00,00,DATA,00,00,659,0,0,80,80,00,00,1
688,268,A,00,00,DATA,00,00,660,0,0,80,80,00,00,1
689,268,B,00,00,DATA,00,00,661,0,0,80,80,00,00,1
690,268,A,00,51,DATA,00,51,662,0,0,80,80,00,00,1
691,268,B,00,00,DATA,00,00,663,0,0,80,80,00,00,1
692,268,A,00,80,DATA,00,80,664,0,0,80,80,00,00,1
693,268,B,00,00,DATA,00,00,665,0,0,80,80,00,00,1
694,268,A,00,B5,DATA,00,B5,666,0,0,80,80,00,00,1
695,268,B,40,00,DATA,00,40,667,0,0,80,80,00,00,1
696,268,A,00,E0,DATA,00,E0,668,0,0,80,80,00,00,1
697,268,B,00,00,DATA,00,00,669,0,0,80,80,00,00,1
698,268,A,00,B6,DATA,00,B6,670,0,0,80,80,00,00,1
699,268,B,41,00,DATA,00,41,671,0,0,80,80,00,00,1
700,268,A,00,FC,DATA,00,FC,672,0,0,80,80,00,00,1
701,268,B,03,00,DATA,00,03,673,0,0,80,80,00,00,1
702,268,A,00,6B,DATA,00,6B,674,0,0,80,80,00,00,1
703,268,B,14,00,DATA,00,14,675,0,0,80,80,00,00,1
704,268,A,00,7F,DATA,00,7F,676,0,0,80,80,00,00,1
705,268,B,00,00,DATA,00,00,677,0,0,80,80,00,00,1
706,268,A,00,EB,DATA,00,EB,678,0,0,80,80,00,00,1
707,268,B,14,00,DATA,00,14,679,0,0,80,80,00,00,1
708,268,A,00,7F,DATA,00,7F,680,0,0,80,80,00,00,1
709,268,B,00,00,DATA,00,00,681,0,0,80,80,00,00,1
710,268,A,00,FB,DATA,00,FB,682,0,0,80,80,00,00,1
711,268,B,04,00,DATA,00,04,683,0,0,80,80,00,00,1
712,268,A,00,FF,DATA,00,FF,684,0,0,80,80,00,00,1
713,268,B,00,00,DATA,00,00,685,0,0,80,80,00,00,1
714,268,A,00,AB,DATA,00,AB,686,0,0,80,80,00,00,1
715,268,B,54,00,DATA,00,54,687,0,0,80,80,00,00,1
716,268,A,00,B1,DATA,00,B1,688,0,0,80,80,00,00,1
717,268,B,01,00,DATA,00,01,689,0,0,80,80,00,00,1
718,268,A,00,75,DATA,00,75,690,0,0,80,80,00,00,1
719,268,B,01,00,DATA,00,01,691,0,0,80,80,00,00,1
720,268,A,00,C1,DATA,00,C1,692,0,0,80,80,00,00,1
721,268,B,01,00,DATA,00,01,693,0,0,80,80,00,00,1
722,268,A,00,D5,DATA,00,D5,694,0,0,80,80,00,00,1
723,268,B,01,00,DATA,00,01,695,0,0,80,80,00,00,1
724,268,A,00,01,DATA,00,01,696,0,0,80,80,00,00,1
725,268,B,01,00,DATA,00,01,697,0,0,80,80,00,00,1
726,268,A,00,57,DATA,00,57,698,0,0,80,80,00,00,1
727,268,B,01,00,DATA,00,01,699,0,0,80,80,00,00,1
728,268,A,00,0F,DATA,00,0F,700,0,0,80,80,00,00,1
729,268,B,01,00,DATA,00,01,701,0,0,80,80,00,00,1
730,268,A,00,F9,DATA,00,F9,702,0,0,80,80,00,00,1
731,268,B,07,00,DATA,00,07,703,0,0,80,80,00,00,1
732,268,A,00,FF,DATA,00,FF,704,0,0,80,80,00,00,1
733,268,B,80,00,DATA,00,80,705,0,0,80,80,00,00,1
734,268,A,00,AB,DATA,00,AB,706,0,0,80,80,00,00,1
735,268,B,D4,00,DATA,00,D4,707,0,0,80,80,00,00,1
736,268,A,00,FF,DATA,00,FF,708,0,0,80,80,00,00,1
737,268,B,80,00,DATA,00,80,709,0,0,80,80,00,00,1
738,268,A,00,FF,DATA,00,FF,710,0,0,80,80,00,00,1
739,268,B,FF,00,DATA,00,FF,711,0,0,80,80,00,00,1
740,268,A,00,00,DATA,00,00,712,0,0,80,80,00,00,1
741,268,B,00,00,DATA,00,00,713,0,0,80,80,00,00,1
742,268,A,00,00,DATA,00,00,714,0,0,80,80,00,00,1
743,268,B,00,00,DATA,00,00,715,0,0,80,80,00,00,1
744,268,A,00,00,DATA,00,00,716,0,0,80,80,00,00,1
745,268,B,00,00,DATA,00,00,717,0,0,80,80,00,00,1
746,268,A,00,00,DATA,00,00,718,0,0,80,80,00,00,1
747,268,B,00,00,DATA,00,00,719,0,0,80,80,00,00,1
748,268,A,00,FD,DATA,00,FD,720,0,0,80,80,00,00,1
749,268,B,02,00,DATA,00,02,721,0,0,80,80,00,00,1
750,268,A,00,FA,DATA,00,FA,722,0,0,80,80,00,00,1
751,268,B,05,00,DATA,00,05,723,0,0,80,80,00,00,1
752,268,A,00,FF,DATA,00,FF,724,0,0,80,80,00,00,1
753,268,B,00,00,DATA,00,00,725,0,0,80,80,00,00,1
754,268,A,00,FF,DATA,00,FF,726,0,0,80,80,00,00,1
755,268,B,FF,00,DATA,00,FF,727,0,0,80,80,00,00,1
756,268,A,00,00,DATA,00,00,728,0,0,80,80,00,00,1
757,268,B,00,00,DATA,00,00,729,0,0,80,80,00,00,1
758,268,A,00,00,DATA,00,00,730,0,0,80,80,00,00,1
759,268,B,00,00,DATA,00,00,731,0,0,80,80,00,00,1
760,268,A,00,00,DATA,00,00,732,0,0,80,80,00,00,1
761,268,B,00,00,DATA,00,00,733,0,0,80,80,00,00,1
762,268,A,00,00,DATA,00,00,734,0,0,80,80,00,00,1
763,268,B,00,00,DATA,00,00,735,0,0,80,80,00,00,1
764,268,A,00,AF,DATA,00,AF,736,0,0,80,80,00,00,1
765,268,B,50,00,DATA,00,50,737,0,0,80,80,00,00,1
766,268,A,00,4A,DATA,00,4A,738,0,0,80,80,00,00,1
767,268,B,F5,00,DATA,00,F5,739,0,0,80,80,00,00,1
768,268,A,00,8B,DATA,00,8B,740,0,0,80,80,00,00,1
769,268,B,74,00,DATA,00,74,741,0,0,80,80,00,00,1
770,268,A,00,FF,DATA,00,FF,742,0,0,80,80,00,00,1
771,268,B,FF,00,DATA,00,FF,743,0,0,80,80,00,00,1
772,268,A,00,00,DATA,00,00,744,0,0,80,80,00,00,1
773,268,B,00,00,DATA,00,00,745,0,0,80,80,00,00,1
774,268,A,00,00,DATA,00,00,746,0,0,80,80,00,00,1
775,268,B,00,00,DATA,00,00,747,0,0,80,80,00,00,1
776,268,A,00,00,DATA,00,00,748,0,0,80,80,00,00,1
777,268,B,00,00,DATA,00,00,749,0,0,80,80,00,00,1
778,268,A,00,00,DATA,00,00,750,0,0,80,80,00,00,1
779,268,B,00,00,DATA,00,00,751,0,0,80,80,00,00,1
780,268,A,00,F1,DATA,00,F1,752,0,0,80,80,00,00,1
781,268,B,0F,00,DATA,00,0F,753,0,0,80,80,00,00,1
782,268,A,00,FB,DATA,00,FB,754,0,0,80,80,00,00,1
783,268,B,05,00,DATA,00,05,755,0,0,80,80,00,00,1
784,268,A,00,FF,DATA,00,FF,756,0,0,80,80,00,00,1
785,268,B,01,00,DATA,00,01,757,0,0,80,80,00,00,1
786,268,A,00,FF,DATA,00,FF,758,0,0,80,80,00,00,1
787,268,B,FF,00,DATA,00,FF,759,0,0,80,80,00,00,1
788,268,A,00,00,DATA,00,00,760,0,0,80,80,00,00,1
789,268,B,00,00,DATA,00,00,761,0,0,80,80,00,00,1
790,268,A,00,00,DATA,00,00,762,0,0,80,80,00,00,1
791,268,B,00,00,DATA,00,00,763,0,0,80,80,00,00,1
792,268,A,00,00,DATA,00,00,764,0,0,80,80,00,00,1
793,268,B,00,00,DATA,00,00,765,0,0,80,80,00,00,1
794,268,A,00,00,DATA,00,00,766,0,0,80,80,00,00,1
795,268,B,00,00,DATA,00,00,767,0,0,80,80,00,00,1
796,268,A,00,FF,DATA,00,FF,768,0,0,80,80,00,00,1
797,268,B,FF,00,DATA,00,FF,769,0,0,80,80,00,00,1
798,268,A,00,D5,DATA,00,D5,770,0,0,80,80,00,00,1
799,268,B,FF,00,DATA,00,FF,771,0,0,80,80,00,00,1
800,268,A,00,CA,DATA,00,CA,772,0,0,80,80,00,00,1
801,268,B,FF,00,DATA,00,FF,773,0,0,80,80,00,00,1
802,268,A,00,DD,DATA,00,DD,774,0,0,80,80,00,00,1
803,268,B,FF,00,DATA,00,FF,775,0,0,80,80,00,00,1
804,268,A,00,80,DATA,00,80,776,0,0,80,80,00,00,1
805,268,B,FF,00,DATA,00,FF,777,0,0,80,80,00,00,1
806,268,A,00,D5,DATA,00,D5,778,0,0,80,80,00,00,1
807,268,B,FF,00,DATA,00,FF,779,0,0,80,80,00,00,1
808,268,A,00,C4,DATA,00,C4,780,0,0,80,80,00,00,1
809,268,B,FF,00,DATA,00,FF,781,0,0,80,80,00,00,1
810,268,A,00,F5,DATA,00,F5,782,0,0,80,80,00,00,1
811,268,B,FF,00,DATA,00,FF,783,0,0,80,80,00,00,1
812,268,A,00,FF,DATA,00,FF,784,0,0,80,80,00,00,1
813,268,B,FF,00,DATA,00,FF,785,0,0,80,80,00,00,1
814,268,A,00,53,DATA,00,53,786,0,0,80,80,00,00,1
815,268,B,FC,00,DATA,00,FC,787,0,0,80,80,00,00,1
816,268,A,00,05,DATA,00,05,788,0,0,80,80,00,00,1
817,268,B,FA,00,DATA,00,FA,789,0,0,80,80,00,00,1
818,268,A,00,40,DATA,00,40,790,0,0,80,80,00,00,1
819,268,B,FF,00,DATA,00,FF,791,0,0,80,80,00,00,1
820,268,A,00,04,DATA,00,04,792,0,0,80,80,00,00,1
821,268,B,FB,00,DATA,00,FB,793,0,0,80,80,00,00,1
822,268,A,00,50,DATA,00,50,794,0,0,80,80,00,00,1
823,268,B,FF,00,DATA,00,FF,795,0,0,80,80,00,00,1
824,268,A,00,04,DATA,00,04,796,0,0,80,80,00,00,1
825,268,B,FB,00,DATA,00,FB,797,0,0,80,80,00,00,1
826,268,A,00,42,DATA,00,42,798,0,0,80,80,00,00,1
827,268,B,FD,00,DATA,00,FD,799,0,0,80,80,00,00,1
828,268,A,00,FF,DATA,00,FF,800,0,0,80,80,00,00,1
829,268,B,FF,00,DATA,00,FF,801,0,0,80,80,00,00,1
830,268,A,00,46,DATA,00,46,802,0,0,80,80,00,00,1
831,268,B,01,00,DATA,00,01,803,0,0,80,80,00,00,1
832,268,A,00,02,DATA,00,02,804,0,0,80,80,00,00,1
833,268,B,01,00,DATA,00,01,805,0,0,80,80,00,00,1
834,268,A,00,C7,DATA,00,C7,806,0,0,80,80,00,00,1
835,268,B,01,00,DATA,00,01,807,0,0,80,80,00,00,1
836,268,A,00,C2,DATA,00,C2,808,0,0,80,80,00,00,1
837,268,B,01,00,DATA,00,01,809,0,0,80,80,00,00,1
838,268,A,00,34,DATA,00,34,810,0,0,80,80,00,00,1
839,268,B,C3,00,DATA,00,C3,811,0,0,80,80,00,00,1
840,268,A,00,FF,DATA,00,FF,812,0,0,80,80,00,00,1
841,268,B,00,00,DATA,00,00,813,0,0,80,80,00,00,1
842,268,A,00,FF,DATA,00,FF,814,0,0,80,80,00,00,1
843,268,B,00,00,DATA,00,00,815,0,0,80,80,00,00,1
844,268,A,00,FF,DATA,00,FF,816,0,0,80,80,00,00,1
845,268,B,FF,00,DATA,00,FF,817,0,0,80,80,00,00,1
846,268,A,00,15,DATA,00,15,818,0,0,80,80,00,00,1
847,268,B,E1,00,DATA,00,E1,819,0,0,80,80,00,00,1
848,268,A,00,23,DATA,00,23,820,0,0,80,80,00,00,1
849,268,B,C1,00,DATA,00,C1,821,0,0,80,80,00,00,1
850,268,A,00,37,DATA,00,37,822,0,0,80,80,00,00,1
851,268,B,C1,00,DATA,00,C1,823,0,0,80,80,00,00,1
852,268,A,00,43,DATA,00,43,824,0,0,80,80,00,00,1
853,268,B,81,00,DATA,00,81,825,0,0,80,80,00,00,1
854,268,A,00,D7,DATA,00,D7,826,0,0,80,80,00,00,1
855,268,B,01,00,DATA,00,01,827,0,0,80,80,00,00,1
856,268,A,00,9F,DATA,00,9F,828,0,0,80,80,00,00,1
857,268,B,01,00,DATA,00,01,829,0,0,80,80,00,00,1
858,268,A,00,5F,DATA,00,5F,830,0,0,80,80,00,00,1
859,268,B,01,00,DATA,00,01,831,0,0,80,80,00,00,1
860,268,A,00,80,DATA,00,80,832,0,0,80,80,00,00,1
861,268,B,FF,00,DATA,00,FF,833,0,0,80,80,00,00,1
862,268,A,00,80,DATA,00,80,834,0,0,80,80,00,00,1
863,268,B,FF,00,DATA,00,FF,835,0,0,80,80,00,00,1
864,268,A,00,80,DATA,00,80,836,0,0,80,80,00,00,1
865,268,B,FF,00,DATA,00,FF,837,0,0,80,80,00,00,1
866,268,A,00,C1,DATA,00,C1,838,0,0,80,80,00,00,1
867,268,B,FF,00,DATA,00,FF,839,0,0,80,80,00,00,1
868,268,A,00,88,DATA,00,88,840,0,0,80,80,00,00,1
869,268,B,F7,00,DATA,00,F7,841,0,0,80,80,00,00,1
870,268,A,00,C8,DATA,00,C8,842,0,0,80,80,00,00,1
871,268,B,F7,00,DATA,00,F7,843,0,0,80,80,00,00,1
872,268,A,00,9C,DATA,00,9C,844,0,0,80,80,00,00,1
873,268,B,E3,00,DATA,00,E3,845,0,0,80,80,00,00,1
874,268,A,00,AA,DATA,00,AA,846,0,0,80,80,00,00,1
875,268,B,D5,00,DATA,00,D5,847,0,0,80,80,00,00,1
876,268,A,00,17,DATA,00,17,848,0,0,80,80,00,00,1
877,268,B,E8,00,DATA,00,E8,849,0,0,80,80,00,00,1
878,268,A,00,AD,DATA,00,AD,850,0,0,80,80,00,00,1
879,268,B,50,00,DATA,00,50,851,0,0,80,80,00,00,1
880,268,A,00,3C,DATA,00,3C,852,0,0,80,80,00,00,1
881,268,B,C0,00,DATA,00,C0,853,0,0,80,80,00,00,1
882,268,A,00,4D,DATA,00,4D,854,0,0,80,80,00,00,1
883,268,B,F0,00,DATA,00,F0,855,0,0,80,80,00,00,1
884,268,A,00,03,DATA,00,03,856,0,0,80,80,00,00,1
885,268,B,FC,00,DATA,00,FC,857,0,0,80,80,00,00,1
886,268,A,00,0B,DATA,00,0B,858,0,0,80,80,00,00,1
887,268,B,F4,00,DATA,00,F4,859,0,0,80,80,00,00,1
888,268,A,00,9F,DATA,00,9F,860,0,0,80,80,00,00,1
889,268,B,60,00,DATA,00,60,861,0,0,80,80,00,00,1
890,268,A,00,BF,DATA,00,BF,862,0,0,80,80,00,00,1
891,268,B,40,00,DATA,00,40,863,0,0,80,80,00,00,1
892,268,A,00,FF,DATA,00,FF,864,0,0,80,80,00,00,1
893,268,B,00,00,DATA,00,00,865,0,0,80,80,00,00,1
894,268,A,00,FF,DATA,00,FF,866,0,0,80,80,00,00,1
895,268,B,00,00,DATA,00,00,867,0,0,80,80,00,00,1
896,268,A,00,DF,DATA,00,DF,868,0,0,80,80,00,00,1
897,268,B,00,00,DATA,00,00,869,0,0,80,80,00,00,1
898,268,A,00,DF,DATA,00,DF,870,0,0,80,80,00,00,1
899,268,B,00,00,DATA,00,00,871,0,0,80,80,00,00,1
900,268,A,00,CF,DATA,00,CF,872,0,0,80,80,00,00,1
901,268,B,00,00,DATA,00,00,873,0,0,80,80,00,00,1
902,268,A,00,D7,DATA,00,D7,874,0,0,80,80,00,00,1
903,268,B,00,00,DATA,00,00,875,0,0,80,80,00,00,1
904,268,A,00,80,DATA,00,80,876,0,0,80,80,00,00,1
905,268,B,00,00,DATA,00,00,877,0,0,80,80,00,00,1
906,268,A,00,D5,DATA,00,D5,878,0,0,80,80,00,00,1
907,268,B,00,00,DATA,00,00,879,0,0,80,80,00,00,1
908,268,A,00,DF,DATA,00,DF,880,0,0,80,80,00,00,1
909,268,B,01,00,DATA,00,01,881,0,0,80,80,00,00,1
910,268,A,00,FF,DATA,00,FF,882,0,0,80,80,00,00,1
911,268,B,01,00,DATA,00,01,883,0,0,80,80,00,00,1
912,268,A,00,DF,DATA,00,DF,884,0,0,80,80,00,00,1
913,268,B,01,00,DATA,00,01,885,0,0,80,80,00,00,1
914,268,A,00,AF,DATA,00,AF,886,0,0,80,80,00,00,1
915,268,B,51,00,DATA,00,51,887,0,0,80,80,00,00,1
916,268,A,00,FF,DATA,00,FF,888,0,0,80,80,00,00,1
917,268,B,01,00,DATA,00,01,889,0,0,80,80,00,00,1
918,268,A,00,EF,DATA,00,EF,890,0,0,80,80,00,00,1
919,268,B,11,00,DATA,00,11,891,0,0,80,80,00,00,1
920,268,A,00,7F,DATA,00,7F,892,0,0,80,80,00,00,1
921,268,B,01,00,DATA,00,01,893,0,0,80,80,00,00,1
922,268,A,00,5F,DATA,00,5F,894,0,0,80,80,00,00,1
923,268,B,01,00,DATA,00,01,895,0,0,80,80,00,00,1
924,268,A,00,FF,DATA,00,FF,896,0,0,80,80,00,00,1
925,268,B,80,00,DATA,00,80,897,0,0,80,80,00,00,1
926,268,A,00,EF,DATA,00,EF,898,0,0,80,80,00,00,1
927,268,B,90,00,DATA,00,90,899,0,0,80,80,00,00,1
928,268,A,00,FF,DATA,00,FF,900,0,0,80,80,00,00,1
929,268,B,80,00,DATA,00,80,901,0,0,80,80,00,00,1
930,268,A,00,BF,DATA,00,BF,902,0,0,80,80,00,00,1
931,268,B,C0,00,DATA,00,C0,903,0,0,80,80,00,00,1
932,268,A,00,FA,DATA,00,FA,904,0,0,80,80,00,00,1
933,268,B,80,00,DATA,00,80,905,0,0,80,80,00,00,1
934,268,A,00,F5,DATA,00,F5,906,0,0,80,80,00,00,1
935,268,B,80,00,DATA,00,80,907,0,0,80,80,00,00,1
936,268,A,00,E0,DATA,00,E0,908,0,0,80,80,00,00,1
937,268,B,80,00,DATA,00,80,909,0,0,80,80,00,00,1
938,268,A,00,D5,DATA,00,D5,910,0,0,80,80,00,00,1
939,268,B,80,00,DATA,00,80,911,0,0,80,80,00,00,1
940,268,A,00,FF,DATA,00,FF,912,0,0,80,80,00,00,1
941,268,B,00,00,DATA,00,00,913,0,0,80,80,00,00,1
942,268,A,00,BF,DATA,00,BF,914,0,0,80,80,00,00,1
943,268,B,40,00,DATA,00,40,915,0,0,80,80,00,00,1
944,268,A,00,F8,DATA,00,F8,916,0,0,80,80,00,00,1
945,268,B,00,00,DATA,00,00,917,0,0,80,80,00,00,1
946,268,A,00,F5,DATA,00,F5,918,0,0,80,80,00,00,1
947,268,B,00,00,DATA,00,00,919,0,0,80,80,00,00,1
948,268,A,00,10,DATA,00,10,920,0,0,80,80,00,00,1
949,268,B,00,00,DATA,00,00,921,0,0,80,80,00,00,1
950,268,A,00,55,DATA,00,55,922,0,0,80,80,00,00,1
951,268,B,00,00,DATA,00,00,923,0,0,80,80,00,00,1
952,268,A,00,00,DATA,00,00,924,0,0,80,80,00,00,1
953,268,B,00,00,DATA,00,00,925,0,0,80,80,00,00,1
954,268,A,00,55,DATA,00,55,926,0,0,80,80,00,00,1
955,268,B,00,00,DATA,00,00,927,0,0,80,80,00,00,1
956,268,A,00,00,DATA,00,00,928,0,0,80,80,00,00,1
957,268,B,00,00,DATA,00,00,929,0,0,80,80,00,00,1
958,268,A,00,55,DATA,00,55,930,0,0,80,80,00,00,1
959,268,B,00,00,DATA,00,00,931,0,0,80,80,00,00,1
960,268,A,00,00,DATA,00,00,932,0,0,80,80,00,00,1
961,268,B,00,00,DATA,00,00,933,0,0,80,80,00,00,1
962,268,A,00,55,DATA,00,55,934,0,0,80,80,00,00,1
963,268,B,00,00,DATA,00,00,935,0,0,80,80,00,00,1
964,268,A,00,00,DATA,00,00,936,0,0,80,80,00,00,1
965,268,B,00,00,DATA,00,00,937,0,0,80,80,00,00,1
966,268,A,00,55,DATA,00,55,938,0,0,80,80,00,00,1
967,268,B,00,00,DATA,00,00,939,0,0,80,80,00,00,1
968,268,A,00,00,DATA,00,00,940,0,0,80,80,00,00,1
969,268,B,00,00,DATA,00,00,941,0,0,80,80,00,00,1
970,268,A,00,55,DATA,00,55,942,0,0,80,80,00,00,1
971,268,B,00,00,DATA,00,00,943,0,0,80,80,00,00,1
972,268,A,00,01,DATA,00,01,944,0,0,80,80,00,00,1
973,268,B,01,00,DATA,00,01,945,0,0,80,80,00,00,1
974,268,A,00,57,DATA,00,57,946,0,0,80,80,00,00,1
975,268,B,01,00,DATA,00,01,947,0,0,80,80,00,00,1
976,268,A,00,03,DATA,00,03,948,0,0,80,80,00,00,1
977,268,B,01,00,DATA,00,01,949,0,0,80,80,00,00,1
978,268,A,00,57,DATA,00,57,950,0,0,80,80,00,00,1
979,268,B,01,00,DATA,00,01,951,0,0,80,80,00,00,1
980,268,A,00,01,DATA,00,01,952,0,0,80,80,00,00,1
981,268,B,01,00,DATA,00,01,953,0,0,80,80,00,00,1
982,268,A,00,55,DATA,00,55,954,0,0,80,80,00,00,1
983,268,B,01,00,DATA,00,01,955,0,0,80,80,00,00,1
984,268,A,00,01,DATA,00,01,956,0,0,80,80,00,00,1
985,268,B,01,00,DATA,00,01,957,0,0,80,80,00,00,1
986,268,A,00,55,DATA,00,55,958,0,0,80,80,00,00,1
987,268,B,01,00,DATA,00,01,959,0,0,80,80,00,00,1
988,268,A,00,E0,DATA,00,E0,960,0,0,80,80,00,00,1
989,268,B,80,00,DATA,00,80,961,0,0,80,80,00,00,1
990,268,A,00,F5,DATA,00,F5,962,0,0,80,80,00,00,1
991,268,B,80,00,DATA,00,80,963,0,0,80,80,00,00,1
992,268,A,00,80,DATA,00,80,964,0,0,80,80,00,00,1
993,268,B,80,00,DATA,00,80,965,0,0,80,80,00,00,1
994,268,A,00,FF,DATA,00,FF,966,0,0,80,80,00,00,1
995,268,B,FF,00,DATA,00,FF,967,0,0,80,80,00,00,1
996,268,A,00,00,DATA,00,00,968,0,0,80,80,00,00,1
997,268,B,00,00,DATA,00,00,969,0,0,80,80,00,00,1
998,268,A,00,00,DATA,00,00,970,0,0,80,80,00,00,1
999,268,B,00,00,DATA,00,00,971,0,0,80,80,00,00,1
1000,268,A,00,00,DATA,00,00,972,0,0,80,80,00,00,1
1001,268,B,00,00,DATA,00,00,973,0,0,80,80,00,00,1
1002,268,A,00,00,DATA,00,00,974,0,0,80,80,00,00,1
1003,268,B,00,00,DATA,00,00,975,0,0,80,80,00,00,1
1004,268,A,00,00,DATA,00,00,976,0,0,80,80,00,00,1
1005,268,B,00,00,DATA,00,00,977,0,0,80,80,00,00,1
1006,268,A,00,55,DATA,00,55,978,0,0,80,80,00,00,1
1007,268,B,00,00,DATA,00,00,979,0,0,80,80,00,00,1
1008,268,A,00,00,DATA,00,00,980,0,0,80,80,00,00,1
1009,268,B,00,00,DATA,00,00,981,0,0,80,80,00,00,1
1010,268,A,00,FF,DATA,00,FF,982,0,0,80,80,00,00,1
1011,268,B,FF,00,DATA,00,FF,983,0,0,80,80,00,00,1
1012,268,A,00,00,DATA,00,00,984,0,0,80,80,00,00,1
1013,268,B,00,00,DATA,00,00,985,0,0,80,80,00,00,1
1014,268,A,00,00,DATA,00,00,986,0,0,80,80,00,00,1
1015,268,B,00,00,DATA,00,00,987,0,0,80,80,00,00,1
1016,268,A,00,00,DATA,00,00,988,0,0,80,80,00,00,1
1017,268,B,00,00,DATA,00,00,989,0,0,80,80,00,00,1
1018,268,A,00,00,DATA,00,00,990,0,0,80,80,00,00,1
1019,268,B,00,00,DATA,00,00,991,0,0,80,80,00,00,1
1020,268,A,00,00,DATA,00,00,992,0,0,80,80,00,00,1
1021,268,B,00,00,DATA,00,00,993,0,0,80,80,00,00,1
1022,268,A,00,15,DATA,00,15,994,0,0,80,80,00,00,1
1023,268,B,00,00,DATA,00,00,995,0,0,80,80,00,00,1
1024,268,A,00,00,DATA,00,00,996,0,0,80,80,00,00,1
1025,268,B,00,00,DATA,00,00,997,0,0,80,80,00,00,1
1026,268,A,00,FF,DATA,00,FF,998,0,0,80,80,00,00,1
1027,268,B,FF,00,DATA,00,FF,999,0,0,80,80,00,00,1
1028,268,A,00,00,DATA,00,00,1000,0,0,80,80,00,00,1
1029,268,B,00,00,DATA,00,00,1001,0,0,80,80,00,00,1
1030,268,A,00,00,DATA,00,00,1002,0,0,80,80,00,00,1
1031,268,B,00,00,DATA,00,00,1003,0,0,80,80,00,00,1
1032,268,A,00,00,DATA,00,00,1004,0,0,80,80,00,00,1
1033,268,B,00,00,DATA,00,00,1005,0,0,80,80,00,00,1
1034,268,A,00,00,DATA,00,00,1006,0,0,80,80,00,00,1
1035,268,B,00,00,DATA,00,00,1007,0,0,80,80,00,00,1
1036,268,A,00,01,DATA,00,01,1008,0,0,80,80,00,00,1
1037,268,B,01,00,DATA,00,01,1009,0,0,80,80,00,00,1
1038,268,A,00,55,DATA,00,55,1010,0,0,80,80,00,00,1
1039,268,B,01,00,DATA,00,01,1011,0,0,80,80,00,00,1
1040,268,A,00,01,DATA,00,01,1012,0,0,80,80,00,00,1
1041,268,B,01,00,DATA,00,01,1013,0,0,80,80,00,00,1
1042,268,A,00,FF,DATA,00,FF,1014,0,0,80,80,00,00,1
1043,268,B,FF,00,DATA,00,FF,1015,0,0,80,80,00,00,1
1044,268,A,00,00,DATA,00,00,1016,0,0,80,80,00,00,1
1045,268,B,00,00,DATA,00,00,1017,0,0,80,80,00,00,1
1046,268,A,00,00,DATA,00,00,1018,0,0,80,80,00,00,1
1047,268,B,00,00,DATA,00,00,1019,0,0,80,80,00,00,1
1048,268,A,00,00,DATA,00,00,1020,0,0,80,80,00,00,1
1049,268,B,00,00,DATA,00,00,1021,0,0,80,80,00,00,1
1050,268,A,00,00,DATA,00,00,1022,0,0,80,80,00,00,1
1051,268,B,00,00,DATA,00,00,1023,0,0,80,80,00,00,1
1052,268,A,00,FF,DATA,00,FF,1024,0,0,80,80,00,00,1
1053,268,B,FF,00,DATA,00,FF,1025,0,0,80,80,00,00,1
1054,268,A,00,D5,DATA,00,D5,1026,0,0,80,80,00,00,1
1055,268,B,FF,00,DATA,00,FF,1027,0,0,80,80,00,00,1
1056,268,A,00,80,DATA,00,80,1028,0,0,80,80,00,00,1
1057,268,B,FF,00,DATA,00,FF,1029,0,0,80,80,00,00,1
1058,268,A,00,D5,DATA,00,D5,1030,0,0,80,80,00,00,1
1059,268,B,FF,00,DATA,00,FF,1031,0,0,80,80,00,00,1
1060,268,A,00,88,DATA,00,88,1032,0,0,80,80,00,00,1
1061,268,B,FF,00,DATA,00,FF,1033,0,0,80,80,00,00,1
1062,268,A,00,D5,DATA,00,D5,1034,0,0,80,80,00,00,1
1063,268,B,FF,00,DATA,00,FF,1035,0,0,80,80,00,00,1
1064,268,A,00,80,DATA,00,80,1036,0,0,80,80,00,00,1
1065,268,B,FF,00,DATA,00,FF,1037,0,0,80,80,00,00,1
1066,268,A,00,D4,DATA,00,D4,1038,0,0,80,80,00,00,1
1067,268,B,FF,00,DATA,00,FF,1039,0,0,80,80,00,00,1
1068,268,A,00,FF,DATA,00,FF,1040,0,0,80,80,00,00,1
1069,268,B,FF,00,DATA,00,FF,1041,0,0,80,80,00,00,1
1070,268,A,00,53,DATA,00,53,1042,0,0,80,80,00,00,1
1071,268,B,FC,00,DATA,00,FC,1043,0,0,80,80,00,00,1
1072,268,A,00,03,DATA,00,03,1044,0,0,80,80,00,00,1
1073,268,B,FC,00,DATA,00,FC,1045,0,0,80,80,00,00,1
1074,268,A,00,53,DATA,00,53,1046,0,0,80,80,00,00,1
1075,268,B,FC,00,DATA,00,FC,1047,0,0,80,80,00,00,1
1076,268,A,00,03,DATA,00,03,1048,0,0,80,80,00,00,1
1077,268,B,FC,00,DATA,00,FC,1049,0,0,80,80,00,00,1
1078,268,A,00,4F,DATA,00,4F,1050,0,0,80,80,00,00,1
1079,268,B,F0,00,DATA,00,F0,1051,0,0,80,80,00,00,1
1080,268,A,00,18,DATA,00,18,1052,0,0,80,80,00,00,1
1081,268,B,E0,00,DATA,00,E0,1053,0,0,80,80,00,00,1
1082,268,A,00,35,DATA,00,35,1054,0,0,80,80,00,00,1
1083,268,B,C0,00,DATA,00,C0,1055,0,0,80,80,00,00,1
1084,268,A,00,FF,DATA,00,FF,1056,0,0,80,80,00,00,1
1085,268,B,FF,00,DATA,00,FF,1057,0,0,80,80,00,00,1
1086,268,A,00,65,DATA,00,65,1058,0,0,80,80,00,00,1
1087,268,B,1F,00,DATA,00,1F,1059,0,0,80,80,00,00,1
1088,268,A,00,1E,DATA,00,1E,1060,0,0,80,80,00,00,1
1089,268,B,01,00,DATA,00,01,1061,0,0,80,80,00,00,1
1090,268,A,00,D7,DATA,00,D7,1062,0,0,80,80,00,00,1
1091,268,B,00,00,DATA,00,00,1063,0,0,80,80,00,00,1
1092,268,A,00,F3,DATA,00,F3,1064,0,0,80,80,00,00,1
1093,268,B,00,00,DATA,00,00,1065,0,0,80,80,00,00,1
1094,268,A,00,55,DATA,00,55,1066,0,0,80,80,00,00,1
1095,268,B,00,00,DATA,00,00,1067,0,0,80,80,00,00,1
1096,268,A,00,00,DATA,00,00,1068,0,0,80,80,00,00,1
1097,268,B,00,00,DATA,00,00,1069,0,0,80,80,00,00,1
1098,268,A,00,55,DATA,00,55,1070,0,0,80,80,00,00,1
1099,268,B,00,00,DATA,00,00,1071,0,0,80,80,00,00,1
1100,268,A,00,FF,DATA,00,FF,1072,0,0,80,80,00,00,1
1101,268,B,FF,00,DATA,00,FF,1073,0,0,80,80,00,00,1
1102,268,A,00,41,DATA,00,41,1074,0,0,80,80,00,00,1
1103,268,B,FF,00,DATA,00,FF,1075,0,0,80,80,00,00,1
1104,268,A,00,01,DATA,00,01,1076,0,0,80,80,00,00,1
1105,268,B,FF,00,DATA,00,FF,1077,0,0,80,80,00,00,1
1106,268,A,00,EB,DATA,00,EB,1078,0,0,80,80,00,00,1
1107,268,B,15,00,DATA,00,15,1079,0,0,80,80,00,00,1
1108,268,A,00,1F,DATA,00,1F,1080,0,0,80,80,00,00,1
1109,268,B,01,00,DATA,00,01,1081,0,0,80,80,00,00,1
1110,268,A,00,55,DATA,00,55,1082,0,0,80,80,00,00,1
1111,268,B,01,00,DATA,00,01,1083,0,0,80,80,00,00,1
1112,268,A,00,01,DATA,00,01,1084,0,0,80,80,00,00,1
1113,268,B,01,00,DATA,00,01,1085,0,0,80,80,00,00,1
1114,268,A,00,55,DATA,00,55,1086,0,0,80,80,00,00,1
1115,268,B,01,00,DATA,00,01,1087,0,0,80,80,00,00,1
1116,268,A,00,80,DATA,00,80,1088,0,0,80,80,00,00,1
1117,268,B,FF,00,DATA,00,FF,1089,0,0,80,80,00,00,1
1118,268,A,00,C2,DATA,00,C2,1090,0,0,80,80,00,00,1
1119,268,B,FD,00,DATA,00,FD,1091,0,0,80,80,00,00,1
1120,268,A,00,8B,DATA,00,8B,1092,0,0,80,80,00,00,1
1121,268,B,F4,00,DATA,00,F4,1093,0,0,80,80,00,00,1
1122,268,A,00,CB,DATA,00,CB,1094,0,0,80,80,00,00,1
1123,268,B,F4,00,DATA,00,F4,1095,0,0,80,80,00,00,1
1124,268,A,00,9E,DATA,00,9E,1096,0,0,80,80,00,00,1
1125,268,B,E0,00,DATA,00,E0,1097,0,0,80,80,00,00,1
1126,268,A,00,8D,DATA,00,8D,1098,0,0,80,80,00,00,1
1127,268,B,F0,00,DATA,00,F0,1099,0,0,80,80,00,00,1
1128,268,A,00,B0,DATA,00,B0,1100,0,0,80,80,00,00,1
1129,268,B,C0,00,DATA,00,C0,1101,0,0,80,80,00,00,1
1130,268,A,00,B5,DATA,00,B5,1102,0,0,80,80,00,00,1
1131,268,B,C0,00,DATA,00,C0,1103,0,0,80,80,00,00,1
1132,268,A,00,E0,DATA,00,E0,1104,0,0,80,80,00,00,1
1133,268,B,00,00,DATA,00,00,1105,0,0,80,80,00,00,1
1134,268,A,00,D5,DATA,00,D5,1106,0,0,80,80,00,00,1
1135,268,B,00,00,DATA,00,00,1107,0,0,80,80,00,00,1
1136,268,A,00,80,DATA,00,80,1108,0,0,80,80,00,00,1
1137,268,B,00,00,DATA,00,00,1109,0,0,80,80,00,00,1
1138,268,A,00,55,DATA,00,55,1110,0,0,80,80,00,00,1
1139,268,B,00,00,DATA,00,00,1111,0,0,80,80,00,00,1
1140,268,A,00,03,DATA,00,03,1112,0,0,80,80,00,00,1
1141,268,B,00,00,DATA,00,00,1113,0,0,80,80,00,00,1
1142,268,A,00,57,DATA,00,57,1114,0,0,80,80,00,00,1
1143,268,B,00,00,DATA,00,00,1115,0,0,80,80,00,00,1
1144,268,A,00,07,DATA,00,07,1116,0,0,80,80,00,00,1
1145,268,B,00,00,DATA,00,00,1117,0,0,80,80,00,00,1
1146,268,A,00,5A,DATA,00,5A,1118,0,0,80,80,00,00,1
1147,268,B,05,00,DATA,00,05,1119,0,0,80,80,00,00,1
1148,268,A,00,00,DATA,00,00,1120,0,0,80,80,00,00,1
1149,268,B,00,00,DATA,00,00,1121,0,0,80,80,00,00,1
1150,268,A,00,15,DATA,00,15,1122,0,0,80,80,00,00,1
1151,268,B,00,00,DATA,00,00,1123,0,0,80,80,00,00,1
1152,268,A,00,00,DATA,00,00,1124,0,0,80,80,00,00,1
1153,268,B,00,00,DATA,00,00,1125,0,0,80,80,00,00,1
1154,268,A,00,45,DATA,00,45,1126,0,0,80,80,00,00,1
1155,268,B,00,00,DATA,00,00,1127,0,0,80,80,00,00,1
1156,268,A,00,00,DATA,00,00,1128,0,0,80,80,00,00,1
1157,268,B,00,00,DATA,00,00,1129,0,0,80,80,00,00,1
1158,268,A,00,45,DATA,00,45,1130,0,0,80,80,00,00,1
1159,268,B,00,00,DATA,00,00,1131,0,0,80,80,00,00,1
1160,268,A,00,80,DATA,00,80,1132,0,0,80,80,00,00,1
1161,268,B,00,00,DATA,00,00,1133,0,0,80,80,00,00,1
1162,268,A,00,D5,DATA,00,D5,1134,0,0,80,80,00,00,1
1163,268,B,00,00,DATA,00,00,1135,0,0,80,80,00,00,1
1164,268,A,00,01,DATA,00,01,1136,0,0,80,80,00,00,1
1165,268,B,01,00,DATA,00,01,1137,0,0,80,80,00,00,1
1166,268,A,00,55,DATA,00,55,1138,0,0,80,80,00,00,1
1167,268,B,01,00,DATA,00,01,1139,0,0,80,80,00,00,1
1168,268,A,00,03,DATA,00,03,1140,0,0,80,80,00,00,1
1169,268,B,01,00,DATA,00,01,1141,0,0,80,80,00,00,1
1170,268,A,00,57,DATA,00,57,1142,0,0,80,80,00,00,1
1171,268,B,01,00,DATA,00,01,1143,0,0,80,80,00,00,1
1172,268,A,00,07,DATA,00,07,1144,0,0,80,80,00,00,1
1173,268,B,01,00,DATA,00,01,1145,0,0,80,80,00,00,1
1174,268,A,00,5F,DATA,00,5F,1146,0,0,80,80,00,00,1
1175,268,B,01,00,DATA,00,01,1147,0,0,80,80,00,00,1
1176,268,A,00,01,DATA,00,01,1148,0,0,80,80,00,00,1
1177,268,B,01,00,DATA,00,01,1149,0,0,80,80,00,00,1
1178,268,A,00,77,DATA,00,77,1150,0,0,80,80,00,00,1
1179,268,B,01,00,DATA,00,01,1151,0,0,80,80,00,00,1
1180,268,A,00,A0,DATA,00,A0,1152,0,0,80,80,00,00,1
1181,268,B,C0,00,DATA,00,C0,1153,0,0,80,80,00,00,1
1182,268,A,00,B5,DATA,00,B5,1154,0,0,80,80,00,00,1
1183,268,B,C0,00,DATA,00,C0,1155,0,0,80,80,00,00,1
1184,268,A,00,E0,DATA,00,E0,1156,0,0,80,80,00,00,1
1185,268,B,80,00,DATA,00,80,1157,0,0,80,80,00,00,1
1186,268,A,00,B5,DATA,00,B5,1158,0,0,80,80,00,00,1
1187,268,B,C0,00,DATA,00,C0,1159,0,0,80,80,00,00,1
1188,268,A,00,E0,DATA,00,E0,1160,0,0,80,80,00,00,1
1189,268,B,80,00,DATA,00,80,1161,0,0,80,80,00,00,1
1190,268,A,00,B5,DATA,00,B5,1162,0,0,80,80,00,00,1
1191,268,B,C0,00,DATA,00,C0,1163,0,0,80,80,00,00,1
1192,268,A,00,E0,DATA,00,E0,1164,0,0,80,80,00,00,1
1193,268,B,80,00,DATA,00,80,1165,0,0,80,80,00,00,1
1194,268,A,00,B7,DATA,00,B7,1166,0,0,80,80,00,00,1
1195,268,B,C0,00,DATA,00,C0,1167,0,0,80,80,00,00,1
1196,268,A,00,0F,DATA,00,0F,1168,0,0,80,80,00,00,1
1197,268,B,00,00,DATA,00,00,1169,0,0,80,80,00,00,1
1198,268,A,00,5B,DATA,00,5B,1170,0,0,80,80,00,00,1
1199,268,B,04,00,DATA,00,04,1171,0,0,80,80,00,00,1
1200,268,A,00,1F,DATA,00,1F,1172,0,0,80,80,00,00,1
1201,268,B,00,00,DATA,00,00,1173,0,0,80,80,00,00,1
1202,268,A,00,5F,DATA,00,5F,1174,0,0,80,80,00,00,1
1203,268,B,00,00,DATA,00,00,1175,0,0,80,80,00,00,1
1204,268,A,00,1C,DATA,00,1C,1176,0,0,80,80,00,00,1
1205,268,B,00,00,DATA,00,00,1177,0,0,80,80,00,00,1
1206,268,A,00,5D,DATA,00,5D,1178,0,0,80,80,00,00,1
1207,268,B,00,00,DATA,00,00,1179,0,0,80,80,00,00,1
1208,268,A,00,8F,DATA,00,8F,1180,0,0,80,80,00,00,1
1209,268,B,00,00,DATA,00,00,1181,0,0,80,80,00,00,1
1210,268,A,00,D5,DATA,00,D5,1182,0,0,80,80,00,00,1
1211,268,B,0F,00,DATA,00,0F,1183,0,0,80,80,00,00,1
1212,268,A,00,80,DATA,00,80,1184,0,0,80,80,00,00,1
1213,268,B,00,00,DATA,00,00,1185,0,0,80,80,00,00,1
1214,268,A,00,D5,DATA,00,D5,1186,0,0,80,80,00,00,1
1215,268,B,00,00,DATA,00,00,1187,0,0,80,80,00,00,1
1216,268,A,00,00,DATA,00,00,1188,0,0,80,80,00,00,1
1217,268,B,00,00,DATA,00,00,1189,0,0,80,80,00,00,1
1218,268,A,00,55,DATA,00,55,1190,0,0,80,80,00,00,1
1219,268,B,00,00,DATA,00,00,1191,0,0,80,80,00,00,1
1220,268,A,00,03,DATA,00,03,1192,0,0,80,80,00,00,1
1221,268,B,00,00,DATA,00,00,1193,0,0,80,80,00,00,1
1222,268,A,00,56,DATA,00,56,1194,0,0,80,80,00,00,1
1223,268,B,01,00,DATA,00,01,1195,0,0,80,80,00,00,1
1224,268,A,00,00,DATA,00,00,1196,0,0,80,80,00,00,1
1225,268,B,03,00,DATA,00,03,1197,0,0,80,80,00,00,1
1226,268,A,00,35,DATA,00,35,1198,0,0,80,80,00,00,1
1227,268,B,C3,00,DATA,00,C3,1199,0,0,80,80,00,00,1
1228,268,A,00,9F,DATA,00,9F,1200,0,0,80,80,00,00,1
1229,268,B,01,00,DATA,00,01,1201,0,0,80,80,00,00,1
1230,268,A,00,DF,DATA,00,DF,1202,0,0,80,80,00,00,1
1231,268,B,01,00,DATA,00,01,1203,0,0,80,80,00,00,1
1232,268,A,00,DF,DATA,00,DF,1204,0,0,80,80,00,00,1
1233,268,B,01,00,DATA,00,01,1205,0,0,80,80,00,00,1
1234,268,A,00,DF,DATA,00,DF,1206,0,0,80,80,00,00,1
1235,268,B,01,00,DATA,00,01,1207,0,0,80,80,00,00,1
1236,268,A,00,FF,DATA,00,FF,1208,0,0,80,80,00,00,1
1237,268,B,01,00,DATA,00,01,1209,0,0,80,80,00,00,1
1238,268,A,00,BF,DATA,00,BF,1210,0,0,80,80,00,00,1
1239,268,B,41,00,DATA,00,41,1211,0,0,80,80,00,00,1
1240,268,A,00,11,DATA,00,11,1212,0,0,80,80,00,00,1
1241,268,B,E1,00,DATA,00,E1,1213,0,0,80,80,00,00,1
1242,268,A,00,4D,DATA,00,4D,1214,0,0,80,80,00,00,1
1243,268,B,F1,00,DATA,00,F1,1215,0,0,80,80,00,00,1
1244,268,A,00,BF,DATA,00,BF,1216,0,0,80,80,00,00,1
1245,268,B,C0,00,DATA,00,C0,1217,0,0,80,80,00,00,1
1246,268,A,00,AE,DATA,00,AE,1218,0,0,80,80,00,00,1
1247,268,B,D1,00,DATA,00,D1,1219,0,0,80,80,00,00,1
1248,268,A,00,FF,DATA,00,FF,1220,0,0,80,80,00,00,1
1249,268,B,80,00,DATA,00,80,1221,0,0,80,80,00,00,1
1250,268,A,00,FF,DATA,00,FF,1222,0,0,80,80,00,00,1
1251,268,B,FF,00,DATA,00,FF,1223,0,0,80,80,00,00,1
1252,268,A,00,00,DATA,00,00,1224,0,0,80,80,00,00,1
1253,268,B,00,00,DATA,00,00,1225,0,0,80,80,00,00,1
1254,268,A,00,00,DATA,00,00,1226,0,0,80,80,00,00,1
1255,268,B,00,00,DATA,00,00,1227,0,0,80,80,00,00,1
1256,268,A,00,00,DATA,00,00,1228,0,0,80,80,00,00,1
1257,268,B,00,00,DATA,00,00,1229,0,0,80,80,00,00,1
1258,268,A,00,00,DATA,00,00,1230,0,0,80,80,00,00,1
1259,268,B,00,00,DATA,00,00,1231,0,0,80,80,00,00,1
1260,268,A,00,E0,DATA,00,E0,1232,0,0,80,80,00,00,1
1261,268,B,1F,00,DATA,00,1F,1233,0,0,80,80,00,00,1
1262,268,A,00,80,DATA,00,80,1234,0,0,80,80,00,00,1
1263,268,B,7F,00,DATA,00,7F,1235,0,0,80,80,00,00,1
1264,268,A,00,E0,DATA,00,E0,1236,0,0,80,80,00,00,1
1265,268,B,1F,00,DATA,00,1F,1237,0,0,80,80,00,00,1
1266,268,A,00,FF,DATA,00,FF,1238,0,0,80,80,00,00,1
1267,268,B,FF,00,DATA,00,FF,1239,0,0,80,80,00,00,1
1268,268,A,00,00,DATA,00,00,1240,0,0,80,80,00,00,1
1269,268,B,00,00,DATA,00,00,1241,0,0,80,80,00,00,1
1270,268,A,00,00,DATA,00,00,1242,0,0,80,80,00,00,1
1271,268,B,00,00,DATA,00,00,1243,0,0,80,80,00,00,1
1272,268,A,00,00,DATA,00,00,1244,0,0,80,80,00,00,1
1273,268,B,00,00,DATA,00,00,1245,0,0,80,80,00,00,1
1274,268,A,00,00,DATA,00,00,1246,0,0,80,80,00,00,1
1275,268,B,00,00,DATA,00,00,1247,0,0,80,80,00,00,1
1276,268,A,00,00,DATA,00,00,1248,0,0,80,80,00,00,1
1277,268,B,FF,00,DATA,00,FF,1249,0,0,80,80,00,00,1
1278,268,A,00,45,DATA,00,45,1250,0,0,80,80,00,00,1
1279,268,B,FF,00,DATA,00,FF,1251,0,0,80,80,00,00,1
1280,268,A,00,00,DATA,00,00,1252,0,0,80,80,00,00,1
1281,268,B,FF,00,DATA,00,FF,1253,0,0,80,80,00,00,1
1282,268,A,00,FF,DATA,00,FF,1254,0,0,80,80,00,00,1
1283,268,B,FF,00,DATA,00,FF,1255,0,0,80,80,00,00,1
1284,268,A,00,00,DATA,00,00,1256,0,0,80,80,00,00,1
1285,268,B,00,00,DATA,00,00,1257,0,0,80,80,00,00,1
1286,268,A,00,00,DATA,00,00,1258,0,0,80,80,00,00,1
1287,268,B,00,00,DATA,00,00,1259,0,0,80,80,00,00,1
1288,268,A,00,00,DATA,00,00,1260,0,0,80,80,00,00,1
1289,268,B,00,00,DATA,00,00,1261,0,0,80,80,00,00,1
1290,268,A,00,00,DATA,00,00,1262,0,0,80,80,00,00,1
1291,268,B,00,00,DATA,00,00,1263,0,0,80,80,00,00,1
1292,268,A,00,09,DATA,00,09,1264,0,0,80,80,00,00,1
1293,268,B,F1,00,DATA,00,F1,1265,0,0,80,80,00,00,1
1294,268,A,00,5D,DATA,00,5D,1266,0,0,80,80,00,00,1
1295,268,B,F1,00,DATA,00,F1,1267,0,0,80,80,00,00,1
1296,268,A,00,01,DATA,00,01,1268,0,0,80,80,00,00,1
1297,268,B,F9,00,DATA,00,F9,1269,0,0,80,80,00,00,1
1298,268,A,00,FF,DATA,00,FF,1270,0,0,80,80,00,00,1
1299,268,B,FF,00,DATA,00,FF,1271,0,0,80,80,00,00,1
1300,268,A,00,00,DATA,00,00,1272,0,0,80,80,00,00,1
1301,268,B,00,00,DATA,00,00,1273,0,0,80,80,00,00,1
1302,268,A,00,00,DATA,00,00,1274,0,0,80,80,00,00,1
1303,268,B,00,00,DATA,00,00,1275,0,0,80,80,00,00,1
1304,268,A,00,00,DATA,00,00,1276,0,0,80,80,00,00,1
1305,268,B,00,00,DATA,00,00,1277,0,0,80,80,00,00,1
1306,268,A,00,00,DATA,00,00,1278,0,0,80,80,00,00,1
1307,268,B,00,00,DATA,00,00,1279,0,0,80,80,00,00,1
1308,268,A,00,FF,DATA,00,FF,1280,0,0,80,80,00,00,1
1309,268,B,FF,00,DATA,00,FF,1281,0,0,80,80,00,00,1
1310,268,A,00,81,DATA,00,81,1282,0,0,80,80,00,00,1
1311,268,B,FE,00,DATA,00,FE,1283,0,0,80,80,00,00,1
1312,268,A,00,C3,DATA,00,C3,1284,0,0,80,80,00,00,1
1313,268,B,BC,00,DATA,00,BC,1285,0,0,80,80,00,00,1
1314,268,A,00,82,DATA,00,82,1286,0,0,80,80,00,00,1
1315,268,B,FD,00,DATA,00,FD,1287,0,0,80,80,00,00,1
1316,268,A,00,C3,DATA,00,C3,1288,0,0,80,80,00,00,1
1317,268,B,BC,00,DATA,00,BC,1289,0,0,80,80,00,00,1
1318,268,A,00,86,DATA,00,86,1290,0,0,80,80,00,00,1
1319,268,B,FD,00,DATA,00,FD,1291,0,0,80,80,00,00,1
1320,268,A,00,C3,DATA,00,C3,1292,0,0,80,80,00,00,1
1321,268,B,BC,00,DATA,00,BC,1293,0,0,80,80,00,00,1
1322,268,A,00,A6,DATA,00,A6,1294,0,0,80,80,00,00,1
1323,268,B,DD,00,DATA,00,DD,1295,0,0,80,80,00,00,1
1324,268,A,00,FF,DATA,00,FF,1296,0,0,80,80,00,00,1
1325,268,B,FF,00,DATA,00,FF,1297,0,0,80,80,00,00,1
1326,268,A,00,55,DATA,00,55,1298,0,0,80,80,00,00,1
1327,268,B,00,00,DATA,00,00,1299,0,0,80,80,00,00,1
1328,268,A,00,00,DATA,00,00,1300,0,0,80,80,00,00,1
1329,268,B,00,00,DATA,00,00,1301,0,0,80,80,00,00,1
1330,268,A,00,D5,DATA,00,D5,1302,0,0,80,80,00,00,1
1331,268,B,00,00,DATA,00,00,1303,0,0,80,80,00,00,1
1332,268,A,00,C3,DATA,00,C3,1304,0,0,80,80,00,00,1
1333,268,B,00,00,DATA,00,00,1305,0,0,80,80,00,00,1
1334,268,A,00,97,DATA,00,97,1306,0,0,80,80,00,00,1
1335,268,B,40,00,DATA,00,40,1307,0,0,80,80,00,00,1
1336,268,A,00,C3,DATA,00,C3,1308,0,0,80,80,00,00,1
1337,268,B,00,00,DATA,00,00,1309,0,0,80,80,00,00,1
1338,268,A,00,D5,DATA,00,D5,1310,0,0,80,80,00,00,1
1339,268,B,00,00,DATA,00,00,1311,0,0,80,80,00,00,1
1340,268,A,00,FF,DATA,00,FF,1312,0,0,80,80,00,00,1
1341,268,B,FF,00,DATA,00,FF,1313,0,0,80,80,00,00,1
1342,268,A,00,55,DATA,00,55,1314,0,0,80,80,00,00,1
1343,268,B,00,00,DATA,00,00,1315,0,0,80,80,00,00,1
1344,268,A,00,00,DATA,00,00,1316,0,0,80,80,00,00,1
1345,268,B,00,00,DATA,00,00,1317,0,0,80,80,00,00,1
1346,268,A,00,D5,DATA,00,D5,1318,0,0,80,80,00,00,1
1347,268,B,00,00,DATA,00,00,1319,0,0,80,80,00,00,1
1348,268,A,00,C0,DATA,00,C0,1320,0,0,80,80,00,00,1
1349,268,B,00,00,DATA,00,00,1321,0,0,80,80,00,00,1
1350,268,A,00,D5,DATA,00,D5,1322,0,0,80,80,00,00,1
1351,268,B,00,00,DATA,00,00,1323,0,0,80,80,00,00,1
1352,268,A,00,80,DATA,00,80,1324,0,0,80,80,00,00,1
1353,268,B,00,00,DATA,00,00,1325,0,0,80,80,00,00,1
1354,268,A,00,F5,DATA,00,F5,1326,0,0,80,80,00,00,1
1355,268,B,00,00,DATA,00,00,1327,0,0,80,80,00,00,1
1356,268,A,00,FF,DATA,00,FF,1328,0,0,80,80,00,00,1
1357,268,B,FF,00,DATA,00,FF,1329,0,0,80,80,00,00,1
1358,268,A,00,07,DATA,00,07,1330,0,0,80,80,00,00,1
1359,268,B,7F,00,DATA,00,7F,1331,0,0,80,80,00,00,1
1360,268,A,00,63,DATA,00,63,1332,0,0,80,80,00,00,1
1361,268,B,1F,00,DATA,00,1F,1333,0,0,80,80,00,00,1
1362,268,A,00,67,DATA,00,67,1334,0,0,80,80,00,00,1
1363,268,B,1F,00,DATA,00,1F,1335,0,0,80,80,00,00,1
1364,268,A,00,11,DATA,00,11,1336,0,0,80,80,00,00,1
1365,268,B,0F,00,DATA,00,0F,1337,0,0,80,80,00,00,1
1366,268,A,00,57,DATA,00,57,1338,0,0,80,80,00,00,1
1367,268,B,0F,00,DATA,00,0F,1339,0,0,80,80,00,00,1
1368,268,A,00,09,DATA,00,09,1340,0,0,80,80,00,00,1
1369,268,B,07,00,DATA,00,07,1341,0,0,80,80,00,00,1
1370,268,A,00,59,DATA,00,59,1342,0,0,80,80,00,00,1
1371,268,B,07,00,DATA,00,07,1343,0,0,80,80,00,00,1
1372,268,A,00,A1,DATA,00,A1,1344,0,0,80,80,00,00,1
1373,268,B,DE,00,DATA,00,DE,1345,0,0,80,80,00,00,1
1374,268,A,00,84,DATA,00,84,1346,0,0,80,80,00,00,1
1375,268,B,FF,00,DATA,00,FF,1347,0,0,80,80,00,00,1
1376,268,A,00,81,DATA,00,81,1348,0,0,80,80,00,00,1
1377,268,B,FE,00,DATA,00,FE,1349,0,0,80,80,00,00,1
1378,268,A,00,97,DATA,00,97,1350,0,0,80,80,00,00,1
1379,268,B,FC,00,DATA,00,FC,1351,0,0,80,80,00,00,1
1380,268,A,00,82,DATA,00,82,1352,0,0,80,80,00,00,1
1381,268,B,FC,00,DATA,00,FC,1353,0,0,80,80,00,00,1
1382,268,A,00,D7,DATA,00,D7,1354,0,0,80,80,00,00,1
1383,268,B,FC,00,DATA,00,FC,1355,0,0,80,80,00,00,1
1384,268,A,00,83,DATA,00,83,1356,0,0,80,80,00,00,1
1385,268,B,FC,00,DATA,00,FC,1357,0,0,80,80,00,00,1
1386,268,A,00,D7,DATA,00,D7,1358,0,0,80,80,00,00,1
1387,268,B,FC,00,DATA,00,FC,1359,0,0,80,80,00,00,1
1388,268,A,00,C1,DATA,00,C1,1360,0,0,80,80,00,00,1
1389,268,B,00,00,DATA,00,00,1361,0,0,80,80,00,00,1
1390,268,A,00,D5,DATA,00,D5,1362,0,0,80,80,00,00,1
1391,268,B,00,00,DATA,00,00,1363,0,0,80,80,00,00,1
1392,268,A,00,80,DATA,00,80,1364,0,0,80,80,00,00,1
1393,268,B,00,00,DATA,00,00,1365,0,0,80,80,00,00,1
1394,268,A,00,55,DATA,00,55,1366,0,0,80,80,00,00,1
1395,268,B,00,00,DATA,00,00,1367,0,0,80,80,00,00,1
1396,268,A,00,00,DATA,00,00,1368,0,0,80,80,00,00,1
1397,268,B,00,00,DATA,00,00,1369,0,0,80,80,00,00,1
1398,268,A,00,F5,DATA,00,F5,1370,0,0,80,80,00,00,1
1399,268,B,00,00,DATA,00,00,1371,0,0,80,80,00,00,1
1400,268,A,00,E0,DATA,00,E0,1372,0,0,80,80,00,00,1
1401,268,B,00,00,DATA,00,00,1373,0,0,80,80,00,00,1
1402,268,A,00,B5,DATA,00,B5,1374,0,0,80,80,00,00,1
1403,268,B,40,00,DATA,00,40,1375,0,0,80,80,00,00,1
1404,268,A,00,E0,DATA,00,E0,1376,0,0,80,80,00,00,1
1405,268,B,00,00,DATA,00,00,1377,0,0,80,80,00,00,1
1406,268,A,00,40,DATA,00,40,1378,0,0,80,80,00,00,1
1407,268,B,00,00,DATA,00,00,1379,0,0,80,80,00,00,1
1408,268,A,00,00,DATA,00,00,1380,0,0,80,80,00,00,1
1409,268,B,00,00,DATA,00,00,1381,0,0,80,80,00,00,1
1410,268,A,00,00,DATA,00,00,1382,0,0,80,80,00,00,1
1411,268,B,00,00,DATA,00,00,1383,0,0,80,80,00,00,1
1412,268,A,00,00,DATA,00,00,1384,0,0,80,80,00,00,1
1413,268,B,00,00,DATA,00,00,1385,0,0,80,80,00,00,1
1414,268,A,00,51,DATA,00,51,1386,0,0,80,80,00,00,1
1415,268,B,00,00,DATA,00,00,1387,0,0,80,80,00,00,1
1416,268,A,00,00,DATA,00,00,1388,0,0,80,80,00,00,1
1417,268,B,00,00,DATA,00,00,1389,0,0,80,80,00,00,1
1418,268,A,00,75,DATA,00,75,1390,0,0,80,80,00,00,1
1419,268,B,00,00,DATA,00,00,1391,0,0,80,80,00,00,1
1420,268,A,00,0F,DATA,00,0F,1392,0,0,80,80,00,00,1
1421,268,B,01,00,DATA,00,01,1393,0,0,80,80,00,00,1
1422,268,A,00,53,DATA,00,53,1394,0,0,80,80,00,00,1
1423,268,B,05,00,DATA,00,05,1395,0,0,80,80,00,00,1
1424,268,A,00,0F,DATA,00,0F,1396,0,0,80,80,00,00,1
1425,268,B,01,00,DATA,00,01,1397,0,0,80,80,00,00,1
1426,268,A,00,5F,DATA,00,5F,1398,0,0,80,80,00,00,1
1427,268,B,01,00,DATA,00,01,1399,0,0,80,80,00,00,1
1428,268,A,00,0F,DATA,00,0F,1400,0,0,80,80,00,00,1
1429,268,B,01,00,DATA,00,01,1401,0,0,80,80,00,00,1
1430,268,A,00,5D,DATA,00,5D,1402,0,0,80,80,00,00,1
1431,268,B,01,00,DATA,00,01,1403,0,0,80,80,00,00,1
1432,268,A,00,0D,DATA,00,0D,1404,0,0,80,80,00,00,1
1433,268,B,01,00,DATA,00,01,1405,0,0,80,80,00,00,1
1434,268,A,00,55,DATA,00,55,1406,0,0,80,80,00,00,1
1435,268,B,01,00,DATA,00,01,1407,0,0,80,80,00,00,1
1436,268,A,00,A1,DATA,00,A1,1408,0,0,80,80,00,00,1
1437,268,B,FE,00,DATA,00,FE,1409,0,0,80,80,00,00,1
1438,268,A,00,F4,DATA,00,F4,1410,0,0,80,80,00,00,1
1439,268,B,FF,00,DATA,00,FF,1411,0,0,80,80,00,00,1
1440,268,A,00,F8,DATA,00,F8,1412,0,0,80,80,00,00,1
1441,268,B,FF,00,DATA,00,FF,1413,0,0,80,80,00,00,1
1442,268,A,00,FD,DATA,00,FD,1414,0,0,80,80,00,00,1
1443,268,B,FF,00,DATA,00,FF,1415,0,0,80,80,00,00,1
1444,268,A,00,F8,DATA,00,F8,1416,0,0,80,80,00,00,1
1445,268,B,FF,00,DATA,00,FF,1417,0,0,80,80,00,00,1
1446,268,A,00,FD,DATA,00,FD,1418,0,0,80,80,00,00,1
1447,268,B,FF,00,DATA,00,FF,1419,0,0,80,80,00,00,1
1448,268,A,00,EC,DATA,00,EC,1420,0,0,80,80,00,00,1
1449,268,B,FF,00,DATA,00,FF,1421,0,0,80,80,00,00,1
1450,268,A,00,DF,DATA,00,DF,1422,0,0,80,80,00,00,1
1451,268,B,FF,00,DATA,00,FF,1423,0,0,80,80,00,00,1
1452,268,A,00,E0,DATA,00,E0,1424,0,0,80,80,00,00,1
1453,268,B,00,00,DATA,00,00,1425,0,0,80,80,00,00,1
1454,268,A,00,BD,DATA,00,BD,1426,0,0,80,80,00,00,1
1455,268,B,40,00,DATA,00,40,1427,0,0,80,80,00,00,1
1456,268,A,00,E0,DATA,00,E0,1428,0,0,80,80,00,00,1
1457,268,B,00,00,DATA,00,00,1429,0,0,80,80,00,00,1
1458,268,A,00,B7,DATA,00,B7,1430,0,0,80,80,00,00,1
1459,268,B,40,00,DATA,00,40,1431,0,0,80,80,00,00,1
1460,268,A,00,7C,DATA,00,7C,1432,0,0,80,80,00,00,1
1461,268,B,80,00,DATA,00,80,1433,0,0,80,80,00,00,1
1462,268,A,00,35,DATA,00,35,1434,0,0,80,80,00,00,1
1463,268,B,C0,00,DATA,00,C0,1435,0,0,80,80,00,00,1
1464,268,A,00,38,DATA,00,38,1436,0,0,80,80,00,00,1
1465,268,B,C0,00,DATA,00,C0,1437,0,0,80,80,00,00,1
1466,268,A,00,5D,DATA,00,5D,1438,0,0,80,80,00,00,1
1467,268,B,E0,00,DATA,00,E0,1439,0,0,80,80,00,00,1
1468,268,A,00,30,DATA,00,30,1440,0,0,80,80,00,00,1
1469,268,B,00,00,DATA,00,00,1441,0,0,80,80,00,00,1
1470,268,A,00,F5,DATA,00,F5,1442,0,0,80,80,00,00,1
1471,268,B,00,00,DATA,00,00,1443,0,0,80,80,00,00,1
1472,268,A,00,70,DATA,00,70,1444,0,0,80,80,00,00,1
1473,268,B,00,00,DATA,00,00,1445,0,0,80,80,00,00,1
1474,268,A,00,55,DATA,00,55,1446,0,0,80,80,00,00,1
1475,268,B,00,00,DATA,00,00,1447,0,0,80,80,00,00,1
1476,268,A,00,00,DATA,00,00,1448,0,0,80,80,00,00,1
1477,268,B,00,00,DATA,00,00,1449,0,0,80,80,00,00,1
1478,268,A,00,55,DATA,00,55,1450,0,0,80,80,00,00,1
1479,268,B,00,00,DATA,00,00,1451,0,0,80,80,00,00,1
1480,268,A,00,01,DATA,00,01,1452,0,0,80,80,00,00,1
1481,268,B,00,00,DATA,00,00,1453,0,0,80,80,00,00,1
1482,268,A,00,55,DATA,00,55,1454,0,0,80,80,00,00,1
1483,268,B,00,00,DATA,00,00,1455,0,0,80,80,00,00,1
1484,268,A,00,1D,DATA,00,1D,1456,0,0,80,80,00,00,1
1485,268,B,03,00,DATA,00,03,1457,0,0,80,80,00,00,1
1486,268,A,00,59,DATA,00,59,1458,0,0,80,80,00,00,1
1487,268,B,07,00,DATA,00,07,1459,0,0,80,80,00,00,1
1488,268,A,00,1D,DATA,00,1D,1460,0,0,80,80,00,00,1
1489,268,B,03,00,DATA,00,03,1461,0,0,80,80,00,00,1
1490,268,A,00,7D,DATA,00,7D,1462,0,0,80,80,00,00,1
1491,268,B,03,00,DATA,00,03,1463,0,0,80,80,00,00,1
1492,268,A,00,7D,DATA,00,7D,1464,0,0,80,80,00,00,1
1493,268,B,03,00,DATA,00,03,1465,0,0,80,80,00,00,1
1494,268,A,00,75,DATA,00,75,1466,0,0,80,80,00,00,1
1495,268,B,03,00,DATA,00,03,1467,0,0,80,80,00,00,1
1496,268,A,00,F5,DATA,00,F5,1468,0,0,80,80,00,00,1
1497,268,B,03,00,DATA,00,03,1469,0,0,80,80,00,00,1
1498,268,A,00,F5,DATA,00,F5,1470,0,0,80,80,00,00,1
1499,268,B,03,00,DATA,00,03,1471,0,0,80,80,00,00,1
1500,268,A,00,A0,DATA,00,A0,1472,0,0,80,80,00,00,1
1501,268,B,FF,00,DATA,00,FF,1473,0,0,80,80,00,00,1
1502,268,A,00,D5,DATA,00,D5,1474,0,0,80,80,00,00,1
1503,268,B,FF,00,DATA,00,FF,1475,0,0,80,80,00,00,1
1504,268,A,00,A0,DATA,00,A0,1476,0,0,80,80,00,00,1
1505,268,B,FF,00,DATA,00,FF,1477,0,0,80,80,00,00,1
1506,268,A,00,FF,DATA,00,FF,1478,0,0,80,80,00,00,1
1507,268,B,FF,00,DATA,00,FF,1479,0,0,80,80,00,00,1
1508,268,A,00,00,DATA,00,00,1480,0,0,80,80,00,00,1
1509,268,B,00,00,DATA,00,00,1481,0,0,80,80,00,00,1
1510,268,A,00,00,DATA,00,00,1482,0,0,80,80,00,00,1
1511,268,B,00,00,DATA,00,00,1483,0,0,80,80,00,00,1
1512,268,A,00,00,DATA,00,00,1484,0,0,80,80,00,00,1
1513,268,B,00,00,DATA,00,00,1485,0,0,80,80,00,00,1
1514,268,A,00,00,DATA,00,00,1486,0,0,80,80,00,00,1
1515,268,B,00,00,DATA,00,00,1487,0,0,80,80,00,00,1
1516,268,A,00,10,DATA,00,10,1488,0,0,80,80,00,00,1
1517,268,B,E0,00,DATA,00,E0,1489,0,0,80,80,00,00,1
1518,268,A,00,7D,DATA,00,7D,1490,0,0,80,80,00,00,1
1519,268,B,C0,00,DATA,00,C0,1491,0,0,80,80,00,00,1
1520,268,A,00,38,DATA,00,38,1492,0,0,80,80,00,00,1
1521,268,B,C0,00,DATA,00,C0,1493,0,0,80,80,00,00,1
1522,268,A,00,FF,DATA,00,FF,1494,0,0,80,80,00,00,1
1523,268,B,FF,00,DATA,00,FF,1495,0,0,80,80,00,00,1
1524,268,A,00,00,DATA,00,00,1496,0,0,80,80,00,00,1
1525,268,B,00,00,DATA,00,00,1497,0,0,80,80,00,00,1
1526,268,A,00,00,DATA,00,00,1498,0,0,80,80,00,00,1
1527,268,B,00,00,DATA,00,00,1499,0,0,80,80,00,00,1
1528,268,A,00,00,DATA,00,00,1500,0,0,80,80,00,00,1
1529,268,B,00,00,DATA,00,00,1501,0,0,80,80,00,00,1
1530,268,A,00,00,DATA,00,00,1502,0,0,80,80,00,00,1
1531,268,B,00,00,DATA,00,00,1503,0,0,80,80,00,00,1
1532,268,A,00,01,DATA,00,01,1504,0,0,80,80,00,00,1
1533,268,B,00,00,DATA,00,00,1505,0,0,80,80,00,00,1
1534,268,A,00,55,DATA,00,55,1506,0,0,80,80,00,00,1
1535,268,B,00,00,DATA,00,00,1507,0,0,80,80,00,00,1
1536,268,A,00,17,DATA,00,17,1508,0,0,80,80,00,00,1
1537,268,B,00,00,DATA,00,00,1509,0,0,80,80,00,00,1
1538,268,A,00,FF,DATA,00,FF,1510,0,0,80,80,00,00,1
1539,268,B,FF,00,DATA,00,FF,1511,0,0,80,80,00,00,1
1540,268,A,00,00,DATA,00,00,1512,0,0,80,80,00,00,1
1541,268,B,00,00,DATA,00,00,1513,0,0,80,80,00,00,1
1542,268,A,00,00,DATA,00,00,1514,0,0,80,80,00,00,1
1543,268,B,00,00,DATA,00,00,1515,0,0,80,80,00,00,1
1544,268,A,00,00,DATA,00,00,1516,0,0,80,80,00,00,1
1545,268,B,00,00,DATA,00,00,1517,0,0,80,80,00,00,1
1546,268,A,00,00,DATA,00,00,1518,0,0,80,80,00,00,1
1547,268,B,00,00,DATA,00,00,1519,0,0,80,80,00,00,1
1548,268,A,00,C5,DATA,00,C5,1520,0,0,80,80,00,00,1
1549,268,B,03,00,DATA,00,03,1521,0,0,80,80,00,00,1
1550,268,A,00,D1,DATA,00,D1,1522,0,0,80,80,00,00,1
1551,268,B,07,00,DATA,00,07,1523,0,0,80,80,00,00,1
1552,268,A,00,0D,DATA,00,0D,1524,0,0,80,80,00,00,1
1553,268,B,03,00,DATA,00,03,1525,0,0,80,80,00,00,1
1554,268,A,00,FF,DATA,00,FF,1526,0,0,80,80,00,00,1
1555,268,B,FF,00,DATA,00,FF,1527,0,0,80,80,00,00,1
1556,268,A,00,00,DATA,00,00,1528,0,0,80,80,00,00,1
1557,268,B,00,00,DATA,00,00,1529,0,0,80,80,00,00,1
1558,268,A,00,00,DATA,00,00,1530,0,0,80,80,00,00,1
1559,268,B,00,00,DATA,00,00,1531,0,0,80,80,00,00,1
1560,268,A,00,00,DATA,00,00,1532,0,0,80,80,00,00,1
1561,268,B,00,00,DATA,00,00,1533,0,0,80,80,00,00,1
1562,268,A,00,00,DATA,00,00,1534,0,0,80,80,00,00,1
1563,268,B,00,00,DATA,00,00,1535,0,0,80,80,00,00,1
1564,268,A,00,FF,DATA,00,FF,1536,0,0,80,80,00,00,1
1565,268,B,FF,00,DATA,00,FF,1537,0,0,80,80,00,00,1
1566,268,A,00,BF,DATA,00,BF,1538,0,0,80,80,00,00,1
1567,268,B,C0,00,DATA,00,C0,1539,0,0,80,80,00,00,1
1568,268,A,00,FF,DATA,00,FF,1540,0,0,80,80,00,00,1
1569,268,B,80,00,DATA,00,80,1541,0,0,80,80,00,00,1
1570,268,A,00,BE,DATA,00,BE,1542,0,0,80,80,00,00,1
1571,268,B,C1,00,DATA,00,C1,1543,0,0,80,80,00,00,1
1572,268,A,00,FD,DATA,00,FD,1544,0,0,80,80,00,00,1
1573,268,B,82,00,DATA,00,82,1545,0,0,80,80,00,00,1
1574,268,A,00,BE,DATA,00,BE,1546,0,0,80,80,00,00,1
1575,268,B,C1,00,DATA,00,C1,1547,0,0,80,80,00,00,1
1576,268,A,00,FF,DATA,00,FF,1548,0,0,80,80,00,00,1
1577,268,B,80,00,DATA,00,80,1549,0,0,80,80,00,00,1
1578,268,A,00,B3,DATA,00,B3,1550,0,0,80,80,00,00,1
1579,268,B,CC,00,DATA,00,CC,1551,0,0,80,80,00,00,1
1580,268,A,00,FF,DATA,00,FF,1552,0,0,80,80,00,00,1
1581,268,B,FF,00,DATA,00,FF,1553,0,0,80,80,00,00,1
1582,268,A,00,55,DATA,00,55,1554,0,0,80,80,00,00,1
1583,268,B,FF,00,DATA,00,FF,1555,0,0,80,80,00,00,1
1584,268,A,00,00,DATA,00,00,1556,0,0,80,80,00,00,1
1585,268,B,FF,00,DATA,00,FF,1557,0,0,80,80,00,00,1
1586,268,A,00,C0,DATA,00,C0,1558,0,0,80,80,00,00,1
1587,268,B,3F,00,DATA,00,3F,1559,0,0,80,80,00,00,1
1588,268,A,00,8F,DATA,00,8F,1560,0,0,80,80,00,00,1
1589,268,B,70,00,DATA,00,70,1561,0,0,80,80,00,00,1
1590,268,A,00,8F,DATA,00,8F,1562,0,0,80,80,00,00,1
1591,268,B,70,00,DATA,00,70,1563,0,0,80,80,00,00,1
1592,268,A,00,BE,DATA,00,BE,1564,0,0,80,80,00,00,1
1593,268,B,40,00,DATA,00,40,1565,0,0,80,80,00,00,1
1594,268,A,00,2D,DATA,00,2D,1566,0,0,80,80,00,00,1
1595,268,B,D0,00,DATA,00,D0,1567,0,0,80,80,00,00,1
1596,268,A,00,FF,DATA,00,FF,1568,0,0,80,80,00,00,1
1597,268,B,FF,00,DATA,00,FF,1569,0,0,80,80,00,00,1
1598,268,A,00,00,DATA,00,00,1570,0,0,80,80,00,00,1
1599,268,B,FF,00,DATA,00,FF,1571,0,0,80,80,00,00,1
1600,268,A,00,0E,DATA,00,0E,1572,0,0,80,80,00,00,1
1601,268,B,F1,00,DATA,00,F1,1573,0,0,80,80,00,00,1
1602,268,A,00,BD,DATA,00,BD,1574,0,0,80,80,00,00,1
1603,268,B,40,00,DATA,00,40,1575,0,0,80,80,00,00,1
1604,268,A,00,E0,DATA,00,E0,1576,0,0,80,80,00,00,1
1605,268,B,00,00,DATA,00,00,1577,0,0,80,80,00,00,1
1606,268,A,00,40,DATA,00,40,1578,0,0,80,80,00,00,1
1607,268,B,00,00,DATA,00,00,1579,0,0,80,80,00,00,1
1608,268,A,00,60,DATA,00,60,1580,0,0,80,80,00,00,1
1609,268,B,00,00,DATA,00,00,1581,0,0,80,80,00,00,1
1610,268,A,00,70,DATA,00,70,1582,0,0,80,80,00,00,1
1611,268,B,00,00,DATA,00,00,1583,0,0,80,80,00,00,1
1612,268,A,00,FF,DATA,00,FF,1584,0,0,80,80,00,00,1
1613,268,B,FF,00,DATA,00,FF,1585,0,0,80,80,00,00,1
1614,268,A,00,4F,DATA,00,4F,1586,0,0,80,80,00,00,1
1615,268,B,F1,00,DATA,00,F1,1587,0,0,80,80,00,00,1
1616,268,A,00,05,DATA,00,05,1588,0,0,80,80,00,00,1
1617,268,B,F9,00,DATA,00,F9,1589,0,0,80,80,00,00,1
1618,268,A,00,01,DATA,00,01,1590,0,0,80,80,00,00,1
1619,268,B,7D,00,DATA,00,7D,1591,0,0,80,80,00,00,1
1620,268,A,00,23,DATA,00,23,1592,0,0,80,80,00,00,1
1621,268,B,1D,00,DATA,00,1D,1593,0,0,80,80,00,00,1
1622,268,A,00,5B,DATA,00,5B,1594,0,0,80,80,00,00,1
1623,268,B,05,00,DATA,00,05,1595,0,0,80,80,00,00,1
1624,268,A,00,0F,DATA,00,0F,1596,0,0,80,80,00,00,1
1625,268,B,11,00,DATA,00,11,1597,0,0,80,80,00,00,1
1626,268,A,00,0D,DATA,00,0D,1598,0,0,80,80,00,00,1
1627,268,B,11,00,DATA,00,11,1599,0,0,80,80,00,00,1
1628,268,A,00,EF,DATA,00,EF,1600,0,0,80,80,00,00,1
1629,268,B,90,00,DATA,00,90,1601,0,0,80,80,00,00,1
1630,268,A,00,AA,DATA,00,AA,1602,0,0,80,80,00,00,1
1631,268,B,D5,00,DATA,00,D5,1603,0,0,80,80,00,00,1
1632,268,A,00,E6,DATA,00,E6,1604,0,0,80,80,00,00,1
1633,268,B,99,00,DATA,00,99,1605,0,0,80,80,00,00,1
1634,268,A,00,8A,DATA,00,8A,1606,0,0,80,80,00,00,1
1635,268,B,F5,00,DATA,00,F5,1607,0,0,80,80,00,00,1
1636,268,A,00,CF,DATA,00,CF,1608,0,0,80,80,00,00,1
1637,268,B,B0,00,DATA,00,B0,1609,0,0,80,80,00,00,1
1638,268,A,00,8D,DATA,00,8D,1610,0,0,80,80,00,00,1
1639,268,B,F0,00,DATA,00,F0,1611,0,0,80,80,00,00,1
1640,268,A,00,D9,DATA,00,D9,1612,0,0,80,80,00,00,1
1641,268,B,A0,00,DATA,00,A0,1613,0,0,80,80,00,00,1
1642,268,A,00,FF,DATA,00,FF,1614,0,0,80,80,00,00,1
1643,268,B,80,00,DATA,00,80,1615,0,0,80,80,00,00,1
1644,268,A,00,3C,DATA,00,3C,1616,0,0,80,80,00,00,1
1645,268,B,C0,00,DATA,00,C0,1617,0,0,80,80,00,00,1
1646,268,A,00,3D,DATA,00,3D,1618,0,0,80,80,00,00,1
1647,268,B,C0,00,DATA,00,C0,1619,0,0,80,80,00,00,1
1648,268,A,00,7C,DATA,00,7C,1620,0,0,80,80,00,00,1
1649,268,B,80,00,DATA,00,80,1621,0,0,80,80,00,00,1
1650,268,A,00,2F,DATA,00,2F,1622,0,0,80,80,00,00,1
1651,268,B,D0,00,DATA,00,D0,1623,0,0,80,80,00,00,1
1652,268,A,00,7F,DATA,00,7F,1624,0,0,80,80,00,00,1
1653,268,B,80,00,DATA,00,80,1625,0,0,80,80,00,00,1
1654,268,A,00,2B,DATA,00,2B,1626,0,0,80,80,00,00,1
1655,268,B,D4,00,DATA,00,D4,1627,0,0,80,80,00,00,1
1656,268,A,00,C1,DATA,00,C1,1628,0,0,80,80,00,00,1
1657,268,B,3E,00,DATA,00,3E,1629,0,0,80,80,00,00,1
1658,268,A,00,91,DATA,00,91,1630,0,0,80,80,00,00,1
1659,268,B,7E,00,DATA,00,7E,1631,0,0,80,80,00,00,1
1660,268,A,00,00,DATA,00,00,1632,0,0,80,80,00,00,1
1661,268,B,00,00,DATA,00,00,1633,0,0,80,80,00,00,1
1662,570,A,00,54,DATA,00,54,1634,0,0,80,80,00,00,1
1663,570,B,00,00,DATA,00,00,1635,0,0,80,80,00,00,1
1664,570,A,00,00,DATA,00,00,1636,0,0,80,80,00,00,1
1665,570,B,00,00,DATA,00,00,1637,0,0,80,80,00,00,1
1666,570,A,00,55,DATA,00,55,1638,0,0,80,80,00,00,1
1667,570,B,00,00,DATA,00,00,1639,0,0,80,80,00,00,1
1668,570,A,00,18,DATA,00,18,1640,0,0,80,80,00,00,1
1669,570,B,00,00,DATA,00,00,1641,0,0,80,80,00,00,1
1670,570,A,00,FF,DATA,00,FF,1642,0,0,80,80,00,00,1
1671,570,B,00,00,DATA,00,00,1643,0,0,80,80,00,00,1
1672,570,A,00,FF,DATA,00,FF,1644,0,0,80,80,00,00,1
1673,570,B,00,00,DATA,00,00,1645,0,0,80,80,00,00,1
1674,570,A,00,6B,DATA,00,6B,1646,0,0,80,80,00,00,1
1675,570,B,14,00,DATA,00,14,1647,0,0,80,80,00,00,1
1676,570,A,00,1D,DATA,00,1D,1648,0,0,80,80,00,00,1
1677,570,B,01,00,DATA,00,01,1649,0,0,80,80,00,00,1
1678,570,A,00,75,DATA,00,75,1650,0,0,80,80,00,00,1
1679,570,B,01,00,DATA,00,01,1651,0,0,80,80,00,00,1
1680,570,A,00,3F,DATA,00,3F,1652,0,0,80,80,00,00,1
1681,570,B,01,00,DATA,00,01,1653,0,0,80,80,00,00,1
1682,570,A,00,6B,DATA,00,6B,1654,0,0,80,80,00,00,1
1683,570,B,15,00,DATA,00,15,1655,0,0,80,80,00,00,1
1684,570,A,00,2D,DATA,00,2D,1656,0,0,80,80,00,00,1
1685,570,B,13,00,DATA,00,13,1657,0,0,80,80,00,00,1
1686,570,A,00,69,DATA,00,69,1658,0,0,80,80,00,00,1
1687,570,B,17,00,DATA,00,17,1659,0,0,80,80,00,00,1
1688,570,A,00,AF,DATA,00,AF,1660,0,0,80,80,00,00,1
1689,570,B,11,00,DATA,00,11,1661,0,0,80,80,00,00,1
1690,570,A,00,EB,DATA,00,EB,1662,0,0,80,80,00,00,1
1691,570,B,15,00,DATA,00,15,1663,0,0,80,80,00,00,1
1692,570,A,00,C1,DATA,00,C1,1664,0,0,80,80,00,00,1
1693,570,B,80,00,DATA,00,80,1665,0,0,80,80,00,00,1
1694,570,A,00,D6,DATA,00,D6,1666,0,0,80,80,00,00,1
1695,570,B,81,00,DATA,00,81,1667,0,0,80,80,00,00,1
1696,570,A,00,87,DATA,00,87,1668,0,0,80,80,00,00,1
1697,570,B,80,00,DATA,00,80,1669,0,0,80,80,00,00,1
1698,570,A,00,D7,DATA,00,D7,1670,0,0,80,80,00,00,1
1699,570,B,80,00,DATA,00,80,1671,0,0,80,80,00,00,1
1700,570,A,00,87,DATA,00,87,1672,0,0,80,80,00,00,1
1701,570,B,80,00,DATA,00,80,1673,0,0,80,80,00,00,1
1702,570,A,00,FC,DATA,00,FC,1674,0,0,80,80,00,00,1
1703,570,B,83,00,DATA,00,83,1675,0,0,80,80,00,00,1
1704,570,A,00,BD,DATA,00,BD,1676,0,0,80,80,00,00,1
1705,570,B,82,00,DATA,00,82,1677,0,0,80,80,00,00,1
1706,570,A,00,FA,DATA,00,FA,1678,0,0,80,80,00,00,1
1707,570,B,85,00,DATA,00,85,1679,0,0,80,80,00,00,1
1708,570,A,00,EE,DATA,00,EE,1680,0,0,80,80,00,00,1
1709,570,B,10,00,DATA,00,10,1681,0,0,80,80,00,00,1
1710,570,A,00,7E,DATA,00,7E,1682,0,0,80,80,00,00,1
1711,570,B,00,00,DATA,00,00,1683,0,0,80,80,00,00,1
1712,570,A,00,0C,DATA,00,0C,1684,0,0,80,80,00,00,1
1713,570,B,00,00,DATA,00,00,1685,0,0,80,80,00,00,1
1714,570,A,00,54,DATA,00,54,1686,0,0,80,80,00,00,1
1715,570,B,00,00,DATA,00,00,1687,0,0,80,80,00,00,1
1716,570,A,00,08,DATA,00,08,1688,0,0,80,80,00,00,1
1717,570,B,00,00,DATA,00,00,1689,0,0,80,80,00,00,1
1718,570,A,00,AC,DATA,00,AC,1690,0,0,80,80,00,00,1
1719,570,B,50,00,DATA,00,50,1691,0,0,80,80,00,00,1
1720,570,A,00,FF,DATA,00,FF,1692,0,0,80,80,00,00,1
1721,570,B,00,00,DATA,00,00,1693,0,0,80,80,00,00,1
1722,570,A,00,AA,DATA,00,AA,1694,0,0,80,80,00,00,1
1723,570,B,55,00,DATA,00,55,1695,0,0,80,80,00,00,1
1724,570,A,00,7F,DATA,00,7F,1696,0,0,80,80,00,00,1
1725,570,B,00,00,DATA,00,00,1697,0,0,80,80,00,00,1
1726,570,A,00,7C,DATA,00,7C,1698,0,0,80,80,00,00,1
1727,570,B,07,00,DATA,00,07,1699,0,0,80,80,00,00,1
1728,570,A,00,1F,DATA,00,1F,1700,0,0,80,80,00,00,1
1729,570,B,00,00,DATA,00,00,1701,0,0,80,80,00,00,1
1730,570,A,00,57,DATA,00,57,1702,0,0,80,80,00,00,1
1731,570,B,00,00,DATA,00,00,1703,0,0,80,80,00,00,1
1732,570,A,00,00,DATA,00,00,1704,0,0,80,80,00,00,1
1733,570,B,00,00,DATA,00,00,1705,0,0,80,80,00,00,1
1734,570,A,00,51,DATA,00,51,1706,0,0,80,80,00,00,1
1735,570,B,00,00,DATA,00,00,1707,0,0,80,80,00,00,1
1736,570,A,00,00,DATA,00,00,1708,0,0,80,80,00,00,1
1737,570,B,00,00,DATA,00,00,1709,0,0,80,80,00,00,1
1738,570,A,00,D5,DATA,00,D5,1710,0,0,80,80,00,00,1
1739,570,B,00,00,DATA,00,00,1711,0,0,80,80,00,00,1
1740,570,A,00,EF,DATA,00,EF,1712,0,0,80,80,00,00,1
1741,570,B,11,00,DATA,00,11,1713,0,0,80,80,00,00,1
1742,570,A,00,EB,DATA,00,EB,1714,0,0,80,80,00,00,1
1743,570,B,15,00,DATA,00,15,1715,0,0,80,80,00,00,1
1744,570,A,00,F7,DATA,00,F7,1716,0,0,80,80,00,00,1
1745,570,B,09,00,DATA,00,09,1717,0,0,80,80,00,00,1
1746,570,A,00,63,DATA,00,63,1718,0,0,80,80,00,00,1
1747,570,B,1D,00,DATA,00,1D,1719,0,0,80,80,00,00,1
1748,570,A,00,27,DATA,00,27,1720,0,0,80,80,00,00,1
1749,570,B,19,00,DATA,00,19,1721,0,0,80,80,00,00,1
1750,570,A,00,45,DATA,00,45,1722,0,0,80,80,00,00,1
1751,570,B,3F,00,DATA,00,3F,1723,0,0,80,80,00,00,1
1752,570,A,00,41,DATA,00,41,1724,0,0,80,80,00,00,1
1753,570,B,3F,00,DATA,00,3F,1725,0,0,80,80,00,00,1
1754,570,A,00,85,DATA,00,85,1726,0,0,80,80,00,00,1
1755,570,B,7F,00,DATA,00,7F,1727,0,0,80,80,00,00,1
1756,570,A,00,FF,DATA,00,FF,1728,0,0,80,80,00,00,1
1757,570,B,80,00,DATA,00,80,1729,0,0,80,80,00,00,1
1758,570,A,00,F8,DATA,00,F8,1730,0,0,80,80,00,00,1
1759,570,B,87,00,DATA,00,87,1731,0,0,80,80,00,00,1
1760,570,A,00,FD,DATA,00,FD,1732,0,0,80,80,00,00,1
1761,570,B,82,00,DATA,00,82,1733,0,0,80,80,00,00,1
1762,570,A,00,FF,DATA,00,FF,1734,0,0,80,80,00,00,1
1763,570,B,FF,00,DATA,00,FF,1735,0,0,80,80,00,00,1
1764,570,A,00,00,DATA,00,00,1736,0,0,80,80,00,00,1
1765,570,B,00,00,DATA,00,00,1737,0,0,80,80,00,00,1
1766,570,A,00,00,DATA,00,00,1738,0,0,80,80,00,00,1
1767,570,B,00,00,DATA,00,00,1739,0,0,80,80,00,00,1
1768,570,A,00,00,DATA,00,00,1740,0,0,80,80,00,00,1
1769,570,B,00,00,DATA,00,00,1741,0,0,80,80,00,00,1
1770,570,A,00,00,DATA,00,00,1742,0,0,80,80,00,00,1
1771,570,B,00,00,DATA,00,00,1743,0,0,80,80,00,00,1
1772,570,A,00,FB,DATA,00,FB,1744,0,0,80,80,00,00,1
1773,570,B,04,00,DATA,00,04,1745,0,0,80,80,00,00,1
1774,570,A,00,8B,DATA,00,8B,1746,0,0,80,80,00,00,1
1775,570,B,74,00,DATA,00,74,1747,0,0,80,80,00,00,1
1776,570,A,00,87,DATA,00,87,1748,0,0,80,80,00,00,1
1777,570,B,78,00,DATA,00,78,1749,0,0,80,80,00,00,1
1778,570,A,00,FF,DATA,00,FF,1750,0,0,80,80,00,00,1
1779,570,B,FF,00,DATA,00,FF,1751,0,0,80,80,00,00,1
1780,570,A,00,00,DATA,00,00,1752,0,0,80,80,00,00,1
1781,570,B,00,00,DATA,00,00,1753,0,0,80,80,00,00,1
1782,570,A,00,00,DATA,00,00,1754,0,0,80,80,00,00,1
1783,570,B,00,00,DATA,00,00,1755,0,0,80,80,00,00,1
1784,570,A,00,00,DATA,00,00,1756,0,0,80,80,00,00,1
1785,570,B,00,00,DATA,00,00,1757,0,0,80,80,00,00,1
1786,570,A,00,00,DATA,00,00,1758,0,0,80,80,00,00,1
1787,570,B,00,00,DATA,00,00,1759,0,0,80,80,00,00,1
1788,570,A,00,B1,DATA,00,B1,1760,0,0,80,80,00,00,1
1789,570,B,00,00,DATA,00,00,1761,0,0,80,80,00,00,1
1790,570,A,00,7F,DATA,00,7F,1762,0,0,80,80,00,00,1
1791,570,B,00,00,DATA,00,00,1763,0,0,80,80,00,00,1
1792,570,A,00,3F,DATA,00,3F,1764,0,0,80,80,00,00,1
1793,570,B,00,00,DATA,00,00,1765,0,0,80,80,00,00,1
1794,570,A,00,FF,DATA,00,FF,1766,0,0,80,80,00,00,1
1795,570,B,FF,00,DATA,00,FF,1767,0,0,80,80,00,00,1
1796,570,A,00,00,DATA,00,00,1768,0,0,80,80,00,00,1
1797,570,B,00,00,DATA,00,00,1769,0,0,80,80,00,00,1
1798,570,A,00,00,DATA,00,00,1770,0,0,80,80,00,00,1
1799,570,B,00,00,DATA,00,00,1771,0,0,80,80,00,00,1
1800,570,A,00,00,DATA,00,00,1772,0,0,80,80,00,00,1
1801,570,B,00,00,DATA,00,00,1773,0,0,80,80,00,00,1
1802,570,A,00,00,DATA,00,00,1774,0,0,80,80,00,00,1
1803,570,B,00,00,DATA,00,00,1775,0,0,80,80,00,00,1
1804,570,A,00,E1,DATA,00,E1,1776,0,0,80,80,00,00,1
1805,570,B,1F,00,DATA,00,1F,1777,0,0,80,80,00,00,1
1806,570,A,00,F1,DATA,00,F1,1778,0,0,80,80,00,00,1
1807,570,B,1F,00,DATA,00,1F,1779,0,0,80,80,00,00,1
1808,570,A,00,C1,DATA,00,C1,1780,0,0,80,80,00,00,1
1809,570,B,3F,00,DATA,00,3F,1781,0,0,80,80,00,00,1
1810,570,A,00,FF,DATA,00,FF,1782,0,0,80,80,00,00,1
1811,570,B,FF,00,DATA,00,FF,1783,0,0,80,80,00,00,1
1812,570,A,00,00,DATA,00,00,1784,0,0,80,80,00,00,1
1813,570,B,00,00,DATA,00,00,1785,0,0,80,80,00,00,1
1814,570,A,00,00,DATA,00,00,1786,0,0,80,80,00,00,1
1815,570,B,00,00,DATA,00,00,1787,0,0,80,80,00,00,1
1816,570,A,00,00,DATA,00,00,1788,0,0,80,80,00,00,1
1817,570,B,00,00,DATA,00,00,1789,0,0,80,80,00,00,1
1818,570,A,00,00,DATA,00,00,1790,0,0,80,80,00,00,1
1819,570,B,00,00,DATA,00,00,1791,0,0,80,80,00,00,1
1820,570,A,00,FF,DATA,00,FF,1792,0,0,80,80,00,00,1
1821,570,B,FF,00,DATA,00,FF,1793,0,0,80,80,00,00,1
1822,570,A,00,D0,DATA,00,D0,1794,0,0,80,80,00,00,1
1823,570,B,80,00,DATA,00,80,1795,0,0,80,80,00,00,1
1824,570,A,00,C0,DATA,00,C0,1796,0,0,80,80,00,00,1
1825,570,B,80,00,DATA,00,80,1797,0,0,80,80,00,00,1
1826,570,A,00,D0,DATA,00,D0,1798,0,0,80,80,00,00,1
1827,570,B,80,00,DATA,00,80,1799,0,0,80,80,00,00,1
1828,570,A,00,80,DATA,00,80,1800,0,0,80,80,00,00,1
1829,570,B,80,00,DATA,00,80,1801,0,0,80,80,00,00,1
1830,570,A,00,C0,DATA,00,C0,1802,0,0,80,80,00,00,1
1831,570,B,80,00,DATA,00,80,1803,0,0,80,80,00,00,1
1832,570,A,00,80,DATA,00,80,1804,0,0,80,80,00,00,1
1833,570,B,80,00,DATA,00,80,1805,0,0,80,80,00,00,1
1834,570,A,00,C0,DATA,00,C0,1806,0,0,80,80,00,00,1
1835,570,B,80,00,DATA,00,80,1807,0,0,80,80,00,00,1
1836,570,A,00,FF,DATA,00,FF,1808,0,0,80,80,00,00,1
1837,570,B,FF,00,DATA,00,FF,1809,0,0,80,80,00,00,1
1838,570,A,00,00,DATA,00,00,1810,0,0,80,80,00,00,1
1839,570,B,00,00,DATA,00,00,1811,0,0,80,80,00,00,1
1840,570,A,00,00,DATA,00,00,1812,0,0,80,80,00,00,1
1841,570,B,00,00,DATA,00,00,1813,0,0,80,80,00,00,1
1842,570,A,00,00,DATA,00,00,1814,0,0,80,80,00,00,1
1843,570,B,00,00,DATA,00,00,1815,0,0,80,80,00,00,1
1844,570,A,00,01,DATA,00,01,1816,0,0,80,80,00,00,1
1845,570,B,00,00,DATA,00,00,1817,0,0,80,80,00,00,1
1846,570,A,00,07,DATA,00,07,1818,0,0,80,80,00,00,1
1847,570,B,00,00,DATA,00,00,1819,0,0,80,80,00,00,1
1848,570,A,00,03,DATA,00,03,1820,0,0,80,80,00,00,1
1849,570,B,00,00,DATA,00,00,1821,0,0,80,80,00,00,1
1850,570,A,00,1D,DATA,00,1D,1822,0,0,80,80,00,00,1
1851,570,B,00,00,DATA,00,00,1823,0,0,80,80,00,00,1
1852,570,A,00,FF,DATA,00,FF,1824,0,0,80,80,00,00,1
1853,570,B,FF,00,DATA,00,FF,1825,0,0,80,80,00,00,1
1854,570,A,00,00,DATA,00,00,1826,0,0,80,80,00,00,1
1855,570,B,00,00,DATA,00,00,1827,0,0,80,80,00,00,1
1856,570,A,00,00,DATA,00,00,1828,0,0,80,80,00,00,1
1857,570,B,00,00,DATA,00,00,1829,0,0,80,80,00,00,1
1858,570,A,00,00,DATA,00,00,1830,0,0,80,80,00,00,1
1859,570,B,00,00,DATA,00,00,1831,0,0,80,80,00,00,1
1860,570,A,00,C0,DATA,00,C0,1832,0,0,80,80,00,00,1
1861,570,B,00,00,DATA,00,00,1833,0,0,80,80,00,00,1
1862,570,A,00,B0,DATA,00,B0,1834,0,0,80,80,00,00,1
1863,570,B,40,00,DATA,00,40,1835,0,0,80,80,00,00,1
1864,570,A,00,FE,DATA,00,FE,1836,0,0,80,80,00,00,1
1865,570,B,00,00,DATA,00,00,1837,0,0,80,80,00,00,1
1866,570,A,00,80,DATA,00,80,1838,0,0,80,80,00,00,1
1867,570,B,7F,00,DATA,00,7F,1839,0,0,80,80,00,00,1
1868,570,A,00,FF,DATA,00,FF,1840,0,0,80,80,00,00,1
1869,570,B,FF,00,DATA,00,FF,1841,0,0,80,80,00,00,1
1870,570,A,00,1F,DATA,00,1F,1842,0,0,80,80,00,00,1
1871,570,B,01,00,DATA,00,01,1843,0,0,80,80,00,00,1
1872,570,A,00,03,DATA,00,03,1844,0,0,80,80,00,00,1
1873,570,B,01,00,DATA,00,01,1845,0,0,80,80,00,00,1
1874,570,A,00,05,DATA,00,05,1846,0,0,80,80,00,00,1
1875,570,B,01,00,DATA,00,01,1847,0,0,80,80,00,00,1
1876,570,A,00,01,DATA,00,01,1848,0,0,80,80,00,00,1
1877,570,B,01,00,DATA,00,01,1849,0,0,80,80,00,00,1
1878,570,A,00,05,DATA,00,05,1850,0,0,80,80,00,00,1
1879,570,B,01,00,DATA,00,01,1851,0,0,80,80,00,00,1
1880,570,A,00,01,DATA,00,01,1852,0,0,80,80,00,00,1
1881,570,B,01,00,DATA,00,01,1853,0,0,80,80,00,00,1
1882,570,A,00,C1,DATA,00,C1,1854,0,0,80,80,00,00,1
1883,570,B,01,00,DATA,00,01,1855,0,0,80,80,00,00,1
1884,570,A,00,80,DATA,00,80,1856,0,0,80,80,00,00,1
1885,570,B,80,00,DATA,00,80,1857,0,0,80,80,00,00,1
1886,570,A,00,C1,DATA,00,C1,1858,0,0,80,80,00,00,1
1887,570,B,80,00,DATA,00,80,1859,0,0,80,80,00,00,1
1888,570,A,00,81,DATA,00,81,1860,0,0,80,80,00,00,1
1889,570,B,80,00,DATA,00,80,1861,0,0,80,80,00,00,1
1890,570,A,00,80,DATA,00,80,1862,0,0,80,80,00,00,1
1891,570,B,81,00,DATA,00,81,1863,0,0,80,80,00,00,1
1892,570,A,00,80,DATA,00,80,1864,0,0,80,80,00,00,1
1893,570,B,80,00,DATA,00,80,1865,0,0,80,80,00,00,1
1894,570,A,00,94,DATA,00,94,1866,0,0,80,80,00,00,1
1895,570,B,80,00,DATA,00,80,1867,0,0,80,80,00,00,1
1896,570,A,00,84,DATA,00,84,1868,0,0,80,80,00,00,1
1897,570,B,80,00,DATA,00,80,1869,0,0,80,80,00,00,1
1898,570,A,00,85,DATA,00,85,1870,0,0,80,80,00,00,1
1899,570,B,80,00,DATA,00,80,1871,0,0,80,80,00,00,1
1900,570,A,00,05,DATA,00,05,1872,0,0,80,80,00,00,1
1901,570,B,18,00,DATA,00,18,1873,0,0,80,80,00,00,1
1902,570,A,00,98,DATA,00,98,1874,0,0,80,80,00,00,1
1903,570,B,05,00,DATA,00,05,1875,0,0,80,80,00,00,1
1904,570,A,00,BF,DATA,00,BF,1876,0,0,80,80,00,00,1
1905,570,B,F8,00,DATA,00,F8,1877,0,0,80,80,00,00,1
1906,570,A,00,0E,DATA,00,0E,1878,0,0,80,80,00,00,1
1907,570,B,F1,00,DATA,00,F1,1879,0,0,80,80,00,00,1
1908,570,A,00,4B,DATA,00,4B,1880,0,0,80,80,00,00,1
1909,570,B,00,00,DATA,00,00,1881,0,0,80,80,00,00,1
1910,570,A,00,8E,DATA,00,8E,1882,0,0,80,80,00,00,1
1911,570,B,01,00,DATA,00,01,1883,0,0,80,80,00,00,1
1912,570,A,00,C7,DATA,00,C7,1884,0,0,80,80,00,00,1
1913,570,B,00,00,DATA,00,00,1885,0,0,80,80,00,00,1
1914,570,A,00,DA,DATA,00,DA,1886,0,0,80,80,00,00,1
1915,570,B,01,00,DATA,00,01,1887,0,0,80,80,00,00,1
1916,570,A,00,00,DATA,00,00,1888,0,0,80,80,00,00,1
1917,570,B,FF,00,DATA,00,FF,1889,0,0,80,80,00,00,1
1918,570,A,00,D4,DATA,00,D4,1890,0,0,80,80,00,00,1
1919,570,B,FF,00,DATA,00,FF,1891,0,0,80,80,00,00,1
1920,570,A,00,3C,DATA,00,3C,1892,0,0,80,80,00,00,1
1921,570,B,FF,00,DATA,00,FF,1893,0,0,80,80,00,00,1
1922,570,A,00,04,DATA,00,04,1894,0,0,80,80,00,00,1
1923,570,B,FF,00,DATA,00,FF,1895,0,0,80,80,00,00,1
1924,570,A,00,44,DATA,00,44,1896,0,0,80,80,00,00,1
1925,570,B,83,00,DATA,00,83,1897,0,0,80,80,00,00,1
1926,570,A,00,40,DATA,00,40,1898,0,0,80,80,00,00,1
1927,570,B,83,00,DATA,00,83,1899,0,0,80,80,00,00,1
1928,570,A,00,18,DATA,00,18,1900,0,0,80,80,00,00,1
1929,570,B,E7,00,DATA,00,E7,1901,0,0,80,80,00,00,1
1930,570,A,00,82,DATA,00,82,1902,0,0,80,80,00,00,1
1931,570,B,7D,00,DATA,00,7D,1903,0,0,80,80,00,00,1
1932,570,A,00,41,DATA,00,41,1904,0,0,80,80,00,00,1
1933,570,B,81,00,DATA,00,81,1905,0,0,80,80,00,00,1
1934,570,A,00,65,DATA,00,65,1906,0,0,80,80,00,00,1
1935,570,B,C1,00,DATA,00,C1,1907,0,0,80,80,00,00,1
1936,570,A,00,11,DATA,00,11,1908,0,0,80,80,00,00,1
1937,570,B,E1,00,DATA,00,E1,1909,0,0,80,80,00,00,1
1938,570,A,00,49,DATA,00,49,1910,0,0,80,80,00,00,1
1939,570,B,F1,00,DATA,00,F1,1911,0,0,80,80,00,00,1
1940,570,A,00,05,DATA,00,05,1912,0,0,80,80,00,00,1
1941,570,B,F9,00,DATA,00,F9,1913,0,0,80,80,00,00,1
1942,570,A,00,51,DATA,00,51,1914,0,0,80,80,00,00,1
1943,570,B,FD,00,DATA,00,FD,1915,0,0,80,80,00,00,1
1944,570,A,00,05,DATA,00,05,1916,0,0,80,80,00,00,1
1945,570,B,F9,00,DATA,00,F9,1917,0,0,80,80,00,00,1
1946,570,A,00,53,DATA,00,53,1918,0,0,80,80,00,00,1
1947,570,B,FD,00,DATA,00,FD,1919,0,0,80,80,00,00,1
1948,570,A,00,84,DATA,00,84,1920,0,0,80,80,00,00,1
1949,570,B,80,00,DATA,00,80,1921,0,0,80,80,00,00,1
1950,570,A,00,C5,DATA,00,C5,1922,0,0,80,80,00,00,1
1951,570,B,80,00,DATA,00,80,1923,0,0,80,80,00,00,1
1952,570,A,00,E6,DATA,00,E6,1924,0,0,80,80,00,00,1
1953,570,B,80,00,DATA,00,80,1925,0,0,80,80,00,00,1
1954,570,A,00,98,DATA,00,98,1926,0,0,80,80,00,00,1
1955,570,B,C4,00,DATA,00,C4,1927,0,0,80,80,00,00,1
1956,570,A,00,CC,DATA,00,CC,1928,0,0,80,80,00,00,1
1957,570,B,80,00,DATA,00,80,1929,0,0,80,80,00,00,1
1958,570,A,00,F5,DATA,00,F5,1930,0,0,80,80,00,00,1
1959,570,B,80,00,DATA,00,80,1931,0,0,80,80,00,00,1
1960,570,A,00,FF,DATA,00,FF,1932,0,0,80,80,00,00,1
1961,570,B,80,00,DATA,00,80,1933,0,0,80,80,00,00,1
1962,570,A,00,EF,DATA,00,EF,1934,0,0,80,80,00,00,1
1963,570,B,90,00,DATA,00,90,1935,0,0,80,80,00,00,1
1964,570,A,00,83,DATA,00,83,1936,0,0,80,80,00,00,1
1965,570,B,00,00,DATA,00,00,1937,0,0,80,80,00,00,1
1966,570,A,00,42,DATA,00,42,1938,0,0,80,80,00,00,1
1967,570,B,01,00,DATA,00,01,1939,0,0,80,80,00,00,1
1968,570,A,00,E8,DATA,00,E8,1940,0,0,80,80,00,00,1
1969,570,B,07,00,DATA,00,07,1941,0,0,80,80,00,00,1
1970,570,A,00,78,DATA,00,78,1942,0,0,80,80,00,00,1
1971,570,B,07,00,DATA,00,07,1943,0,0,80,80,00,00,1
1972,570,A,00,70,DATA,00,70,1944,0,0,80,80,00,00,1
1973,570,B,0F,00,DATA,00,0F,1945,0,0,80,80,00,00,1
1974,570,A,00,63,DATA,00,63,1946,0,0,80,80,00,00,1
1975,570,B,1C,00,DATA,00,1C,1947,0,0,80,80,00,00,1
1976,570,A,00,23,DATA,00,23,1948,0,0,80,80,00,00,1
1977,570,B,1C,00,DATA,00,1C,1949,0,0,80,80,00,00,1
1978,570,A,00,E5,DATA,00,E5,1950,0,0,80,80,00,00,1
1979,570,B,1E,00,DATA,00,1E,1951,0,0,80,80,00,00,1
1980,570,A,00,0C,DATA,00,0C,1952,0,0,80,80,00,00,1
1981,570,B,F3,00,DATA,00,F3,1953,0,0,80,80,00,00,1
1982,570,A,00,41,DATA,00,41,1954,0,0,80,80,00,00,1
1983,570,B,FF,00,DATA,00,FF,1955,0,0,80,80,00,00,1
1984,570,A,00,00,DATA,00,00,1956,0,0,80,80,00,00,1
1985,570,B,FF,00,DATA,00,FF,1957,0,0,80,80,00,00,1
1986,570,A,00,55,DATA,00,55,1958,0,0,80,80,00,00,1
1987,570,B,FF,00,DATA,00,FF,1959,0,0,80,80,00,00,1
1988,570,A,00,00,DATA,00,00,1960,0,0,80,80,00,00,1
1989,570,B,FF,00,DATA,00,FF,1961,0,0,80,80,00,00,1
1990,570,A,00,95,DATA,00,95,1962,0,0,80,80,00,00,1
1991,570,B,7F,00,DATA,00,7F,1963,0,0,80,80,00,00,1
1992,570,A,00,C2,DATA,00,C2,1964,0,0,80,80,00,00,1
1993,570,B,3F,00,DATA,00,3F,1965,0,0,80,80,00,00,1
1994,570,A,00,D5,DATA,00,D5,1966,0,0,80,80,00,00,1
1995,570,B,7F,00,DATA,00,7F,1967,0,0,80,80,00,00,1
1996,570,A,00,0F,DATA,00,0F,1968,0,0,80,80,00,00,1
1997,570,B,F1,00,DATA,00,F1,1969,0,0,80,80,00,00,1
1998,570,A,00,4B,DATA,00,4B,1970,0,0,80,80,00,00,1
1999,570,B,F5,00,DATA,00,F5,1971,0,0,80,80,00,00,1
2000,570,A,00,07,DATA,00,07,1972,0,0,80,80,00,00,1
2001,570,B,F1,00,DATA,00,F1,1973,0,0,80,80,00,00,1
2002,570,A,00,47,DATA,00,47,1974,0,0,80,80,00,00,1
2003,570,B,F1,00,DATA,00,F1,1975,0,0,80,80,00,00,1
2004,570,A,00,13,DATA,00,13,1976,0,0,80,80,00,00,1
2005,570,B,E1,00,DATA,00,E1,1977,0,0,80,80,00,00,1
2006,570,A,00,57,DATA,00,57,1978,0,0,80,80,00,00,1
2007,570,B,E1,00,DATA,00,E1,1979,0,0,80,80,00,00,1
2008,570,A,00,31,DATA,00,31,1980,0,0,80,80,00,00,1
2009,570,B,C1,00,DATA,00,C1,1981,0,0,80,80,00,00,1
2010,570,A,00,75,DATA,00,75,1982,0,0,80,80,00,00,1
2011,570,B,C1,00,DATA,00,C1,1983,0,0,80,80,00,00,1
2012,570,A,00,FF,DATA,00,FF,1984,0,0,80,80,00,00,1
2013,570,B,80,00,DATA,00,80,1985,0,0,80,80,00,00,1
2014,570,A,00,FA,DATA,00,FA,1986,0,0,80,80,00,00,1
2015,570,B,85,00,DATA,00,85,1987,0,0,80,80,00,00,1
2016,570,A,00,F8,DATA,00,F8,1988,0,0,80,80,00,00,1
2017,570,B,87,00,DATA,00,87,1989,0,0,80,80,00,00,1
2018,570,A,00,FF,DATA,00,FF,1990,0,0,80,80,00,00,1
2019,570,B,FF,00,DATA,00,FF,1991,0,0,80,80,00,00,1
2020,570,A,00,00,DATA,00,00,1992,0,0,80,80,00,00,1
2021,570,B,00,00,DATA,00,00,1993,0,0,80,80,00,00,1
2022,570,A,00,00,DATA,00,00,1994,0,0,80,80,00,00,1
2023,570,B,00,00,DATA,00,00,1995,0,0,80,80,00,00,1
2024,570,A,00,00,DATA,00,00,1996,0,0,80,80,00,00,1
2025,570,B,00,00,DATA,00,00,1997,0,0,80,80,00,00,1
2026,570,A,00,00,DATA,00,00,1998,0,0,80,80,00,00,1
2027,570,B,00,00,DATA,00,00,1999,0,0,80,80,00,00,1
2028,570,A,00,A0,DATA,00,A0,2000,0,0,80,80,00,00,1
2029,570,B,1F,00,DATA,00,1F,2001,0,0,80,80,00,00,1
2030,570,A,00,15,DATA,00,15,2002,0,0,80,80,00,00,1
2031,570,B,FF,00,DATA,00,FF,2003,0,0,80,80,00,00,1
2032,570,A,00,00,DATA,00,00,2004,0,0,80,80,00,00,1
2033,570,B,FF,00,DATA,00,FF,2005,0,0,80,80,00,00,1
2034,570,A,00,FF,DATA,00,FF,2006,0,0,80,80,00,00,1
2035,570,B,FF,00,DATA,00,FF,2007,0,0,80,80,00,00,1
2036,570,A,00,00,DATA,00,00,2008,0,0,80,80,00,00,1
2037,570,B,00,00,DATA,00,00,2009,0,0,80,80,00,00,1
2038,570,A,00,00,DATA,00,00,2010,0,0,80,80,00,00,1
2039,570,B,00,00,DATA,00,00,2011,0,0,80,80,00,00,1
2040,570,A,00,00,DATA,00,00,2012,0,0,80,80,00,00,1
2041,570,B,00,00,DATA,00,00,2013,0,0,80,80,00,00,1
2042,570,A,00,00,DATA,00,00,2014,0,0,80,80,00,00,1
2043,570,B,00,00,DATA,00,00,2015,0,0,80,80,00,00,1
2044,570,A,00,00,DATA,00,00,2016,0,0,80,80,00,00,1
2045,570,B,FF,00,DATA,00,FF,2017,0,0,80,80,00,00,1
2046,570,A,00,55,DATA,00,55,2018,0,0,80,80,00,00,1
2047,570,B,FF,00,DATA,00,FF,2019,0,0,80,80,00,00,1
2048,570,A,00,00,DATA,00,00,2020,0,0,80,80,00,00,1
2049,570,B,FF,00,DATA,00,FF,2021,0,0,80,80,00,00,1
2050,570,A,00,FF,DATA,00,FF,2022,0,0,80,80,00,00,1
2051,570,B,FF,00,DATA,00,FF,2023,0,0,80,80,00,00,1
2052,570,A,00,00,DATA,00,00,2024,0,0,80,80,00,00,1
2053,570,B,00,00,DATA,00,00,2025,0,0,80,80,00,00,1
2054,570,A,00,00,DATA,00,00,2026,0,0,80,80,00,00,1
2055,570,B,00,00,DATA,00,00,2027,0,0,80,80,00,00,1
2056,570,A,00,00,DATA,00,00,2028,0,0,80,80,00,00,1
2057,570,B,00,00,DATA,00,00,2029,0,0,80,80,00,00,1
2058,570,A,00,00,DATA,00,00,2030,0,0,80,80,00,00,1
2059,570,B,00,00,DATA,00,00,2031,0,0,80,80,00,00,1
2060,570,A,00,33,DATA,00,33,2032,0,0,80,80,00,00,1
2061,570,B,C1,00,DATA,00,C1,2033,0,0,80,80,00,00,1
2062,570,A,00,37,DATA,00,37,2034,0,0,80,80,00,00,1
2063,570,B,C1,00,DATA,00,C1,2035,0,0,80,80,00,00,1
2064,570,A,00,21,DATA,00,21,2036,0,0,80,80,00,00,1
2065,570,B,C3,00,DATA,00,C3,2037,0,0,80,80,00,00,1
2066,570,A,00,FF,DATA,00,FF,2038,0,0,80,80,00,00,1
2067,570,B,FF,00,DATA,00,FF,2039,0,0,80,80,00,00,1
2068,570,A,00,00,DATA,00,00,2040,0,0,80,80,00,00,1
2069,570,B,00,00,DATA,00,00,2041,0,0,80,80,00,00,1
2070,570,A,00,00,DATA,00,00,2042,0,0,80,80,00,00,1
2071,570,B,00,00,DATA,00,00,2043,0,0,80,80,00,00,1
2072,570,A,00,00,DATA,00,00,2044,0,0,80,80,00,00,1
2073,570,B,00,00,DATA,00,00,2045,0,0,80,80,00,00,1
2074,570,A,00,00,DATA,00,00,2046,0,0,80,80,00,00,1
2075,570,B,00,00,DATA,00,00,2047,0,0,80,80,00,00,1
2076,634,A,00,00,PRELUDE,00,00,,1,1,EF,00,00,00,1
2077,634,B,00,EF,COMMAND,EF,00,,2,2,EF,00,00,00,1
