n,frame,master,master_tx,master_rx,phase,initiator_tx,responder_tx,data_index,A_stage,B_stage,A_cmd,B_cmd_rx,A_ready,B_ready,delivered
0,268,A,29,12,HELLO,29,12,,0,0,00,00,00,00,1
1,268,B,1B,80,INFO,80,1B,,1,1,00,00,00,00,1
2,268,A,00,00,PRELUDE,00,00,,1,1,80,00,00,00,1
3,268,B,00,80,COMMAND,80,00,,2,2,80,00,00,00,1
4,268,A,00,00,SYNC,00,00,,3,3,80,80,00,00,1
5,268,B,00,00,SYNC,00,00,,3,3,80,80,00,00,1
6,268,A,00,00,SYNC,00,00,,3,3,80,80,00,00,1
7,268,B,00,00,SYNC,00,00,,3,3,80,80,00,00,1
8,268,A,00,00,SYNC,00,00,,3,3,80,80,00,00,1
9,268,B,00,00,SYNC,00,00,,3,3,80,80,00,00,1
10,268,A,00,00,SYNC,00,00,,3,3,80,80,00,00,1
11,268,B,00,00,SYNC,00,00,,3,3,80,80,00,00,1
12,268,A,00,00,SYNC,00,00,,3,3,80,80,00,00,1
13,268,B,00,00,SYNC,00,00,,3,3,80,80,00,00,1
14,268,A,00,00,SYNC,00,00,,3,3,80,80,00,00,1
15,268,B,00,00,SYNC,00,00,,3,3,80,80,00,00,1
16,268,A,00,00,SYNC,00,00,,3,3,80,80,00,00,1
17,268,B,00,00,SYNC,00,00,,3,3,80,80,00,00,1
18,268,A,00,00,SYNC,00,00,,3,3,80,80,00,00,1
19,268,B,00,00,SYNC,00,00,,3,3,80,80,00,00,1
20,268,A,00,00,SYNC,00,00,,3,3,80,80,00,00,1
21,268,B,00,00,SYNC,00,00,,3,3,80,80,00,00,1
22,268,A,00,00,SYNC,00,00,,3,3,80,80,00,00,1
23,268,B,00,00,SYNC,00,00,,3,3,80,80,00,00,1
24,268,A,00,01,SYNC,00,01,,3,3,80,80,00,01,1
25,268,B,00,01,DATA,01,00,first(not stored),0,0,80,80,00,00,1
26,268,A,00,FF,DATA,00,FF,0,0,0,80,80,00,00,1
27,268,B,FF,06,DATA,06,FF,1,0,0,80,80,00,00,1
28,268,A,01,D4,DATA,01,D4,2,0,0,80,80,00,00,1
29,268,B,FF,05,DATA,05,FF,3,0,0,80,80,00,00,1
30,268,A,02,80,DATA,02,80,4,0,0,80,80,00,00,1
31,268,B,FF,05,DATA,05,FF,5,0,0,80,80,00,00,1
32,268,A,03,80,DATA,03,80,6,0,0,80,80,00,00,1
33,268,B,FF,05,DATA,05,FF,7,0,0,80,80,00,00,1
34,268,A,02,C9,DATA,02,C9,8,0,0,80,80,00,00,1
35,268,B,B6,05,DATA,05,B6,9,0,0,80,80,00,00,1
36,268,A,01,A8,DATA,01,A8,10,0,0,80,80,00,00,1
37,268,B,97,05,DATA,05,97,11,0,0,80,80,00,00,1
38,268,A,00,8E,DATA,00,8E,12,0,0,80,80,00,00,1
39,268,B,81,06,DATA,06,81,13,0,0,80,80,00,00,1
40,268,A,04,86,DATA,04,86,14,0,0,80,80,00,00,1
41,268,B,81,05,DATA,05,81,15,0,0,80,80,00,00,1
42,268,A,05,FF,DATA,05,FF,16,0,0,80,80,00,00,1
43,268,B,FF,05,DATA,05,FF,17,0,0,80,80,00,00,1
44,268,A,06,55,DATA,06,55,18,0,0,80,80,00,00,1
45,268,B,FF,05,DATA,05,FF,19,0,0,80,80,00,00,1
46,268,A,05,05,DATA,05,05,20,0,0,80,80,00,00,1
47,268,B,FF,05,DATA,05,FF,21,0,0,80,80,00,00,1
48,268,A,04,57,DATA,04,57,22,0,0,80,80,00,00,1
49,268,B,FF,05,DATA,05,FF,23,0,0,80,80,00,00,1
50,268,A,FF,8F,DATA,FF,8F,24,0,0,80,80,00,00,1
51,268,B,7F,00,DATA,00,7F,25,0,0,80,80,00,00,1
52,268,A,FF,85,DATA,FF,85,26,0,0,80,80,00,00,1
53,268,B,7F,FF,DATA,FF,7F,27,0,0,80,80,00,00,1
54,268,A,FF,00,DATA,FF,00,28,0,0,80,80,00,00,1
55,268,B,FF,FF,DATA,FF,FF,29,0,0,80,80,00,00,1
56,268,A,FF,A9,DATA,FF,A9,30,0,0,80,80,00,00,1
57,268,B,57,FF,DATA,FF,57,31,0,0,80,80,00,00,1
58,268,A,FF,FF,DATA,FF,FF,32,0,0,80,80,00,00,1
59,268,B,FF,FF,DATA,FF,FF,33,0,0,80,80,00,00,1
60,268,A,FF,FE,DATA,FF,FE,34,0,0,80,80,00,00,1
61,268,B,FF,FF,DATA,FF,FF,35,0,0,80,80,00,00,1
62,268,A,FF,FD,DATA,FF,FD,36,0,0,80,80,00,00,1
63,268,B,FE,FF,DATA,FF,FE,37,0,0,80,80,00,00,1
64,268,A,FF,FD,DATA,FF,FD,38,0,0,80,80,00,00,1
65,268,B,FE,FF,DATA,FF,FE,39,0,0,80,80,00,00,1
66,268,A,FF,F0,DATA,FF,F0,40,0,0,80,80,00,00,1
67,268,B,FE,FF,DATA,FF,FE,41,0,0,80,80,00,00,1
68,268,A,FF,F9,DATA,FF,F9,42,0,0,80,80,00,00,1
69,268,B,FC,FF,DATA,FF,FC,43,0,0,80,80,00,00,1
70,268,A,FF,00,DATA,FF,00,44,0,0,80,80,00,00,1
71,268,B,F8,FF,DATA,FF,F8,45,0,0,80,80,00,00,1
72,268,A,FF,55,DATA,FF,55,46,0,0,80,80,00,00,1
73,268,B,F8,FF,DATA,FF,F8,47,0,0,80,80,00,00,1
74,268,A,FF,FF,DATA,FF,FF,48,0,0,80,80,00,00,1
75,268,B,FF,00,DATA,00,FF,49,0,0,80,80,00,00,1
76,268,A,00,6F,DATA,00,6F,50,0,0,80,80,00,00,1
77,268,B,11,00,DATA,00,11,51,0,0,80,80,00,00,1
78,268,A,00,3F,DATA,00,3F,52,0,0,80,80,00,00,1
79,268,B,01,00,DATA,00,01,53,0,0,80,80,00,00,1
80,268,A,00,77,DATA,00,77,54,0,0,80,80,00,00,1
81,268,B,01,00,DATA,00,01,55,0,0,80,80,00,00,1
82,268,A,00,03,DATA,00,03,56,0,0,80,80,00,00,1
83,268,B,01,00,DATA,00,01,57,0,0,80,80,00,00,1
84,268,A,00,57,DATA,00,57,58,0,0,80,80,00,00,1
85,268,B,01,00,DATA,00,01,59,0,0,80,80,00,00,1
86,268,A,00,07,DATA,00,07,60,0,0,80,80,00,00,1
87,268,B,01,00,DATA,00,01,61,0,0,80,80,00,00,1
88,268,A,00,57,DATA,00,57,62,0,0,80,80,00,00,1
89,268,B,01,00,DATA,00,01,63,0,0,80,80,00,00,1
90,268,A,00,81,DATA,00,81,64,0,0,80,80,00,00,1
91,268,B,80,00,DATA,00,80,65,0,0,80,80,00,00,1
92,268,A,00,81,DATA,00,81,66,0,0,80,80,00,00,1
93,268,B,80,00,DATA,00,80,67,0,0,80,80,00,00,1
94,268,A,00,80,DATA,00,80,68,0,0,80,80,00,00,1
95,268,B,80,00,DATA,00,80,69,0,0,80,80,00,00,1
96,268,A,00,FF,DATA,00,FF,70,0,0,80,80,00,00,1
97,268,B,80,00,DATA,00,80,71,0,0,80,80,00,00,1
98,268,A,00,FD,DATA,00,FD,72,0,0,80,80,00,00,1
99,268,B,82,00,DATA,00,82,73,0,0,80,80,00,00,1
100,268,A,00,AA,DATA,00,AA,74,0,0,80,80,00,00,1
101,268,B,D5,00,DATA,00,D5,75,0,0,80,80,00,00,1
102,268,A,00,FE,DATA,00,FE,76,0,0,80,80,00,00,1
103,268,B,81,00,DATA,00,81,77,0,0,80,80,00,00,1
104,268,A,00,E8,DATA,00,E8,78,0,0,80,80,00,00,1
105,268,B,97,00,DATA,00,97,79,0,0,80,80,00,00,1
106,268,A,00,08,DATA,00,08,80,0,0,80,80,00,00,1
107,268,B,F7,00,DATA,00,F7,81,0,0,80,80,00,00,1
108,268,A,00,89,DATA,00,89,82,0,0,80,80,00,00,1
109,268,B,77,00,DATA,00,77,83,0,0,80,80,00,00,1
110,268,A,00,20,DATA,00,20,84,0,0,80,80,00,00,1
111,268,B,1F,00,DATA,00,1F,85,0,0,80,80,00,00,1
112,268,A,00,97,DATA,00,97,86,0,0,80,80,00,00,1
113,268,B,7F,00,DATA,00,7F,87,0,0,80,80,00,00,1
114,268,A,00,00,DATA,00,00,88,0,0,80,80,00,00,1
115,268,B,FF,00,DATA,00,FF,89,0,0,80,80,00,00,1
116,268,A,00,22,DATA,00,22,90,0,0,80,80,00,00,1
117,268,B,DD,00,DATA,00,DD,91,0,0,80,80,00,00,1
118,268,A,00,E7,DATA,00,E7,92,0,0,80,80,00,00,1
119,268,B,18,00,DATA,00,18,93,0,0,80,80,00,00,1
120,268,A,00,FA,DATA,00,FA,94,0,0,80,80,00,00,1
121,268,B,05,00,DATA,00,05,95,0,0,80,80,00,00,1
122,268,A,00,08,DATA,00,08,96,0,0,80,80,00,00,1
123,268,B,F0,00,DATA,00,F0,97,0,0,80,80,00,00,1
124,268,A,00,5D,DATA,00,5D,98,0,0,80,80,00,00,1
125,268,B,F0,00,DATA,00,F0,99,0,0,80,80,00,00,1
126,268,A,00,08,DATA,00,08,100,0,0,80,80,00,00,1
127,268,B,F0,00,DATA,00,F0,101,0,0,80,80,00,00,1
128,268,A,00,54,DATA,00,54,102,0,0,80,80,00,00,1
129,268,B,F8,00,DATA,00,F8,103,0,0,80,80,00,00,1
130,268,A,00,08,DATA,00,08,104,0,0,80,80,00,00,1
131,268,B,F0,00,DATA,00,F0,105,0,0,80,80,00,00,1
132,268,A,00,0C,DATA,00,0C,106,0,0,80,80,00,00,1
133,268,B,F0,00,DATA,00,F0,107,0,0,80,80,00,00,1
134,268,A,00,0C,DATA,00,0C,108,0,0,80,80,00,00,1
135,268,B,F0,00,DATA,00,F0,109,0,0,80,80,00,00,1
136,268,A,00,0C,DATA,00,0C,110,0,0,80,80,00,00,1
137,268,B,F0,00,DATA,00,F0,111,0,0,80,80,00,00,1
138,268,A,00,07,DATA,00,07,112,0,0,80,80,00,00,1
139,268,B,01,00,DATA,00,01,113,0,0,80,80,00,00,1
140,268,A,00,5F,DATA,00,5F,114,0,0,80,80,00,00,1
141,268,B,01,00,DATA,00,01,115,0,0,80,80,00,00,1
142,268,A,00,07,DATA,00,07,116,0,0,80,80,00,00,1
143,268,B,01,00,DATA,00,01,117,0,0,80,80,00,00,1
144,268,A,00,17,DATA,00,17,118,0,0,80,80,00,00,1
145,268,B,01,00,DATA,00,01,119,0,0,80,80,00,00,1
146,268,A,00,07,DATA,00,07,120,0,0,80,80,00,00,1
147,268,B,01,00,DATA,00,01,121,0,0,80,80,00,00,1
148,268,A,00,07,DATA,00,07,122,0,0,80,80,00,00,1
149,268,B,01,00,DATA,00,01,123,0,0,80,80,00,00,1
150,268,A,00,03,DATA,00,03,124,0,0,80,80,00,00,1
151,268,B,01,00,DATA,00,01,125,0,0,80,80,00,00,1
152,268,A,00,17,DATA,00,17,126,0,0,80,80,00,00,1
153,268,B,01,00,DATA,00,01,127,0,0,80,80,00,00,1
154,268,A,00,87,DATA,00,87,128,0,0,80,80,00,00,1
155,268,B,80,00,DATA,00,80,129,0,0,80,80,00,00,1
156,268,A,00,D5,DATA,00,D5,130,0,0,80,80,00,00,1
157,268,B,80,00,DATA,00,80,131,0,0,80,80,00,00,1
158,268,A,00,90,DATA,00,90,132,0,0,80,80,00,00,1
159,268,B,80,00,DATA,00,80,133,0,0,80,80,00,00,1
160,268,A,00,84,DATA,00,84,134,0,0,80,80,00,00,1
161,268,B,F8,00,DATA,00,F8,135,0,0,80,80,00,00,1
162,268,A,00,E0,DATA,00,E0,136,0,0,80,80,00,00,1
163,268,B,F8,00,DATA,00,F8,137,0,0,80,80,00,00,1
164,268,A,00,D2,DATA,00,D2,138,0,0,80,80,00,00,1
165,268,B,FD,00,DATA,00,FD,139,0,0,80,80,00,00,1
166,268,A,00,A0,DATA,00,A0,140,0,0,80,80,00,00,1
167,268,B,FF,00,DATA,00,FF,141,0,0,80,80,00,00,1
168,268,A,00,82,DATA,00,82,142,0,0,80,80,00,00,1
169,268,B,FD,00,DATA,00,FD,143,0,0,80,80,00,00,1
170,268,A,00,37,DATA,00,37,144,0,0,80,80,00,00,1
171,268,B,00,00,DATA,00,00,145,0,0,80,80,00,00,1
172,268,A,00,66,DATA,00,66,146,0,0,80,80,00,00,1
173,268,B,11,00,DATA,00,11,147,0,0,80,80,00,00,1
174,268,A,00,90,DATA,00,90,148,0,0,80,80,00,00,1
175,268,B,00,00,DATA,00,00,149,0,0,80,80,00,00,1
176,268,A,00,B5,DATA,00,B5,150,0,0,80,80,00,00,1
177,268,B,40,00,DATA,00,40,151,0,0,80,80,00,00,1
178,268,A,00,70,DATA,00,70,152,0,0,80,80,00,00,1
179,268,B,00,00,DATA,00,00,153,0,0,80,80,00,00,1
180,268,A,00,AD,DATA,00,AD,154,0,0,80,80,00,00,1
181,268,B,50,00,DATA,00,50,155,0,0,80,80,00,00,1
182,268,A,00,FF,DATA,00,FF,156,0,0,80,80,00,00,1
183,268,B,00,00,DATA,00,00,157,0,0,80,80,00,00,1
184,268,A,00,FE,DATA,00,FE,158,0,0,80,80,00,00,1
185,268,B,01,00,DATA,00,01,159,0,0,80,80,00,00,1
186,268,A,00,88,DATA,00,88,160,0,0,80,80,00,00,1
187,268,B,70,00,DATA,00,70,161,0,0,80,80,00,00,1
188,268,A,00,AC,DATA,00,AC,162,0,0,80,80,00,00,1
189,268,B,50,00,DATA,00,50,163,0,0,80,80,00,00,1
190,268,A,00,F8,DATA,00,F8,164,0,0,80,80,00,00,1
191,268,B,00,00,DATA,00,00,165,0,0,80,80,00,00,1
192,268,A,00,74,DATA,00,74,166,0,0,80,80,00,00,1
193,268,B,00,00,DATA,00,00,167,0,0,80,80,00,00,1
194,268,A,00,00,DATA,00,00,168,0,0,80,80,00,00,1
195,268,B,00,00,DATA,00,00,169,0,0,80,80,00,00,1
196,268,A,00,F4,DATA,00,F4,170,0,0,80,80,00,00,1
197,268,B,00,00,DATA,00,00,171,0,0,80,80,00,00,1
198,268,A,00,60,DATA,00,60,172,0,0,80,80,00,00,1
199,268,B,80,00,DATA,00,80,173,0,0,80,80,00,00,1
200,268,A,00,B0,DATA,00,B0,174,0,0,80,80,00,00,1
201,268,B,40,00,DATA,00,40,175,0,0,80,80,00,00,1
202,268,A,00,07,DATA,00,07,176,0,0,80,80,00,00,1
203,268,B,01,00,DATA,00,01,177,0,0,80,80,00,00,1
204,268,A,00,07,DATA,00,07,178,0,0,80,80,00,00,1
205,268,B,01,00,DATA,00,01,179,0,0,80,80,00,00,1
206,268,A,00,03,DATA,00,03,180,0,0,80,80,00,00,1
207,268,B,01,00,DATA,00,01,181,0,0,80,80,00,00,1
208,268,A,00,07,DATA,00,07,182,0,0,80,80,00,00,1
209,268,B,01,00,DATA,00,01,183,0,0,80,80,00,00,1
210,268,A,00,03,DATA,00,03,184,0,0,80,80,00,00,1
211,268,B,01,00,DATA,00,01,185,0,0,80,80,00,00,1
212,268,A,00,07,DATA,00,07,186,0,0,80,80,00,00,1
213,268,B,01,00,DATA,00,01,187,0,0,80,80,00,00,1
214,268,A,00,03,DATA,00,03,188,0,0,80,80,00,00,1
215,268,B,01,00,DATA,00,01,189,0,0,80,80,00,00,1
216,268,A,00,01,DATA,00,01,190,0,0,80,80,00,00,1
217,268,B,01,00,DATA,00,01,191,0,0,80,80,00,00,1
218,268,A,00,FF,DATA,00,FF,192,0,0,80,80,00,00,1
219,268,B,80,00,DATA,00,80,193,0,0,80,80,00,00,1
220,268,A,00,AF,DATA,00,AF,194,0,0,80,80,00,00,1
221,268,B,D0,00,DATA,00,D0,195,0,0,80,80,00,00,1
222,268,A,00,BF,DATA,00,BF,196,0,0,80,80,00,00,1
223,268,B,C0,00,DATA,00,C0,197,0,0,80,80,00,00,1
224,268,A,00,FF,DATA,00,FF,198,0,0,80,80,00,00,1
225,268,B,FF,00,DATA,00,FF,199,0,0,80,80,00,00,1
226,268,A,00,00,DATA,00,00,200,0,0,80,80,00,00,1
227,268,B,00,00,DATA,00,00,201,0,0,80,80,00,00,1
228,268,A,00,00,DATA,00,00,202,0,0,80,80,00,00,1
229,268,B,00,00,DATA,00,00,203,0,0,80,80,00,00,1
230,268,A,00,00,DATA,00,00,204,0,0,80,80,00,00,1
231,268,B,00,00,DATA,00,00,205,0,0,80,80,00,00,1
232,268,A,00,00,DATA,00,00,206,0,0,80,80,00,00,1
233,268,B,00,00,DATA,00,00,207,0,0,80,80,00,00,1
234,268,A,00,63,DATA,00,63,208,0,0,80,80,00,00,1
235,268,B,00,00,DATA,00,00,209,0,0,80,80,00,00,1
236,268,A,00,69,DATA,00,69,210,0,0,80,80,00,00,1
237,268,B,04,00,DATA,00,04,211,0,0,80,80,00,00,1
238,268,A,00,0B,DATA,00,0B,212,0,0,80,80,00,00,1
239,268,B,04,00,DATA,00,04,213,0,0,80,80,00,00,1
240,268,A,00,FF,DATA,00,FF,214,0,0,80,80,00,00,1
241,268,B,FF,00,DATA,00,FF,215,0,0,80,80,00,00,1
242,268,A,00,00,DATA,00,00,216,0,0,80,80,00,00,1
243,268,B,00,00,DATA,00,00,217,0,0,80,80,00,00,1
244,268,A,00,00,DATA,00,00,218,0,0,80,80,00,00,1
245,268,B,00,00,DATA,00,00,219,0,0,80,80,00,00,1
246,268,A,00,00,DATA,00,00,220,0,0,80,80,00,00,1
247,268,B,00,00,DATA,00,00,221,0,0,80,80,00,00,1
248,268,A,00,00,DATA,00,00,222,0,0,80,80,00,00,1
249,268,B,00,00,DATA,00,00,223,0,0,80,80,00,00,1
250,268,A,00,F0,DATA,00,F0,224,0,0,80,80,00,00,1
251,268,B,00,00,DATA,00,00,225,0,0,80,80,00,00,1
252,268,A,00,A0,DATA,00,A0,226,0,0,80,80,00,00,1
253,268,B,50,00,DATA,00,50,227,0,0,80,80,00,00,1
254,268,A,00,F0,DATA,00,F0,228,0,0,80,80,00,00,1
255,268,B,00,00,DATA,00,00,229,0,0,80,80,00,00,1
256,268,A,00,FF,DATA,00,FF,230,0,0,80,80,00,00,1
257,268,B,FF,00,DATA,00,FF,231,0,0,80,80,00,00,1
258,268,A,00,00,DATA,00,00,232,0,0,80,80,00,00,1
259,268,B,00,00,DATA,00,00,233,0,0,80,80,00,00,1
260,268,A,00,00,DATA,00,00,234,0,0,80,80,00,00,1
261,268,B,00,00,DATA,00,00,235,0,0,80,80,00,00,1
262,268,A,00,00,DATA,00,00,236,0,0,80,80,00,00,1
263,268,B,00,00,DATA,00,00,237,0,0,80,80,00,00,1
264,268,A,00,00,DATA,00,00,238,0,0,80,80,00,00,1
265,268,B,00,00,DATA,00,00,239,0,0,80,80,00,00,1
266,268,A,00,01,DATA,00,01,240,0,0,80,80,00,00,1
267,268,B,01,00,DATA,00,01,241,0,0,80,80,00,00,1
268,268,A,00,11,DATA,00,11,242,0,0,80,80,00,00,1
269,268,B,01,00,DATA,00,01,243,0,0,80,80,00,00,1
270,268,A,00,01,DATA,00,01,244,0,0,80,80,00,00,1
271,268,B,01,00,DATA,00,01,245,0,0,80,80,00,00,1
272,268,A,00,FF,DATA,00,FF,246,0,0,80,80,00,00,1
273,268,B,FF,00,DATA,00,FF,247,0,0,80,80,00,00,1
274,268,A,00,00,DATA,00,00,248,0,0,80,80,00,00,1
275,268,B,00,00,DATA,00,00,249,0,0,80,80,00,00,1
276,268,A,00,00,DATA,00,00,250,0,0,80,80,00,00,1
277,268,B,00,00,DATA,00,00,251,0,0,80,80,00,00,1
278,268,A,00,00,DATA,00,00,252,0,0,80,80,00,00,1
279,268,B,00,00,DATA,00,00,253,0,0,80,80,00,00,1
280,268,A,00,00,DATA,00,00,254,0,0,80,80,00,00,1
281,268,B,00,00,DATA,00,00,255,0,0,80,80,00,00,1
282,268,A,00,FF,DATA,00,FF,256,0,0,80,80,00,00,1
283,268,B,FF,00,DATA,00,FF,257,0,0,80,80,00,00,1
284,268,A,00,B8,DATA,00,B8,258,0,0,80,80,00,00,1
285,268,B,C7,00,DATA,00,C7,259,0,0,80,80,00,00,1
286,268,A,00,F8,DATA,00,F8,260,0,0,80,80,00,00,1
287,268,B,87,00,DATA,00,87,261,0,0,80,80,00,00,1
288,268,A,00,E0,DATA,00,E0,262,0,0,80,80,00,00,1
289,268,B,9F,00,DATA,00,9F,263,0,0,80,80,00,00,1
290,268,A,00,F3,DATA,00,F3,264,0,0,80,80,00,00,1
291,268,B,8C,00,DATA,00,8C,265,0,0,80,80,00,00,1
292,268,A,00,E7,DATA,00,E7,266,0,0,80,80,00,00,1
293,268,B,98,00,DATA,00,98,267,0,0,80,80,00,00,1
294,268,A,00,F8,DATA,00,F8,268,0,0,80,80,00,00,1
295,268,B,80,00,DATA,00,80,269,0,0,80,80,00,00,1
296,268,A,00,ED,DATA,00,ED,270,0,0,80,80,00,00,1
297,268,B,90,00,DATA,00,90,271,0,0,80,80,00,00,1
298,268,A,00,FF,DATA,00,FF,272,0,0,80,80,00,00,1
299,268,B,FF,00,DATA,00,FF,273,0,0,80,80,00,00,1
300,268,A,00,11,DATA,00,11,274,0,0,80,80,00,00,1
301,268,B,FF,00,DATA,00,FF,275,0,0,80,80,00,00,1
302,268,A,00,00,DATA,00,00,276,0,0,80,80,00,00,1
303,268,B,FF,00,DATA,00,FF,277,0,0,80,80,00,00,1
304,268,A,00,28,DATA,00,28,278,0,0,80,80,00,00,1
305,268,B,D7,00,DATA,00,D7,279,0,0,80,80,00,00,1
306,268,A,00,F2,DATA,00,F2,280,0,0,80,80,00,00,1
307,268,B,01,00,DATA,00,01,281,0,0,80,80,00,00,1
308,268,A,00,57,DATA,00,57,282,0,0,80,80,00,00,1
309,268,B,00,00,DATA,00,00,283,0,0,80,80,00,00,1
310,268,A,00,01,DATA,00,01,284,0,0,80,80,00,00,1
311,268,B,00,00,DATA,00,00,285,0,0,80,80,00,00,1
312,268,A,00,55,DATA,00,55,286,0,0,80,80,00,00,1
313,268,B,00,00,DATA,00,00,287,0,0,80,80,00,00,1
314,268,A,00,FF,DATA,00,FF,288,0,0,80,80,00,00,1
315,268,B,FF,00,DATA,00,FF,289,0,0,80,80,00,00,1
316,268,A,00,5C,DATA,00,5C,290,0,0,80,80,00,00,1
317,268,B,FF,00,DATA,00,FF,291,0,0,80,80,00,00,1
318,268,A,00,20,DATA,00,20,292,0,0,80,80,00,00,1
319,268,B,FF,00,DATA,00,FF,293,0,0,80,80,00,00,1
320,268,A,00,54,DATA,00,54,294,0,0,80,80,00,00,1
321,268,B,FF,00,DATA,00,FF,295,0,0,80,80,00,00,1
322,268,A,00,00,DATA,00,00,296,0,0,80,80,00,00,1
323,268,B,FF,00,DATA,00,FF,297,0,0,80,80,00,00,1
324,268,A,00,95,DATA,00,95,298,0,0,80,80,00,00,1
325,268,B,7F,00,DATA,00,7F,299,0,0,80,80,00,00,1
326,268,A,00,C0,DATA,00,C0,300,0,0,80,80,00,00,1
327,268,B,3F,00,DATA,00,3F,301,0,0,80,80,00,00,1
328,268,A,00,E5,DATA,00,E5,302,0,0,80,80,00,00,1
329,268,B,1F,00,DATA,00,1F,303,0,0,80,80,00,00,1
330,268,A,00,FF,DATA,00,FF,304,0,0,80,80,00,00,1
331,268,B,FF,00,DATA,00,FF,305,0,0,80,80,00,00,1
332,268,A,00,57,DATA,00,57,306,0,0,80,80,00,00,1
333,268,B,01,00,DATA,00,01,307,0,0,80,80,00,00,1
334,268,A,00,C3,DATA,00,C3,308,0,0,80,80,00,00,1
335,268,B,01,00,DATA,00,01,309,0,0,80,80,00,00,1
336,268,A,00,55,DATA,00,55,310,0,0,80,80,00,00,1
337,268,B,81,00,DATA,00,81,311,0,0,80,80,00,00,1
338,268,A,00,41,DATA,00,41,312,0,0,80,80,00,00,1
339,268,B,81,00,DATA,00,81,313,0,0,80,80,00,00,1
340,268,A,00,55,DATA,00,55,314,0,0,80,80,00,00,1
341,268,B,81,00,DATA,00,81,315,0,0,80,80,00,00,1
342,268,A,00,41,DATA,00,41,316,0,0,80,80,00,00,1
343,268,B,81,00,DATA,00,81,317,0,0,80,80,00,00,1
344,268,A,00,15,DATA,00,15,318,0,0,80,80,00,00,1
345,268,B,C1,00,DATA,00,C1,319,0,0,80,80,00,00,1
346,268,A,00,F8,DATA,00,F8,320,0,0,80,80,00,00,1
347,268,B,80,00,DATA,00,80,321,0,0,80,80,00,00,1
348,268,A,00,FD,DATA,00,FD,322,0,0,80,80,00,00,1
349,268,B,80,00,DATA,00,80,323,0,0,80,80,00,00,1
350,268,A,00,C0,DATA,00,C0,324,0,0,80,80,00,00,1
351,268,B,80,00,DATA,00,80,325,0,0,80,80,00,00,1
352,268,A,00,F5,DATA,00,F5,326,0,0,80,80,00,00,1
353,268,B,80,00,DATA,00,80,327,0,0,80,80,00,00,1
354,268,A,00,C7,DATA,00,C7,328,0,0,80,80,00,00,1
355,268,B,80,00,DATA,00,80,329,0,0,80,80,00,00,1
356,268,A,00,F6,DATA,00,F6,330,0,0,80,80,00,00,1
357,268,B,81,00,DATA,00,81,331,0,0,80,80,00,00,1
358,268,A,00,C1,DATA,00,C1,332,0,0,80,80,00,00,1
359,268,B,80,00,DATA,00,80,333,0,0,80,80,00,00,1
360,268,A,00,F5,DATA,00,F5,334,0,0,80,80,00,00,1
361,268,B,80,00,DATA,00,80,335,0,0,80,80,00,00,1
362,268,A,00,00,DATA,00,00,336,0,0,80,80,00,00,1
363,268,B,00,00,DATA,00,00,337,0,0,80,80,00,00,1
364,268,A,00,57,DATA,00,57,338,0,0,80,80,00,00,1
365,268,B,00,00,DATA,00,00,339,0,0,80,80,00,00,1
366,268,A,00,0F,DATA,00,0F,340,0,0,80,80,00,00,1
367,268,B,00,00,DATA,00,00,341,0,0,80,80,00,00,1
368,268,A,00,5B,DATA,00,5B,342,0,0,80,80,00,00,1
369,268,B,04,00,DATA,00,04,343,0,0,80,80,00,00,1
370,268,A,00,9F,DATA,00,9F,344,0,0,80,80,00,00,1
371,268,B,00,00,DATA,00,00,345,0,0,80,80,00,00,1
372,268,A,00,DE,DATA,00,DE,346,0,0,80,80,00,00,1
373,268,B,01,00,DATA,00,01,347,0,0,80,80,00,00,1
374,268,A,00,48,DATA,00,48,348,0,0,80,80,00,00,1
375,268,B,80,00,DATA,00,80,349,0,0,80,80,00,00,1
376,268,A,00,D5,DATA,00,D5,350,0,0,80,80,00,00,1
377,268,B,00,00,DATA,00,00,351,0,0,80,80,00,00,1
378,268,A,00,70,DATA,00,70,352,0,0,80,80,00,00,1
379,268,B,0F,00,DATA,00,0F,353,0,0,80,80,00,00,1
380,268,A,00,F8,DATA,00,F8,354,0,0,80,80,00,00,1
381,268,B,07,00,DATA,00,07,355,0,0,80,80,00,00,1
382,268,A,00,FF,DATA,00,FF,356,0,0,80,80,00,00,1
383,268,B,00,00,DATA,00,00,357,0,0,80,80,00,00,1
384,268,A,00,F7,DATA,00,F7,358,0,0,80,80,00,00,1
385,268,B,00,00,DATA,00,00,359,0,0,80,80,00,00,1
386,268,A,00,C7,DATA,00,C7,360,0,0,80,80,00,00,1
387,268,B,00,00,DATA,00,00,361,0,0,80,80,00,00,1
388,268,A,00,D7,DATA,00,D7,362,0,0,80,80,00,00,1
389,268,B,00,00,DATA,00,00,363,0,0,80,80,00,00,1
390,268,A,00,07,DATA,00,07,364,0,0,80,80,00,00,1
391,268,B,00,00,DATA,00,00,365,0,0,80,80,00,00,1
392,268,A,00,56,DATA,00,56,366,0,0,80,80,00,00,1
393,268,B,01,00,DATA,00,01,367,0,0,80,80,00,00,1
394,268,A,00,E1,DATA,00,E1,368,0,0,80,80,00,00,1
395,268,B,01,00,DATA,00,01,369,0,0,80,80,00,00,1
396,268,A,00,95,DATA,00,95,370,0,0,80,80,00,00,1
397,268,B,41,00,DATA,00,41,371,0,0,80,80,00,00,1
398,268,A,00,C1,DATA,00,C1,372,0,0,80,80,00,00,1
399,268,B,01,00,DATA,00,01,373,0,0,80,80,00,00,1
400,268,A,00,B5,DATA,00,B5,374,0,0,80,80,00,00,1
401,268,B,41,00,DATA,00,41,375,0,0,80,80,00,00,1
402,268,A,00,FD,DATA,00,FD,376,0,0,80,80,00,00,1
403,268,B,01,00,DATA,00,01,377,0,0,80,80,00,00,1
404,268,A,00,BD,DATA,00,BD,378,0,0,80,80,00,00,1
405,268,B,41,00,DATA,00,41,379,0,0,80,80,00,00,1
406,268,A,00,F9,DATA,00,F9,380,0,0,80,80,00,00,1
407,268,B,01,00,DATA,00,01,381,0,0,80,80,00,00,1
408,268,A,00,D5,DATA,00,D5,382,0,0,80,80,00,00,1
409,268,B,01,00,DATA,00,01,383,0,0,80,80,00,00,1
410,268,A,00,E0,DATA,00,E0,384,0,0,80,80,00,00,1
411,268,B,80,00,DATA,00,80,385,0,0,80,80,00,00,1
412,268,A,00,B5,DATA,00,B5,386,0,0,80,80,00,00,1
413,268,B,C0,00,DATA,00,C0,387,0,0,80,80,00,00,1
414,268,A,00,80,DATA,00,80,388,0,0,80,80,00,00,1
415,268,B,E0,00,DATA,00,E0,389,0,0,80,80,00,00,1
416,268,A,00,D5,DATA,00,D5,390,0,0,80,80,00,00,1
417,268,B,E0,00,DATA,00,E0,391,0,0,80,80,00,00,1
418,268,A,00,90,DATA,00,90,392,0,0,80,80,00,00,1
419,268,B,E0,00,DATA,00,E0,393,0,0,80,80,00,00,1
420,268,A,00,D5,DATA,00,D5,394,0,0,80,80,00,00,1
421,268,B,E0,00,DATA,00,E0,395,0,0,80,80,00,00,1
422,268,A,00,98,DATA,00,98,396,0,0,80,80,00,00,1
423,268,B,E0,00,DATA,00,E0,397,0,0,80,80,00,00,1
424,268,A,00,C5,DATA,00,C5,398,0,0,80,80,00,00,1
425,268,B,F0,00,DATA,00,F0,399,0,0,80,80,00,00,1
426,268,A,00,00,DATA,00,00,400,0,0,80,80,00,00,1
427,268,B,00,00,DATA,00,00,401,0,0,80,80,00,00,1
428,268,A,00,57,DATA,00,57,402,0,0,80,80,00,00,1
429,268,B,00,00,DATA,00,00,403,0,0,80,80,00,00,1
430,268,A,00,1F,DATA,00,1F,404,0,0,80,80,00,00,1
431,268,B,00,00,DATA,00,00,405,0,0,80,80,00,00,1
432,268,A,00,57,DATA,00,57,406,0,0,80,80,00,00,1
433,268,B,00,00,DATA,00,00,407,0,0,80,80,00,00,1
434,268,A,00,03,DATA,00,03,408,0,0,80,80,00,00,1
435,268,B,00,00,DATA,00,00,409,0,0,80,80,00,00,1
436,268,A,00,55,DATA,00,55,410,0,0,80,80,00,00,1
437,268,B,00,00,DATA,00,00,411,0,0,80,80,00,00,1
438,268,A,00,01,DATA,00,01,412,0,0,80,80,00,00,1
439,268,B,00,00,DATA,00,00,413,0,0,80,80,00,00,1
440,268,A,00,55,DATA,00,55,414,0,0,80,80,00,00,1
441,268,B,00,00,DATA,00,00,415,0,0,80,80,00,00,1
442,268,A,00,03,DATA,00,03,416,0,0,80,80,00,00,1
443,268,B,00,00,DATA,00,00,417,0,0,80,80,00,00,1
444,268,A,00,57,DATA,00,57,418,0,0,80,80,00,00,1
445,268,B,00,00,DATA,00,00,419,0,0,80,80,00,00,1
446,268,A,00,87,DATA,00,87,420,0,0,80,80,00,00,1
447,268,B,00,00,DATA,00,00,421,0,0,80,80,00,00,1
448,268,A,00,FF,DATA,00,FF,422,0,0,80,80,00,00,1
449,268,B,00,00,DATA,00,00,423,0,0,80,80,00,00,1
450,268,A,00,FF,DATA,00,FF,424,0,0,80,80,00,00,1
451,268,B,00,00,DATA,00,00,425,0,0,80,80,00,00,1
452,268,A,00,FF,DATA,00,FF,426,0,0,80,80,00,00,1
453,268,B,00,00,DATA,00,00,427,0,0,80,80,00,00,1
454,268,A,00,FF,DATA,00,FF,428,0,0,80,80,00,00,1
455,268,B,00,00,DATA,00,00,429,0,0,80,80,00,00,1
456,268,A,00,FF,DATA,00,FF,430,0,0,80,80,00,00,1
457,268,B,00,00,DATA,00,00,431,0,0,80,80,00,00,1
458,268,A,00,81,DATA,00,81,432,0,0,80,80,00,00,1
459,268,B,01,00,DATA,00,01,433,0,0,80,80,00,00,1
460,268,A,00,D5,DATA,00,D5,434,0,0,80,80,00,00,1
461,268,B,01,00,DATA,00,01,435,0,0,80,80,00,00,1
462,268,A,00,81,DATA,00,81,436,0,0,80,80,00,00,1
463,268,B,01,00,DATA,00,01,437,0,0,80,80,00,00,1
464,268,A,00,D5,DATA,00,D5,438,0,0,80,80,00,00,1
465,268,B,01,00,DATA,00,01,439,0,0,80,80,00,00,1
466,268,A,00,F1,DATA,00,F1,440,0,0,80,80,00,00,1
467,268,B,01,00,DATA,00,01,441,0,0,80,80,00,00,1
468,268,A,00,FD,DATA,00,FD,442,0,0,80,80,00,00,1
469,268,B,01,00,DATA,00,01,443,0,0,80,80,00,00,1
470,268,A,00,F9,DATA,00,F9,444,0,0,80,80,00,00,1
471,268,B,01,00,DATA,00,01,445,0,0,80,80,00,00,1
472,268,A,00,F5,DATA,00,F5,446,0,0,80,80,00,00,1
473,268,B,01,00,DATA,00,01,447,0,0,80,80,00,00,1
474,268,A,00,90,DATA,00,90,448,0,0,80,80,00,00,1
475,268,B,E0,00,DATA,00,E0,449,0,0,80,80,00,00,1
476,268,A,00,D5,DATA,00,D5,450,0,0,80,80,00,00,1
477,268,B,E0,00,DATA,00,E0,451,0,0,80,80,00,00,1
478,268,A,00,91,DATA,00,91,452,0,0,80,80,00,00,1
479,268,B,E0,00,DATA,00,E0,453,0,0,80,80,00,00,1
480,268,A,00,FF,DATA,00,FF,454,0,0,80,80,00,00,1
481,268,B,FF,00,DATA,00,FF,455,0,0,80,80,00,00,1
482,268,A,00,00,DATA,00,00,456,0,0,80,80,00,00,1
483,268,B,00,00,DATA,00,00,457,0,0,80,80,00,00,1
484,268,A,00,00,DATA,00,00,458,0,0,80,80,00,00,1
485,268,B,00,00,DATA,00,00,459,0,0,80,80,00,00,1
486,268,A,00,00,DATA,00,00,460,0,0,80,80,00,00,1
487,268,B,00,00,DATA,00,00,461,0,0,80,80,00,00,1
488,268,A,00,00,DATA,00,00,462,0,0,80,80,00,00,1
489,268,B,00,00,DATA,00,00,463,0,0,80,80,00,00,1
490,268,A,00,E2,DATA,00,E2,464,0,0,80,80,00,00,1
491,268,B,00,00,DATA,00,00,465,0,0,80,80,00,00,1
492,268,A,00,AD,DATA,00,AD,466,0,0,80,80,00,00,1
493,268,B,50,00,DATA,00,50,467,0,0,80,80,00,00,1
494,268,A,00,FF,DATA,00,FF,468,0,0,80,80,00,00,1
495,268,B,00,00,DATA,00,00,469,0,0,80,80,00,00,1
496,268,A,00,FF,DATA,00,FF,470,0,0,80,80,00,00,1
497,268,B,FF,00,DATA,00,FF,471,0,0,80,80,00,00,1
498,268,A,00,00,DATA,00,00,472,0,0,80,80,00,00,1
499,268,B,00,00,DATA,00,00,473,0,0,80,80,00,00,1
500,268,A,00,00,DATA,00,00,474,0,0,80,80,00,00,1
501,268,B,00,00,DATA,00,00,475,0,0,80,80,00,00,1
502,268,A,00,00,DATA,00,00,476,0,0,80,80,00,00,1
503,268,B,00,00,DATA,00,00,477,0,0,80,80,00,00,1
504,268,A,00,00,DATA,00,00,478,0,0,80,80,00,00,1
505,268,B,00,00,DATA,00,00,479,0,0,80,80,00,00,1
506,268,A,00,FE,DATA,00,FE,480,0,0,80,80,00,00,1
507,268,B,00,00,DATA,00,00,481,0,0,80,80,00,00,1
508,268,A,00,AF,DATA,00,AF,482,0,0,80,80,00,00,1
509,268,B,50,00,DATA,00,50,483,0,0,80,80,00,00,1
510,268,A,00,FA,DATA,00,FA,484,0,0,80,80,00,00,1
511,268,B,00,00,DATA,00,00,485,0,0,80,80,00,00,1
512,268,A,00,FF,DATA,00,FF,486,0,0,80,80,00,00,1
513,268,B,FF,00,DATA,00,FF,487,0,0,80,80,00,00,1
514,268,A,00,00,DATA,00,00,488,0,0,80,80,00,00,1
515,268,B,00,00,DATA,00,00,489,0,0,80,80,00,00,1
516,268,A,00,00,DATA,00,00,490,0,0,80,80,00,00,1
517,268,B,00,00,DATA,00,00,491,0,0,80,80,00,00,1
518,268,A,00,00,DATA,00,00,492,0,0,80,80,00,00,1
519,268,B,00,00,DATA,00,00,493,0,0,80,80,00,00,1
520,268,A,00,00,DATA,00,00,494,0,0,80,80,00,00,1
521,268,B,00,00,DATA,00,00,495,0,0,80,80,00,00,1
522,268,A,00,E1,DATA,00,E1,496,0,0,80,80,00,00,1
523,268,B,01,00,DATA,00,01,497,0,0,80,80,00,00,1
524,268,A,00,F5,DATA,00,F5,498,0,0,80,80,00,00,1
525,268,B,01,00,DATA,00,01,499,0,0,80,80,00,00,1
526,268,A,00,21,DATA,00,21,500,0,0,80,80,00,00,1
527,268,B,01,00,DATA,00,01,501,0,0,80,80,00,00,1
528,268,A,00,FF,DATA,00,FF,502,0,0,80,80,00,00,1
529,268,B,FF,00,DATA,00,FF,503,0,0,80,80,00,00,1
530,268,A,00,00,DATA,00,00,504,0,0,80,80,00,00,1
531,268,B,00,00,DATA,00,00,505,0,0,80,80,00,00,1
532,268,A,00,00,DATA,00,00,506,0,0,80,80,00,00,1
533,268,B,00,00,DATA,00,00,507,0,0,80,80,00,00,1
534,268,A,00,00,DATA,00,00,508,0,0,80,80,00,00,1
535,268,B,00,00,DATA,00,00,509,0,0,80,80,00,00,1
536,268,A,00,00,DATA,00,00,510,0,0,80,80,00,00,1
537,268,B,00,00,DATA,00,00,511,0,0,80,80,00,00,1
538,268,A,00,FF,DATA,00,FF,512,0,0,80,80,00,00,1
539,268,B,FF,00,DATA,00,FF,513,0,0,80,80,00,00,1
540,268,A,00,C0,DATA,00,C0,514,0,0,80,80,00,00,1
541,268,B,80,00,DATA,00,80,515,0,0,80,80,00,00,1
542,268,A,00,C0,DATA,00,C0,516,0,0,80,80,00,00,1
543,268,B,80,00,DATA,00,80,517,0,0,80,80,00,00,1
544,268,A,00,C1,DATA,00,C1,518,0,0,80,80,00,00,1
545,268,B,80,00,DATA,00,80,519,0,0,80,80,00,00,1
546,268,A,00,80,DATA,00,80,520,0,0,80,80,00,00,1
547,268,B,80,00,DATA,00,80,521,0,0,80,80,00,00,1
548,268,A,00,C5,DATA,00,C5,522,0,0,80,80,00,00,1
549,268,B,80,00,DATA,00,80,523,0,0,80,80,00,00,1
550,268,A,00,80,DATA,00,80,524,0,0,80,80,00,00,1
551,268,B,80,00,DATA,00,80,525,0,0,80,80,00,00,1
552,268,A,00,85,DATA,00,85,526,0,0,80,80,00,00,1
553,268,B,80,00,DATA,00,80,527,0,0,80,80,00,00,1
554,268,A,00,FF,DATA,00,FF,528,0,0,80,80,00,00,1
555,268,B,FF,00,DATA,00,FF,529,0,0,80,80,00,00,1
556,268,A,00,55,DATA,00,55,530,0,0,80,80,00,00,1
557,268,B,00,00,DATA,00,00,531,0,0,80,80,00,00,1
558,268,A,00,01,DATA,00,01,532,0,0,80,80,00,00,1
559,268,B,00,00,DATA,00,00,533,0,0,80,80,00,00,1
560,268,A,00,5F,DATA,00,5F,534,0,0,80,80,00,00,1
561,268,B,00,00,DATA,00,00,535,0,0,80,80,00,00,1
562,268,A,00,0F,DATA,00,0F,536,0,0,80,80,00,00,1
563,268,B,00,00,DATA,00,00,537,0,0,80,80,00,00,1
564,268,A,00,5F,DATA,00,5F,538,0,0,80,80,00,00,1
565,268,B,00,00,DATA,00,00,539,0,0,80,80,00,00,1
566,268,A,00,0F,DATA,00,0F,540,0,0,80,80,00,00,1
567,268,B,00,00,DATA,00,00,541,0,0,80,80,00,00,1
568,268,A,00,5A,DATA,00,5A,542,0,0,80,80,00,00,1
569,268,B,05,00,DATA,00,05,543,0,0,80,80,00,00,1
570,268,A,00,FF,DATA,00,FF,544,0,0,80,80,00,00,1
571,268,B,FF,00,DATA,00,FF,545,0,0,80,80,00,00,1
572,268,A,00,D5,DATA,00,D5,546,0,0,80,80,00,00,1
573,268,B,00,00,DATA,00,00,547,0,0,80,80,00,00,1
574,268,A,00,C0,DATA,00,C0,548,0,0,80,80,00,00,1
575,268,B,00,00,DATA,00,00,549,0,0,80,80,00,00,1
576,268,A,00,B5,DATA,00,B5,550,0,0,80,80,00,00,1
577,268,B,40,00,DATA,00,40,551,0,0,80,80,00,00,1
578,268,A,00,FC,DATA,00,FC,552,0,0,80,80,00,00,1
579,268,B,00,00,DATA,00,00,553,0,0,80,80,00,00,1
580,268,A,00,AD,DATA,00,AD,554,0,0,80,80,00,00,1
581,268,B,50,00,DATA,00,50,555,0,0,80,80,00,00,1
582,268,A,00,FF,DATA,00,FF,556,0,0,80,80,00,00,1
583,268,B,00,00,DATA,00,00,557,0,0,80,80,00,00,1
584,268,A,00,AB,DATA,00,AB,558,0,0,80,80,00,00,1
585,268,B,54,00,DATA,00,54,559,0,0,80,80,00,00,1
586,268,A,00,FF,DATA,00,FF,560,0,0,80,80,00,00,1
587,268,B,FF,00,DATA,00,FF,561,0,0,80,80,00,00,1
588,268,A,00,45,DATA,00,45,562,0,0,80,80,00,00,1
589,268,B,01,00,DATA,00,01,563,0,0,80,80,00,00,1
590,268,A,00,01,DATA,00,01,564,0,0,80,80,00,00,1
591,268,B,01,00,DATA,00,01,565,0,0,80,80,00,00,1
592,268,A,00,55,DATA,00,55,566,0,0,80,80,00,00,1
593,268,B,01,00,DATA,00,01,567,0,0,80,80,00,00,1
594,268,A,00,01,DATA,00,01,568,0,0,80,80,00,00,1
595,268,B,01,00,DATA,00,01,569,0,0,80,80,00,00,1
596,268,A,00,55,DATA,00,55,570,0,0,80,80,00,00,1
597,268,B,01,00,DATA,00,01,571,0,0,80,80,00,00,1
598,268,A,00,E1,DATA,00,E1,572,0,0,80,80,00,00,1
599,268,B,01,00,DATA,00,01,573,0,0,80,80,00,00,1
600,268,A,00,B5,DATA,00,B5,574,0,0,80,80,00,00,1
601,268,B,41,00,DATA,00,41,575,0,0,80,80,00,00,1
602,268,A,00,80,DATA,00,80,576,0,0,80,80,00,00,1
603,268,B,80,00,DATA,00,80,577,0,0,80,80,00,00,1
604,268,A,00,85,DATA,00,85,578,0,0,80,80,00,00,1
605,268,B,80,00,DATA,00,80,579,0,0,80,80,00,00,1
606,268,A,00,80,DATA,00,80,580,0,0,80,80,00,00,1
607,268,B,80,00,DATA,00,80,581,0,0,80,80,00,00,1
608,268,A,00,81,DATA,00,81,582,0,0,80,80,00,00,1
609,268,B,80,00,DATA,00,80,583,0,0,80,80,00,00,1
610,268,A,00,80,DATA,00,80,584,0,0,80,80,00,00,1
611,268,B,80,00,DATA,00,80,585,0,0,80,80,00,00,1
612,268,A,00,80,DATA,00,80,586,0,0,80,80,00,00,1
613,268,B,80,00,DATA,00,80,587,0,0,80,80,00,00,1
614,268,A,00,80,DATA,00,80,588,0,0,80,80,00,00,1
615,268,B,80,00,DATA,00,80,589,0,0,80,80,00,00,1
616,268,A,00,94,DATA,00,94,590,0,0,80,80,00,00,1
617,268,B,80,00,DATA,00,80,591,0,0,80,80,00,00,1
618,268,A,00,1B,DATA,00,1B,592,0,0,80,80,00,00,1
619,268,B,04,00,DATA,00,04,593,0,0,80,80,00,00,1
620,268,A,00,5A,DATA,00,5A,594,0,0,80,80,00,00,1
621,268,B,05,00,DATA,00,05,595,0,0,80,80,00,00,1
622,268,A,00,0F,DATA,00,0F,596,0,0,80,80,00,00,1
623,268,B,00,00,DATA,00,00,597,0,0,80,80,00,00,1
624,268,A,00,16,DATA,00,16,598,0,0,80,80,00,00,1
625,268,B,01,00,DATA,00,01,599,0,0,80,80,00,00,1
626,268,A,00,03,DATA,00,03,600,0,0,80,80,00,00,1
627,268,B,00,00,DATA,00,00,601,0,0,80,80,00,00,1
628,268,A,00,05,DATA,00,05,602,0,0,80,80,00,00,1
629,268,B,00,00,DATA,00,00,603,0,0,80,80,00,00,1
630,268,A,00,00,DATA,00,00,604,0,0,80,80,00,00,1
631,268,B,00,00,DATA,00,00,605,0,0,80,80,00,00,1
632,268,A,00,01,DATA,00,01,606,0,0,80,80,00,00,1
633,268,B,00,00,DATA,00,00,607,0,0,80,80,00,00,1
634,268,A,00,FF,DATA,00,FF,608,0,0,80,80,00,00,1
635,268,B,00,00,DATA,00,00,609,0,0,80,80,00,00,1
636,268,A,00,8B,DATA,00,8B,610,0,0,80,80,00,00,1
637,268,B,74,00,DATA,00,74,611,0,0,80,80,00,00,1
638,268,A,00,FF,DATA,00,FF,612,0,0,80,80,00,00,1
639,268,B,00,00,DATA,00,00,613,0,0,80,80,00,00,1
640,268,A,00,8A,DATA,00,8A,614,0,0,80,80,00,00,1
641,268,B,75,00,DATA,00,75,615,0,0,80,80,00,00,1
642,268,A,00,07,DATA,00,07,616,0,0,80,80,00,00,1
643,268,B,F8,00,DATA,00,F8,617,0,0,80,80,00,00,1
644,268,A,00,80,DATA,00,80,618,0,0,80,80,00,00,1
645,268,B,7F,00,DATA,00,7F,619,0,0,80,80,00,00,1
646,268,A,00,F0,DATA,00,F0,620,0,0,80,80,00,00,1
647,268,B,0F,00,DATA,00,0F,621,0,0,80,80,00,00,1
648,268,A,00,A0,DATA,00,A0,622,0,0,80,80,00,00,1
649,268,B,5F,00,DATA,00,5F,623,0,0,80,80,00,00,1
650,268,A,00,F9,DATA,00,F9,624,0,0,80,80,00,00,1
651,268,B,01,00,DATA,00,01,625,0,0,80,80,00,00,1
652,268,A,00,BD,DATA,00,BD,626,0,0,80,80,00,00,1
653,268,B,41,00,DATA,00,41,627,0,0,80,80,00,00,1
654,268,A,00,F9,DATA,00,F9,628,0,0,80,80,00,00,1
655,268,B,01,00,DATA,00,01,629,0,0,80,80,00,00,1
656,268,A,00,AD,DATA,00,AD,630,0,0,80,80,00,00,1
657,268,B,51,00,DATA,00,51,631,0,0,80,80,00,00,1
658,268,A,00,FD,DATA,00,FD,632,0,0,80,80,00,00,1
659,268,B,01,00,DATA,00,01,633,0,0,80,80,00,00,1
660,268,A,00,2D,DATA,00,2D,634,0,0,80,80,00,00,1
661,268,B,D1,00,DATA,00,D1,635,0,0,80,80,00,00,1
662,268,A,00,79,DATA,00,79,636,0,0,80,80,00,00,1
663,268,B,81,00,DATA,00,81,637,0,0,80,80,00,00,1
664,268,A,00,FD,DATA,00,FD,638,0,0,80,80,00,00,1
665,268,B,01,00,DATA,00,01,639,0,0,80,80,00,00,1
666,268,A,00,84,DATA,00,84,640,0,0,80,80,00,00,1
667,268,B,80,00,DATA,00,80,641,0,0,80,80,00,00,1
668,268,A,00,DD,DATA,00,DD,642,0,0,80,80,00,00,1
669,268,B,80,00,DATA,00,80,643,0,0,80,80,00,00,1
670,268,A,00,BE,DATA,00,BE,644,0,0,80,80,00,00,1
671,268,B,80,00,DATA,00,80,645,0,0,80,80,00,00,1
672,268,A,00,FB,DATA,00,FB,646,0,0,80,80,00,00,1
673,268,B,84,00,DATA,00,84,647,0,0,80,80,00,00,1
674,268,A,00,FD,DATA,00,FD,648,0,0,80,80,00,00,1
675,268,B,82,00,DATA,00,82,649,0,0,80,80,00,00,1
676,268,A,00,F8,DATA,00,F8,650,0,0,80,80,00,00,1
677,268,B,87,00,DATA,00,87,651,0,0,80,80,00,00,1
678,268,A,00,F8,DATA,00,F8,652,0,0,80,80,00,00,1
679,268,B,87,00,DATA,00,87,653,0,0,80,80,00,00,1
680,268,A,00,A8,DATA,00,A8,654,0,0,80,80,00,00,1
681,268,B,D7,00,DATA,00,D7,655,0,0,80,80,00,00,1
682,268,A,00,00,DATA,00,00,656,0,0,80,80,00,00,1
683,268,B,00,00,DATA,00,00,657,0,0,80,80,00,00,1
684,268,A,00,01,DATA,00,01,658,0,0,80,80,00,00,1
685,268,B,00,00,DATA,00,00,659,0,0,80,80,00,00,1
686,268,A,00,00,DATA,00,00,660,0,0,80,80,00,00,1
687,268,B,00,00,DATA,00,00,661,0,0,80,80,00,00,1
688,268,A,00,51,DATA,00,51,662,0,0,80,80,00,00,1
689,268,B,00,00,DATA,00,00,663,0,0,80,80,00,00,1
690,268,A,00,80,DATA,00,80,664,0,0,80,80,00,00,1
691,268,B,00,00,DATA,00,00,665,0,0,80,80,00,00,1
692,268,A,00,B5,DATA,00,B5,666,0,0,80,80,00,00,1
693,268,B,40,00,DATA,00,40,667,0,0,80,80,00,00,1
694,268,A,00,E0,DATA,00,E0,668,0,0,80,80,00,00,1
695,268,B,00,00,DATA,00,00,669,0,0,80,80,00,00,1
696,268,A,00,B6,DATA,00,B6,670,0,0,80,80,00,00,1
697,268,B,41,00,DATA,00,41,671,0,0,80,80,00,00,1
698,268,A,00,FC,DATA,00,FC,672,0,0,80,80,00,00,1
699,268,B,03,00,DATA,00,03,673,0,0,80,80,00,00,1
700,268,A,00,6B,DATA,00,6B,674,0,0,80,80,00,00,1
701,268,B,14,00,DATA,00,14,675,0,0,80,80,00,00,1
702,268,A,00,7F,DATA,00,7F,676,0,0,80,80,00,00,1
703,268,B,00,00,DATA,00,00,677,0,0,80,80,00,00,1
704,268,A,00,EB,DATA,00,EB,678,0,0,80,80,00,00,1
705,268,B,14,00,DATA,00,14,679,0,0,80,80,00,00,1
706,268,A,00,7F,DATA,00,7F,680,0,0,80,80,00,00,1
707,268,B,00,00,DATA,00,00,681,0,0,80,80,00,00,1
708,268,A,00,FB,DATA,00,FB,682,0,0,80,80,00,00,1
709,268,B,04,00,DATA,00,04,683,0,0,80,80,00,00,1
710,268,A,00,FF,DATA,00,FF,684,0,0,80,80,00,00,1
711,268,B,00,00,DATA,00,00,685,0,0,80,80,00,00,1
712,268,A,00,AB,DATA,00,AB,686,0,0,80,80,00,00,1
713,268,B,54,00,DATA,00,54,687,0,0,80,80,00,00,1
714,268,A,00,B1,DATA,00,B1,688,0,0,80,80,00,00,1
715,268,B,01,00,DATA,00,01,689,0,0,80,80,00,00,1
716,268,A,00,75,DATA,00,75,690,0,0,80,80,00,00,1
717,268,B,01,00,DATA,00,01,691,0,0,80,80,00,00,1
718,268,A,00,C1,DATA,00,C1,692,0,0,80,80,00,00,1
719,268,B,01,00,DATA,00,01,693,0,0,80,80,00,00,1
720,268,A,00,D5,DATA,00,D5,694,0,0,80,80,00,00,1
721,268,B,01,00,DATA,00,01,695,0,0,80,80,00,00,1
722,268,A,00,01,DATA,00,01,696,0,0,80,80,00,00,1
723,268,B,01,00,DATA,00,01,697,0,0,80,80,00,00,1
724,268,A,00,57,DATA,00,57,698,0,0,80,80,00,00,1
725,268,B,01,00,DATA,00,01,699,0,0,80,80,00,00,1
726,268,A,00,0F,DATA,00,0F,700,0,0,80,80,00,00,1
727,268,B,01,00,DATA,00,01,701,0,0,80,80,00,00,1
728,268,A,00,F9,DATA,00,F9,702,0,0,80,80,00,00,1
729,268,B,07,00,DATA,00,07,703,0,0,80,80,00,00,1
730,268,A,00,FF,DATA,00,FF,704,0,0,80,80,00,00,1
731,268,B,80,00,DATA,00,80,705,0,0,80,80,00,00,1
732,268,A,00,AB,DATA,00,AB,706,0,0,80,80,00,00,1
733,268,B,D4,00,DATA,00,D4,707,0,0,80,80,00,00,1
734,268,A,00,FF,DATA,00,FF,708,0,0,80,80,00,00,1
735,268,B,80,00,DATA,00,80,709,0,0,80,80,00,00,1
736,268,A,00,FF,DATA,00,FF,710,0,0,80,80,00,00,1
737,268,B,FF,00,DATA,00,FF,711,0,0,80,80,00,00,1
738,268,A,00,00,DATA,00,00,712,0,0,80,80,00,00,1
739,268,B,00,00,DATA,00,00,713,0,0,80,80,00,00,1
740,268,A,00,00,DATA,00,00,714,0,0,80,80,00,00,1
741,268,B,00,00,DATA,00,00,715,0,0,80,80,00,00,1
742,268,A,00,00,DATA,00,00,716,0,0,80,80,00,00,1
743,268,B,00,00,DATA,00,00,717,0,0,80,80,00,00,1
744,268,A,00,00,DATA,00,00,718,0,0,80,80,00,00,1
745,268,B,00,00,DATA,00,00,719,0,0,80,80,00,00,1
746,268,A,00,FD,DATA,00,FD,720,0,0,80,80,00,00,1
747,268,B,02,00,DATA,00,02,721,0,0,80,80,00,00,1
748,268,A,00,FA,DATA,00,FA,722,0,0,80,80,00,00,1
749,268,B,05,00,DATA,00,05,723,0,0,80,80,00,00,1
750,268,A,00,FF,DATA,00,FF,724,0,0,80,80,00,00,1
751,268,B,00,00,DATA,00,00,725,0,0,80,80,00,00,1
752,268,A,00,FF,DATA,00,FF,726,0,0,80,80,00,00,1
753,268,B,FF,00,DATA,00,FF,727,0,0,80,80,00,00,1
754,268,A,00,00,DATA,00,00,728,0,0,80,80,00,00,1
755,268,B,00,00,DATA,00,00,729,0,0,80,80,00,00,1
756,268,A,00,00,DATA,00,00,730,0,0,80,80,00,00,1
757,268,B,00,00,DATA,00,00,731,0,0,80,80,00,00,1
758,268,A,00,00,DATA,00,00,732,0,0,80,80,00,00,1
759,268,B,00,00,DATA,00,00,733,0,0,80,80,00,00,1
760,268,A,00,00,DATA,00,00,734,0,0,80,80,00,00,1
761,268,B,00,00,DATA,00,00,735,0,0,80,80,00,00,1
762,268,A,00,AF,DATA,00,AF,736,0,0,80,80,00,00,1
763,268,B,50,00,DATA,00,50,737,0,0,80,80,00,00,1
764,268,A,00,4A,DATA,00,4A,738,0,0,80,80,00,00,1
765,268,B,F5,00,DATA,00,F5,739,0,0,80,80,00,00,1
766,268,A,00,8B,DATA,00,8B,740,0,0,80,80,00,00,1
767,268,B,74,00,DATA,00,74,741,0,0,80,80,00,00,1
768,268,A,00,FF,DATA,00,FF,742,0,0,80,80,00,00,1
769,268,B,FF,00,DATA,00,FF,743,0,0,80,80,00,00,1
770,268,A,00,00,DATA,00,00,744,0,0,80,80,00,00,1
771,268,B,00,00,DATA,00,00,745,0,0,80,80,00,00,1
772,268,A,00,00,DATA,00,00,746,0,0,80,80,00,00,1
773,268,B,00,00,DATA,00,00,747,0,0,80,80,00,00,1
774,268,A,00,00,DATA,00,00,748,0,0,80,80,00,00,1
775,268,B,00,00,DATA,00,00,749,0,0,80,80,00,00,1
776,268,A,00,00,DATA,00,00,750,0,0,80,80,00,00,1
777,268,B,00,00,DATA,00,00,751,0,0,80,80,00,00,1
778,268,A,00,F1,DATA,00,F1,752,0,0,80,80,00,00,1
779,268,B,0F,00,DATA,00,0F,753,0,0,80,80,00,00,1
780,268,A,00,FB,DATA,00,FB,754,0,0,80,80,00,00,1
781,268,B,05,00,DATA,00,05,755,0,0,80,80,00,00,1
782,268,A,00,FF,DATA,00,FF,756,0,0,80,80,00,00,1
783,268,B,01,00,DATA,00,01,757,0,0,80,80,00,00,1
784,268,A,00,FF,DATA,00,FF,758,0,0,80,80,00,00,1
785,268,B,FF,00,DATA,00,FF,759,0,0,80,80,00,00,1
786,268,A,00,00,DATA,00,00,760,0,0,80,80,00,00,1
787,268,B,00,00,DATA,00,00,761,0,0,80,80,00,00,1
788,268,A,00,00,DATA,00,00,762,0,0,80,80,00,00,1
789,268,B,00,00,DATA,00,00,763,0,0,80,80,00,00,1
790,268,A,00,00,DATA,00,00,764,0,0,80,80,00,00,1
791,268,B,00,00,DATA,00,00,765,0,0,80,80,00,00,1
792,268,A,00,00,DATA,00,00,766,0,0,80,80,00,00,1
793,268,B,00,00,DATA,00,00,767,0,0,80,80,00,00,1
794,268,A,00,FF,DATA,00,FF,768,0,0,80,80,00,00,1
795,268,B,FF,00,DATA,00,FF,769,0,0,80,80,00,00,1
796,268,A,00,D5,DATA,00,D5,770,0,0,80,80,00,00,1
797,268,B,FF,00,DATA,00,FF,771,0,0,80,80,00,00,1
798,268,A,00,CA,DATA,00,CA,772,0,0,80,80,00,00,1
799,268,B,FF,00,DATA,00,FF,773,0,0,80,80,00,00,1
800,268,A,00,DD,DATA,00,DD,774,0,0,80,80,00,00,1
801,268,B,FF,00,DATA,00,FF,775,0,0,80,80,00,00,1
802,268,A,00,80,DATA,00,80,776,0,0,80,80,00,00,1
803,268,B,FF,00,DATA,00,FF,777,0,0,80,80,00,00,1
804,268,A,00,D5,DATA,00,D5,778,0,0,80,80,00,00,1
805,268,B,FF,00,DATA,00,FF,779,0,0,80,80,00,00,1
806,268,A,00,C4,DATA,00,C4,780,0,0,80,80,00,00,1
807,268,B,FF,00,DATA,00,FF,781,0,0,80,80,00,00,1
808,268,A,00,F5,DATA,00,F5,782,0,0,80,80,00,00,1
809,268,B,FF,00,DATA,00,FF,783,0,0,80,80,00,00,1
810,268,A,00,FF,DATA,00,FF,784,0,0,80,80,00,00,1
811,268,B,FF,00,DATA,00,FF,785,0,0,80,80,00,00,1
812,268,A,00,53,DATA,00,53,786,0,0,80,80,00,00,1
813,268,B,FC,00,DATA,00,FC,787,0,0,80,80,00,00,1
814,268,A,00,05,DATA,00,05,788,0,0,80,80,00,00,1
815,268,B,FA,00,DATA,00,FA,789,0,0,80,80,00,00,1
816,268,A,00,40,DATA,00,40,790,0,0,80,80,00,00,1
817,268,B,FF,00,DATA,00,FF,791,0,0,80,80,00,00,1
818,268,A,00,04,DATA,00,04,792,0,0,80,80,00,00,1
819,268,B,FB,00,DATA,00,FB,793,0,0,80,80,00,00,1
820,268,A,00,50,DATA,00,50,794,0,0,80,80,00,00,1
821,268,B,FF,00,DATA,00,FF,795,0,0,80,80,00,00,1
822,268,A,00,04,DATA,00,04,796,0,0,80,80,00,00,1
823,268,B,FB,00,DATA,00,FB,797,0,0,80,80,00,00,1
824,268,A,00,42,DATA,00,42,798,0,0,80,80,00,00,1
825,268,B,FD,00,DATA,00,FD,799,0,0,80,80,00,00,1
826,268,A,00,FF,DATA,00,FF,800,0,0,80,80,00,00,1
827,268,B,FF,00,DATA,00,FF,801,0,0,80,80,00,00,1
828,268,A,00,46,DATA,00,46,802,0,0,80,80,00,00,1
829,268,B,01,00,DATA,00,01,803,0,0,80,80,00,00,1
830,268,A,00,02,DATA,00,02,804,0,0,80,80,00,00,1
831,268,B,01,00,DATA,00,01,805,0,0,80,80,00,00,1
832,268,A,00,C7,DATA,00,C7,806,0,0,80,80,00,00,1
833,268,B,01,00,DATA,00,01,807,0,0,80,80,00,00,1
834,268,A,00,C2,DATA,00,C2,808,0,0,80,80,00,00,1
835,268,B,01,00,DATA,00,01,809,0,0,80,80,00,00,1
836,268,A,00,34,DATA,00,34,810,0,0,80,80,00,00,1
837,268,B,C3,00,DATA,00,C3,811,0,0,80,80,00,00,1
838,268,A,00,FF,DATA,00,FF,812,0,0,80,80,00,00,1
839,268,B,00,00,DATA,00,00,813,0,0,80,80,00,00,1
840,268,A,00,FF,DATA,00,FF,814,0,0,80,80,00,00,1
841,268,B,00,00,DATA,00,00,815,0,0,80,80,00,00,1
842,268,A,00,FF,DATA,00,FF,816,0,0,80,80,00,00,1
843,268,B,FF,00,DATA,00,FF,817,0,0,80,80,00,00,1
844,268,A,00,15,DATA,00,15,818,0,0,80,80,00,00,1
845,268,B,E1,00,DATA,00,E1,819,0,0,80,80,00,00,1
846,268,A,00,23,DATA,00,23,820,0,0,80,80,00,00,1
847,268,B,C1,00,DATA,00,C1,821,0,0,80,80,00,00,1
848,268,A,00,37,DATA,00,37,822,0,0,80,80,00,00,1
849,268,B,C1,00,DATA,00,C1,823,0,0,80,80,00,00,1
850,268,A,00,43,DATA,00,43,824,0,0,80,80,00,00,1
851,268,B,81,00,DATA,00,81,825,0,0,80,80,00,00,1
852,268,A,00,D7,DATA,00,D7,826,0,0,80,80,00,00,1
853,268,B,01,00,DATA,00,01,827,0,0,80,80,00,00,1
854,268,A,00,9F,DATA,00,9F,828,0,0,80,80,00,00,1
855,268,B,01,00,DATA,00,01,829,0,0,80,80,00,00,1
856,268,A,00,5F,DATA,00,5F,830,0,0,80,80,00,00,1
857,268,B,01,00,DATA,00,01,831,0,0,80,80,00,00,1
858,268,A,00,80,DATA,00,80,832,0,0,80,80,00,00,1
859,268,B,FF,00,DATA,00,FF,833,0,0,80,80,00,00,1
860,268,A,00,80,DATA,00,80,834,0,0,80,80,00,00,1
861,268,B,FF,00,DATA,00,FF,835,0,0,80,80,00,00,1
862,268,A,00,80,DATA,00,80,836,0,0,80,80,00,00,1
863,268,B,FF,00,DATA,00,FF,837,0,0,80,80,00,00,1
864,268,A,00,C1,DATA,00,C1,838,0,0,80,80,00,00,1
865,268,B,FF,00,DATA,00,FF,839,0,0,80,80,00,00,1
866,268,A,00,88,DATA,00,88,840,0,0,80,80,00,00,1
867,268,B,F7,00,DATA,00,F7,841,0,0,80,80,00,00,1
868,268,A,00,C8,DATA,00,C8,842,0,0,80,80,00,00,1
869,268,B,F7,00,DATA,00,F7,843,0,0,80,80,00,00,1
870,268,A,00,9C,DATA,00,9C,844,0,0,80,80,00,00,1
871,268,B,E3,00,DATA,00,E3,845,0,0,80,80,00,00,1
872,268,A,00,AA,DATA,00,AA,846,0,0,80,80,00,00,1
873,268,B,D5,00,DATA,00,D5,847,0,0,80,80,00,00,1
874,268,A,00,17,DATA,00,17,848,0,0,80,80,00,00,1
875,268,B,E8,00,DATA,00,E8,849,0,0,80,80,00,00,1
876,268,A,00,AD,DATA,00,AD,850,0,0,80,80,00,00,1
877,268,B,50,00,DATA,00,50,851,0,0,80,80,00,00,1
878,268,A,00,3C,DATA,00,3C,852,0,0,80,80,00,00,1
879,268,B,C0,00,DATA,00,C0,853,0,0,80,80,00,00,1
880,268,A,00,4D,DATA,00,4D,854,0,0,80,80,00,00,1
881,268,B,F0,00,DATA,00,F0,855,0,0,80,80,00,00,1
882,268,A,00,03,DATA,00,03,856,0,0,80,80,00,00,1
883,268,B,FC,00,DATA,00,FC,857,0,0,80,80,00,00,1
884,268,A,00,0B,DATA,00,0B,858,0,0,80,80,00,00,1
885,268,B,F4,00,DATA,00,F4,859,0,0,80,80,00,00,1
886,268,A,00,9F,DATA,00,9F,860,0,0,80,80,00,00,1
887,268,B,60,00,DATA,00,60,861,0,0,80,80,00,00,1
888,268,A,00,BF,DATA,00,BF,862,0,0,80,80,00,00,1
889,268,B,40,00,DATA,00,40,863,0,0,80,80,00,00,1
890,268,A,00,FF,DATA,00,FF,864,0,0,80,80,00,00,1
891,268,B,00,00,DATA,00,00,865,0,0,80,80,00,00,1
892,268,A,00,FF,DATA,00,FF,866,0,0,80,80,00,00,1
893,268,B,00,00,DATA,00,00,867,0,0,80,80,00,00,1
894,268,A,00,DF,DATA,00,DF,868,0,0,80,80,00,00,1
895,268,B,00,00,DATA,00,00,869,0,0,80,80,00,00,1
896,268,A,00,DF,DATA,00,DF,870,0,0,80,80,00,00,1
897,268,B,00,00,DATA,00,00,871,0,0,80,80,00,00,1
898,268,A,00,CF,DATA,00,CF,872,0,0,80,80,00,00,1
899,268,B,00,00,DATA,00,00,873,0,0,80,80,00,00,1
900,268,A,00,D7,DATA,00,D7,874,0,0,80,80,00,00,1
901,268,B,00,00,DATA,00,00,875,0,0,80,80,00,00,1
902,268,A,00,80,DATA,00,80,876,0,0,80,80,00,00,1
903,268,B,00,00,DATA,00,00,877,0,0,80,80,00,00,1
904,268,A,00,D5,DATA,00,D5,878,0,0,80,80,00,00,1
905,268,B,00,00,DATA,00,00,879,0,0,80,80,00,00,1
906,268,A,00,DF,DATA,00,DF,880,0,0,80,80,00,00,1
907,268,B,01,00,DATA,00,01,881,0,0,80,80,00,00,1
908,268,A,00,FF,DATA,00,FF,882,0,0,80,80,00,00,1
909,268,B,01,00,DATA,00,01,883,0,0,80,80,00,00,1
910,268,A,00,DF,DATA,00,DF,884,0,0,80,80,00,00,1
911,268,B,01,00,DATA,00,01,885,0,0,80,80,00,00,1
912,268,A,00,AF,DATA,00,AF,886,0,0,80,80,00,00,1
913,268,B,51,00,DATA,00,51,887,0,0,80,80,00,00,1
914,268,A,00,FF,DATA,00,FF,888,0,0,80,80,00,00,1
915,268,B,01,00,DATA,00,01,889,0,0,80,80,00,00,1
916,268,A,00,EF,DATA,00,EF,890,0,0,80,80,00,00,1
917,268,B,11,00,DATA,00,11,891,0,0,80,80,00,00,1
918,268,A,00,7F,DATA,00,7F,892,0,0,80,80,00,00,1
919,268,B,01,00,DATA,00,01,893,0,0,80,80,00,00,1
920,268,A,00,5F,DATA,00,5F,894,0,0,80,80,00,00,1
921,268,B,01,00,DATA,00,01,895,0,0,80,80,00,00,1
922,268,A,00,FF,DATA,00,FF,896,0,0,80,80,00,00,1
923,268,B,80,00,DATA,00,80,897,0,0,80,80,00,00,1
924,268,A,00,EF,DATA,00,EF,898,0,0,80,80,00,00,1
925,268,B,90,00,DATA,00,90,899,0,0,80,80,00,00,1
926,268,A,00,FF,DATA,00,FF,900,0,0,80,80,00,00,1
927,268,B,80,00,DATA,00,80,901,0,0,80,80,00,00,1
928,268,A,00,BF,DATA,00,BF,902,0,0,80,80,00,00,1
929,268,B,C0,00,DATA,00,C0,903,0,0,80,80,00,00,1
930,268,A,00,FA,DATA,00,FA,904,0,0,80,80,00,00,1
931,268,B,80,00,DATA,00,80,905,0,0,80,80,00,00,1
932,268,A,00,F5,DATA,00,F5,906,0,0,80,80,00,00,1
933,268,B,80,00,DATA,00,80,907,0,0,80,80,00,00,1
934,268,A,00,E0,DATA,00,E0,908,0,0,80,80,00,00,1
935,268,B,80,00,DATA,00,80,909,0,0,80,80,00,00,1
936,268,A,00,D5,DATA,00,D5,910,0,0,80,80,00,00,1
937,268,B,80,00,DATA,00,80,911,0,0,80,80,00,00,1
938,268,A,00,FF,DATA,00,FF,912,0,0,80,80,00,00,1
939,268,B,00,00,DATA,00,00,913,0,0,80,80,00,00,1
940,268,A,00,BF,DATA,00,BF,914,0,0,80,80,00,00,1
941,268,B,40,00,DATA,00,40,915,0,0,80,80,00,00,1
942,268,A,00,F8,DATA,00,F8,916,0,0,80,80,00,00,1
943,268,B,00,00,DATA,00,00,917,0,0,80,80,00,00,1
944,268,A,00,F5,DATA,00,F5,918,0,0,80,80,00,00,1
945,268,B,00,00,DATA,00,00,919,0,0,80,80,00,00,1
946,268,A,00,10,DATA,00,10,920,0,0,80,80,00,00,1
947,268,B,00,00,DATA,00,00,921,0,0,80,80,00,00,1
948,268,A,00,55,DATA,00,55,922,0,0,80,80,00,00,1
949,268,B,00,00,DATA,00,00,923,0,0,80,80,00,00,1
950,268,A,00,00,DATA,00,00,924,0,0,80,80,00,00,1
951,268,B,00,00,DATA,00,00,925,0,0,80,80,00,00,1
952,268,A,00,55,DATA,00,55,926,0,0,80,80,00,00,1
953,268,B,00,00,DATA,00,00,927,0,0,80,80,00,00,1
954,268,A,00,00,DATA,00,00,928,0,0,80,80,00,00,1
955,268,B,00,00,DATA,00,00,929,0,0,80,80,00,00,1
956,268,A,00,55,DATA,00,55,930,0,0,80,80,00,00,1
957,268,B,00,00,DATA,00,00,931,0,0,80,80,00,00,1
958,268,A,00,00,DATA,00,00,932,0,0,80,80,00,00,1
959,268,B,00,00,DATA,00,00,933,0,0,80,80,00,00,1
960,268,A,00,55,DATA,00,55,934,0,0,80,80,00,00,1
961,268,B,00,00,DATA,00,00,935,0,0,80,80,00,00,1
962,268,A,00,00,DATA,00,00,936,0,0,80,80,00,00,1
963,268,B,00,00,DATA,00,00,937,0,0,80,80,00,00,1
964,268,A,00,55,DATA,00,55,938,0,0,80,80,00,00,1
965,268,B,00,00,DATA,00,00,939,0,0,80,80,00,00,1
966,268,A,00,00,DATA,00,00,940,0,0,80,80,00,00,1
967,268,B,00,00,DATA,00,00,941,0,0,80,80,00,00,1
968,268,A,00,55,DATA,00,55,942,0,0,80,80,00,00,1
969,268,B,00,00,DATA,00,00,943,0,0,80,80,00,00,1
970,268,A,00,01,DATA,00,01,944,0,0,80,80,00,00,1
971,268,B,01,00,DATA,00,01,945,0,0,80,80,00,00,1
972,268,A,00,57,DATA,00,57,946,0,0,80,80,00,00,1
973,268,B,01,00,DATA,00,01,947,0,0,80,80,00,00,1
974,268,A,00,03,DATA,00,03,948,0,0,80,80,00,00,1
975,268,B,01,00,DATA,00,01,949,0,0,80,80,00,00,1
976,268,A,00,57,DATA,00,57,950,0,0,80,80,00,00,1
977,268,B,01,00,DATA,00,01,951,0,0,80,80,00,00,1
978,268,A,00,01,DATA,00,01,952,0,0,80,80,00,00,1
979,268,B,01,00,DATA,00,01,953,0,0,80,80,00,00,1
980,268,A,00,55,DATA,00,55,954,0,0,80,80,00,00,1
981,268,B,01,00,DATA,00,01,955,0,0,80,80,00,00,1
982,268,A,00,01,DATA,00,01,956,0,0,80,80,00,00,1
983,268,B,01,00,DATA,00,01,957,0,0,80,80,00,00,1
984,268,A,00,55,DATA,00,55,958,0,0,80,80,00,00,1
985,268,B,01,00,DATA,00,01,959,0,0,80,80,00,00,1
986,268,A,00,E0,DATA,00,E0,960,0,0,80,80,00,00,1
987,268,B,80,00,DATA,00,80,961,0,0,80,80,00,00,1
988,268,A,00,F5,DATA,00,F5,962,0,0,80,80,00,00,1
989,268,B,80,00,DATA,00,80,963,0,0,80,80,00,00,1
990,268,A,00,80,DATA,00,80,964,0,0,80,80,00,00,1
991,268,B,80,00,DATA,00,80,965,0,0,80,80,00,00,1
992,268,A,00,FF,DATA,00,FF,966,0,0,80,80,00,00,1
993,268,B,FF,00,DATA,00,FF,967,0,0,80,80,00,00,1
994,268,A,00,00,DATA,00,00,968,0,0,80,80,00,00,1
995,268,B,00,00,DATA,00,00,969,0,0,80,80,00,00,1
996,268,A,00,00,DATA,00,00,970,0,0,80,80,00,00,1
997,268,B,00,00,DATA,00,00,971,0,0,80,80,00,00,1
998,268,A,00,00,DATA,00,00,972,0,0,80,80,00,00,1
999,268,B,00,00,DATA,00,00,973,0,0,80,80,00,00,1
1000,268,A,00,00,DATA,00,00,974,0,0,80,80,00,00,1
1001,268,B,00,00,DATA,00,00,975,0,0,80,80,00,00,1
1002,268,A,00,00,DATA,00,00,976,0,0,80,80,00,00,1
1003,268,B,00,00,DATA,00,00,977,0,0,80,80,00,00,1
1004,268,A,00,55,DATA,00,55,978,0,0,80,80,00,00,1
1005,268,B,00,00,DATA,00,00,979,0,0,80,80,00,00,1
1006,268,A,00,00,DATA,00,00,980,0,0,80,80,00,00,1
1007,268,B,00,00,DATA,00,00,981,0,0,80,80,00,00,1
1008,268,A,00,FF,DATA,00,FF,982,0,0,80,80,00,00,1
1009,268,B,FF,00,DATA,00,FF,983,0,0,80,80,00,00,1
1010,268,A,00,00,DATA,00,00,984,0,0,80,80,00,00,1
1011,268,B,00,00,DATA,00,00,985,0,0,80,80,00,00,1
1012,268,A,00,00,DATA,00,00,986,0,0,80,80,00,00,1
1013,268,B,00,00,DATA,00,00,987,0,0,80,80,00,00,1
1014,268,A,00,00,DATA,00,00,988,0,0,80,80,00,00,1
1015,268,B,00,00,DATA,00,00,989,0,0,80,80,00,00,1
1016,268,A,00,00,DATA,00,00,990,0,0,80,80,00,00,1
1017,268,B,00,00,DATA,00,00,991,0,0,80,80,00,00,1
1018,268,A,00,00,DATA,00,00,992,0,0,80,80,00,00,1
1019,268,B,00,00,DATA,00,00,993,0,0,80,80,00,00,1
1020,268,A,00,15,DATA,00,15,994,0,0,80,80,00,00,1
1021,268,B,00,00,DATA,00,00,995,0,0,80,80,00,00,1
1022,268,A,00,00,DATA,00,00,996,0,0,80,80,00,00,1
1023,268,B,00,00,DATA,00,00,997,0,0,80,80,00,00,1
1024,268,A,00,FF,DATA,00,FF,998,0,0,80,80,00,00,1
1025,268,B,FF,00,DATA,00,FF,999,0,0,80,80,00,00,1
1026,268,A,00,00,DATA,00,00,1000,0,0,80,80,00,00,1
1027,268,B,00,00,DATA,00,00,1001,0,0,80,80,00,00,1
1028,268,A,00,00,DATA,00,00,1002,0,0,80,80,00,00,1
1029,268,B,00,00,DATA,00,00,1003,0,0,80,80,00,00,1
1030,268,A,00,00,DATA,00,00,1004,0,0,80,80,00,00,1
1031,268,B,00,00,DATA,00,00,1005,0,0,80,80,00,00,1
1032,268,A,00,00,DATA,00,00,1006,0,0,80,80,00,00,1
1033,268,B,00,00,DATA,00,00,1007,0,0,80,80,00,00,1
1034,268,A,00,01,DATA,00,01,1008,0,0,80,80,00,00,1
1035,268,B,01,00,DATA,00,01,1009,0,0,80,80,00,00,1
1036,268,A,00,55,DATA,00,55,1010,0,0,80,80,00,00,1
1037,268,B,01,00,DATA,00,01,1011,0,0,80,80,00,00,1
1038,268,A,00,01,DATA,00,01,1012,0,0,80,80,00,00,1
1039,268,B,01,00,DATA,00,01,1013,0,0,80,80,00,00,1
1040,268,A,00,FF,DATA,00,FF,1014,0,0,80,80,00,00,1
1041,268,B,FF,00,DATA,00,FF,1015,0,0,80,80,00,00,1
1042,268,A,00,00,DATA,00,00,1016,0,0,80,80,00,00,1
1043,268,B,00,00,DATA,00,00,1017,0,0,80,80,00,00,1
1044,268,A,00,00,DATA,00,00,1018,0,0,80,80,00,00,1
1045,268,B,00,00,DATA,00,00,1019,0,0,80,80,00,00,1
1046,268,A,00,00,DATA,00,00,1020,0,0,80,80,00,00,1
1047,268,B,00,00,DATA,00,00,1021,0,0,80,80,00,00,1
1048,268,A,00,00,DATA,00,00,1022,0,0,80,80,00,00,1
1049,268,B,00,00,DATA,00,00,1023,0,0,80,80,00,00,1
1050,268,A,00,FF,DATA,00,FF,1024,0,0,80,80,00,00,1
1051,268,B,FF,00,DATA,00,FF,1025,0,0,80,80,00,00,1
1052,268,A,00,D5,DATA,00,D5,1026,0,0,80,80,00,00,1
1053,268,B,FF,00,DATA,00,FF,1027,0,0,80,80,00,00,1
1054,268,A,00,80,DATA,00,80,1028,0,0,80,80,00,00,1
1055,268,B,FF,00,DATA,00,FF,1029,0,0,80,80,00,00,1
1056,268,A,00,D5,DATA,00,D5,1030,0,0,80,80,00,00,1
1057,268,B,FF,00,DATA,00,FF,1031,0,0,80,80,00,00,1
1058,268,A,00,88,DATA,00,88,1032,0,0,80,80,00,00,1
1059,268,B,FF,00,DATA,00,FF,1033,0,0,80,80,00,00,1
1060,268,A,00,D5,DATA,00,D5,1034,0,0,80,80,00,00,1
1061,268,B,FF,00,DATA,00,FF,1035,0,0,80,80,00,00,1
1062,268,A,00,80,DATA,00,80,1036,0,0,80,80,00,00,1
1063,268,B,FF,00,DATA,00,FF,1037,0,0,80,80,00,00,1
1064,268,A,00,D4,DATA,00,D4,1038,0,0,80,80,00,00,1
1065,268,B,FF,00,DATA,00,FF,1039,0,0,80,80,00,00,1
1066,268,A,00,FF,DATA,00,FF,1040,0,0,80,80,00,00,1
1067,268,B,FF,00,DATA,00,FF,1041,0,0,80,80,00,00,1
1068,268,A,00,53,DATA,00,53,1042,0,0,80,80,00,00,1
1069,268,B,FC,00,DATA,00,FC,1043,0,0,80,80,00,00,1
1070,268,A,00,03,DATA,00,03,1044,0,0,80,80,00,00,1
1071,268,B,FC,00,DATA,00,FC,1045,0,0,80,80,00,00,1
1072,268,A,00,53,DATA,00,53,1046,0,0,80,80,00,00,1
1073,268,B,FC,00,DATA,00,FC,1047,0,0,80,80,00,00,1
1074,268,A,00,03,DATA,00,03,1048,0,0,80,80,00,00,1
1075,268,B,FC,00,DATA,00,FC,1049,0,0,80,80,00,00,1
1076,268,A,00,4F,DATA,00,4F,1050,0,0,80,80,00,00,1
1077,268,B,F0,00,DATA,00,F0,1051,0,0,80,80,00,00,1
1078,268,A,00,18,DATA,00,18,1052,0,0,80,80,00,00,1
1079,268,B,E0,00,DATA,00,E0,1053,0,0,80,80,00,00,1
1080,268,A,00,35,DATA,00,35,1054,0,0,80,80,00,00,1
1081,268,B,C0,00,DATA,00,C0,1055,0,0,80,80,00,00,1
1082,268,A,00,FF,DATA,00,FF,1056,0,0,80,80,00,00,1
1083,268,B,FF,00,DATA,00,FF,1057,0,0,80,80,00,00,1
1084,268,A,00,65,DATA,00,65,1058,0,0,80,80,00,00,1
1085,268,B,1F,00,DATA,00,1F,1059,0,0,80,80,00,00,1
1086,268,A,00,1E,DATA,00,1E,1060,0,0,80,80,00,00,1
1087,268,B,01,00,DATA,00,01,1061,0,0,80,80,00,00,1
1088,268,A,00,D7,DATA,00,D7,1062,0,0,80,80,00,00,1
1089,268,B,00,00,DATA,00,00,1063,0,0,80,80,00,00,1
1090,268,A,00,F3,DATA,00,F3,1064,0,0,80,80,00,00,1
1091,268,B,00,00,DATA,00,00,1065,0,0,80,80,00,00,1
1092,268,A,00,55,DATA,00,55,1066,0,0,80,80,00,00,1
1093,268,B,00,00,DATA,00,00,1067,0,0,80,80,00,00,1
1094,268,A,00,00,DATA,00,00,1068,0,0,80,80,00,00,1
1095,268,B,00,00,DATA,00,00,1069,0,0,80,80,00,00,1
1096,268,A,00,55,DATA,00,55,1070,0,0,80,80,00,00,1
1097,268,B,00,00,DATA,00,00,1071,0,0,80,80,00,00,1
1098,268,A,00,FF,DATA,00,FF,1072,0,0,80,80,00,00,1
1099,268,B,FF,00,DATA,00,FF,1073,0,0,80,80,00,00,1
1100,268,A,00,41,DATA,00,41,1074,0,0,80,80,00,00,1
1101,268,B,FF,00,DATA,00,FF,1075,0,0,80,80,00,00,1
1102,268,A,00,01,DATA,00,01,1076,0,0,80,80,00,00,1
1103,268,B,FF,00,DATA,00,FF,1077,0,0,80,80,00,00,1
1104,268,A,00,EB,DATA,00,EB,1078,0,0,80,80,00,00,1
1105,268,B,15,00,DATA,00,15,1079,0,0,80,80,00,00,1
1106,268,A,00,1F,DATA,00,1F,1080,0,0,80,80,00,00,1
1107,268,B,01,00,DATA,00,01,1081,0,0,80,80,00,00,1
1108,268,A,00,55,DATA,00,55,1082,0,0,80,80,00,00,1
1109,268,B,01,00,DATA,00,01,1083,0,0,80,80,00,00,1
1110,268,A,00,01,DATA,00,01,1084,0,0,80,80,00,00,1
1111,268,B,01,00,DATA,00,01,1085,0,0,80,80,00,00,1
1112,268,A,00,55,DATA,00,55,1086,0,0,80,80,00,00,1
1113,268,B,01,00,DATA,00,01,1087,0,0,80,80,00,00,1
1114,268,A,00,80,DATA,00,80,1088,0,0,80,80,00,00,1
1115,268,B,FF,00,DATA,00,FF,1089,0,0,80,80,00,00,1
1116,268,A,00,C2,DATA,00,C2,1090,0,0,80,80,00,00,1
1117,268,B,FD,00,DATA,00,FD,1091,0,0,80,80,00,00,1
1118,268,A,00,8B,DATA,00,8B,1092,0,0,80,80,00,00,1
1119,268,B,F4,00,DATA,00,F4,1093,0,0,80,80,00,00,1
1120,268,A,00,CB,DATA,00,CB,1094,0,0,80,80,00,00,1
1121,268,B,F4,00,DATA,00,F4,1095,0,0,80,80,00,00,1
1122,268,A,00,9E,DATA,00,9E,1096,0,0,80,80,00,00,1
1123,268,B,E0,00,DATA,00,E0,1097,0,0,80,80,00,00,1
1124,268,A,00,8D,DATA,00,8D,1098,0,0,80,80,00,00,1
1125,268,B,F0,00,DATA,00,F0,1099,0,0,80,80,00,00,1
1126,268,A,00,B0,DATA,00,B0,1100,0,0,80,80,00,00,1
1127,268,B,C0,00,DATA,00,C0,1101,0,0,80,80,00,00,1
1128,268,A,00,B5,DATA,00,B5,1102,0,0,80,80,00,00,1
1129,268,B,C0,00,DATA,00,C0,1103,0,0,80,80,00,00,1
1130,268,A,00,E0,DATA,00,E0,1104,0,0,80,80,00,00,1
1131,268,B,00,00,DATA,00,00,1105,0,0,80,80,00,00,1
1132,268,A,00,D5,DATA,00,D5,1106,0,0,80,80,00,00,1
1133,268,B,00,00,DATA,00,00,1107,0,0,80,80,00,00,1
1134,268,A,00,80,DATA,00,80,1108,0,0,80,80,00,00,1
1135,268,B,00,00,DATA,00,00,1109,0,0,80,80,00,00,1
1136,268,A,00,55,DATA,00,55,1110,0,0,80,80,00,00,1
1137,268,B,00,00,DATA,00,00,1111,0,0,80,80,00,00,1
1138,268,A,00,03,DATA,00,03,1112,0,0,80,80,00,00,1
1139,268,B,00,00,DATA,00,00,1113,0,0,80,80,00,00,1
1140,268,A,00,57,DATA,00,57,1114,0,0,80,80,00,00,1
1141,268,B,00,00,DATA,00,00,1115,0,0,80,80,00,00,1
1142,268,A,00,07,DATA,00,07,1116,0,0,80,80,00,00,1
1143,268,B,00,00,DATA,00,00,1117,0,0,80,80,00,00,1
1144,268,A,00,5A,DATA,00,5A,1118,0,0,80,80,00,00,1
1145,268,B,05,00,DATA,00,05,1119,0,0,80,80,00,00,1
1146,268,A,00,00,DATA,00,00,1120,0,0,80,80,00,00,1
1147,268,B,00,00,DATA,00,00,1121,0,0,80,80,00,00,1
1148,268,A,00,15,DATA,00,15,1122,0,0,80,80,00,00,1
1149,268,B,00,00,DATA,00,00,1123,0,0,80,80,00,00,1
1150,268,A,00,00,DATA,00,00,1124,0,0,80,80,00,00,1
1151,268,B,00,00,DATA,00,00,1125,0,0,80,80,00,00,1
1152,268,A,00,45,DATA,00,45,1126,0,0,80,80,00,00,1
1153,268,B,00,00,DATA,00,00,1127,0,0,80,80,00,00,1
1154,268,A,00,00,DATA,00,00,1128,0,0,80,80,00,00,1
1155,268,B,00,00,DATA,00,00,1129,0,0,80,80,00,00,1
1156,268,A,00,45,DATA,00,45,1130,0,0,80,80,00,00,1
1157,268,B,00,00,DATA,00,00,1131,0,0,80,80,00,00,1
1158,268,A,00,80,DATA,00,80,1132,0,0,80,80,00,00,1
1159,268,B,00,00,DATA,00,00,1133,0,0,80,80,00,00,1
1160,268,A,00,D5,DATA,00,D5,1134,0,0,80,80,00,00,1
1161,268,B,00,00,DATA,00,00,1135,0,0,80,80,00,00,1
1162,268,A,00,01,DATA,00,01,1136,0,0,80,80,00,00,1
1163,268,B,01,00,DATA,00,01,1137,0,0,80,80,00,00,1
1164,268,A,00,55,DATA,00,55,1138,0,0,80,80,00,00,1
1165,268,B,01,00,DATA,00,01,1139,0,0,80,80,00,00,1
1166,268,A,00,03,DATA,00,03,1140,0,0,80,80,00,00,1
1167,268,B,01,00,DATA,00,01,1141,0,0,80,80,00,00,1
1168,268,A,00,57,DATA,00,57,1142,0,0,80,80,00,00,1
1169,268,B,01,00,DATA,00,01,1143,0,0,80,80,00,00,1
1170,268,A,00,07,DATA,00,07,1144,0,0,80,80,00,00,1
1171,268,B,01,00,DATA,00,01,1145,0,0,80,80,00,00,1
1172,268,A,00,5F,DATA,00,5F,1146,0,0,80,80,00,00,1
1173,268,B,01,00,DATA,00,01,1147,0,0,80,80,00,00,1
1174,268,A,00,01,DATA,00,01,1148,0,0,80,80,00,00,1
1175,268,B,01,00,DATA,00,01,1149,0,0,80,80,00,00,1
1176,268,A,00,77,DATA,00,77,1150,0,0,80,80,00,00,1
1177,268,B,01,00,DATA,00,01,1151,0,0,80,80,00,00,1
1178,268,A,00,A0,DATA,00,A0,1152,0,0,80,80,00,00,1
1179,268,B,C0,00,DATA,00,C0,1153,0,0,80,80,00,00,1
1180,268,A,00,B5,DATA,00,B5,1154,0,0,80,80,00,00,1
1181,268,B,C0,00,DATA,00,C0,1155,0,0,80,80,00,00,1
1182,268,A,00,E0,DATA,00,E0,1156,0,0,80,80,00,00,1
1183,268,B,80,00,DATA,00,80,1157,0,0,80,80,00,00,1
1184,268,A,00,B5,DATA,00,B5,1158,0,0,80,80,00,00,1
1185,268,B,C0,00,DATA,00,C0,1159,0,0,80,80,00,00,1
1186,268,A,00,E0,DATA,00,E0,1160,0,0,80,80,00,00,1
1187,268,B,80,00,DATA,00,80,1161,0,0,80,80,00,00,1
1188,268,A,00,B5,DATA,00,B5,1162,0,0,80,80,00,00,1
1189,268,B,C0,00,DATA,00,C0,1163,0,0,80,80,00,00,1
1190,268,A,00,E0,DATA,00,E0,1164,0,0,80,80,00,00,1
1191,268,B,80,00,DATA,00,80,1165,0,0,80,80,00,00,1
1192,268,A,00,B7,DATA,00,B7,1166,0,0,80,80,00,00,1
1193,268,B,C0,00,DATA,00,C0,1167,0,0,80,80,00,00,1
1194,268,A,00,0F,DATA,00,0F,1168,0,0,80,80,00,00,1
1195,268,B,00,00,DATA,00,00,1169,0,0,80,80,00,00,1
1196,268,A,00,5B,DATA,00,5B,1170,0,0,80,80,00,00,1
1197,268,B,04,00,DATA,00,04,1171,0,0,80,80,00,00,1
1198,268,A,00,1F,DATA,00,1F,1172,0,0,80,80,00,00,1
1199,268,B,00,00,DATA,00,00,1173,0,0,80,80,00,00,1
1200,268,A,00,5F,DATA,00,5F,1174,0,0,80,80,00,00,1
1201,268,B,00,00,DATA,00,00,1175,0,0,80,80,00,00,1
1202,268,A,00,1C,DATA,00,1C,1176,0,0,80,80,00,00,1
1203,268,B,00,00,DATA,00,00,1177,0,0,80,80,00,00,1
1204,268,A,00,5D,DATA,00,5D,1178,0,0,80,80,00,00,1
1205,268,B,00,00,DATA,00,00,1179,0,0,80,80,00,00,1
1206,268,A,00,8F,DATA,00,8F,1180,0,0,80,80,00,00,1
1207,268,B,00,00,DATA,00,00,1181,0,0,80,80,00,00,1
1208,268,A,00,D5,DATA,00,D5,1182,0,0,80,80,00,00,1
1209,268,B,0F,00,DATA,00,0F,1183,0,0,80,80,00,00,1
1210,268,A,00,80,DATA,00,80,1184,0,0,80,80,00,00,1
1211,268,B,00,00,DATA,00,00,1185,0,0,80,80,00,00,1
1212,268,A,00,D5,DATA,00,D5,1186,0,0,80,80,00,00,1
1213,268,B,00,00,DATA,00,00,1187,0,0,80,80,00,00,1
1214,268,A,00,00,DATA,00,00,1188,0,0,80,80,00,00,1
1215,268,B,00,00,DATA,00,00,1189,0,0,80,80,00,00,1
1216,268,A,00,55,DATA,00,55,1190,0,0,80,80,00,00,1
1217,268,B,00,00,DATA,00,00,1191,0,0,80,80,00,00,1
1218,268,A,00,03,DATA,00,03,1192,0,0,80,80,00,00,1
1219,268,B,00,00,DATA,00,00,1193,0,0,80,80,00,00,1
1220,268,A,00,56,DATA,00,56,1194,0,0,80,80,00,00,1
1221,268,B,01,00,DATA,00,01,1195,0,0,80,80,00,00,1
1222,268,A,00,00,DATA,00,00,1196,0,0,80,80,00,00,1
1223,268,B,03,00,DATA,00,03,1197,0,0,80,80,00,00,1
1224,268,A,00,35,DATA,00,35,1198,0,0,80,80,00,00,1
1225,268,B,C3,00,DATA,00,C3,1199,0,0,80,80,00,00,1
1226,268,A,00,9F,DATA,00,9F,1200,0,0,80,80,00,00,1
1227,268,B,01,00,DATA,00,01,1201,0,0,80,80,00,00,1
1228,268,A,00,DF,DATA,00,DF,1202,0,0,80,80,00,00,1
1229,268,B,01,00,DATA,00,01,1203,0,0,80,80,00,00,1
1230,268,A,00,DF,DATA,00,DF,1204,0,0,80,80,00,00,1
1231,268,B,01,00,DATA,00,01,1205,0,0,80,80,00,00,1
1232,268,A,00,DF,DATA,00,DF,1206,0,0,80,80,00,00,1
1233,268,B,01,00,DATA,00,01,1207,0,0,80,80,00,00,1
1234,268,A,00,FF,DATA,00,FF,1208,0,0,80,80,00,00,1
1235,268,B,01,00,DATA,00,01,1209,0,0,80,80,00,00,1
1236,268,A,00,BF,DATA,00,BF,1210,0,0,80,80,00,00,1
1237,268,B,41,00,DATA,00,41,1211,0,0,80,80,00,00,1
1238,268,A,00,11,DATA,00,11,1212,0,0,80,80,00,00,1
1239,268,B,E1,00,DATA,00,E1,1213,0,0,80,80,00,00,1
1240,268,A,00,4D,DATA,00,4D,1214,0,0,80,80,00,00,1
1241,268,B,F1,00,DATA,00,F1,1215,0,0,80,80,00,00,1
1242,268,A,00,BF,DATA,00,BF,1216,0,0,80,80,00,00,1
1243,268,B,C0,00,DATA,00,C0,1217,0,0,80,80,00,00,1
1244,268,A,00,AE,DATA,00,AE,1218,0,0,80,80,00,00,1
1245,268,B,D1,00,DATA,00,D1,1219,0,0,80,80,00,00,1
1246,268,A,00,FF,DATA,00,FF,1220,0,0,80,80,00,00,1
1247,268,B,80,00,DATA,00,80,1221,0,0,80,80,00,00,1
1248,268,A,00,FF,DATA,00,FF,1222,0,0,80,80,00,00,1
1249,268,B,FF,00,DATA,00,FF,1223,0,0,80,80,00,00,1
1250,268,A,00,00,DATA,00,00,1224,0,0,80,80,00,00,1
1251,268,B,00,00,DATA,00,00,1225,0,0,80,80,00,00,1
1252,268,A,00,00,DATA,00,00,1226,0,0,80,80,00,00,1
1253,268,B,00,00,DATA,00,00,1227,0,0,80,80,00,00,1
1254,268,A,00,00,DATA,00,00,1228,0,0,80,80,00,00,1
1255,268,B,00,00,DATA,00,00,1229,0,0,80,80,00,00,1
1256,268,A,00,00,DATA,00,00,1230,0,0,80,80,00,00,1
1257,268,B,00,00,DATA,00,00,1231,0,0,80,80,00,00,1
1258,268,A,00,E0,DATA,00,E0,1232,0,0,80,80,00,00,1
1259,268,B,1F,00,DATA,00,1F,1233,0,0,80,80,00,00,1
1260,268,A,00,80,DATA,00,80,1234,0,0,80,80,00,00,1
1261,268,B,7F,00,DATA,00,7F,1235,0,0,80,80,00,00,1
1262,268,A,00,E0,DATA,00,E0,1236,0,0,80,80,00,00,1
1263,268,B,1F,00,DATA,00,1F,1237,0,0,80,80,00,00,1
1264,268,A,00,FF,DATA,00,FF,1238,0,0,80,80,00,00,1
1265,268,B,FF,00,DATA,00,FF,1239,0,0,80,80,00,00,1
1266,268,A,00,00,DATA,00,00,1240,0,0,80,80,00,00,1
1267,268,B,00,00,DATA,00,00,1241,0,0,80,80,00,00,1
1268,268,A,00,00,DATA,00,00,1242,0,0,80,80,00,00,1
1269,268,B,00,00,DATA,00,00,1243,0,0,80,80,00,00,1
1270,268,A,00,00,DATA,00,00,1244,0,0,80,80,00,00,1
1271,268,B,00,00,DATA,00,00,1245,0,0,80,80,00,00,1
1272,268,A,00,00,DATA,00,00,1246,0,0,80,80,00,00,1
1273,268,B,00,00,DATA,00,00,1247,0,0,80,80,00,00,1
1274,268,A,00,00,DATA,00,00,1248,0,0,80,80,00,00,1
1275,268,B,FF,00,DATA,00,FF,1249,0,0,80,80,00,00,1
1276,268,A,00,45,DATA,00,45,1250,0,0,80,80,00,00,1
1277,268,B,FF,00,DATA,00,FF,1251,0,0,80,80,00,00,1
1278,268,A,00,00,DATA,00,00,1252,0,0,80,80,00,00,1
1279,268,B,FF,00,DATA,00,FF,1253,0,0,80,80,00,00,1
1280,268,A,00,FF,DATA,00,FF,1254,0,0,80,80,00,00,1
1281,268,B,FF,00,DATA,00,FF,1255,0,0,80,80,00,00,1
1282,268,A,00,00,DATA,00,00,1256,0,0,80,80,00,00,1
1283,268,B,00,00,DATA,00,00,1257,0,0,80,80,00,00,1
1284,268,A,00,00,DATA,00,00,1258,0,0,80,80,00,00,1
1285,268,B,00,00,DATA,00,00,1259,0,0,80,80,00,00,1
1286,268,A,00,00,DATA,00,00,1260,0,0,80,80,00,00,1
1287,268,B,00,00,DATA,00,00,1261,0,0,80,80,00,00,1
1288,268,A,00,00,DATA,00,00,1262,0,0,80,80,00,00,1
1289,268,B,00,00,DATA,00,00,1263,0,0,80,80,00,00,1
1290,268,A,00,09,DATA,00,09,1264,0,0,80,80,00,00,1
1291,268,B,F1,00,DATA,00,F1,1265,0,0,80,80,00,00,1
1292,268,A,00,5D,DATA,00,5D,1266,0,0,80,80,00,00,1
1293,268,B,F1,00,DATA,00,F1,1267,0,0,80,80,00,00,1
1294,268,A,00,01,DATA,00,01,1268,0,0,80,80,00,00,1
1295,268,B,F9,00,DATA,00,F9,1269,0,0,80,80,00,00,1
1296,268,A,00,FF,DATA,00,FF,1270,0,0,80,80,00,00,1
1297,268,B,FF,00,DATA,00,FF,1271,0,0,80,80,00,00,1
1298,268,A,00,00,DATA,00,00,1272,0,0,80,80,00,00,1
1299,268,B,00,00,DATA,00,00,1273,0,0,80,80,00,00,1
1300,268,A,00,00,DATA,00,00,1274,0,0,80,80,00,00,1
1301,268,B,00,00,DATA,00,00,1275,0,0,80,80,00,00,1
1302,268,A,00,00,DATA,00,00,1276,0,0,80,80,00,00,1
1303,268,B,00,00,DATA,00,00,1277,0,0,80,80,00,00,1
1304,268,A,00,00,DATA,00,00,1278,0,0,80,80,00,00,1
1305,268,B,00,00,DATA,00,00,1279,0,0,80,80,00,00,1
1306,268,A,00,FF,DATA,00,FF,1280,0,0,80,80,00,00,1
1307,268,B,FF,00,DATA,00,FF,1281,0,0,80,80,00,00,1
1308,268,A,00,81,DATA,00,81,1282,0,0,80,80,00,00,1
1309,268,B,FE,00,DATA,00,FE,1283,0,0,80,80,00,00,1
1310,268,A,00,C3,DATA,00,C3,1284,0,0,80,80,00,00,1
1311,268,B,BC,00,DATA,00,BC,1285,0,0,80,80,00,00,1
1312,268,A,00,82,DATA,00,82,1286,0,0,80,80,00,00,1
1313,268,B,FD,00,DATA,00,FD,1287,0,0,80,80,00,00,1
1314,268,A,00,C3,DATA,00,C3,1288,0,0,80,80,00,00,1
1315,268,B,BC,00,DATA,00,BC,1289,0,0,80,80,00,00,1
1316,268,A,00,86,DATA,00,86,1290,0,0,80,80,00,00,1
1317,268,B,FD,00,DATA,00,FD,1291,0,0,80,80,00,00,1
1318,268,A,00,C3,DATA,00,C3,1292,0,0,80,80,00,00,1
1319,268,B,BC,00,DATA,00,BC,1293,0,0,80,80,00,00,1
1320,268,A,00,A6,DATA,00,A6,1294,0,0,80,80,00,00,1
1321,268,B,DD,00,DATA,00,DD,1295,0,0,80,80,00,00,1
1322,268,A,00,FF,DATA,00,FF,1296,0,0,80,80,00,00,1
1323,268,B,FF,00,DATA,00,FF,1297,0,0,80,80,00,00,1
1324,268,A,00,55,DATA,00,55,1298,0,0,80,80,00,00,1
1325,268,B,00,00,DATA,00,00,1299,0,0,80,80,00,00,1
1326,268,A,00,00,DATA,00,00,1300,0,0,80,80,00,00,1
1327,268,B,00,00,DATA,00,00,1301,0,0,80,80,00,00,1
1328,268,A,00,D5,DATA,00,D5,1302,0,0,80,80,00,00,1
1329,268,B,00,00,DATA,00,00,1303,0,0,80,80,00,00,1
1330,268,A,00,C3,DATA,00,C3,1304,0,0,80,80,00,00,1
1331,268,B,00,00,DATA,00,00,1305,0,0,80,80,00,00,1
1332,268,A,00,97,DATA,00,97,1306,0,0,80,80,00,00,1
1333,268,B,40,00,DATA,00,40,1307,0,0,80,80,00,00,1
1334,268,A,00,C3,DATA,00,C3,1308,0,0,80,80,00,00,1
1335,268,B,00,00,DATA,00,00,1309,0,0,80,80,00,00,1
1336,268,A,00,D5,DATA,00,D5,1310,0,0,80,80,00,00,1
1337,268,B,00,00,DATA,00,00,1311,0,0,80,80,00,00,1
1338,268,A,00,FF,DATA,00,FF,1312,0,0,80,80,00,00,1
1339,268,B,FF,00,DATA,00,FF,1313,0,0,80,80,00,00,1
1340,268,A,00,55,DATA,00,55,1314,0,0,80,80,00,00,1
1341,268,B,00,00,DATA,00,00,1315,0,0,80,80,00,00,1
1342,268,A,00,00,DATA,00,00,1316,0,0,80,80,00,00,1
1343,268,B,00,00,DATA,00,00,1317,0,0,80,80,00,00,1
1344,268,A,00,D5,DATA,00,D5,1318,0,0,80,80,00,00,1
1345,268,B,00,00,DATA,00,00,1319,0,0,80,80,00,00,1
1346,268,A,00,C0,DATA,00,C0,1320,0,0,80,80,00,00,1
1347,268,B,00,00,DATA,00,00,1321,0,0,80,80,00,00,1
1348,268,A,00,D5,DATA,00,D5,1322,0,0,80,80,00,00,1
1349,268,B,00,00,DATA,00,00,1323,0,0,80,80,00,00,1
1350,268,A,00,80,DATA,00,80,1324,0,0,80,80,00,00,1
1351,268,B,00,00,DATA,00,00,1325,0,0,80,80,00,00,1
1352,268,A,00,F5,DATA,00,F5,1326,0,0,80,80,00,00,1
1353,268,B,00,00,DATA,00,00,1327,0,0,80,80,00,00,1
1354,268,A,00,FF,DATA,00,FF,1328,0,0,80,80,00,00,1
1355,268,B,FF,00,DATA,00,FF,1329,0,0,80,80,00,00,1
1356,268,A,00,07,DATA,00,07,1330,0,0,80,80,00,00,1
1357,268,B,7F,00,DATA,00,7F,1331,0,0,80,80,00,00,1
1358,268,A,00,63,DATA,00,63,1332,0,0,80,80,00,00,1
1359,268,B,1F,00,DATA,00,1F,1333,0,0,80,80,00,00,1
1360,268,A,00,67,DATA,00,67,1334,0,0,80,80,00,00,1
1361,268,B,1F,00,DATA,00,1F,1335,0,0,80,80,00,00,1
1362,268,A,00,11,DATA,00,11,1336,0,0,80,80,00,00,1
1363,268,B,0F,00,DATA,00,0F,1337,0,0,80,80,00,00,1
1364,268,A,00,57,DATA,00,57,1338,0,0,80,80,00,00,1
1365,268,B,0F,00,DATA,00,0F,1339,0,0,80,80,00,00,1
1366,268,A,00,09,DATA,00,09,1340,0,0,80,80,00,00,1
1367,268,B,07,00,DATA,00,07,1341,0,0,80,80,00,00,1
1368,268,A,00,59,DATA,00,59,1342,0,0,80,80,00,00,1
1369,268,B,07,00,DATA,00,07,1343,0,0,80,80,00,00,1
1370,268,A,00,A1,DATA,00,A1,1344,0,0,80,80,00,00,1
1371,268,B,DE,00,DATA,00,DE,1345,0,0,80,80,00,00,1
1372,268,A,00,84,DATA,00,84,1346,0,0,80,80,00,00,1
1373,268,B,FF,00,DATA,00,FF,1347,0,0,80,80,00,00,1
1374,268,A,00,81,DATA,00,81,1348,0,0,80,80,00,00,1
1375,268,B,FE,00,DATA,00,FE,1349,0,0,80,80,00,00,1
1376,268,A,00,97,DATA,00,97,1350,0,0,80,80,00,00,1
1377,268,B,FC,00,DATA,00,FC,1351,0,0,80,80,00,00,1
1378,268,A,00,82,DATA,00,82,1352,0,0,80,80,00,00,1
1379,268,B,FC,00,DATA,00,FC,1353,0,0,80,80,00,00,1
1380,268,A,00,D7,DATA,00,D7,1354,0,0,80,80,00,00,1
1381,268,B,FC,00,DATA,00,FC,1355,0,0,80,80,00,00,1
1382,268,A,00,83,DATA,00,83,1356,0,0,80,80,00,00,1
1383,268,B,FC,00,DATA,00,FC,1357,0,0,80,80,00,00,1
1384,268,A,00,D7,DATA,00,D7,1358,0,0,80,80,00,00,1
1385,268,B,FC,00,DATA,00,FC,1359,0,0,80,80,00,00,1
1386,268,A,00,C1,DATA,00,C1,1360,0,0,80,80,00,00,1
1387,268,B,00,00,DATA,00,00,1361,0,0,80,80,00,00,1
1388,268,A,00,D5,DATA,00,D5,1362,0,0,80,80,00,00,1
1389,268,B,00,00,DATA,00,00,1363,0,0,80,80,00,00,1
1390,268,A,00,80,DATA,00,80,1364,0,0,80,80,00,00,1
1391,268,B,00,00,DATA,00,00,1365,0,0,80,80,00,00,1
1392,268,A,00,55,DATA,00,55,1366,0,0,80,80,00,00,1
1393,268,B,00,00,DATA,00,00,1367,0,0,80,80,00,00,1
1394,268,A,00,00,DATA,00,00,1368,0,0,80,80,00,00,1
1395,268,B,00,00,DATA,00,00,1369,0,0,80,80,00,00,1
1396,268,A,00,F5,DATA,00,F5,1370,0,0,80,80,00,00,1
1397,268,B,00,00,DATA,00,00,1371,0,0,80,80,00,00,1
1398,268,A,00,E0,DATA,00,E0,1372,0,0,80,80,00,00,1
1399,268,B,00,00,DATA,00,00,1373,0,0,80,80,00,00,1
1400,268,A,00,B5,DATA,00,B5,1374,0,0,80,80,00,00,1
1401,268,B,40,00,DATA,00,40,1375,0,0,80,80,00,00,1
1402,268,A,00,E0,DATA,00,E0,1376,0,0,80,80,00,00,1
1403,268,B,00,00,DATA,00,00,1377,0,0,80,80,00,00,1
1404,268,A,00,40,DATA,00,40,1378,0,0,80,80,00,00,1
1405,268,B,00,00,DATA,00,00,1379,0,0,80,80,00,00,1
1406,268,A,00,00,DATA,00,00,1380,0,0,80,80,00,00,1
1407,268,B,00,00,DATA,00,00,1381,0,0,80,80,00,00,1
1408,268,A,00,00,DATA,00,00,1382,0,0,80,80,00,00,1
1409,268,B,00,00,DATA,00,00,1383,0,0,80,80,00,00,1
1410,268,A,00,00,DATA,00,00,1384,0,0,80,80,00,00,1
1411,268,B,00,00,DATA,00,00,1385,0,0,80,80,00,00,1
1412,268,A,00,51,DATA,00,51,1386,0,0,80,80,00,00,1
1413,268,B,00,00,DATA,00,00,1387,0,0,80,80,00,00,1
1414,268,A,00,00,DATA,00,00,1388,0,0,80,80,00,00,1
1415,268,B,00,00,DATA,00,00,1389,0,0,80,80,00,00,1
1416,268,A,00,75,DATA,00,75,1390,0,0,80,80,00,00,1
1417,268,B,00,00,DATA,00,00,1391,0,0,80,80,00,00,1
1418,268,A,00,0F,DATA,00,0F,1392,0,0,80,80,00,00,1
1419,268,B,01,00,DATA,00,01,1393,0,0,80,80,00,00,1
1420,268,A,00,53,DATA,00,53,1394,0,0,80,80,00,00,1
1421,268,B,05,00,DATA,00,05,1395,0,0,80,80,00,00,1
1422,268,A,00,0F,DATA,00,0F,1396,0,0,80,80,00,00,1
1423,268,B,01,00,DATA,00,01,1397,0,0,80,80,00,00,1
1424,268,A,00,5F,DATA,00,5F,1398,0,0,80,80,00,00,1
1425,268,B,01,00,DATA,00,01,1399,0,0,80,80,00,00,1
1426,268,A,00,0F,DATA,00,0F,1400,0,0,80,80,00,00,1
1427,268,B,01,00,DATA,00,01,1401,0,0,80,80,00,00,1
1428,268,A,00,5D,DATA,00,5D,1402,0,0,80,80,00,00,1
1429,268,B,01,00,DATA,00,01,1403,0,0,80,80,00,00,1
1430,268,A,00,0D,DATA,00,0D,1404,0,0,80,80,00,00,1
1431,268,B,01,00,DATA,00,01,1405,0,0,80,80,00,00,1
1432,268,A,00,55,DATA,00,55,1406,0,0,80,80,00,00,1
1433,268,B,01,00,DATA,00,01,1407,0,0,80,80,00,00,1
1434,268,A,00,A1,DATA,00,A1,1408,0,0,80,80,00,00,1
1435,268,B,FE,00,DATA,00,FE,1409,0,0,80,80,00,00,1
1436,268,A,00,F4,DATA,00,F4,1410,0,0,80,80,00,00,1
1437,268,B,FF,00,DATA,00,FF,1411,0,0,80,80,00,00,1
1438,268,A,00,F8,DATA,00,F8,1412,0,0,80,80,00,00,1
1439,268,B,FF,00,DATA,00,FF,1413,0,0,80,80,00,00,1
1440,268,A,00,FD,DATA,00,FD,1414,0,0,80,80,00,00,1
1441,268,B,FF,00,DATA,00,FF,1415,0,0,80,80,00,00,1
1442,268,A,00,F8,DATA,00,F8,1416,0,0,80,80,00,00,1
1443,268,B,FF,00,DATA,00,FF,1417,0,0,80,80,00,00,1
1444,268,A,00,FD,DATA,00,FD,1418,0,0,80,80,00,00,1
1445,268,B,FF,00,DATA,00,FF,1419,0,0,80,80,00,00,1
1446,268,A,00,EC,DATA,00,EC,1420,0,0,80,80,00,00,1
1447,268,B,FF,00,DATA,00,FF,1421,0,0,80,80,00,00,1
1448,268,A,00,DF,DATA,00,DF,1422,0,0,80,80,00,00,1
1449,268,B,FF,00,DATA,00,FF,1423,0,0,80,80,00,00,1
1450,268,A,00,E0,DATA,00,E0,1424,0,0,80,80,00,00,1
1451,268,B,00,00,DATA,00,00,1425,0,0,80,80,00,00,1
1452,268,A,00,BD,DATA,00,BD,1426,0,0,80,80,00,00,1
1453,268,B,40,00,DATA,00,40,1427,0,0,80,80,00,00,1
1454,268,A,00,E0,DATA,00,E0,1428,0,0,80,80,00,00,1
1455,268,B,00,00,DATA,00,00,1429,0,0,80,80,00,00,1
1456,268,A,00,B7,DATA,00,B7,1430,0,0,80,80,00,00,1
1457,268,B,40,00,DATA,00,40,1431,0,0,80,80,00,00,1
1458,268,A,00,7C,DATA,00,7C,1432,0,0,80,80,00,00,1
1459,268,B,80,00,DATA,00,80,1433,0,0,80,80,00,00,1
1460,268,A,00,35,DATA,00,35,1434,0,0,80,80,00,00,1
1461,268,B,C0,00,DATA,00,C0,1435,0,0,80,80,00,00,1
1462,268,A,00,38,DATA,00,38,1436,0,0,80,80,00,00,1
1463,268,B,C0,00,DATA,00,C0,1437,0,0,80,80,00,00,1
1464,268,A,00,5D,DATA,00,5D,1438,0,0,80,80,00,00,1
1465,268,B,E0,00,DATA,00,E0,1439,0,0,80,80,00,00,1
1466,268,A,00,30,DATA,00,30,1440,0,0,80,80,00,00,1
1467,268,B,00,00,DATA,00,00,1441,0,0,80,80,00,00,1
1468,268,A,00,F5,DATA,00,F5,1442,0,0,80,80,00,00,1
1469,268,B,00,00,DATA,00,00,1443,0,0,80,80,00,00,1
1470,268,A,00,70,DATA,00,70,1444,0,0,80,80,00,00,1
1471,268,B,00,00,DATA,00,00,1445,0,0,80,80,00,00,1
1472,268,A,00,55,DATA,00,55,1446,0,0,80,80,00,00,1
1473,268,B,00,00,DATA,00,00,1447,0,0,80,80,00,00,1
1474,268,A,00,00,DATA,00,00,1448,0,0,80,80,00,00,1
1475,268,B,00,00,DATA,00,00,1449,0,0,80,80,00,00,1
1476,268,A,00,55,DATA,00,55,1450,0,0,80,80,00,00,1
1477,268,B,00,00,DATA,00,00,1451,0,0,80,80,00,00,1
1478,268,A,00,01,DATA,00,01,1452,0,0,80,80,00,00,1
1479,268,B,00,00,DATA,00,00,1453,0,0,80,80,00,00,1
1480,268,A,00,55,DATA,00,55,1454,0,0,80,80,00,00,1
1481,268,B,00,00,DATA,00,00,1455,0,0,80,80,00,00,1
1482,268,A,00,1D,DATA,00,1D,1456,0,0,80,80,00,00,1
1483,268,B,03,00,DATA,00,03,1457,0,0,80,80,00,00,1
1484,268,A,00,59,DATA,00,59,1458,0,0,80,80,00,00,1
1485,268,B,07,00,DATA,00,07,1459,0,0,80,80,00,00,1
1486,268,A,00,1D,DATA,00,1D,1460,0,0,80,80,00,00,1
1487,268,B,03,00,DATA,00,03,1461,0,0,80,80,00,00,1
1488,268,A,00,7D,DATA,00,7D,1462,0,0,80,80,00,00,1
1489,268,B,03,00,DATA,00,03,1463,0,0,80,80,00,00,1
1490,268,A,00,7D,DATA,00,7D,1464,0,0,80,80,00,00,1
1491,268,B,03,00,DATA,00,03,1465,0,0,80,80,00,00,1
1492,268,A,00,75,DATA,00,75,1466,0,0,80,80,00,00,1
1493,268,B,03,00,DATA,00,03,1467,0,0,80,80,00,00,1
1494,268,A,00,F5,DATA,00,F5,1468,0,0,80,80,00,00,1
1495,268,B,03,00,DATA,00,03,1469,0,0,80,80,00,00,1
1496,268,A,00,F5,DATA,00,F5,1470,0,0,80,80,00,00,1
1497,268,B,03,00,DATA,00,03,1471,0,0,80,80,00,00,1
1498,268,A,00,A0,DATA,00,A0,1472,0,0,80,80,00,00,1
1499,268,B,FF,00,DATA,00,FF,1473,0,0,80,80,00,00,1
1500,268,A,00,D5,DATA,00,D5,1474,0,0,80,80,00,00,1
1501,268,B,FF,00,DATA,00,FF,1475,0,0,80,80,00,00,1
1502,268,A,00,A0,DATA,00,A0,1476,0,0,80,80,00,00,1
1503,268,B,FF,00,DATA,00,FF,1477,0,0,80,80,00,00,1
1504,268,A,00,FF,DATA,00,FF,1478,0,0,80,80,00,00,1
1505,268,B,FF,00,DATA,00,FF,1479,0,0,80,80,00,00,1
1506,268,A,00,00,DATA,00,00,1480,0,0,80,80,00,00,1
1507,268,B,00,00,DATA,00,00,1481,0,0,80,80,00,00,1
1508,268,A,00,00,DATA,00,00,1482,0,0,80,80,00,00,1
1509,268,B,00,00,DATA,00,00,1483,0,0,80,80,00,00,1
1510,268,A,00,00,DATA,00,00,1484,0,0,80,80,00,00,1
1511,268,B,00,00,DATA,00,00,1485,0,0,80,80,00,00,1
1512,268,A,00,00,DATA,00,00,1486,0,0,80,80,00,00,1
1513,268,B,00,00,DATA,00,00,1487,0,0,80,80,00,00,1
1514,268,A,00,10,DATA,00,10,1488,0,0,80,80,00,00,1
1515,268,B,E0,00,DATA,00,E0,1489,0,0,80,80,00,00,1
1516,268,A,00,7D,DATA,00,7D,1490,0,0,80,80,00,00,1
1517,268,B,C0,00,DATA,00,C0,1491,0,0,80,80,00,00,1
1518,268,A,00,38,DATA,00,38,1492,0,0,80,80,00,00,1
1519,268,B,C0,00,DATA,00,C0,1493,0,0,80,80,00,00,1
1520,268,A,00,FF,DATA,00,FF,1494,0,0,80,80,00,00,1
1521,268,B,FF,00,DATA,00,FF,1495,0,0,80,80,00,00,1
1522,268,A,00,00,DATA,00,00,1496,0,0,80,80,00,00,1
1523,268,B,00,00,DATA,00,00,1497,0,0,80,80,00,00,1
1524,268,A,00,00,DATA,00,00,1498,0,0,80,80,00,00,1
1525,268,B,00,00,DATA,00,00,1499,0,0,80,80,00,00,1
1526,268,A,00,00,DATA,00,00,1500,0,0,80,80,00,00,1
1527,268,B,00,00,DATA,00,00,1501,0,0,80,80,00,00,1
1528,268,A,00,00,DATA,00,00,1502,0,0,80,80,00,00,1
1529,268,B,00,00,DATA,00,00,1503,0,0,80,80,00,00,1
1530,268,A,00,01,DATA,00,01,1504,0,0,80,80,00,00,1
1531,268,B,00,00,DATA,00,00,1505,0,0,80,80,00,00,1
1532,268,A,00,55,DATA,00,55,1506,0,0,80,80,00,00,1
1533,268,B,00,00,DATA,00,00,1507,0,0,80,80,00,00,1
1534,268,A,00,17,DATA,00,17,1508,0,0,80,80,00,00,1
1535,268,B,00,00,DATA,00,00,1509,0,0,80,80,00,00,1
1536,268,A,00,FF,DATA,00,FF,1510,0,0,80,80,00,00,1
1537,268,B,FF,00,DATA,00,FF,1511,0,0,80,80,00,00,1
1538,268,A,00,00,DATA,00,00,1512,0,0,80,80,00,00,1
1539,268,B,00,00,DATA,00,00,1513,0,0,80,80,00,00,1
1540,268,A,00,00,DATA,00,00,1514,0,0,80,80,00,00,1
1541,268,B,00,00,DATA,00,00,1515,0,0,80,80,00,00,1
1542,268,A,00,00,DATA,00,00,1516,0,0,80,80,00,00,1
1543,268,B,00,00,DATA,00,00,1517,0,0,80,80,00,00,1
1544,268,A,00,00,DATA,00,00,1518,0,0,80,80,00,00,1
1545,268,B,00,00,DATA,00,00,1519,0,0,80,80,00,00,1
1546,268,A,00,C5,DATA,00,C5,1520,0,0,80,80,00,00,1
1547,268,B,03,00,DATA,00,03,1521,0,0,80,80,00,00,1
1548,268,A,00,D1,DATA,00,D1,1522,0,0,80,80,00,00,1
1549,268,B,07,00,DATA,00,07,1523,0,0,80,80,00,00,1
1550,268,A,00,0D,DATA,00,0D,1524,0,0,80,80,00,00,1
1551,268,B,03,00,DATA,00,03,1525,0,0,80,80,00,00,1
1552,268,A,00,FF,DATA,00,FF,1526,0,0,80,80,00,00,1
1553,268,B,FF,00,DATA,00,FF,1527,0,0,80,80,00,00,1
1554,268,A,00,00,DATA,00,00,1528,0,0,80,80,00,00,1
1555,268,B,00,00,DATA,00,00,1529,0,0,80,80,00,00,1
1556,268,A,00,00,DATA,00,00,1530,0,0,80,80,00,00,1
1557,268,B,00,00,DATA,00,00,1531,0,0,80,80,00,00,1
1558,268,A,00,00,DATA,00,00,1532,0,0,80,80,00,00,1
1559,268,B,00,00,DATA,00,00,1533,0,0,80,80,00,00,1
1560,268,A,00,00,DATA,00,00,1534,0,0,80,80,00,00,1
1561,268,B,00,00,DATA,00,00,1535,0,0,80,80,00,00,1
1562,268,A,00,FF,DATA,00,FF,1536,0,0,80,80,00,00,1
1563,268,B,FF,00,DATA,00,FF,1537,0,0,80,80,00,00,1
1564,268,A,00,BF,DATA,00,BF,1538,0,0,80,80,00,00,1
1565,268,B,C0,00,DATA,00,C0,1539,0,0,80,80,00,00,1
1566,268,A,00,FF,DATA,00,FF,1540,0,0,80,80,00,00,1
1567,268,B,80,00,DATA,00,80,1541,0,0,80,80,00,00,1
1568,268,A,00,BE,DATA,00,BE,1542,0,0,80,80,00,00,1
1569,268,B,C1,00,DATA,00,C1,1543,0,0,80,80,00,00,1
1570,268,A,00,FD,DATA,00,FD,1544,0,0,80,80,00,00,1
1571,268,B,82,00,DATA,00,82,1545,0,0,80,80,00,00,1
1572,268,A,00,BE,DATA,00,BE,1546,0,0,80,80,00,00,1
1573,268,B,C1,00,DATA,00,C1,1547,0,0,80,80,00,00,1
1574,268,A,00,FF,DATA,00,FF,1548,0,0,80,80,00,00,1
1575,268,B,80,00,DATA,00,80,1549,0,0,80,80,00,00,1
1576,268,A,00,B3,DATA,00,B3,1550,0,0,80,80,00,00,1
1577,268,B,CC,00,DATA,00,CC,1551,0,0,80,80,00,00,1
1578,268,A,00,FF,DATA,00,FF,1552,0,0,80,80,00,00,1
1579,268,B,FF,00,DATA,00,FF,1553,0,0,80,80,00,00,1
1580,268,A,00,55,DATA,00,55,1554,0,0,80,80,00,00,1
1581,268,B,FF,00,DATA,00,FF,1555,0,0,80,80,00,00,1
1582,268,A,00,00,DATA,00,00,1556,0,0,80,80,00,00,1
1583,268,B,FF,00,DATA,00,FF,1557,0,0,80,80,00,00,1
1584,268,A,00,C0,DATA,00,C0,1558,0,0,80,80,00,00,1
1585,268,B,3F,00,DATA,00,3F,1559,0,0,80,80,00,00,1
1586,268,A,00,8F,DATA,00,8F,1560,0,0,80,80,00,00,1
1587,268,B,70,00,DATA,00,70,1561,0,0,80,80,00,00,1
1588,268,A,00,8F,DATA,00,8F,1562,0,0,80,80,00,00,1
1589,268,B,70,00,DATA,00,70,1563,0,0,80,80,00,00,1
1590,268,A,00,BE,DATA,00,BE,1564,0,0,80,80,00,00,1
1591,268,B,40,00,DATA,00,40,1565,0,0,80,80,00,00,1
1592,268,A,00,2D,DATA,00,2D,1566,0,0,80,80,00,00,1
1593,268,B,D0,00,DATA,00,D0,1567,0,0,80,80,00,00,1
1594,268,A,00,FF,DATA,00,FF,1568,0,0,80,80,00,00,1
1595,268,B,FF,00,DATA,00,FF,1569,0,0,80,80,00,00,1
1596,268,A,00,00,DATA,00,00,1570,0,0,80,80,00,00,1
1597,268,B,FF,00,DATA,00,FF,1571,0,0,80,80,00,00,1
1598,268,A,00,0E,DATA,00,0E,1572,0,0,80,80,00,00,1
1599,268,B,F1,00,DATA,00,F1,1573,0,0,80,80,00,00,1
1600,268,A,00,BD,DATA,00,BD,1574,0,0,80,80,00,00,1
1601,268,B,40,00,DATA,00,40,1575,0,0,80,80,00,00,1
1602,268,A,00,E0,DATA,00,E0,1576,0,0,80,80,00,00,1
1603,268,B,00,00,DATA,00,00,1577,0,0,80,80,00,00,1
1604,268,A,00,40,DATA,00,40,1578,0,0,80,80,00,00,1
1605,268,B,00,00,DATA,00,00,1579,0,0,80,80,00,00,1
1606,268,A,00,60,DATA,00,60,1580,0,0,80,80,00,00,1
1607,268,B,00,00,DATA,00,00,1581,0,0,80,80,00,00,1
1608,268,A,00,70,DATA,00,70,1582,0,0,80,80,00,00,1
1609,268,B,00,00,DATA,00,00,1583,0,0,80,80,00,00,1
1610,268,A,00,FF,DATA,00,FF,1584,0,0,80,80,00,00,1
1611,268,B,FF,00,DATA,00,FF,1585,0,0,80,80,00,00,1
1612,268,A,00,4F,DATA,00,4F,1586,0,0,80,80,00,00,1
1613,268,B,F1,00,DATA,00,F1,1587,0,0,80,80,00,00,1
1614,268,A,00,05,DATA,00,05,1588,0,0,80,80,00,00,1
1615,268,B,F9,00,DATA,00,F9,1589,0,0,80,80,00,00,1
1616,268,A,00,01,DATA,00,01,1590,0,0,80,80,00,00,1
1617,268,B,7D,00,DATA,00,7D,1591,0,0,80,80,00,00,1
1618,268,A,00,23,DATA,00,23,1592,0,0,80,80,00,00,1
1619,268,B,1D,00,DATA,00,1D,1593,0,0,80,80,00,00,1
1620,268,A,00,5B,DATA,00,5B,1594,0,0,80,80,00,00,1
1621,268,B,05,00,DATA,00,05,1595,0,0,80,80,00,00,1
1622,268,A,00,0F,DATA,00,0F,1596,0,0,80,80,00,00,1
1623,268,B,11,00,DATA,00,11,1597,0,0,80,80,00,00,1
1624,268,A,00,0D,DATA,00,0D,1598,0,0,80,80,00,00,1
1625,268,B,11,00,DATA,00,11,1599,0,0,80,80,00,00,1
1626,268,A,00,EF,DATA,00,EF,1600,0,0,80,80,00,00,1
1627,268,B,90,00,DATA,00,90,1601,0,0,80,80,00,00,1
1628,268,A,00,AA,DATA,00,AA,1602,0,0,80,80,00,00,1
1629,268,B,D5,00,DATA,00,D5,1603,0,0,80,80,00,00,1
1630,268,A,00,E6,DATA,00,E6,1604,0,0,80,80,00,00,1
1631,268,B,99,00,DATA,00,99,1605,0,0,80,80,00,00,1
1632,268,A,00,8A,DATA,00,8A,1606,0,0,80,80,00,00,1
1633,268,B,F5,00,DATA,00,F5,1607,0,0,80,80,00,00,1
1634,268,A,00,CF,DATA,00,CF,1608,0,0,80,80,00,00,1
1635,268,B,B0,00,DATA,00,B0,1609,0,0,80,80,00,00,1
1636,268,A,00,8D,DATA,00,8D,1610,0,0,80,80,00,00,1
1637,268,B,F0,00,DATA,00,F0,1611,0,0,80,80,00,00,1
1638,268,A,00,D9,DATA,00,D9,1612,0,0,80,80,00,00,1
1639,268,B,A0,00,DATA,00,A0,1613,0,0,80,80,00,00,1
1640,268,A,00,FF,DATA,00,FF,1614,0,0,80,80,00,00,1
1641,268,B,80,00,DATA,00,80,1615,0,0,80,80,00,00,1
1642,268,A,00,3C,DATA,00,3C,1616,0,0,80,80,00,00,1
1643,268,B,C0,00,DATA,00,C0,1617,0,0,80,80,00,00,1
1644,268,A,00,3D,DATA,00,3D,1618,0,0,80,80,00,00,1
1645,268,B,C0,00,DATA,00,C0,1619,0,0,80,80,00,00,1
1646,268,A,00,7C,DATA,00,7C,1620,0,0,80,80,00,00,1
1647,268,B,80,00,DATA,00,80,1621,0,0,80,80,00,00,1
1648,268,A,00,2F,DATA,00,2F,1622,0,0,80,80,00,00,1
1649,268,B,D0,00,DATA,00,D0,1623,0,0,80,80,00,00,1
1650,268,A,00,7F,DATA,00,7F,1624,0,0,80,80,00,00,1
1651,268,B,80,00,DATA,00,80,1625,0,0,80,80,00,00,1
1652,268,A,00,2B,DATA,00,2B,1626,0,0,80,80,00,00,1
1653,268,B,D4,00,DATA,00,D4,1627,0,0,80,80,00,00,1
1654,268,A,00,C1,DATA,00,C1,1628,0,0,80,80,00,00,1
1655,268,B,3E,00,DATA,00,3E,1629,0,0,80,80,00,00,1
1656,268,A,00,91,DATA,00,91,1630,0,0,80,80,00,00,1
1657,268,B,7E,00,DATA,00,7E,1631,0,0,80,80,00,00,1
1658,268,A,00,00,DATA,00,00,1632,0,0,80,80,00,00,1
1659,268,B,00,00,DATA,00,00,1633,0,0,80,80,00,00,1
1660,570,A,00,54,DATA,00,54,1634,0,0,80,80,00,00,1
1661,570,B,00,00,DATA,00,00,1635,0,0,80,80,00,00,1
1662,570,A,00,00,DATA,00,00,1636,0,0,80,80,00,00,1
1663,570,B,00,00,DATA,00,00,1637,0,0,80,80,00,00,1
1664,570,A,00,55,DATA,00,55,1638,0,0,80,80,00,00,1
1665,570,B,00,00,DATA,00,00,1639,0,0,80,80,00,00,1
1666,570,A,00,18,DATA,00,18,1640,0,0,80,80,00,00,1
1667,570,B,00,00,DATA,00,00,1641,0,0,80,80,00,00,1
1668,570,A,00,FF,DATA,00,FF,1642,0,0,80,80,00,00,1
1669,570,B,00,00,DATA,00,00,1643,0,0,80,80,00,00,1
1670,570,A,00,FF,DATA,00,FF,1644,0,0,80,80,00,00,1
1671,570,B,00,00,DATA,00,00,1645,0,0,80,80,00,00,1
1672,570,A,00,6B,DATA,00,6B,1646,0,0,80,80,00,00,1
1673,570,B,14,00,DATA,00,14,1647,0,0,80,80,00,00,1
1674,570,A,00,1D,DATA,00,1D,1648,0,0,80,80,00,00,1
1675,570,B,01,00,DATA,00,01,1649,0,0,80,80,00,00,1
1676,570,A,00,75,DATA,00,75,1650,0,0,80,80,00,00,1
1677,570,B,01,00,DATA,00,01,1651,0,0,80,80,00,00,1
1678,570,A,00,3F,DATA,00,3F,1652,0,0,80,80,00,00,1
1679,570,B,01,00,DATA,00,01,1653,0,0,80,80,00,00,1
1680,570,A,00,6B,DATA,00,6B,1654,0,0,80,80,00,00,1
1681,570,B,15,00,DATA,00,15,1655,0,0,80,80,00,00,1
1682,570,A,00,2D,DATA,00,2D,1656,0,0,80,80,00,00,1
1683,570,B,13,00,DATA,00,13,1657,0,0,80,80,00,00,1
1684,570,A,00,69,DATA,00,69,1658,0,0,80,80,00,00,1
1685,570,B,17,00,DATA,00,17,1659,0,0,80,80,00,00,1
1686,570,A,00,AF,DATA,00,AF,1660,0,0,80,80,00,00,1
1687,570,B,11,00,DATA,00,11,1661,0,0,80,80,00,00,1
1688,570,A,00,EB,DATA,00,EB,1662,0,0,80,80,00,00,1
1689,570,B,15,00,DATA,00,15,1663,0,0,80,80,00,00,1
1690,570,A,00,C1,DATA,00,C1,1664,0,0,80,80,00,00,1
1691,570,B,80,00,DATA,00,80,1665,0,0,80,80,00,00,1
1692,570,A,00,D6,DATA,00,D6,1666,0,0,80,80,00,00,1
1693,570,B,81,00,DATA,00,81,1667,0,0,80,80,00,00,1
1694,570,A,00,87,DATA,00,87,1668,0,0,80,80,00,00,1
1695,570,B,80,00,DATA,00,80,1669,0,0,80,80,00,00,1
1696,570,A,00,D7,DATA,00,D7,1670,0,0,80,80,00,00,1
1697,570,B,80,00,DATA,00,80,1671,0,0,80,80,00,00,1
1698,570,A,00,87,DATA,00,87,1672,0,0,80,80,00,00,1
1699,570,B,80,00,DATA,00,80,1673,0,0,80,80,00,00,1
1700,570,A,00,FC,DATA,00,FC,1674,0,0,80,80,00,00,1
1701,570,B,83,00,DATA,00,83,1675,0,0,80,80,00,00,1
1702,570,A,00,BD,DATA,00,BD,1676,0,0,80,80,00,00,1
1703,570,B,82,00,DATA,00,82,1677,0,0,80,80,00,00,1
1704,570,A,00,FA,DATA,00,FA,1678,0,0,80,80,00,00,1
1705,570,B,85,00,DATA,00,85,1679,0,0,80,80,00,00,1
1706,570,A,00,EE,DATA,00,EE,1680,0,0,80,80,00,00,1
1707,570,B,10,00,DATA,00,10,1681,0,0,80,80,00,00,1
1708,570,A,00,7E,DATA,00,7E,1682,0,0,80,80,00,00,1
1709,570,B,00,00,DATA,00,00,1683,0,0,80,80,00,00,1
1710,570,A,00,0C,DATA,00,0C,1684,0,0,80,80,00,00,1
1711,570,B,00,00,DATA,00,00,1685,0,0,80,80,00,00,1
1712,570,A,00,54,DATA,00,54,1686,0,0,80,80,00,00,1
1713,570,B,00,00,DATA,00,00,1687,0,0,80,80,00,00,1
1714,570,A,00,08,DATA,00,08,1688,0,0,80,80,00,00,1
1715,570,B,00,00,DATA,00,00,1689,0,0,80,80,00,00,1
1716,570,A,00,AC,DATA,00,AC,1690,0,0,80,80,00,00,1
1717,570,B,50,00,DATA,00,50,1691,0,0,80,80,00,00,1
1718,570,A,00,FF,DATA,00,FF,1692,0,0,80,80,00,00,1
1719,570,B,00,00,DATA,00,00,1693,0,0,80,80,00,00,1
1720,570,A,00,AA,DATA,00,AA,1694,0,0,80,80,00,00,1
1721,570,B,55,00,DATA,00,55,1695,0,0,80,80,00,00,1
1722,570,A,00,7F,DATA,00,7F,1696,0,0,80,80,00,00,1
1723,570,B,00,00,DATA,00,00,1697,0,0,80,80,00,00,1
1724,570,A,00,7C,DATA,00,7C,1698,0,0,80,80,00,00,1
1725,570,B,07,00,DATA,00,07,1699,0,0,80,80,00,00,1
1726,570,A,00,1F,DATA,00,1F,1700,0,0,80,80,00,00,1
1727,570,B,00,00,DATA,00,00,1701,0,0,80,80,00,00,1
1728,570,A,00,57,DATA,00,57,1702,0,0,80,80,00,00,1
1729,570,B,00,00,DATA,00,00,1703,0,0,80,80,00,00,1
1730,570,A,00,00,DATA,00,00,1704,0,0,80,80,00,00,1
1731,570,B,00,00,DATA,00,00,1705,0,0,80,80,00,00,1
1732,570,A,00,51,DATA,00,51,1706,0,0,80,80,00,00,1
1733,570,B,00,00,DATA,00,00,1707,0,0,80,80,00,00,1
1734,570,A,00,00,DATA,00,00,1708,0,0,80,80,00,00,1
1735,570,B,00,00,DATA,00,00,1709,0,0,80,80,00,00,1
1736,570,A,00,D5,DATA,00,D5,1710,0,0,80,80,00,00,1
1737,570,B,00,00,DATA,00,00,1711,0,0,80,80,00,00,1
1738,570,A,00,EF,DATA,00,EF,1712,0,0,80,80,00,00,1
1739,570,B,11,00,DATA,00,11,1713,0,0,80,80,00,00,1
1740,570,A,00,EB,DATA,00,EB,1714,0,0,80,80,00,00,1
1741,570,B,15,00,DATA,00,15,1715,0,0,80,80,00,00,1
1742,570,A,00,F7,DATA,00,F7,1716,0,0,80,80,00,00,1
1743,570,B,09,00,DATA,00,09,1717,0,0,80,80,00,00,1
1744,570,A,00,63,DATA,00,63,1718,0,0,80,80,00,00,1
1745,570,B,1D,00,DATA,00,1D,1719,0,0,80,80,00,00,1
1746,570,A,00,27,DATA,00,27,1720,0,0,80,80,00,00,1
1747,570,B,19,00,DATA,00,19,1721,0,0,80,80,00,00,1
1748,570,A,00,45,DATA,00,45,1722,0,0,80,80,00,00,1
1749,570,B,3F,00,DATA,00,3F,1723,0,0,80,80,00,00,1
1750,570,A,00,41,DATA,00,41,1724,0,0,80,80,00,00,1
1751,570,B,3F,00,DATA,00,3F,1725,0,0,80,80,00,00,1
1752,570,A,00,85,DATA,00,85,1726,0,0,80,80,00,00,1
1753,570,B,7F,00,DATA,00,7F,1727,0,0,80,80,00,00,1
1754,570,A,00,FF,DATA,00,FF,1728,0,0,80,80,00,00,1
1755,570,B,80,00,DATA,00,80,1729,0,0,80,80,00,00,1
1756,570,A,00,F8,DATA,00,F8,1730,0,0,80,80,00,00,1
1757,570,B,87,00,DATA,00,87,1731,0,0,80,80,00,00,1
1758,570,A,00,FD,DATA,00,FD,1732,0,0,80,80,00,00,1
1759,570,B,82,00,DATA,00,82,1733,0,0,80,80,00,00,1
1760,570,A,00,FF,DATA,00,FF,1734,0,0,80,80,00,00,1
1761,570,B,FF,00,DATA,00,FF,1735,0,0,80,80,00,00,1
1762,570,A,00,00,DATA,00,00,1736,0,0,80,80,00,00,1
1763,570,B,00,00,DATA,00,00,1737,0,0,80,80,00,00,1
1764,570,A,00,00,DATA,00,00,1738,0,0,80,80,00,00,1
1765,570,B,00,00,DATA,00,00,1739,0,0,80,80,00,00,1
1766,570,A,00,00,DATA,00,00,1740,0,0,80,80,00,00,1
1767,570,B,00,00,DATA,00,00,1741,0,0,80,80,00,00,1
1768,570,A,00,00,DATA,00,00,1742,0,0,80,80,00,00,1
1769,570,B,00,00,DATA,00,00,1743,0,0,80,80,00,00,1
1770,570,A,00,FB,DATA,00,FB,1744,0,0,80,80,00,00,1
1771,570,B,04,00,DATA,00,04,1745,0,0,80,80,00,00,1
1772,570,A,00,8B,DATA,00,8B,1746,0,0,80,80,00,00,1
1773,570,B,74,00,DATA,00,74,1747,0,0,80,80,00,00,1
1774,570,A,00,87,DATA,00,87,1748,0,0,80,80,00,00,1
1775,570,B,78,00,DATA,00,78,1749,0,0,80,80,00,00,1
1776,570,A,00,FF,DATA,00,FF,1750,0,0,80,80,00,00,1
1777,570,B,FF,00,DATA,00,FF,1751,0,0,80,80,00,00,1
1778,570,A,00,00,DATA,00,00,1752,0,0,80,80,00,00,1
1779,570,B,00,00,DATA,00,00,1753,0,0,80,80,00,00,1
1780,570,A,00,00,DATA,00,00,1754,0,0,80,80,00,00,1
1781,570,B,00,00,DATA,00,00,1755,0,0,80,80,00,00,1
1782,570,A,00,00,DATA,00,00,1756,0,0,80,80,00,00,1
1783,570,B,00,00,DATA,00,00,1757,0,0,80,80,00,00,1
1784,570,A,00,00,DATA,00,00,1758,0,0,80,80,00,00,1
1785,570,B,00,00,DATA,00,00,1759,0,0,80,80,00,00,1
1786,570,A,00,B1,DATA,00,B1,1760,0,0,80,80,00,00,1
1787,570,B,00,00,DATA,00,00,1761,0,0,80,80,00,00,1
1788,570,A,00,7F,DATA,00,7F,1762,0,0,80,80,00,00,1
1789,570,B,00,00,DATA,00,00,1763,0,0,80,80,00,00,1
1790,570,A,00,3F,DATA,00,3F,1764,0,0,80,80,00,00,1
1791,570,B,00,00,DATA,00,00,1765,0,0,80,80,00,00,1
1792,570,A,00,FF,DATA,00,FF,1766,0,0,80,80,00,00,1
1793,570,B,FF,00,DATA,00,FF,1767,0,0,80,80,00,00,1
1794,570,A,00,00,DATA,00,00,1768,0,0,80,80,00,00,1
1795,570,B,00,00,DATA,00,00,1769,0,0,80,80,00,00,1
1796,570,A,00,00,DATA,00,00,1770,0,0,80,80,00,00,1
1797,570,B,00,00,DATA,00,00,1771,0,0,80,80,00,00,1
1798,570,A,00,00,DATA,00,00,1772,0,0,80,80,00,00,1
1799,570,B,00,00,DATA,00,00,1773,0,0,80,80,00,00,1
1800,570,A,00,00,DATA,00,00,1774,0,0,80,80,00,00,1
1801,570,B,00,00,DATA,00,00,1775,0,0,80,80,00,00,1
1802,570,A,00,E1,DATA,00,E1,1776,0,0,80,80,00,00,1
1803,570,B,1F,00,DATA,00,1F,1777,0,0,80,80,00,00,1
1804,570,A,00,F1,DATA,00,F1,1778,0,0,80,80,00,00,1
1805,570,B,1F,00,DATA,00,1F,1779,0,0,80,80,00,00,1
1806,570,A,00,C1,DATA,00,C1,1780,0,0,80,80,00,00,1
1807,570,B,3F,00,DATA,00,3F,1781,0,0,80,80,00,00,1
1808,570,A,00,FF,DATA,00,FF,1782,0,0,80,80,00,00,1
1809,570,B,FF,00,DATA,00,FF,1783,0,0,80,80,00,00,1
1810,570,A,00,00,DATA,00,00,1784,0,0,80,80,00,00,1
1811,570,B,00,00,DATA,00,00,1785,0,0,80,80,00,00,1
1812,570,A,00,00,DATA,00,00,1786,0,0,80,80,00,00,1
1813,570,B,00,00,DATA,00,00,1787,0,0,80,80,00,00,1
1814,570,A,00,00,DATA,00,00,1788,0,0,80,80,00,00,1
1815,570,B,00,00,DATA,00,00,1789,0,0,80,80,00,00,1
1816,570,A,00,00,DATA,00,00,1790,0,0,80,80,00,00,1
1817,570,B,00,00,DATA,00,00,1791,0,0,80,80,00,00,1
1818,570,A,00,FF,DATA,00,FF,1792,0,0,80,80,00,00,1
1819,570,B,FF,00,DATA,00,FF,1793,0,0,80,80,00,00,1
1820,570,A,00,D0,DATA,00,D0,1794,0,0,80,80,00,00,1
1821,570,B,80,00,DATA,00,80,1795,0,0,80,80,00,00,1
1822,570,A,00,C0,DATA,00,C0,1796,0,0,80,80,00,00,1
1823,570,B,80,00,DATA,00,80,1797,0,0,80,80,00,00,1
1824,570,A,00,D0,DATA,00,D0,1798,0,0,80,80,00,00,1
1825,570,B,80,00,DATA,00,80,1799,0,0,80,80,00,00,1
1826,570,A,00,80,DATA,00,80,1800,0,0,80,80,00,00,1
1827,570,B,80,00,DATA,00,80,1801,0,0,80,80,00,00,1
1828,570,A,00,C0,DATA,00,C0,1802,0,0,80,80,00,00,1
1829,570,B,80,00,DATA,00,80,1803,0,0,80,80,00,00,1
1830,570,A,00,80,DATA,00,80,1804,0,0,80,80,00,00,1
1831,570,B,80,00,DATA,00,80,1805,0,0,80,80,00,00,1
1832,570,A,00,C0,DATA,00,C0,1806,0,0,80,80,00,00,1
1833,570,B,80,00,DATA,00,80,1807,0,0,80,80,00,00,1
1834,570,A,00,FF,DATA,00,FF,1808,0,0,80,80,00,00,1
1835,570,B,FF,00,DATA,00,FF,1809,0,0,80,80,00,00,1
1836,570,A,00,00,DATA,00,00,1810,0,0,80,80,00,00,1
1837,570,B,00,00,DATA,00,00,1811,0,0,80,80,00,00,1
1838,570,A,00,00,DATA,00,00,1812,0,0,80,80,00,00,1
1839,570,B,00,00,DATA,00,00,1813,0,0,80,80,00,00,1
1840,570,A,00,00,DATA,00,00,1814,0,0,80,80,00,00,1
1841,570,B,00,00,DATA,00,00,1815,0,0,80,80,00,00,1
1842,570,A,00,01,DATA,00,01,1816,0,0,80,80,00,00,1
1843,570,B,00,00,DATA,00,00,1817,0,0,80,80,00,00,1
1844,570,A,00,07,DATA,00,07,1818,0,0,80,80,00,00,1
1845,570,B,00,00,DATA,00,00,1819,0,0,80,80,00,00,1
1846,570,A,00,03,DATA,00,03,1820,0,0,80,80,00,00,1
1847,570,B,00,00,DATA,00,00,1821,0,0,80,80,00,00,1
1848,570,A,00,1D,DATA,00,1D,1822,0,0,80,80,00,00,1
1849,570,B,00,00,DATA,00,00,1823,0,0,80,80,00,00,1
1850,570,A,00,FF,DATA,00,FF,1824,0,0,80,80,00,00,1
1851,570,B,FF,00,DATA,00,FF,1825,0,0,80,80,00,00,1
1852,570,A,00,00,DATA,00,00,1826,0,0,80,80,00,00,1
1853,570,B,00,00,DATA,00,00,1827,0,0,80,80,00,00,1
1854,570,A,00,00,DATA,00,00,1828,0,0,80,80,00,00,1
1855,570,B,00,00,DATA,00,00,1829,0,0,80,80,00,00,1
1856,570,A,00,00,DATA,00,00,1830,0,0,80,80,00,00,1
1857,570,B,00,00,DATA,00,00,1831,0,0,80,80,00,00,1
1858,570,A,00,C0,DATA,00,C0,1832,0,0,80,80,00,00,1
1859,570,B,00,00,DATA,00,00,1833,0,0,80,80,00,00,1
1860,570,A,00,B0,DATA,00,B0,1834,0,0,80,80,00,00,1
1861,570,B,40,00,DATA,00,40,1835,0,0,80,80,00,00,1
1862,570,A,00,FE,DATA,00,FE,1836,0,0,80,80,00,00,1
1863,570,B,00,00,DATA,00,00,1837,0,0,80,80,00,00,1
1864,570,A,00,80,DATA,00,80,1838,0,0,80,80,00,00,1
1865,570,B,7F,00,DATA,00,7F,1839,0,0,80,80,00,00,1
1866,570,A,00,FF,DATA,00,FF,1840,0,0,80,80,00,00,1
1867,570,B,FF,00,DATA,00,FF,1841,0,0,80,80,00,00,1
1868,570,A,00,1F,DATA,00,1F,1842,0,0,80,80,00,00,1
1869,570,B,01,00,DATA,00,01,1843,0,0,80,80,00,00,1
1870,570,A,00,03,DATA,00,03,1844,0,0,80,80,00,00,1
1871,570,B,01,00,DATA,00,01,1845,0,0,80,80,00,00,1
1872,570,A,00,05,DATA,00,05,1846,0,0,80,80,00,00,1
1873,570,B,01,00,DATA,00,01,1847,0,0,80,80,00,00,1
1874,570,A,00,01,DATA,00,01,1848,0,0,80,80,00,00,1
1875,570,B,01,00,DATA,00,01,1849,0,0,80,80,00,00,1
1876,570,A,00,05,DATA,00,05,1850,0,0,80,80,00,00,1
1877,570,B,01,00,DATA,00,01,1851,0,0,80,80,00,00,1
1878,570,A,00,01,DATA,00,01,1852,0,0,80,80,00,00,1
1879,570,B,01,00,DATA,00,01,1853,0,0,80,80,00,00,1
1880,570,A,00,C1,DATA,00,C1,1854,0,0,80,80,00,00,1
1881,570,B,01,00,DATA,00,01,1855,0,0,80,80,00,00,1
1882,570,A,00,80,DATA,00,80,1856,0,0,80,80,00,00,1
1883,570,B,80,00,DATA,00,80,1857,0,0,80,80,00,00,1
1884,570,A,00,C1,DATA,00,C1,1858,0,0,80,80,00,00,1
1885,570,B,80,00,DATA,00,80,1859,0,0,80,80,00,00,1
1886,570,A,00,81,DATA,00,81,1860,0,0,80,80,00,00,1
1887,570,B,80,00,DATA,00,80,1861,0,0,80,80,00,00,1
1888,570,A,00,80,DATA,00,80,1862,0,0,80,80,00,00,1
1889,570,B,81,00,DATA,00,81,1863,0,0,80,80,00,00,1
1890,570,A,00,80,DATA,00,80,1864,0,0,80,80,00,00,1
1891,570,B,80,00,DATA,00,80,1865,0,0,80,80,00,00,1
1892,570,A,00,94,DATA,00,94,1866,0,0,80,80,00,00,1
1893,570,B,80,00,DATA,00,80,1867,0,0,80,80,00,00,1
1894,570,A,00,84,DATA,00,84,1868,0,0,80,80,00,00,1
1895,570,B,80,00,DATA,00,80,1869,0,0,80,80,00,00,1
1896,570,A,00,85,DATA,00,85,1870,0,0,80,80,00,00,1
1897,570,B,80,00,DATA,00,80,1871,0,0,80,80,00,00,1
1898,570,A,00,05,DATA,00,05,1872,0,0,80,80,00,00,1
1899,570,B,18,00,DATA,00,18,1873,0,0,80,80,00,00,1
1900,570,A,00,98,DATA,00,98,1874,0,0,80,80,00,00,1
1901,570,B,05,00,DATA,00,05,1875,0,0,80,80,00,00,1
1902,570,A,00,BF,DATA,00,BF,1876,0,0,80,80,00,00,1
1903,570,B,F8,00,DATA,00,F8,1877,0,0,80,80,00,00,1
1904,570,A,00,0E,DATA,00,0E,1878,0,0,80,80,00,00,1
1905,570,B,F1,00,DATA,00,F1,1879,0,0,80,80,00,00,1
1906,570,A,00,4B,DATA,00,4B,1880,0,0,80,80,00,00,1
1907,570,B,00,00,DATA,00,00,1881,0,0,80,80,00,00,1
1908,570,A,00,8E,DATA,00,8E,1882,0,0,80,80,00,00,1
1909,570,B,01,00,DATA,00,01,1883,0,0,80,80,00,00,1
1910,570,A,00,C7,DATA,00,C7,1884,0,0,80,80,00,00,1
1911,570,B,00,00,DATA,00,00,1885,0,0,80,80,00,00,1
1912,570,A,00,DA,DATA,00,DA,1886,0,0,80,80,00,00,1
1913,570,B,01,00,DATA,00,01,1887,0,0,80,80,00,00,1
1914,570,A,00,00,DATA,00,00,1888,0,0,80,80,00,00,1
1915,570,B,FF,00,DATA,00,FF,1889,0,0,80,80,00,00,1
1916,570,A,00,D4,DATA,00,D4,1890,0,0,80,80,00,00,1
1917,570,B,FF,00,DATA,00,FF,1891,0,0,80,80,00,00,1
1918,570,A,00,3C,DATA,00,3C,1892,0,0,80,80,00,00,1
1919,570,B,FF,00,DATA,00,FF,1893,0,0,80,80,00,00,1
1920,570,A,00,04,DATA,00,04,1894,0,0,80,80,00,00,1
1921,570,B,FF,00,DATA,00,FF,1895,0,0,80,80,00,00,1
1922,570,A,00,44,DATA,00,44,1896,0,0,80,80,00,00,1
1923,570,B,83,00,DATA,00,83,1897,0,0,80,80,00,00,1
1924,570,A,00,40,DATA,00,40,1898,0,0,80,80,00,00,1
1925,570,B,83,00,DATA,00,83,1899,0,0,80,80,00,00,1
1926,570,A,00,18,DATA,00,18,1900,0,0,80,80,00,00,1
1927,570,B,E7,00,DATA,00,E7,1901,0,0,80,80,00,00,1
1928,570,A,00,82,DATA,00,82,1902,0,0,80,80,00,00,1
1929,570,B,7D,00,DATA,00,7D,1903,0,0,80,80,00,00,1
1930,570,A,00,41,DATA,00,41,1904,0,0,80,80,00,00,1
1931,570,B,81,00,DATA,00,81,1905,0,0,80,80,00,00,1
1932,570,A,00,65,DATA,00,65,1906,0,0,80,80,00,00,1
1933,570,B,C1,00,DATA,00,C1,1907,0,0,80,80,00,00,1
1934,570,A,00,11,DATA,00,11,1908,0,0,80,80,00,00,1
1935,570,B,E1,00,DATA,00,E1,1909,0,0,80,80,00,00,1
1936,570,A,00,49,DATA,00,49,1910,0,0,80,80,00,00,1
1937,570,B,F1,00,DATA,00,F1,1911,0,0,80,80,00,00,1
1938,570,A,00,05,DATA,00,05,1912,0,0,80,80,00,00,1
1939,570,B,F9,00,DATA,00,F9,1913,0,0,80,80,00,00,1
1940,570,A,00,51,DATA,00,51,1914,0,0,80,80,00,00,1
1941,570,B,FD,00,DATA,00,FD,1915,0,0,80,80,00,00,1
1942,570,A,00,05,DATA,00,05,1916,0,0,80,80,00,00,1
1943,570,B,F9,00,DATA,00,F9,1917,0,0,80,80,00,00,1
1944,570,A,00,53,DATA,00,53,1918,0,0,80,80,00,00,1
1945,570,B,FD,00,DATA,00,FD,1919,0,0,80,80,00,00,1
1946,570,A,00,84,DATA,00,84,1920,0,0,80,80,00,00,1
1947,570,B,80,00,DATA,00,80,1921,0,0,80,80,00,00,1
1948,570,A,00,C5,DATA,00,C5,1922,0,0,80,80,00,00,1
1949,570,B,80,00,DATA,00,80,1923,0,0,80,80,00,00,1
1950,570,A,00,E6,DATA,00,E6,1924,0,0,80,80,00,00,1
1951,570,B,80,00,DATA,00,80,1925,0,0,80,80,00,00,1
1952,570,A,00,98,DATA,00,98,1926,0,0,80,80,00,00,1
1953,570,B,C4,00,DATA,00,C4,1927,0,0,80,80,00,00,1
1954,570,A,00,CC,DATA,00,CC,1928,0,0,80,80,00,00,1
1955,570,B,80,00,DATA,00,80,1929,0,0,80,80,00,00,1
1956,570,A,00,F5,DATA,00,F5,1930,0,0,80,80,00,00,1
1957,570,B,80,00,DATA,00,80,1931,0,0,80,80,00,00,1
1958,570,A,00,FF,DATA,00,FF,1932,0,0,80,80,00,00,1
1959,570,B,80,00,DATA,00,80,1933,0,0,80,80,00,00,1
1960,570,A,00,EF,DATA,00,EF,1934,0,0,80,80,00,00,1
1961,570,B,90,00,DATA,00,90,1935,0,0,80,80,00,00,1
1962,570,A,00,83,DATA,00,83,1936,0,0,80,80,00,00,1
1963,570,B,00,00,DATA,00,00,1937,0,0,80,80,00,00,1
1964,570,A,00,42,DATA,00,42,1938,0,0,80,80,00,00,1
1965,570,B,01,00,DATA,00,01,1939,0,0,80,80,00,00,1
1966,570,A,00,E8,DATA,00,E8,1940,0,0,80,80,00,00,1
1967,570,B,07,00,DATA,00,07,1941,0,0,80,80,00,00,1
1968,570,A,00,78,DATA,00,78,1942,0,0,80,80,00,00,1
1969,570,B,07,00,DATA,00,07,1943,0,0,80,80,00,00,1
1970,570,A,00,70,DATA,00,70,1944,0,0,80,80,00,00,1
1971,570,B,0F,00,DATA,00,0F,1945,0,0,80,80,00,00,1
1972,570,A,00,63,DATA,00,63,1946,0,0,80,80,00,00,1
1973,570,B,1C,00,DATA,00,1C,1947,0,0,80,80,00,00,1
1974,570,A,00,23,DATA,00,23,1948,0,0,80,80,00,00,1
1975,570,B,1C,00,DATA,00,1C,1949,0,0,80,80,00,00,1
1976,570,A,00,E5,DATA,00,E5,1950,0,0,80,80,00,00,1
1977,570,B,1E,00,DATA,00,1E,1951,0,0,80,80,00,00,1
1978,570,A,00,0C,DATA,00,0C,1952,0,0,80,80,00,00,1
1979,570,B,F3,00,DATA,00,F3,1953,0,0,80,80,00,00,1
1980,570,A,00,41,DATA,00,41,1954,0,0,80,80,00,00,1
1981,570,B,FF,00,DATA,00,FF,1955,0,0,80,80,00,00,1
1982,570,A,00,00,DATA,00,00,1956,0,0,80,80,00,00,1
1983,570,B,FF,00,DATA,00,FF,1957,0,0,80,80,00,00,1
1984,570,A,00,55,DATA,00,55,1958,0,0,80,80,00,00,1
1985,570,B,FF,00,DATA,00,FF,1959,0,0,80,80,00,00,1
1986,570,A,00,00,DATA,00,00,1960,0,0,80,80,00,00,1
1987,570,B,FF,00,DATA,00,FF,1961,0,0,80,80,00,00,1
1988,570,A,00,95,DATA,00,95,1962,0,0,80,80,00,00,1
1989,570,B,7F,00,DATA,00,7F,1963,0,0,80,80,00,00,1
1990,570,A,00,C2,DATA,00,C2,1964,0,0,80,80,00,00,1
1991,570,B,3F,00,DATA,00,3F,1965,0,0,80,80,00,00,1
1992,570,A,00,D5,DATA,00,D5,1966,0,0,80,80,00,00,1
1993,570,B,7F,00,DATA,00,7F,1967,0,0,80,80,00,00,1
1994,570,A,00,0F,DATA,00,0F,1968,0,0,80,80,00,00,1
1995,570,B,F1,00,DATA,00,F1,1969,0,0,80,80,00,00,1
1996,570,A,00,4B,DATA,00,4B,1970,0,0,80,80,00,00,1
1997,570,B,F5,00,DATA,00,F5,1971,0,0,80,80,00,00,1
1998,570,A,00,07,DATA,00,07,1972,0,0,80,80,00,00,1
1999,570,B,F1,00,DATA,00,F1,1973,0,0,80,80,00,00,1
2000,570,A,00,47,DATA,00,47,1974,0,0,80,80,00,00,1
2001,570,B,F1,00,DATA,00,F1,1975,0,0,80,80,00,00,1
2002,570,A,00,13,DATA,00,13,1976,0,0,80,80,00,00,1
2003,570,B,E1,00,DATA,00,E1,1977,0,0,80,80,00,00,1
2004,570,A,00,57,DATA,00,57,1978,0,0,80,80,00,00,1
2005,570,B,E1,00,DATA,00,E1,1979,0,0,80,80,00,00,1
2006,570,A,00,31,DATA,00,31,1980,0,0,80,80,00,00,1
2007,570,B,C1,00,DATA,00,C1,1981,0,0,80,80,00,00,1
2008,570,A,00,75,DATA,00,75,1982,0,0,80,80,00,00,1
2009,570,B,C1,00,DATA,00,C1,1983,0,0,80,80,00,00,1
2010,570,A,00,FF,DATA,00,FF,1984,0,0,80,80,00,00,1
2011,570,B,80,00,DATA,00,80,1985,0,0,80,80,00,00,1
2012,570,A,00,FA,DATA,00,FA,1986,0,0,80,80,00,00,1
2013,570,B,85,00,DATA,00,85,1987,0,0,80,80,00,00,1
2014,570,A,00,F8,DATA,00,F8,1988,0,0,80,80,00,00,1
2015,570,B,87,00,DATA,00,87,1989,0,0,80,80,00,00,1
2016,570,A,00,FF,DATA,00,FF,1990,0,0,80,80,00,00,1
2017,570,B,FF,00,DATA,00,FF,1991,0,0,80,80,00,00,1
2018,570,A,00,00,DATA,00,00,1992,0,0,80,80,00,00,1
2019,570,B,00,00,DATA,00,00,1993,0,0,80,80,00,00,1
2020,570,A,00,00,DATA,00,00,1994,0,0,80,80,00,00,1
2021,570,B,00,00,DATA,00,00,1995,0,0,80,80,00,00,1
2022,570,A,00,00,DATA,00,00,1996,0,0,80,80,00,00,1
2023,570,B,00,00,DATA,00,00,1997,0,0,80,80,00,00,1
2024,570,A,00,00,DATA,00,00,1998,0,0,80,80,00,00,1
2025,570,B,00,00,DATA,00,00,1999,0,0,80,80,00,00,1
2026,570,A,00,A0,DATA,00,A0,2000,0,0,80,80,00,00,1
2027,570,B,1F,00,DATA,00,1F,2001,0,0,80,80,00,00,1
2028,570,A,00,15,DATA,00,15,2002,0,0,80,80,00,00,1
2029,570,B,FF,00,DATA,00,FF,2003,0,0,80,80,00,00,1
2030,570,A,00,00,DATA,00,00,2004,0,0,80,80,00,00,1
2031,570,B,FF,00,DATA,00,FF,2005,0,0,80,80,00,00,1
2032,570,A,00,FF,DATA,00,FF,2006,0,0,80,80,00,00,1
2033,570,B,FF,00,DATA,00,FF,2007,0,0,80,80,00,00,1
2034,570,A,00,00,DATA,00,00,2008,0,0,80,80,00,00,1
2035,570,B,00,00,DATA,00,00,2009,0,0,80,80,00,00,1
2036,570,A,00,00,DATA,00,00,2010,0,0,80,80,00,00,1
2037,570,B,00,00,DATA,00,00,2011,0,0,80,80,00,00,1
2038,570,A,00,00,DATA,00,00,2012,0,0,80,80,00,00,1
2039,570,B,00,00,DATA,00,00,2013,0,0,80,80,00,00,1
2040,570,A,00,00,DATA,00,00,2014,0,0,80,80,00,00,1
2041,570,B,00,00,DATA,00,00,2015,0,0,80,80,00,00,1
2042,570,A,00,00,DATA,00,00,2016,0,0,80,80,00,00,1
2043,570,B,FF,00,DATA,00,FF,2017,0,0,80,80,00,00,1
2044,570,A,00,55,DATA,00,55,2018,0,0,80,80,00,00,1
2045,570,B,FF,00,DATA,00,FF,2019,0,0,80,80,00,00,1
2046,570,A,00,00,DATA,00,00,2020,0,0,80,80,00,00,1
2047,570,B,FF,00,DATA,00,FF,2021,0,0,80,80,00,00,1
2048,570,A,00,FF,DATA,00,FF,2022,0,0,80,80,00,00,1
2049,570,B,FF,00,DATA,00,FF,2023,0,0,80,80,00,00,1
2050,570,A,00,00,DATA,00,00,2024,0,0,80,80,00,00,1
2051,570,B,00,00,DATA,00,00,2025,0,0,80,80,00,00,1
2052,570,A,00,00,DATA,00,00,2026,0,0,80,80,00,00,1
2053,570,B,00,00,DATA,00,00,2027,0,0,80,80,00,00,1
2054,570,A,00,00,DATA,00,00,2028,0,0,80,80,00,00,1
2055,570,B,00,00,DATA,00,00,2029,0,0,80,80,00,00,1
2056,570,A,00,00,DATA,00,00,2030,0,0,80,80,00,00,1
2057,570,B,00,00,DATA,00,00,2031,0,0,80,80,00,00,1
2058,570,A,00,33,DATA,00,33,2032,0,0,80,80,00,00,1
2059,570,B,C1,00,DATA,00,C1,2033,0,0,80,80,00,00,1
2060,570,A,00,37,DATA,00,37,2034,0,0,80,80,00,00,1
2061,570,B,C1,00,DATA,00,C1,2035,0,0,80,80,00,00,1
2062,570,A,00,21,DATA,00,21,2036,0,0,80,80,00,00,1
2063,570,B,C3,00,DATA,00,C3,2037,0,0,80,80,00,00,1
2064,570,A,00,FF,DATA,00,FF,2038,0,0,80,80,00,00,1
2065,570,B,FF,00,DATA,00,FF,2039,0,0,80,80,00,00,1
2066,570,A,00,00,DATA,00,00,2040,0,0,80,80,00,00,1
2067,570,B,00,00,DATA,00,00,2041,0,0,80,80,00,00,1
2068,570,A,00,00,DATA,00,00,2042,0,0,80,80,00,00,1
2069,570,B,00,00,DATA,00,00,2043,0,0,80,80,00,00,1
2070,570,A,00,00,DATA,00,00,2044,0,0,80,80,00,00,1
2071,570,B,00,00,DATA,00,00,2045,0,0,80,80,00,00,1
2072,570,A,00,00,DATA,00,00,2046,0,0,80,80,00,00,1
2073,570,B,00,00,DATA,00,00,2047,0,0,80,80,00,00,1
2074,634,A,00,00,PRELUDE,00,00,,1,1,40,00,00,00,1
2075,634,B,00,40,COMMAND,40,00,,2,2,40,00,00,00,1
2076,634,A,00,00,SYNC,00,00,,3,3,40,40,00,00,1
2077,634,B,00,00,SYNC,00,00,,3,3,40,40,00,00,1
2078,634,A,00,00,SYNC,00,00,,3,3,40,40,00,00,1
2079,634,B,00,00,SYNC,00,00,,3,3,40,40,00,00,1
2080,634,A,00,00,SYNC,00,00,,3,3,40,40,00,00,1
2081,634,B,00,00,SYNC,00,00,,3,3,40,40,00,00,1
2082,634,A,00,00,SYNC,00,00,,3,3,40,40,00,00,1
2083,634,B,00,00,SYNC,00,00,,3,3,40,40,00,00,1
2084,634,A,00,00,SYNC,00,00,,3,3,40,40,00,00,1
2085,634,B,00,00,SYNC,00,00,,3,3,40,40,00,00,1
2086,634,A,00,00,SYNC,00,00,,3,3,40,40,00,00,1
2087,634,B,00,00,SYNC,00,00,,3,3,40,40,00,00,1
2088,634,A,00,00,SYNC,00,00,,3,3,40,40,00,00,1
2089,634,B,00,00,SYNC,00,00,,3,3,40,40,00,00,1
2090,634,A,00,00,SYNC,00,00,,3,3,40,40,00,00,1
2091,634,B,00,00,SYNC,00,00,,3,3,40,40,00,00,1
2092,634,A,00,00,SYNC,00,00,,3,3,40,40,00,00,1
2093,634,B,00,00,SYNC,00,00,,3,3,40,40,00,00,1
2094,634,A,00,00,SYNC,00,00,,3,3,40,40,00,00,1
2095,634,B,00,00,SYNC,00,00,,3,3,40,40,00,00,1
2096,634,A,00,00,SYNC,00,00,,3,3,40,40,00,00,1
2097,634,B,00,00,SYNC,00,00,,3,3,40,40,00,00,1
2098,634,A,00,00,SYNC,00,00,,3,3,40,40,00,00,1
2099,634,B,00,00,SYNC,00,00,,3,3,40,40,00,00,1
2100,634,A,00,00,SYNC,00,00,,3,3,40,40,00,00,1
2101,634,B,00,00,SYNC,00,00,,3,3,40,40,00,00,1
2102,634,A,00,00,SYNC,00,00,,3,3,40,40,00,00,1
2103,634,B,00,00,SYNC,00,00,,3,3,40,40,00,00,1
2104,634,A,00,00,SYNC,00,00,,3,3,40,40,00,00,1
2105,634,B,00,00,SYNC,00,00,,3,3,40,40,00,00,1
2106,634,A,00,00,SYNC,00,00,,3,3,40,40,00,00,1
2107,634,B,00,00,SYNC,00,00,,3,3,40,40,00,00,1
2108,634,A,00,00,SYNC,00,00,,3,3,40,40,00,00,1
2109,634,B,00,00,SYNC,00,00,,3,3,40,40,00,00,1
2110,634,A,00,00,SYNC,00,00,,3,3,40,40,00,00,1
2111,634,B,00,00,SYNC,00,00,,3,3,40,40,00,00,1
2112,634,A,00,00,SYNC,00,00,,3,3,40,40,00,00,1
2113,634,B,00,00,SYNC,00,00,,3,3,40,40,00,00,1
2114,634,A,00,00,SYNC,00,00,,3,3,40,40,00,00,1
2115,634,B,00,00,SYNC,00,00,,3,3,40,40,00,00,1
2116,634,A,00,00,SYNC,00,00,,3,3,40,40,00,00,1
2117,634,B,00,00,SYNC,00,00,,3,3,40,40,00,00,1
2118,634,A,00,00,SYNC,00,00,,3,3,40,40,00,00,1
2119,634,B,00,00,SYNC,00,00,,3,3,40,40,00,00,1
2120,634,A,00,00,SYNC,00,00,,3,3,40,40,00,00,1
2121,634,B,00,00,SYNC,00,00,,3,3,40,40,00,00,1
2122,634,A,00,00,SYNC,00,00,,3,3,40,40,00,00,1
2123,634,B,00,00,SYNC,00,00,,3,3,40,40,00,00,1
2124,634,A,00,00,SYNC,00,00,,3,3,40,40,00,00,1
2125,634,B,00,00,SYNC,00,00,,3,3,40,40,00,00,1
2126,634,A,00,00,SYNC,00,00,,3,3,40,40,00,00,1
2127,634,B,00,00,SYNC,00,00,,3,3,40,40,00,00,1
2128,634,A,00,00,SYNC,00,00,,3,3,40,40,00,00,1
2129,634,B,00,00,SYNC,00,00,,3,3,40,40,00,00,1
2130,634,A,00,00,SYNC,00,00,,3,3,40,40,00,00,1
2131,634,B,00,00,SYNC,00,00,,3,3,40,40,00,00,1
2132,634,A,00,00,SYNC,00,00,,3,3,40,40,00,00,1
2133,634,B,00,00,SYNC,00,00,,3,3,40,40,00,00,1
2134,634,A,00,00,SYNC,00,00,,3,3,40,40,00,00,1
2135,634,B,00,00,SYNC,00,00,,3,3,40,40,00,00,1
2136,634,A,00,00,SYNC,00,00,,3,3,40,40,00,00,1
2137,634,B,00,00,SYNC,00,00,,3,3,40,40,00,00,1
2138,634,A,00,00,SYNC,00,00,,3,3,40,40,00,00,1
2139,634,B,00,00,SYNC,00,00,,3,3,40,40,00,00,1
2140,634,A,00,00,SYNC,00,00,,3,3,40,40,00,00,1
2141,634,B,00,00,SYNC,00,00,,3,3,40,40,00,00,1
2142,634,A,00,00,SYNC,00,00,,3,3,40,40,00,00,1
2143,634,B,00,00,SYNC,00,00,,3,3,40,40,00,00,1
2144,634,A,00,00,SYNC,00,00,,3,3,40,40,00,00,1
2145,634,B,00,00,SYNC,00,00,,3,3,40,40,00,00,1
2146,634,A,00,00,SYNC,00,00,,3,3,40,40,00,00,1
2147,634,B,00,00,SYNC,00,00,,3,3,40,40,00,00,1
2148,634,A,00,00,SYNC,00,00,,3,3,40,40,00,00,1
2149,634,B,00,00,SYNC,00,00,,3,3,40,40,00,00,1
2150,634,A,00,00,SYNC,00,00,,3,3,40,40,00,00,1
2151,634,B,00,00,SYNC,00,00,,3,3,40,40,00,00,1
2152,634,A,00,00,SYNC,00,00,,3,3,40,40,00,00,1
2153,736,B,00,00,SYNC,00,00,,3,3,40,40,00,00,1
2154,736,A,00,00,SYNC,00,00,,3,3,40,40,00,00,1
2155,736,B,00,00,SYNC,00,00,,3,3,40,40,00,00,1
2156,736,A,00,00,SYNC,00,00,,3,3,40,40,00,00,1
2157,736,B,00,00,SYNC,00,00,,3,3,40,40,00,00,1
2158,736,A,00,00,SYNC,00,00,,3,3,40,40,00,00,1
2159,736,B,00,00,SYNC,00,00,,3,3,40,40,00,00,1
2160,736,A,00,00,SYNC,00,00,,3,3,40,40,00,00,1
2161,736,B,00,00,SYNC,00,00,,3,3,40,40,00,00,1
2162,736,A,00,00,SYNC,00,00,,3,3,40,40,00,00,1
2163,736,B,00,00,SYNC,00,00,,3,3,40,40,00,00,1
2164,736,A,00,00,SYNC,00,00,,3,3,40,40,00,00,1
2165,736,B,00,00,SYNC,00,00,,3,3,40,40,00,00,1
2166,736,A,00,00,SYNC,00,00,,3,3,40,40,00,00,1
2167,736,B,00,00,SYNC,00,00,,3,3,40,40,00,00,1
2168,736,A,00,00,SYNC,00,00,,3,3,40,40,00,00,1
2169,736,B,00,00,SYNC,00,00,,3,3,40,40,00,00,1
2170,736,A,00,00,SYNC,00,00,,3,3,40,40,00,00,1
2171,736,B,00,00,SYNC,00,00,,3,3,40,40,00,00,1
2172,736,A,00,00,SYNC,00,00,,3,3,40,40,00,00,1
2173,736,B,00,00,SYNC,00,00,,3,3,40,40,00,00,1
2174,736,A,00,00,SYNC,00,00,,3,3,40,40,00,00,1
2175,736,B,00,00,SYNC,00,00,,3,3,40,40,00,00,1
2176,736,A,00,00,SYNC,00,00,,3,3,40,40,00,00,1
2177,736,B,00,00,SYNC,00,00,,3,3,40,40,00,00,1
2178,736,A,00,00,SYNC,00,00,,3,3,40,40,00,00,1
2179,736,B,00,00,SYNC,00,00,,3,3,40,40,00,00,1
2180,736,A,00,00,SYNC,00,00,,3,3,40,40,00,00,1
2181,736,B,00,00,SYNC,00,00,,3,3,40,40,00,00,1
2182,736,A,00,00,SYNC,00,00,,3,3,40,40,00,00,1
2183,736,B,00,00,SYNC,00,00,,3,3,40,40,00,00,1
2184,736,A,00,00,SYNC,00,00,,3,3,40,40,00,00,1
2185,736,B,00,00,SYNC,00,00,,3,3,40,40,00,00,1
2186,736,A,00,00,SYNC,00,00,,3,3,40,40,00,00,1
2187,736,B,00,00,SYNC,00,00,,3,3,40,40,00,00,1
2188,736,A,00,00,SYNC,00,00,,3,3,40,40,00,00,1
2189,736,B,00,00,SYNC,00,00,,3,3,40,40,00,00,1
2190,736,A,00,00,SYNC,00,00,,3,3,40,40,00,00,1
2191,736,B,00,00,SYNC,00,00,,3,3,40,40,00,00,1
2192,736,A,00,00,SYNC,00,00,,3,3,40,40,00,00,1
2193,736,B,00,00,SYNC,00,00,,3,3,40,40,00,00,1
2194,736,A,00,00,SYNC,00,00,,3,3,40,40,00,00,1
2195,736,B,00,00,SYNC,00,00,,3,3,40,40,00,00,1
2196,736,A,00,00,SYNC,00,00,,3,3,40,40,00,00,1
2197,736,B,00,00,SYNC,00,00,,3,3,40,40,00,00,1
2198,736,A,00,00,SYNC,00,00,,3,3,40,40,00,00,1
2199,736,B,00,00,SYNC,00,00,,3,3,40,40,00,00,1
2200,736,A,00,00,SYNC,00,00,,3,3,40,40,00,00,1
2201,736,B,00,00,SYNC,00,00,,3,3,40,40,00,00,1
2202,736,A,00,00,SYNC,00,00,,3,3,40,40,00,00,1
2203,736,B,00,00,SYNC,00,00,,3,3,40,40,00,00,1
2204,736,A,00,00,SYNC,00,00,,3,3,40,40,00,00,1
2205,736,B,00,00,SYNC,00,00,,3,3,40,40,00,00,1
2206,736,A,00,00,SYNC,00,00,,3,3,40,40,00,00,1
2207,736,B,00,00,SYNC,00,00,,3,3,40,40,00,00,1
2208,736,A,00,00,SYNC,00,00,,3,3,40,40,00,00,1
2209,736,B,00,00,SYNC,00,00,,3,3,40,40,00,00,1
2210,736,A,00,00,SYNC,00,00,,3,3,40,40,00,00,1
2211,736,B,00,00,SYNC,00,00,,3,3,40,40,00,00,1
2212,736,A,00,00,SYNC,00,00,,3,3,40,40,00,00,1
2213,736,B,00,00,SYNC,00,00,,3,3,40,40,00,00,1
2214,736,A,00,00,SYNC,00,00,,3,3,40,40,00,00,1
2215,736,B,00,00,SYNC,00,00,,3,3,40,40,00,00,1
2216,736,A,00,00,SYNC,00,00,,3,3,40,40,00,00,1
2217,736,B,00,00,SYNC,00,00,,3,3,40,40,00,00,1
2218,736,A,00,00,SYNC,00,00,,3,3,40,40,00,00,1
2219,736,B,00,00,SYNC,00,00,,3,3,40,40,00,00,1
2220,736,A,00,00,SYNC,00,00,,3,3,40,40,00,00,1
2221,736,B,00,00,SYNC,00,00,,3,3,40,40,00,00,1
2222,736,A,00,00,SYNC,00,00,,3,3,40,40,00,00,1
2223,736,B,00,00,SYNC,00,00,,3,3,40,40,00,00,1
2224,736,A,00,00,SYNC,00,00,,3,3,40,40,00,00,1
2225,736,B,00,00,SYNC,00,00,,3,3,40,40,00,00,1
2226,736,A,00,00,SYNC,00,00,,3,3,40,40,00,00,1
2227,736,B,00,00,SYNC,00,00,,3,3,40,40,00,00,1
2228,736,A,00,00,SYNC,00,00,,3,3,40,40,00,00,1
2229,736,B,00,00,SYNC,00,00,,3,3,40,40,00,00,1
2230,736,A,00,00,SYNC,00,00,,3,3,40,40,00,00,1
2231,736,B,00,00,SYNC,00,00,,3,3,40,40,00,00,1
2232,736,A,00,00,SYNC,00,00,,3,3,40,40,00,00,1
2233,736,B,00,00,SYNC,00,00,,3,3,40,40,00,00,1
2234,736,A,00,00,SYNC,00,00,,3,3,40,40,00,00,1
2235,736,B,00,00,SYNC,00,00,,3,3,40,40,00,00,1
2236,736,A,00,00,SYNC,00,00,,3,3,40,40,00,00,1
2237,736,B,00,00,SYNC,00,00,,3,3,40,40,00,00,1
2238,736,A,00,00,SYNC,00,00,,3,3,40,40,00,00,1
2239,736,B,00,00,SYNC,00,00,,3,3,40,40,00,00,1
2240,736,A,00,00,SYNC,00,00,,3,3,40,40,00,00,1
2241,736,B,00,00,SYNC,00,00,,3,3,40,40,00,00,1
2242,736,A,00,00,SYNC,00,00,,3,3,40,40,00,00,1
2243,736,B,00,00,SYNC,00,00,,3,3,40,40,00,00,1
2244,736,A,00,00,SYNC,00,00,,3,3,40,40,00,00,1
2245,736,B,00,00,SYNC,00,00,,3,3,40,40,00,00,1
2246,736,A,00,00,SYNC,00,00,,3,3,40,40,00,00,1
2247,736,B,00,00,SYNC,00,00,,3,3,40,40,00,00,1
2248,736,A,00,00,SYNC,00,00,,3,3,40,40,00,00,1
2249,736,B,00,00,SYNC,00,00,,3,3,40,40,00,00,1
2250,736,A,00,00,SYNC,00,00,,3,3,40,40,00,00,1
2251,736,B,00,00,SYNC,00,00,,3,3,40,40,00,00,1
2252,736,A,00,00,SYNC,00,00,,3,3,40,40,00,00,1
2253,736,B,00,00,SYNC,00,00,,3,3,40,40,00,00,1
2254,736,A,00,00,SYNC,00,00,,3,3,40,40,00,00,1
2255,736,B,00,00,SYNC,00,00,,3,3,40,40,00,00,1
2256,736,A,00,00,SYNC,00,00,,3,3,40,40,00,00,1
2257,736,B,00,00,SYNC,00,00,,3,3,40,40,00,00,1
2258,736,A,00,00,SYNC,00,00,,3,3,40,40,00,00,1
2259,736,B,00,00,SYNC,00,00,,3,3,40,40,00,00,1
2260,736,A,00,00,SYNC,00,00,,3,3,40,40,00,00,1
2261,736,B,00,00,SYNC,00,00,,3,3,40,40,00,00,1
2262,736,A,00,00,SYNC,00,00,,3,3,40,40,00,00,1
2263,736,B,00,00,SYNC,00,00,,3,3,40,40,00,00,1
2264,736,A,00,00,SYNC,00,00,,3,3,40,40,00,00,1
2265,736,B,00,00,SYNC,00,00,,3,3,40,40,00,00,1
2266,736,A,00,00,SYNC,00,00,,3,3,40,40,00,00,1
2267,736,B,00,00,SYNC,00,00,,3,3,40,40,00,00,1
2268,736,A,00,00,SYNC,00,00,,3,3,40,40,00,00,1
2269,736,B,00,00,SYNC,00,00,,3,3,40,40,00,00,1
2270,736,A,00,00,SYNC,00,00,,3,3,40,40,00,00,1
2271,736,B,00,00,SYNC,00,00,,3,3,40,40,00,00,1
2272,736,A,00,00,SYNC,00,00,,3,3,40,40,00,00,1
2273,736,B,00,00,SYNC,00,00,,3,3,40,40,00,00,1
2274,736,A,00,00,SYNC,00,00,,3,3,40,40,00,00,1
2275,736,B,00,00,SYNC,00,00,,3,3,40,40,00,00,1
2276,736,A,00,00,SYNC,00,00,,3,3,40,40,00,00,1
2277,736,B,00,00,SYNC,00,00,,3,3,40,40,00,00,1
2278,736,A,00,00,SYNC,00,00,,3,3,40,40,00,00,1
2279,736,B,00,00,SYNC,00,00,,3,3,40,40,00,00,1
2280,736,A,00,00,SYNC,00,00,,3,3,40,40,00,00,1
2281,736,B,00,00,SYNC,00,00,,3,3,40,40,00,00,1
2282,736,A,00,00,SYNC,00,00,,3,3,40,40,00,00,1
2283,736,B,00,00,SYNC,00,00,,3,3,40,40,00,00,1
2284,736,A,00,00,SYNC,00,00,,3,3,40,40,00,00,1
2285,736,B,00,00,SYNC,00,00,,3,3,40,40,00,00,1
2286,736,A,00,00,SYNC,00,00,,3,3,40,40,00,00,1
2287,736,B,00,00,SYNC,00,00,,3,3,40,40,00,00,1
2288,736,A,00,00,SYNC,00,00,,3,3,40,40,00,00,1
2289,736,B,00,00,SYNC,00,00,,3,3,40,40,00,00,1
2290,736,A,00,00,SYNC,00,00,,3,3,40,40,00,00,1
2291,736,B,00,00,SYNC,00,00,,3,3,40,40,00,00,1
2292,736,A,00,00,SYNC,00,00,,3,3,40,40,00,00,1
2293,736,B,00,00,SYNC,00,00,,3,3,40,40,00,00,1
2294,736,A,00,00,SYNC,00,00,,3,3,40,40,00,00,1
2295,736,B,00,00,SYNC,00,00,,3,3,40,40,00,00,1
2296,736,A,00,00,SYNC,00,00,,3,3,40,40,00,00,1
2297,736,B,00,00,SYNC,00,00,,3,3,40,40,00,00,1
2298,736,A,00,00,SYNC,00,00,,3,3,40,40,00,00,1
2299,736,B,00,00,SYNC,00,00,,3,3,40,40,00,00,1
2300,736,A,00,00,SYNC,00,00,,3,3,40,40,00,00,1
2301,736,B,00,00,SYNC,00,00,,3,3,40,40,00,00,1
2302,736,A,00,00,SYNC,00,00,,3,3,40,40,00,00,1
2303,736,B,00,00,SYNC,00,00,,3,3,40,40,00,00,1
2304,736,A,00,00,SYNC,00,00,,3,3,40,40,00,00,1
2305,736,B,00,00,SYNC,00,00,,3,3,40,40,00,00,1
2306,736,A,00,00,SYNC,00,00,,3,3,40,40,00,00,1
2307,736,B,00,00,SYNC,00,00,,3,3,40,40,00,00,1
2308,736,A,00,00,SYNC,00,00,,3,3,40,40,00,00,1
2309,736,B,00,00,SYNC,00,00,,3,3,40,40,00,00,1
2310,736,A,00,00,SYNC,00,00,,3,3,40,40,00,00,1
2311,736,B,00,00,SYNC,00,00,,3,3,40,40,00,00,1
2312,736,A,00,00,SYNC,00,00,,3,3,40,40,00,00,1
2313,736,B,00,00,SYNC,00,00,,3,3,40,40,00,00,1
2314,736,A,00,00,SYNC,00,00,,3,3,40,40,00,00,1
2315,736,B,00,00,SYNC,00,00,,3,3,40,40,00,00,1
2316,736,A,00,00,SYNC,00,00,,3,3,40,40,00,00,1
2317,736,B,00,00,SYNC,00,00,,3,3,40,40,00,00,1
2318,736,A,00,00,SYNC,00,00,,3,3,40,40,00,00,1
2319,736,B,00,00,SYNC,00,00,,3,3,40,40,00,00,1
2320,736,A,00,00,SYNC,00,00,,3,3,40,40,00,00,1
2321,736,B,00,00,SYNC,00,00,,3,3,40,40,00,00,1
2322,736,A,00,00,SYNC,00,00,,3,3,40,40,00,00,1
2323,736,B,00,00,SYNC,00,00,,3,3,40,40,00,00,1
2324,736,A,00,00,SYNC,00,00,,3,3,40,40,00,00,1
2325,736,B,00,00,SYNC,00,00,,3,3,40,40,00,00,1
2326,736,A,00,00,SYNC,00,00,,3,3,40,40,00,00,1
2327,736,B,00,00,SYNC,00,00,,3,3,40,40,00,00,1
2328,736,A,00,00,SYNC,00,00,,3,3,40,40,00,00,1
2329,736,B,00,00,SYNC,00,00,,3,3,40,40,00,00,1
2330,736,A,00,00,SYNC,00,00,,3,3,40,40,00,00,1
2331,736,B,00,00,SYNC,00,00,,3,3,40,40,00,00,1
2332,736,A,00,00,SYNC,00,00,,3,3,40,40,00,00,1
2333,736,B,00,00,SYNC,00,00,,3,3,40,40,00,00,1
2334,736,A,00,00,SYNC,00,00,,3,3,40,40,00,00,1
2335,736,B,00,00,SYNC,00,00,,3,3,40,40,00,00,1
2336,736,A,00,00,SYNC,00,00,,3,3,40,40,00,00,1
2337,736,B,00,00,SYNC,00,00,,3,3,40,40,00,00,1
2338,736,A,00,00,SYNC,00,00,,3,3,40,40,00,00,1
2339,736,B,00,00,SYNC,00,00,,3,3,40,40,00,00,1
2340,736,A,00,00,SYNC,00,00,,3,3,40,40,00,00,1
2341,736,B,00,00,SYNC,00,00,,3,3,40,40,00,00,1
2342,736,A,00,00,SYNC,00,00,,3,3,40,40,00,00,1
2343,736,B,00,00,SYNC,00,00,,3,3,40,40,00,00,1
2344,736,A,00,00,SYNC,00,00,,3,3,40,40,00,00,1
2345,736,B,00,00,SYNC,00,00,,3,3,40,40,00,00,1
2346,736,A,00,00,SYNC,00,00,,3,3,40,40,00,00,1
2347,736,B,00,00,SYNC,00,00,,3,3,40,40,00,00,1
2348,736,A,00,00,SYNC,00,00,,3,3,40,40,00,00,1
2349,736,B,00,00,SYNC,00,00,,3,3,40,40,00,00,1
2350,736,A,00,00,SYNC,00,00,,3,3,40,40,00,00,1
2351,736,B,00,00,SYNC,00,00,,3,3,40,40,00,00,1
2352,736,A,00,00,SYNC,00,00,,3,3,40,40,00,00,1
2353,736,B,00,00,SYNC,00,00,,3,3,40,40,00,00,1
2354,736,A,00,00,SYNC,00,00,,3,3,40,40,00,00,1
2355,736,B,00,00,SYNC,00,00,,3,3,40,40,00,00,1
2356,736,A,00,00,SYNC,00,00,,3,3,40,40,00,00,1
2357,736,B,00,00,SYNC,00,00,,3,3,40,40,00,00,1
2358,736,A,00,00,SYNC,00,00,,3,3,40,40,00,00,1
2359,736,B,00,00,SYNC,00,00,,3,3,40,40,00,00,1
2360,736,A,00,00,SYNC,00,00,,3,3,40,40,00,00,1
2361,736,B,00,00,SYNC,00,00,,3,3,40,40,00,00,1
2362,736,A,00,00,SYNC,00,00,,3,3,40,40,00,00,1
2363,736,B,00,00,SYNC,00,00,,3,3,40,40,00,00,1
2364,736,A,00,00,SYNC,00,00,,3,3,40,40,00,00,1
2365,736,B,00,00,SYNC,00,00,,3,3,40,40,00,00,1
2366,736,A,00,00,SYNC,00,00,,3,3,40,40,00,00,1
2367,736,B,00,00,SYNC,00,00,,3,3,40,40,00,00,1
2368,736,A,00,00,SYNC,00,00,,3,3,40,40,00,00,1
2369,736,B,00,00,SYNC,00,00,,3,3,40,40,00,00,1
2370,736,A,00,00,SYNC,00,00,,3,3,40,40,00,00,1
2371,736,B,00,00,SYNC,00,00,,3,3,40,40,00,00,1
2372,736,A,00,00,SYNC,00,00,,3,3,40,40,00,00,1
2373,736,B,00,00,SYNC,00,00,,3,3,40,40,00,00,1
2374,736,A,00,00,SYNC,00,00,,3,3,40,40,00,00,1
2375,736,B,00,00,SYNC,00,00,,3,3,40,40,00,00,1
2376,736,A,00,00,SYNC,00,00,,3,3,40,40,00,00,1
2377,736,B,00,00,SYNC,00,00,,3,3,40,40,00,00,1
2378,736,A,00,00,SYNC,00,00,,3,3,40,40,00,00,1
2379,736,B,00,00,SYNC,00,00,,3,3,40,40,00,00,1
2380,736,A,00,00,SYNC,00,00,,3,3,40,40,00,00,1
2381,736,B,00,00,SYNC,00,00,,3,3,40,40,00,00,1
2382,736,A,00,00,SYNC,00,00,,3,3,40,40,00,00,1
2383,736,B,00,00,SYNC,00,00,,3,3,40,40,00,00,1
2384,736,A,00,00,SYNC,00,00,,3,3,40,40,00,00,1
2385,736,B,00,00,SYNC,00,00,,3,3,40,40,00,00,1
2386,736,A,00,00,SYNC,00,00,,3,3,40,40,00,00,1
2387,736,B,00,00,SYNC,00,00,,3,3,40,40,00,00,1
2388,736,A,00,00,SYNC,00,00,,3,3,40,40,00,00,1
2389,736,B,00,00,SYNC,00,00,,3,3,40,40,00,00,1
2390,736,A,00,00,SYNC,00,00,,3,3,40,40,00,00,1
2391,736,B,00,00,SYNC,00,00,,3,3,40,40,00,00,1
2392,736,A,00,00,SYNC,00,00,,3,3,40,40,00,00,1
2393,736,B,00,00,SYNC,00,00,,3,3,40,40,00,00,1
2394,736,A,00,00,SYNC,00,00,,3,3,40,40,00,00,1
2395,736,B,00,00,SYNC,00,00,,3,3,40,40,00,00,1
2396,736,A,00,00,SYNC,00,00,,3,3,40,40,00,00,1
2397,736,B,00,00,SYNC,00,00,,3,3,40,40,00,00,1
2398,736,A,00,00,SYNC,00,00,,3,3,40,40,00,00,1
2399,736,B,00,00,SYNC,00,00,,3,3,40,40,00,00,1
2400,736,A,00,00,SYNC,00,00,,3,3,40,40,00,00,1
2401,736,B,00,00,SYNC,00,00,,3,3,40,40,00,00,1
2402,736,A,00,00,SYNC,00,00,,3,3,40,40,00,00,1
2403,736,B,00,00,SYNC,00,00,,3,3,40,40,00,00,1
2404,736,A,00,00,SYNC,00,00,,3,3,40,40,00,00,1
2405,736,B,00,00,SYNC,00,00,,3,3,40,40,00,00,1
2406,736,A,00,00,SYNC,00,00,,3,3,40,40,00,00,1
2407,736,B,00,00,SYNC,00,00,,3,3,40,40,00,00,1
2408,736,A,00,00,SYNC,00,00,,3,3,40,40,00,00,1
2409,736,B,00,00,SYNC,00,00,,3,3,40,40,00,00,1
2410,736,A,00,00,SYNC,00,00,,3,3,40,40,00,00,1
2411,736,B,00,00,SYNC,00,00,,3,3,40,40,00,00,1
2412,736,A,00,00,SYNC,00,00,,3,3,40,40,00,00,1
2413,736,B,00,00,SYNC,00,00,,3,3,40,40,00,00,1
2414,736,A,00,00,SYNC,00,00,,3,3,40,40,00,00,1
2415,736,B,00,00,SYNC,00,00,,3,3,40,40,00,00,1
2416,736,A,00,00,SYNC,00,00,,3,3,40,40,00,00,1
2417,736,B,00,00,SYNC,00,00,,3,3,40,40,00,00,1
2418,736,A,00,00,SYNC,00,00,,3,3,40,40,00,00,1
2419,736,B,00,00,SYNC,00,00,,3,3,40,40,00,00,1
2420,736,A,00,00,SYNC,00,00,,3,3,40,40,00,00,1
2421,736,B,00,00,SYNC,00,00,,3,3,40,40,00,00,1
2422,736,A,00,00,SYNC,00,00,,3,3,40,40,00,00,1
2423,736,B,00,00,SYNC,00,00,,3,3,40,40,00,00,1
2424,736,A,00,00,SYNC,00,00,,3,3,40,40,00,00,1
2425,736,B,00,00,SYNC,00,00,,3,3,40,40,00,00,1
2426,736,A,00,00,SYNC,00,00,,3,3,40,40,00,00,1
2427,736,B,00,00,SYNC,00,00,,3,3,40,40,00,00,1
2428,736,A,00,00,SYNC,00,00,,3,3,40,40,00,00,1
2429,736,B,00,00,SYNC,00,00,,3,3,40,40,00,00,1
2430,736,A,00,00,SYNC,00,00,,3,3,40,40,00,00,1
2431,736,B,00,00,SYNC,00,00,,3,3,40,40,00,00,1
2432,736,A,00,00,SYNC,00,00,,3,3,40,40,00,00,1
2433,736,B,00,00,SYNC,00,00,,3,3,40,40,00,00,1
2434,736,A,00,00,SYNC,00,00,,3,3,40,40,00,00,1
2435,736,B,00,00,SYNC,00,00,,3,3,40,40,00,00,1
2436,736,A,00,00,SYNC,00,00,,3,3,40,40,00,00,1
2437,736,B,00,00,SYNC,00,00,,3,3,40,40,00,00,1
2438,736,A,00,00,SYNC,00,00,,3,3,40,40,00,00,1
2439,736,B,00,00,SYNC,00,00,,3,3,40,40,00,00,1
2440,736,A,00,00,SYNC,00,00,,3,3,40,40,00,00,1
2441,736,B,00,00,SYNC,00,00,,3,3,40,40,00,00,1
2442,736,A,00,00,SYNC,00,00,,3,3,40,40,00,00,1
2443,736,B,00,00,SYNC,00,00,,3,3,40,40,00,00,1
2444,736,A,00,00,SYNC,00,00,,3,3,40,40,00,00,1
2445,736,B,00,00,SYNC,00,00,,3,3,40,40,00,00,1
2446,736,A,00,00,SYNC,00,00,,3,3,40,40,00,00,1
2447,736,B,00,00,SYNC,00,00,,3,3,40,40,00,00,1
2448,736,A,00,00,SYNC,00,00,,3,3,40,40,00,00,1
2449,736,B,00,00,SYNC,00,00,,3,3,40,40,00,00,1
2450,736,A,00,00,SYNC,00,00,,3,3,40,40,00,00,1
2451,736,B,00,00,SYNC,00,00,,3,3,40,40,00,00,1
2452,736,A,00,00,SYNC,00,00,,3,3,40,40,00,00,1
2453,736,B,00,00,SYNC,00,00,,3,3,40,40,00,00,1
2454,736,A,00,00,SYNC,00,00,,3,3,40,40,00,00,1
2455,736,B,00,00,SYNC,00,00,,3,3,40,40,00,00,1
2456,736,A,00,00,SYNC,00,00,,3,3,40,40,00,00,1
2457,736,B,00,00,SYNC,00,00,,3,3,40,40,00,00,1
2458,736,A,00,00,SYNC,00,00,,3,3,40,40,00,00,1
2459,736,B,00,00,SYNC,00,00,,3,3,40,40,00,00,1
2460,736,A,00,00,SYNC,00,00,,3,3,40,40,00,00,1
2461,736,B,00,00,SYNC,00,00,,3,3,40,40,00,00,1
2462,736,A,00,00,SYNC,00,00,,3,3,40,40,00,00,1
2463,736,B,00,00,SYNC,00,00,,3,3,40,40,00,00,1
2464,736,A,00,00,SYNC,00,00,,3,3,40,40,00,00,1
2465,736,B,00,00,SYNC,00,00,,3,3,40,40,00,00,1
2466,736,A,00,00,SYNC,00,00,,3,3,40,40,00,00,1
2467,736,B,00,00,SYNC,00,00,,3,3,40,40,00,00,1
2468,736,A,00,00,SYNC,00,00,,3,3,40,40,00,00,1
2469,736,B,00,00,SYNC,00,00,,3,3,40,40,00,00,1
2470,736,A,00,00,SYNC,00,00,,3,3,40,40,00,00,1
2471,736,B,00,00,SYNC,00,00,,3,3,40,40,00,00,1
2472,736,A,00,00,SYNC,00,00,,3,3,40,40,00,00,1
2473,736,B,00,00,SYNC,00,00,,3,3,40,40,00,00,1
2474,736,A,00,00,SYNC,00,00,,3,3,40,40,00,00,1
2475,736,B,00,00,SYNC,00,00,,3,3,40,40,00,00,1
2476,736,A,00,00,SYNC,00,00,,3,3,40,40,00,00,1
2477,736,B,00,00,SYNC,00,00,,3,3,40,40,00,00,1
2478,736,A,00,00,SYNC,00,00,,3,3,40,40,00,00,1
2479,736,B,00,00,SYNC,00,00,,3,3,40,40,00,00,1
2480,736,A,00,00,SYNC,00,00,,3,3,40,40,00,00,1
2481,736,B,00,00,SYNC,00,00,,3,3,40,40,00,00,1
2482,736,A,00,00,SYNC,00,00,,3,3,40,40,00,00,1
2483,736,B,00,00,SYNC,00,00,,3,3,40,40,00,00,1
2484,736,A,00,00,SYNC,00,00,,3,3,40,40,00,00,1
2485,736,B,00,00,SYNC,00,00,,3,3,40,40,00,00,1
2486,736,A,00,00,SYNC,00,00,,3,3,40,40,00,00,1
2487,736,B,00,00,SYNC,00,00,,3,3,40,40,00,00,1
2488,736,A,00,00,SYNC,00,00,,3,3,40,40,00,00,1
2489,736,B,00,00,SYNC,00,00,,3,3,40,40,00,00,1
2490,736,A,00,00,SYNC,00,00,,3,3,40,40,00,00,1
2491,736,B,00,00,SYNC,00,00,,3,3,40,40,00,00,1
2492,736,A,00,00,SYNC,00,00,,3,3,40,40,00,00,1
2493,736,B,00,00,SYNC,00,00,,3,3,40,40,00,00,1
2494,736,A,00,00,SYNC,00,00,,3,3,40,40,00,00,1
2495,736,B,00,00,SYNC,00,00,,3,3,40,40,00,00,1
2496,736,A,00,00,SYNC,00,00,,3,3,40,40,00,00,1
2497,736,B,00,00,SYNC,00,00,,3,3,40,40,00,00,1
2498,736,A,00,00,SYNC,00,00,,3,3,40,40,00,00,1
2499,736,B,00,00,SYNC,00,00,,3,3,40,40,00,00,1
2500,736,A,00,00,SYNC,00,00,,3,3,40,40,00,00,1
2501,736,B,00,00,SYNC,00,00,,3,3,40,40,00,00,1
2502,736,A,00,00,SYNC,00,00,,3,3,40,40,00,00,1
2503,736,B,00,00,SYNC,00,00,,3,3,40,40,00,00,1
2504,736,A,00,00,SYNC,00,00,,3,3,40,40,00,00,1
2505,736,B,00,00,SYNC,00,00,,3,3,40,40,00,00,1
2506,736,A,00,00,SYNC,00,00,,3,3,40,40,00,00,1
2507,736,B,00,00,SYNC,00,00,,3,3,40,40,00,00,1
2508,736,A,00,00,SYNC,00,00,,3,3,40,40,00,00,1
2509,736,B,00,00,SYNC,00,00,,3,3,40,40,00,00,1
2510,736,A,00,00,SYNC,00,00,,3,3,40,40,00,00,1
2511,736,B,00,00,SYNC,00,00,,3,3,40,40,00,00,1
2512,736,A,00,00,SYNC,00,00,,3,3,40,40,00,00,1
2513,736,B,00,00,SYNC,00,00,,3,3,40,40,00,00,1
2514,736,A,00,00,SYNC,00,00,,3,3,40,40,00,00,1
2515,736,B,00,00,SYNC,00,00,,3,3,40,40,00,00,1
2516,736,A,00,00,SYNC,00,00,,3,3,40,40,00,00,1
2517,736,B,00,00,SYNC,00,00,,3,3,40,40,00,00,1
2518,736,A,00,00,SYNC,00,00,,3,3,40,40,00,00,1
2519,736,B,00,00,SYNC,00,00,,3,3,40,40,00,00,1
2520,736,A,00,00,SYNC,00,00,,3,3,40,40,00,00,1
2521,736,B,00,00,SYNC,00,00,,3,3,40,40,00,00,1
2522,736,A,00,00,SYNC,00,00,,3,3,40,40,00,00,1
2523,736,B,00,00,SYNC,00,00,,3,3,40,40,00,00,1
2524,736,A,00,00,SYNC,00,00,,3,3,40,40,00,00,1
2525,736,B,00,00,SYNC,00,00,,3,3,40,40,00,00,1
2526,736,A,00,00,SYNC,00,00,,3,3,40,40,00,00,1
2527,736,B,00,00,SYNC,00,00,,3,3,40,40,00,00,1
2528,736,A,00,00,SYNC,00,00,,3,3,40,40,00,00,1
2529,736,B,00,00,SYNC,00,00,,3,3,40,40,00,00,1
2530,736,A,00,00,SYNC,00,00,,3,3,40,40,00,00,1
2531,736,B,00,00,SYNC,00,00,,3,3,40,40,00,00,1
2532,736,A,00,00,SYNC,00,00,,3,3,40,40,00,00,1
2533,736,B,00,00,SYNC,00,00,,3,3,40,40,00,00,1
2534,736,A,00,00,SYNC,00,00,,3,3,40,40,00,00,1
2535,736,B,00,00,SYNC,00,00,,3,3,40,40,00,00,1
2536,736,A,00,00,SYNC,00,00,,3,3,40,40,00,00,1
2537,736,B,00,00,SYNC,00,00,,3,3,40,40,00,00,1
2538,736,A,00,00,SYNC,00,00,,3,3,40,40,00,00,1
2539,736,B,00,00,SYNC,00,00,,3,3,40,40,00,00,1
2540,736,A,00,00,SYNC,00,00,,3,3,40,40,00,00,1
2541,736,B,00,00,SYNC,00,00,,3,3,40,40,00,00,1
2542,736,A,00,00,SYNC,00,00,,3,3,40,40,00,00,1
2543,736,B,00,00,SYNC,00,00,,3,3,40,40,00,00,1
2544,736,A,00,00,SYNC,00,00,,3,3,40,40,00,00,1
2545,736,B,00,00,SYNC,00,00,,3,3,40,40,00,00,1
2546,736,A,00,00,SYNC,00,00,,3,3,40,40,00,00,1
2547,736,B,00,00,SYNC,00,00,,3,3,40,40,00,00,1
2548,736,A,00,00,SYNC,00,00,,3,3,40,40,00,00,1
2549,736,B,00,00,SYNC,00,00,,3,3,40,40,00,00,1
2550,736,A,00,00,SYNC,00,00,,3,3,40,40,00,00,1
2551,736,B,00,00,SYNC,00,00,,3,3,40,40,00,00,1
2552,736,A,00,00,SYNC,00,00,,3,3,40,40,00,00,1
2553,736,B,00,00,SYNC,00,00,,3,3,40,40,00,00,1
2554,736,A,00,00,SYNC,00,00,,3,3,40,40,00,00,1
2555,736,B,00,00,SYNC,00,00,,3,3,40,40,00,00,1
2556,736,A,00,00,SYNC,00,00,,3,3,40,40,00,00,1
2557,736,B,00,00,SYNC,00,00,,3,3,40,40,00,00,1
2558,736,A,00,00,SYNC,00,00,,3,3,40,40,00,00,1
2559,736,B,00,00,SYNC,00,00,,3,3,40,40,00,00,1
2560,736,A,00,00,SYNC,00,00,,3,3,40,40,00,00,1
2561,736,B,00,00,SYNC,00,00,,3,3,40,40,00,00,1
2562,736,A,00,00,SYNC,00,00,,3,3,40,40,00,00,1
2563,736,B,00,00,SYNC,00,00,,3,3,40,40,00,00,1
2564,736,A,00,00,SYNC,00,00,,3,3,40,40,00,00,1
2565,736,B,00,00,SYNC,00,00,,3,3,40,40,00,00,1
2566,736,A,00,00,SYNC,00,00,,3,3,40,40,00,00,1
2567,736,B,00,00,SYNC,00,00,,3,3,40,40,00,00,1
2568,736,A,00,00,SYNC,00,00,,3,3,40,40,00,00,1
2569,736,B,00,00,SYNC,00,00,,3,3,40,40,00,00,1
2570,736,A,00,00,SYNC,00,00,,3,3,40,40,00,00,1
2571,736,B,00,00,SYNC,00,00,,3,3,40,40,00,00,1
2572,736,A,00,00,SYNC,00,00,,3,3,40,40,00,00,1
2573,736,B,00,00,SYNC,00,00,,3,3,40,40,00,00,1
2574,736,A,00,00,SYNC,00,00,,3,3,40,40,00,00,1
2575,736,B,00,00,SYNC,00,00,,3,3,40,40,00,00,1
2576,736,A,00,00,SYNC,00,00,,3,3,40,40,00,00,1
2577,736,B,00,00,SYNC,00,00,,3,3,40,40,00,00,1
2578,736,A,00,00,SYNC,00,00,,3,3,40,40,00,00,1
2579,736,B,00,00,SYNC,00,00,,3,3,40,40,00,00,1
2580,736,A,00,00,SYNC,00,00,,3,3,40,40,00,00,1
2581,736,B,00,00,SYNC,00,00,,3,3,40,40,00,00,1
2582,736,A,00,00,SYNC,00,00,,3,3,40,40,00,00,1
2583,736,B,00,00,SYNC,00,00,,3,3,40,40,00,00,1
2584,736,A,00,00,SYNC,00,00,,3,3,40,40,00,00,1
2585,736,B,00,00,SYNC,00,00,,3,3,40,40,00,00,1
2586,736,A,00,00,SYNC,00,00,,3,3,40,40,00,00,1
2587,736,B,00,00,SYNC,00,00,,3,3,40,40,00,00,1
2588,736,A,00,00,SYNC,00,00,,3,3,40,40,00,00,1
2589,736,B,00,00,SYNC,00,00,,3,3,40,40,00,00,1
2590,736,A,00,00,SYNC,00,00,,3,3,40,40,00,00,1
2591,736,B,00,00,SYNC,00,00,,3,3,40,40,00,00,1
2592,736,A,00,00,SYNC,00,00,,3,3,40,40,00,00,1
2593,736,B,00,00,SYNC,00,00,,3,3,40,40,00,00,1
2594,736,A,00,00,SYNC,00,00,,3,3,40,40,00,00,1
2595,736,B,00,00,SYNC,00,00,,3,3,40,40,00,00,1
2596,736,A,00,00,SYNC,00,00,,3,3,40,40,00,00,1
2597,736,B,00,00,SYNC,00,00,,3,3,40,40,00,00,1
2598,736,A,00,00,SYNC,00,00,,3,3,40,40,00,00,1
2599,736,B,00,00,SYNC,00,00,,3,3,40,40,00,00,1
2600,736,A,00,00,SYNC,00,00,,3,3,40,40,00,00,1
2601,736,B,00,00,SYNC,00,00,,3,3,40,40,00,00,1
2602,736,A,00,00,SYNC,00,00,,3,3,40,40,00,00,1
2603,736,B,00,00,SYNC,00,00,,3,3,40,40,00,00,1
2604,736,A,00,00,SYNC,00,00,,3,3,40,40,00,00,1
2605,736,B,00,00,SYNC,00,00,,3,3,40,40,00,00,1
2606,736,A,00,00,SYNC,00,00,,3,3,40,40,00,00,1
2607,736,B,00,00,SYNC,00,00,,3,3,40,40,00,00,1
2608,736,A,00,00,SYNC,00,00,,3,3,40,40,00,00,1
2609,736,B,00,00,SYNC,00,00,,3,3,40,40,00,00,1
2610,736,A,00,00,SYNC,00,00,,3,3,40,40,00,00,1
2611,736,B,00,00,SYNC,00,00,,3,3,40,40,00,00,1
2612,736,A,00,00,SYNC,00,00,,3,3,40,40,00,00,1
2613,736,B,00,00,SYNC,00,00,,3,3,40,40,00,00,1
2614,736,A,00,00,SYNC,00,00,,3,3,40,40,00,00,1
2615,736,B,00,00,SYNC,00,00,,3,3,40,40,00,00,1
2616,736,A,00,00,SYNC,00,00,,3,3,40,40,00,00,1
2617,736,B,00,00,SYNC,00,00,,3,3,40,40,00,00,1
2618,736,A,00,00,SYNC,00,00,,3,3,40,40,00,00,1
2619,736,B,00,00,SYNC,00,00,,3,3,40,40,00,00,1
2620,736,A,00,00,SYNC,00,00,,3,3,40,40,00,00,1
2621,736,B,00,00,SYNC,00,00,,3,3,40,40,00,00,1
2622,736,A,00,00,SYNC,00,00,,3,3,40,40,00,00,1
2623,736,B,00,00,SYNC,00,00,,3,3,40,40,00,00,1
2624,736,A,00,00,SYNC,00,00,,3,3,40,40,00,00,1
2625,736,B,00,00,SYNC,00,00,,3,3,40,40,00,00,1
2626,736,A,00,00,SYNC,00,00,,3,3,40,40,00,00,1
2627,736,B,00,00,SYNC,00,00,,3,3,40,40,00,00,1
2628,736,A,00,00,SYNC,00,00,,3,3,40,40,00,00,1
2629,736,B,00,00,SYNC,00,00,,3,3,40,40,00,00,1
2630,736,A,00,00,SYNC,00,00,,3,3,40,40,00,00,1
2631,736,B,00,00,SYNC,00,00,,3,3,40,40,00,00,1
2632,736,A,00,00,SYNC,00,00,,3,3,40,40,00,00,1
2633,736,B,00,00,SYNC,00,00,,3,3,40,40,00,00,1
2634,736,A,00,00,SYNC,00,00,,3,3,40,40,00,00,1
2635,736,B,00,00,SYNC,00,00,,3,3,40,40,00,00,1
2636,736,A,00,00,SYNC,00,00,,3,3,40,40,00,00,1
2637,736,B,00,00,SYNC,00,00,,3,3,40,40,00,00,1
2638,736,A,00,00,SYNC,00,00,,3,3,40,40,00,00,1
2639,736,B,00,00,SYNC,00,00,,3,3,40,40,00,00,1
2640,736,A,00,00,SYNC,00,00,,3,3,40,40,00,00,1
2641,736,B,00,00,SYNC,00,00,,3,3,40,40,00,00,1
2642,736,A,00,00,SYNC,00,00,,3,3,40,40,00,00,1
2643,736,B,00,00,SYNC,00,00,,3,3,40,40,00,00,1
2644,736,A,00,00,SYNC,00,00,,3,3,40,40,00,00,1
2645,736,B,00,00,SYNC,00,00,,3,3,40,40,00,00,1
2646,736,A,00,00,SYNC,00,00,,3,3,40,40,00,00,1
2647,736,B,00,00,SYNC,00,00,,3,3,40,40,00,00,1
2648,736,A,00,00,SYNC,00,00,,3,3,40,40,00,00,1
2649,736,B,00,00,SYNC,00,00,,3,3,40,40,00,00,1
2650,736,A,00,00,SYNC,00,00,,3,3,40,40,00,00,1
2651,736,B,00,00,SYNC,00,00,,3,3,40,40,00,00,1
2652,736,A,00,00,SYNC,00,00,,3,3,40,40,00,00,1
2653,736,B,00,00,SYNC,00,00,,3,3,40,40,00,00,1
2654,736,A,00,00,SYNC,00,00,,3,3,40,40,00,00,1
2655,736,B,00,00,SYNC,00,00,,3,3,40,40,00,00,1
2656,736,A,00,00,SYNC,00,00,,3,3,40,40,00,00,1
2657,736,B,00,00,SYNC,00,00,,3,3,40,40,00,00,1
2658,736,A,00,00,SYNC,00,00,,3,3,40,40,00,00,1
2659,736,B,00,00,SYNC,00,00,,3,3,40,40,00,00,1
2660,736,A,00,00,SYNC,00,00,,3,3,40,40,00,00,1
2661,736,B,00,00,SYNC,00,00,,3,3,40,40,00,00,1
2662,736,A,00,00,SYNC,00,00,,3,3,40,40,00,00,1
2663,736,B,00,00,SYNC,00,00,,3,3,40,40,00,00,1
2664,736,A,00,00,SYNC,00,00,,3,3,40,40,00,00,1
2665,736,B,00,00,SYNC,00,00,,3,3,40,40,00,00,1
2666,736,A,00,00,SYNC,00,00,,3,3,40,40,00,00,1
2667,736,B,00,00,SYNC,00,00,,3,3,40,40,00,00,1
2668,736,A,00,00,SYNC,00,00,,3,3,40,40,00,00,1
2669,736,B,00,00,SYNC,00,00,,3,3,40,40,00,00,1
2670,736,A,00,00,SYNC,00,00,,3,3,40,40,00,00,1
2671,736,B,00,00,SYNC,00,00,,3,3,40,40,00,00,1
2672,736,A,00,00,SYNC,00,00,,3,3,40,40,00,00,1
2673,736,B,00,00,SYNC,00,00,,3,3,40,40,00,00,1
2674,736,A,00,00,SYNC,00,00,,3,3,40,40,00,00,1
2675,736,B,00,00,SYNC,00,00,,3,3,40,40,00,00,1
2676,736,A,00,00,SYNC,00,00,,3,3,40,40,00,00,1
2677,736,B,00,00,SYNC,00,00,,3,3,40,40,00,00,1
2678,736,A,00,00,SYNC,00,00,,3,3,40,40,00,00,1
2679,736,B,00,00,SYNC,00,00,,3,3,40,40,00,00,1
2680,736,A,00,00,SYNC,00,00,,3,3,40,40,00,00,1
2681,736,B,00,00,SYNC,00,00,,3,3,40,40,00,00,1
2682,736,A,00,00,SYNC,00,00,,3,3,40,40,00,00,1
2683,736,B,00,00,SYNC,00,00,,3,3,40,40,00,00,1
2684,736,A,00,00,SYNC,00,00,,3,3,40,40,00,00,1
2685,736,B,00,00,SYNC,00,00,,3,3,40,40,00,00,1
2686,736,A,00,00,SYNC,00,00,,3,3,40,40,00,00,1
2687,736,B,00,00,SYNC,00,00,,3,3,40,40,00,00,1
2688,736,A,00,00,SYNC,00,00,,3,3,40,40,00,00,1
2689,736,B,00,00,SYNC,00,00,,3,3,40,40,00,00,1
2690,736,A,00,00,SYNC,00,00,,3,3,40,40,00,00,1
2691,736,B,00,00,SYNC,00,00,,3,3,40,40,00,00,1
2692,736,A,00,00,SYNC,00,00,,3,3,40,40,00,00,1
2693,736,B,00,00,SYNC,00,00,,3,3,40,40,00,00,1
2694,736,A,00,00,SYNC,00,00,,3,3,40,40,00,00,1
2695,736,B,00,00,SYNC,00,00,,3,3,40,40,00,00,1
2696,736,A,00,00,SYNC,00,00,,3,3,40,40,00,00,1
2697,736,B,00,00,SYNC,00,00,,3,3,40,40,00,00,1
2698,736,A,00,00,SYNC,00,00,,3,3,40,40,00,00,1
2699,736,B,00,00,SYNC,00,00,,3,3,40,40,00,00,1
2700,736,A,00,00,SYNC,00,00,,3,3,40,40,00,00,1
2701,736,B,00,00,SYNC,00,00,,3,3,40,40,00,00,1
2702,736,A,00,00,SYNC,00,00,,3,3,40,40,00,00,1
2703,736,B,00,00,SYNC,00,00,,3,3,40,40,00,00,1
2704,736,A,00,00,SYNC,00,00,,3,3,40,40,00,00,1
2705,736,B,00,00,SYNC,00,00,,3,3,40,40,00,00,1
2706,736,A,00,00,SYNC,00,00,,3,3,40,40,00,00,1
2707,736,B,00,00,SYNC,00,00,,3,3,40,40,00,00,1
2708,736,A,00,00,SYNC,00,00,,3,3,40,40,00,00,1
2709,736,B,00,00,SYNC,00,00,,3,3,40,40,00,00,1
2710,736,A,00,00,SYNC,00,00,,3,3,40,40,00,00,1
2711,736,B,00,00,SYNC,00,00,,3,3,40,40,00,00,1
2712,736,A,00,00,SYNC,00,00,,3,3,40,40,00,00,1
2713,736,B,00,00,SYNC,00,00,,3,3,40,40,00,00,1
2714,736,A,00,00,SYNC,00,00,,3,3,40,40,00,00,1
2715,736,B,00,00,SYNC,00,00,,3,3,40,40,00,00,1
2716,736,A,00,00,SYNC,00,00,,3,3,40,40,00,00,1
2717,736,B,00,00,SYNC,00,00,,3,3,40,40,00,00,1
2718,736,A,00,00,SYNC,00,00,,3,3,40,40,00,00,1
2719,736,B,00,00,SYNC,00,00,,3,3,40,40,00,00,1
2720,736,A,00,00,SYNC,00,00,,3,3,40,40,00,00,1
2721,736,B,00,00,SYNC,00,00,,3,3,40,40,00,00,1
2722,736,A,00,00,SYNC,00,00,,3,3,40,40,00,00,1
2723,736,B,00,00,SYNC,00,00,,3,3,40,40,00,00,1
2724,736,A,00,00,SYNC,00,00,,3,3,40,40,00,00,1
2725,736,B,00,00,SYNC,00,00,,3,3,40,40,00,00,1
2726,736,A,00,00,SYNC,00,00,,3,3,40,40,00,00,1
2727,736,B,00,00,SYNC,00,00,,3,3,40,40,00,00,1
2728,736,A,00,00,SYNC,00,00,,3,3,40,40,00,00,1
2729,736,B,00,00,SYNC,00,00,,3,3,40,40,00,00,1
2730,736,A,00,00,SYNC,00,00,,3,3,40,40,00,00,1
2731,736,B,00,00,SYNC,00,00,,3,3,40,40,00,00,1
2732,736,A,00,00,SYNC,00,00,,3,3,40,40,00,00,1
2733,736,B,00,00,SYNC,00,00,,3,3,40,40,00,00,1
2734,736,A,00,00,SYNC,00,00,,3,3,40,40,00,00,1
2735,736,B,00,00,SYNC,00,00,,3,3,40,40,00,00,1
2736,736,A,00,00,SYNC,00,00,,3,3,40,40,00,00,1
2737,736,B,00,00,SYNC,00,00,,3,3,40,40,00,00,1
2738,736,A,00,00,SYNC,00,00,,3,3,40,40,00,00,1
2739,736,B,00,00,SYNC,00,00,,3,3,40,40,00,00,1
2740,736,A,00,00,SYNC,00,00,,3,3,40,40,00,00,1
2741,736,B,00,00,SYNC,00,00,,3,3,40,40,00,00,1
2742,736,A,00,00,SYNC,00,00,,3,3,40,40,00,00,1
2743,736,B,00,00,SYNC,00,00,,3,3,40,40,00,00,1
2744,736,A,00,00,SYNC,00,00,,3,3,40,40,00,00,1
2745,736,B,00,00,SYNC,00,00,,3,3,40,40,00,00,1
2746,736,A,00,00,SYNC,00,00,,3,3,40,40,00,00,1
2747,736,B,00,00,SYNC,00,00,,3,3,40,40,00,00,1
2748,736,A,00,00,SYNC,00,00,,3,3,40,40,00,00,1
2749,736,B,00,00,SYNC,00,00,,3,3,40,40,00,00,1
2750,736,A,00,00,SYNC,00,00,,3,3,40,40,00,00,1
2751,736,B,00,00,SYNC,00,00,,3,3,40,40,00,00,1
2752,736,A,00,00,SYNC,00,00,,3,3,40,40,00,00,1
2753,736,B,00,00,SYNC,00,00,,3,3,40,40,00,00,1
2754,736,A,00,00,SYNC,00,00,,3,3,40,40,00,00,1
2755,736,B,00,00,SYNC,00,00,,3,3,40,40,00,00,1
2756,736,A,00,00,SYNC,00,00,,3,3,40,40,00,00,1
2757,736,B,00,00,SYNC,00,00,,3,3,40,40,00,00,1
2758,736,A,00,00,SYNC,00,00,,3,3,40,40,00,00,1
2759,736,B,00,00,SYNC,00,00,,3,3,40,40,00,00,1
2760,736,A,00,00,SYNC,00,00,,3,3,40,40,00,00,1
2761,736,B,00,00,SYNC,00,00,,3,3,40,40,00,00,1
2762,736,A,00,00,SYNC,00,00,,3,3,40,40,00,00,1
2763,736,B,00,00,SYNC,00,00,,3,3,40,40,00,00,1
2764,736,A,00,00,SYNC,00,00,,3,3,40,40,00,00,1
2765,736,B,00,00,SYNC,00,00,,3,3,40,40,00,00,1
2766,736,A,00,00,SYNC,00,00,,3,3,40,40,00,00,1
2767,736,B,00,00,SYNC,00,00,,3,3,40,40,00,00,1
2768,736,A,00,00,SYNC,00,00,,3,3,40,40,00,00,1
2769,736,B,00,00,SYNC,00,00,,3,3,40,40,00,00,1
2770,736,A,00,00,SYNC,00,00,,3,3,40,40,00,00,1
2771,736,B,00,00,SYNC,00,00,,3,3,40,40,00,00,1
2772,736,A,00,00,SYNC,00,00,,3,3,40,40,00,00,1
2773,736,B,00,00,SYNC,00,00,,3,3,40,40,00,00,1
2774,736,A,00,00,SYNC,00,00,,3,3,40,40,00,00,1
2775,736,B,00,00,SYNC,00,00,,3,3,40,40,00,00,1
2776,736,A,00,00,SYNC,00,00,,3,3,40,40,00,00,1
2777,736,B,00,00,SYNC,00,00,,3,3,40,40,00,00,1
2778,736,A,00,00,SYNC,00,00,,3,3,40,40,00,00,1
2779,736,B,00,00,SYNC,00,00,,3,3,40,40,00,00,1
2780,736,A,00,00,SYNC,00,00,,3,3,40,40,00,00,1
2781,736,B,00,00,SYNC,00,00,,3,3,40,40,00,00,1
2782,736,A,00,00,SYNC,00,00,,3,3,40,40,00,00,1
2783,736,B,00,00,SYNC,00,00,,3,3,40,40,00,00,1
2784,736,A,00,00,SYNC,00,00,,3,3,40,40,00,00,1
2785,736,B,00,00,SYNC,00,00,,3,3,40,40,00,00,1
2786,736,A,00,00,SYNC,00,00,,3,3,40,40,00,00,1
2787,736,B,00,00,SYNC,00,00,,3,3,40,40,00,00,1
2788,736,A,00,00,SYNC,00,00,,3,3,40,40,00,00,1
2789,736,B,00,00,SYNC,00,00,,3,3,40,40,00,00,1
2790,736,A,00,00,SYNC,00,00,,3,3,40,40,00,00,1
2791,736,B,00,00,SYNC,00,00,,3,3,40,40,00,00,1
2792,736,A,00,00,SYNC,00,00,,3,3,40,40,00,00,1
2793,736,B,00,00,SYNC,00,00,,3,3,40,40,00,00,1
2794,736,A,00,00,SYNC,00,00,,3,3,40,40,00,00,1
2795,736,B,00,00,SYNC,00,00,,3,3,40,40,00,00,1
2796,736,A,00,00,SYNC,00,00,,3,3,40,40,00,00,1
2797,736,B,00,00,SYNC,00,00,,3,3,40,40,00,00,1
2798,736,A,00,00,SYNC,00,00,,3,3,40,40,00,00,1
2799,736,B,00,00,SYNC,00,00,,3,3,40,40,00,00,1
2800,736,A,00,00,SYNC,00,00,,3,3,40,40,00,00,1
2801,736,B,00,00,SYNC,00,00,,3,3,40,40,00,00,1
2802,736,A,00,00,SYNC,00,00,,3,3,40,40,00,00,1
2803,736,B,00,00,SYNC,00,00,,3,3,40,40,00,00,1
2804,736,A,00,00,SYNC,00,00,,3,3,40,40,00,00,1
2805,736,B,00,00,SYNC,00,00,,3,3,40,40,00,00,1
2806,736,A,00,00,SYNC,00,00,,3,3,40,40,00,00,1
2807,736,B,00,00,SYNC,00,00,,3,3,40,40,00,00,1
2808,736,A,00,00,SYNC,00,00,,3,3,40,40,00,00,1
2809,736,B,00,00,SYNC,00,00,,3,3,40,40,00,00,1
2810,736,A,00,00,SYNC,00,00,,3,3,40,40,00,00,1
2811,736,B,00,00,SYNC,00,00,,3,3,40,40,00,00,1
2812,736,A,00,00,SYNC,00,00,,3,3,40,40,00,00,1
2813,736,B,00,00,SYNC,00,00,,3,3,40,40,00,00,1
2814,736,A,00,00,SYNC,00,00,,3,3,40,40,00,00,1
2815,736,B,00,00,SYNC,00,00,,3,3,40,40,00,00,1
2816,736,A,00,00,SYNC,00,00,,3,3,40,40,00,00,1
2817,736,B,00,00,SYNC,00,00,,3,3,40,40,00,00,1
2818,736,A,00,00,SYNC,00,00,,3,3,40,40,00,00,1
2819,736,B,00,00,SYNC,00,00,,3,3,40,40,00,00,1
2820,736,A,00,00,SYNC,00,00,,3,3,40,40,00,00,1
2821,736,B,00,00,SYNC,00,00,,3,3,40,40,00,00,1
2822,736,A,00,00,SYNC,00,00,,3,3,40,40,00,00,1
2823,736,B,00,00,SYNC,00,00,,3,3,40,40,00,00,1
2824,736,A,00,00,SYNC,00,00,,3,3,40,40,00,00,1
2825,736,B,00,00,SYNC,00,00,,3,3,40,40,00,00,1
2826,736,A,00,00,SYNC,00,00,,3,3,40,40,00,00,1
2827,736,B,00,00,SYNC,00,00,,3,3,40,40,00,00,1
2828,736,A,00,00,SYNC,00,00,,3,3,40,40,00,00,1
2829,736,B,00,00,SYNC,00,00,,3,3,40,40,00,00,1
2830,736,A,00,00,SYNC,00,00,,3,3,40,40,00,00,1
2831,736,B,00,00,SYNC,00,00,,3,3,40,40,00,00,1
2832,736,A,00,00,SYNC,00,00,,3,3,40,40,00,00,1
2833,736,B,00,00,SYNC,00,00,,3,3,40,40,00,00,1
2834,736,A,00,00,SYNC,00,00,,3,3,40,40,00,00,1
2835,736,B,00,00,SYNC,00,00,,3,3,40,40,00,00,1
2836,736,A,00,00,SYNC,00,00,,3,3,40,40,00,00,1
2837,736,B,00,00,SYNC,00,00,,3,3,40,40,00,00,1
2838,736,A,00,00,SYNC,00,00,,3,3,40,40,00,00,1
2839,736,B,00,00,SYNC,00,00,,3,3,40,40,00,00,1
2840,736,A,00,00,SYNC,00,00,,3,3,40,40,00,00,1
2841,736,B,00,00,SYNC,00,00,,3,3,40,40,00,00,1
2842,736,A,00,00,SYNC,00,00,,3,3,40,40,00,00,1
2843,736,B,00,00,SYNC,00,00,,3,3,40,40,00,00,1
2844,736,A,00,00,SYNC,00,00,,3,3,40,40,00,00,1
2845,736,B,00,00,SYNC,00,00,,3,3,40,40,00,00,1
2846,736,A,00,00,SYNC,00,00,,3,3,40,40,00,00,1
2847,736,B,00,00,SYNC,00,00,,3,3,40,40,00,00,1
2848,736,A,00,00,SYNC,00,00,,3,3,40,40,00,00,1
2849,736,B,00,00,SYNC,00,00,,3,3,40,40,00,00,1
2850,736,A,00,00,SYNC,00,00,,3,3,40,40,00,00,1
2851,736,B,00,00,SYNC,00,00,,3,3,40,40,00,00,1
2852,736,A,00,00,SYNC,00,00,,3,3,40,40,00,00,1
2853,736,B,00,00,SYNC,00,00,,3,3,40,40,00,00,1
2854,736,A,00,00,SYNC,00,00,,3,3,40,40,00,00,1
2855,736,B,00,00,SYNC,00,00,,3,3,40,40,00,00,1
2856,736,A,00,00,SYNC,00,00,,3,3,40,40,00,00,1
2857,736,B,00,00,SYNC,00,00,,3,3,40,40,00,00,1
2858,736,A,00,00,SYNC,00,00,,3,3,40,40,00,00,1
2859,736,B,00,00,SYNC,00,00,,3,3,40,40,00,00,1
2860,736,A,00,00,SYNC,00,00,,3,3,40,40,00,00,1
2861,736,B,00,00,SYNC,00,00,,3,3,40,40,00,00,1
2862,736,A,00,00,SYNC,00,00,,3,3,40,40,00,00,1
2863,736,B,00,00,SYNC,00,00,,3,3,40,40,00,00,1
2864,736,A,00,00,SYNC,00,00,,3,3,40,40,00,00,1
2865,736,B,00,00,SYNC,00,00,,3,3,40,40,00,00,1
2866,736,A,00,00,SYNC,00,00,,3,3,40,40,00,00,1
2867,736,B,00,00,SYNC,00,00,,3,3,40,40,00,00,1
2868,736,A,00,00,SYNC,00,00,,3,3,40,40,00,00,1
2869,736,B,00,00,SYNC,00,00,,3,3,40,40,00,00,1
2870,736,A,00,00,SYNC,00,00,,3,3,40,40,00,00,1
2871,736,B,00,00,SYNC,00,00,,3,3,40,40,00,00,1
2872,736,A,00,00,SYNC,00,00,,3,3,40,40,00,00,1
2873,736,B,00,00,SYNC,00,00,,3,3,40,40,00,00,1
2874,736,A,00,00,SYNC,00,00,,3,3,40,40,00,00,1
2875,736,B,00,00,SYNC,00,00,,3,3,40,40,00,00,1
2876,736,A,00,00,SYNC,00,00,,3,3,40,40,00,00,1
2877,736,B,00,00,SYNC,00,00,,3,3,40,40,00,00,1
2878,736,A,00,00,SYNC,00,00,,3,3,40,40,00,00,1
2879,736,B,00,00,SYNC,00,00,,3,3,40,40,00,00,1
2880,736,A,00,00,SYNC,00,00,,3,3,40,40,00,00,1
2881,736,B,00,00,SYNC,00,00,,3,3,40,40,00,00,1
2882,736,A,00,00,SYNC,00,00,,3,3,40,40,00,00,1
2883,736,B,00,00,SYNC,00,00,,3,3,40,40,00,00,1
2884,736,A,00,00,SYNC,00,00,,3,3,40,40,00,00,1
2885,736,B,00,00,SYNC,00,00,,3,3,40,40,00,00,1
2886,736,A,00,00,SYNC,00,00,,3,3,40,40,00,00,1
2887,736,B,00,00,SYNC,00,00,,3,3,40,40,00,00,1
2888,736,A,00,00,SYNC,00,00,,3,3,40,40,00,00,1
2889,736,B,00,00,SYNC,00,00,,3,3,40,40,00,00,1
2890,736,A,00,00,SYNC,00,00,,3,3,40,40,00,00,1
2891,736,B,00,00,SYNC,00,00,,3,3,40,40,00,00,1
2892,736,A,00,00,SYNC,00,00,,3,3,40,40,00,00,1
2893,736,B,00,00,SYNC,00,00,,3,3,40,40,00,00,1
2894,736,A,00,00,SYNC,00,00,,3,3,40,40,00,00,1
2895,736,B,00,00,SYNC,00,00,,3,3,40,40,00,00,1
2896,736,A,00,00,SYNC,00,00,,3,3,40,40,00,00,1
2897,736,B,00,00,SYNC,00,00,,3,3,40,40,00,00,1
2898,736,A,00,00,SYNC,00,00,,3,3,40,40,00,00,1
2899,736,B,00,00,SYNC,00,00,,3,3,40,40,00,00,1
2900,736,A,00,00,SYNC,00,00,,3,3,40,40,00,00,1
2901,736,B,00,00,SYNC,00,00,,3,3,40,40,00,00,1
2902,736,A,00,00,SYNC,00,00,,3,3,40,40,00,00,1
2903,736,B,00,00,SYNC,00,00,,3,3,40,40,00,00,1
2904,736,A,00,00,SYNC,00,00,,3,3,40,40,00,00,1
2905,736,B,00,00,SYNC,00,00,,3,3,40,40,00,00,1
2906,736,A,00,00,SYNC,00,00,,3,3,40,40,00,00,1
2907,736,B,00,00,SYNC,00,00,,3,3,40,40,00,00,1
2908,736,A,00,00,SYNC,00,00,,3,3,40,40,00,00,1
2909,736,B,00,00,SYNC,00,00,,3,3,40,40,00,00,1
2910,736,A,00,00,SYNC,00,00,,3,3,40,40,00,00,1
2911,736,B,00,00,SYNC,00,00,,3,3,40,40,00,00,1
2912,736,A,00,00,SYNC,00,00,,3,3,40,40,00,00,1
2913,736,B,00,00,SYNC,00,00,,3,3,40,40,00,00,1
2914,736,A,00,00,SYNC,00,00,,3,3,40,40,00,00,1
2915,736,B,00,00,SYNC,00,00,,3,3,40,40,00,00,1
2916,736,A,00,00,SYNC,00,00,,3,3,40,40,00,00,1
2917,736,B,00,00,SYNC,00,00,,3,3,40,40,00,00,1
2918,736,A,00,00,SYNC,00,00,,3,3,40,40,00,00,1
2919,736,B,00,00,SYNC,00,00,,3,3,40,40,00,00,1
2920,736,A,00,00,SYNC,00,00,,3,3,40,40,00,00,1
2921,736,B,00,00,SYNC,00,00,,3,3,40,40,00,00,1
2922,736,A,00,00,SYNC,00,00,,3,3,40,40,00,00,1
2923,736,B,00,00,SYNC,00,00,,3,3,40,40,00,00,1
2924,736,A,00,00,SYNC,00,00,,3,3,40,40,00,00,1
2925,736,B,00,00,SYNC,00,00,,3,3,40,40,00,00,1
2926,736,A,00,00,SYNC,00,00,,3,3,40,40,00,00,1
2927,736,B,00,00,SYNC,00,00,,3,3,40,40,00,00,1
2928,736,A,00,00,SYNC,00,00,,3,3,40,40,00,00,1
2929,736,B,00,00,SYNC,00,00,,3,3,40,40,00,00,1
2930,736,A,00,00,SYNC,00,00,,3,3,40,40,00,00,1
2931,736,B,00,00,SYNC,00,00,,3,3,40,40,00,00,1
2932,736,A,00,00,SYNC,00,00,,3,3,40,40,00,00,1
2933,736,B,00,00,SYNC,00,00,,3,3,40,40,00,00,1
2934,736,A,00,00,SYNC,00,00,,3,3,40,40,00,00,1
2935,736,B,00,00,SYNC,00,00,,3,3,40,40,00,00,1
2936,736,A,00,00,SYNC,00,00,,3,3,40,40,00,00,1
2937,736,B,00,00,SYNC,00,00,,3,3,40,40,00,00,1
2938,736,A,00,00,SYNC,00,00,,3,3,40,40,00,00,1
2939,736,B,00,00,SYNC,00,00,,3,3,40,40,00,00,1
2940,736,A,00,00,SYNC,00,00,,3,3,40,40,00,00,1
2941,736,B,00,00,SYNC,00,00,,3,3,40,40,00,00,1
2942,736,A,00,00,SYNC,00,00,,3,3,40,40,00,00,1
2943,736,B,00,00,SYNC,00,00,,3,3,40,40,00,00,1
2944,736,A,00,00,SYNC,00,00,,3,3,40,40,00,00,1
2945,736,B,00,00,SYNC,00,00,,3,3,40,40,00,00,1
2946,736,A,00,00,SYNC,00,00,,3,3,40,40,00,00,1
2947,736,B,00,00,SYNC,00,00,,3,3,40,40,00,00,1
2948,736,A,00,00,SYNC,00,00,,3,3,40,40,00,00,1
2949,736,B,00,00,SYNC,00,00,,3,3,40,40,00,00,1
2950,736,A,00,00,SYNC,00,00,,3,3,40,40,00,00,1
2951,736,B,00,00,SYNC,00,00,,3,3,40,40,00,00,1
2952,736,A,00,00,SYNC,00,00,,3,3,40,40,00,00,1
2953,736,B,00,00,SYNC,00,00,,3,3,40,40,00,00,1
2954,736,A,00,00,SYNC,00,00,,3,3,40,40,00,00,1
2955,736,B,00,00,SYNC,00,00,,3,3,40,40,00,00,1
2956,736,A,00,00,SYNC,00,00,,3,3,40,40,00,00,1
2957,736,B,00,00,SYNC,00,00,,3,3,40,40,00,00,1
2958,736,A,00,00,SYNC,00,00,,3,3,40,40,00,00,1
2959,736,B,00,00,SYNC,00,00,,3,3,40,40,00,00,1
2960,736,A,00,00,SYNC,00,00,,3,3,40,40,00,00,1
2961,736,B,00,00,SYNC,00,00,,3,3,40,40,00,00,1
2962,736,A,00,00,SYNC,00,00,,3,3,40,40,00,00,1
2963,736,B,00,00,SYNC,00,00,,3,3,40,40,00,00,1
2964,736,A,00,00,SYNC,00,00,,3,3,40,40,00,00,1
2965,736,B,00,00,SYNC,00,00,,3,3,40,40,00,00,1
2966,736,A,00,00,SYNC,00,00,,3,3,40,40,00,00,1
2967,736,B,00,00,SYNC,00,00,,3,3,40,40,00,00,1
2968,736,A,00,00,SYNC,00,00,,3,3,40,40,00,00,1
2969,736,B,00,00,SYNC,00,00,,3,3,40,40,00,00,1
2970,736,A,00,00,SYNC,00,00,,3,3,40,40,00,00,1
2971,736,B,00,00,SYNC,00,00,,3,3,40,40,00,00,1
2972,736,A,00,00,SYNC,00,00,,3,3,40,40,00,00,1
2973,736,B,00,00,SYNC,00,00,,3,3,40,40,00,00,1
2974,736,A,00,00,SYNC,00,00,,3,3,40,40,00,00,1
2975,736,B,00,00,SYNC,00,00,,3,3,40,40,00,00,1
2976,736,A,00,00,SYNC,00,00,,3,3,40,40,00,00,1
2977,736,B,00,00,SYNC,00,00,,3,3,40,40,00,00,1
2978,736,A,00,00,SYNC,00,00,,3,3,40,40,00,00,1
2979,736,B,00,00,SYNC,00,00,,3,3,40,40,00,00,1
2980,736,A,00,00,SYNC,00,00,,3,3,40,40,00,00,1
2981,736,B,00,00,SYNC,00,00,,3,3,40,40,00,00,1
2982,736,A,00,00,SYNC,00,00,,3,3,40,40,00,00,1
2983,736,B,00,00,SYNC,00,00,,3,3,40,40,00,00,1
2984,736,A,00,00,SYNC,00,00,,3,3,40,40,00,00,1
2985,736,B,00,00,SYNC,00,00,,3,3,40,40,00,00,1
2986,736,A,00,00,SYNC,00,00,,3,3,40,40,00,00,1
2987,736,B,00,00,SYNC,00,00,,3,3,40,40,00,00,1
2988,736,A,00,00,SYNC,00,00,,3,3,40,40,00,00,1
2989,736,B,00,00,SYNC,00,00,,3,3,40,40,00,00,1
2990,736,A,00,00,SYNC,00,00,,3,3,40,40,00,00,1
2991,736,B,00,00,SYNC,00,00,,3,3,40,40,00,00,1
2992,736,A,00,00,SYNC,00,00,,3,3,40,40,00,00,1
2993,736,B,00,00,SYNC,00,00,,3,3,40,40,00,00,1
2994,736,A,00,00,SYNC,00,00,,3,3,40,40,00,00,1
2995,736,B,00,00,SYNC,00,00,,3,3,40,40,00,00,1
2996,736,A,00,00,SYNC,00,00,,3,3,40,40,00,00,1
2997,736,B,00,00,SYNC,00,00,,3,3,40,40,00,00,1
2998,736,A,00,00,SYNC,00,00,,3,3,40,40,00,00,1
2999,736,B,00,00,SYNC,00,00,,3,3,40,40,00,00,1
3000,736,A,00,00,SYNC,00,00,,3,3,40,40,00,00,1
3001,736,B,00,00,SYNC,00,00,,3,3,40,40,00,00,1
3002,736,A,00,00,SYNC,00,00,,3,3,40,40,00,00,1
3003,736,B,00,00,SYNC,00,00,,3,3,40,40,00,00,1
3004,736,A,00,00,SYNC,00,00,,3,3,40,40,00,00,1
3005,736,B,00,00,SYNC,00,00,,3,3,40,40,00,00,1
3006,736,A,00,00,SYNC,00,00,,3,3,40,40,00,00,1
3007,736,B,00,00,SYNC,00,00,,3,3,40,40,00,00,1
3008,736,A,00,00,SYNC,00,00,,3,3,40,40,00,00,1
3009,736,B,00,00,SYNC,00,00,,3,3,40,40,00,00,1
3010,736,A,00,00,SYNC,00,00,,3,3,40,40,00,00,1
3011,736,B,00,00,SYNC,00,00,,3,3,40,40,00,00,1
3012,736,A,00,00,SYNC,00,00,,3,3,40,40,00,00,1
3013,736,B,00,00,SYNC,00,00,,3,3,40,40,00,00,1
3014,736,A,00,00,SYNC,00,00,,3,3,40,40,00,00,1
3015,736,B,00,00,SYNC,00,00,,3,3,40,40,00,00,1
3016,736,A,00,00,SYNC,00,00,,3,3,40,40,00,00,1
3017,736,B,00,00,SYNC,00,00,,3,3,40,40,00,00,1
3018,736,A,00,00,SYNC,00,00,,3,3,40,40,00,00,1
3019,736,B,00,00,SYNC,00,00,,3,3,40,40,00,00,1
3020,736,A,00,00,SYNC,00,00,,3,3,40,40,00,00,1
3021,736,B,00,00,SYNC,00,00,,3,3,40,40,00,00,1
3022,736,A,00,00,SYNC,00,00,,3,3,40,40,00,00,1
3023,736,B,00,00,SYNC,00,00,,3,3,40,40,00,00,1
3024,736,A,00,00,SYNC,00,00,,3,3,40,40,00,00,1
3025,736,B,00,00,SYNC,00,00,,3,3,40,40,00,00,1
3026,736,A,00,00,SYNC,00,00,,3,3,40,40,00,00,1
3027,736,B,00,00,SYNC,00,00,,3,3,40,40,00,00,1
3028,736,A,00,00,SYNC,00,00,,3,3,40,40,00,00,1
3029,736,B,00,00,SYNC,00,00,,3,3,40,40,00,00,1
3030,736,A,00,00,SYNC,00,00,,3,3,40,40,00,00,1
3031,736,B,00,00,SYNC,00,00,,3,3,40,40,00,00,1
3032,736,A,00,00,SYNC,00,00,,3,3,40,40,00,00,1
3033,736,B,00,00,SYNC,00,00,,3,3,40,40,00,00,1
3034,736,A,00,00,SYNC,00,00,,3,3,40,40,00,00,1
3035,736,B,00,00,SYNC,00,00,,3,3,40,40,00,00,1
3036,736,A,00,00,SYNC,00,00,,3,3,40,40,00,00,1
3037,736,B,00,00,SYNC,00,00,,3,3,40,40,00,00,1
3038,736,A,00,00,SYNC,00,00,,3,3,40,40,00,00,1
3039,736,B,00,00,SYNC,00,00,,3,3,40,40,00,00,1
3040,736,A,00,00,SYNC,00,00,,3,3,40,40,00,00,1
3041,736,B,00,00,SYNC,00,00,,3,3,40,40,00,00,1
3042,736,A,00,00,SYNC,00,00,,3,3,40,40,00,00,1
3043,736,B,00,00,SYNC,00,00,,3,3,40,40,00,00,1
3044,736,A,00,00,SYNC,00,00,,3,3,40,40,00,00,1
3045,736,B,00,00,SYNC,00,00,,3,3,40,40,00,00,1
3046,736,A,00,00,SYNC,00,00,,3,3,40,40,00,00,1
3047,736,B,00,00,SYNC,00,00,,3,3,40,40,00,00,1
3048,736,A,00,00,SYNC,00,00,,3,3,40,40,00,00,1
3049,736,B,00,00,SYNC,00,00,,3,3,40,40,00,00,1
3050,736,A,00,00,SYNC,00,00,,3,3,40,40,00,00,1
3051,736,B,00,00,SYNC,00,00,,3,3,40,40,00,00,1
3052,736,A,00,00,SYNC,00,00,,3,3,40,40,00,00,1
3053,736,B,00,00,SYNC,00,00,,3,3,40,40,00,00,1
3054,736,A,00,00,SYNC,00,00,,3,3,40,40,00,00,1
3055,736,B,00,00,SYNC,00,00,,3,3,40,40,00,00,1
3056,736,A,00,00,SYNC,00,00,,3,3,40,40,00,00,1
3057,736,B,00,00,SYNC,00,00,,3,3,40,40,00,00,1
3058,736,A,00,00,SYNC,00,00,,3,3,40,40,00,00,1
3059,736,B,00,00,SYNC,00,00,,3,3,40,40,00,00,1
3060,736,A,00,00,SYNC,00,00,,3,3,40,40,00,00,1
3061,736,B,00,00,SYNC,00,00,,3,3,40,40,00,00,1
3062,736,A,00,00,SYNC,00,00,,3,3,40,40,00,00,1
3063,736,B,00,00,SYNC,00,00,,3,3,40,40,00,00,1
3064,736,A,00,00,SYNC,00,00,,3,3,40,40,00,00,1
3065,736,B,00,00,SYNC,00,00,,3,3,40,40,00,00,1
3066,736,A,00,00,SYNC,00,00,,3,3,40,40,00,00,1
3067,736,B,00,00,SYNC,00,00,,3,3,40,40,00,00,1
3068,736,A,00,00,SYNC,00,00,,3,3,40,40,00,00,1
3069,736,B,00,00,SYNC,00,00,,3,3,40,40,00,00,1
3070,736,A,00,00,SYNC,00,00,,3,3,40,40,00,00,1
3071,736,B,00,00,SYNC,00,00,,3,3,40,40,00,00,1
3072,736,A,00,00,SYNC,00,00,,3,3,40,40,00,00,1
3073,736,B,00,00,SYNC,00,00,,3,3,40,40,00,00,1
3074,736,A,00,00,SYNC,00,00,,3,3,40,40,00,00,1
3075,736,B,00,00,SYNC,00,00,,3,3,40,40,00,00,1
3076,736,A,00,00,SYNC,00,00,,3,3,40,40,00,00,1
3077,736,B,00,00,SYNC,00,00,,3,3,40,40,00,00,1
3078,736,A,00,00,SYNC,00,00,,3,3,40,40,00,00,1
3079,736,B,00,00,SYNC,00,00,,3,3,40,40,00,00,1
3080,736,A,00,00,SYNC,00,00,,3,3,40,40,00,00,1
3081,736,B,00,00,SYNC,00,00,,3,3,40,40,00,00,1
3082,736,A,00,00,SYNC,00,00,,3,3,40,40,00,00,1
3083,736,B,00,00,SYNC,00,00,,3,3,40,40,00,00,1
3084,736,A,00,00,SYNC,00,00,,3,3,40,40,00,00,1
3085,736,B,00,00,SYNC,00,00,,3,3,40,40,00,00,1
3086,736,A,00,00,SYNC,00,00,,3,3,40,40,00,00,1
3087,736,B,00,00,SYNC,00,00,,3,3,40,40,00,00,1
3088,736,A,00,00,SYNC,00,00,,3,3,40,40,00,00,1
3089,736,B,00,00,SYNC,00,00,,3,3,40,40,00,00,1
3090,736,A,00,00,SYNC,00,00,,3,3,40,40,00,00,1
3091,736,B,00,00,SYNC,00,00,,3,3,40,40,00,00,1
3092,736,A,00,00,SYNC,00,00,,3,3,40,40,00,00,1
3093,736,B,00,00,SYNC,00,00,,3,3,40,40,00,00,1
3094,736,A,00,00,SYNC,00,00,,3,3,40,40,00,00,1
3095,736,B,00,00,SYNC,00,00,,3,3,40,40,00,00,1
3096,736,A,00,00,SYNC,00,00,,3,3,40,40,00,00,1
3097,736,B,00,00,SYNC,00,00,,3,3,40,40,00,00,1
3098,736,A,00,00,SYNC,00,00,,3,3,40,40,00,00,1
3099,736,B,00,00,SYNC,00,00,,3,3,40,40,00,00,1
3100,736,A,00,00,SYNC,00,00,,3,3,40,40,00,00,1
3101,736,B,00,00,SYNC,00,00,,3,3,40,40,00,00,1
3102,736,A,00,00,SYNC,00,00,,3,3,40,40,00,00,1
3103,736,B,00,00,SYNC,00,00,,3,3,40,40,00,00,1
3104,736,A,00,00,SYNC,00,00,,3,3,40,40,00,00,1
3105,736,B,00,00,SYNC,00,00,,3,3,40,40,00,00,1
3106,736,A,00,00,SYNC,00,00,,3,3,40,40,00,00,1
3107,736,B,00,00,SYNC,00,00,,3,3,40,40,00,00,1
3108,736,A,00,00,SYNC,00,00,,3,3,40,40,00,00,1
3109,736,B,00,00,SYNC,00,00,,3,3,40,40,00,00,1
3110,736,A,00,00,SYNC,00,00,,3,3,40,40,00,00,1
3111,736,B,00,00,SYNC,00,00,,3,3,40,40,00,00,1
3112,736,A,00,00,SYNC,00,00,,3,3,40,40,00,00,1
3113,736,B,00,00,SYNC,00,00,,3,3,40,40,00,00,1
3114,736,A,00,00,SYNC,00,00,,3,3,40,40,00,00,1
3115,736,B,00,00,SYNC,00,00,,3,3,40,40,00,00,1
3116,736,A,00,00,SYNC,00,00,,3,3,40,40,00,00,1
3117,736,B,00,00,SYNC,00,00,,3,3,40,40,00,00,1
3118,736,A,00,00,SYNC,00,00,,3,3,40,40,00,00,1
3119,736,B,00,00,SYNC,00,00,,3,3,40,40,00,00,1
3120,736,A,00,00,SYNC,00,00,,3,3,40,40,00,00,1
3121,736,B,00,00,SYNC,00,00,,3,3,40,40,00,00,1
3122,736,A,00,00,SYNC,00,00,,3,3,40,40,00,00,1
3123,736,B,00,00,SYNC,00,00,,3,3,40,40,00,00,1
3124,736,A,00,00,SYNC,00,00,,3,3,40,40,00,00,1
3125,736,B,00,00,SYNC,00,00,,3,3,40,40,00,00,1
3126,736,A,00,00,SYNC,00,00,,3,3,40,40,00,00,1
3127,736,B,00,00,SYNC,00,00,,3,3,40,40,00,00,1
3128,736,A,00,00,SYNC,00,00,,3,3,40,40,00,00,1
3129,736,B,00,00,SYNC,00,00,,3,3,40,40,00,00,1
3130,736,A,00,00,SYNC,00,00,,3,3,40,40,00,00,1
3131,736,B,00,00,SYNC,00,00,,3,3,40,40,00,00,1
3132,736,A,00,00,SYNC,00,00,,3,3,40,40,00,00,1
3133,736,B,00,00,SYNC,00,00,,3,3,40,40,00,00,1
3134,736,A,00,00,SYNC,00,00,,3,3,40,40,00,00,1
3135,736,B,00,00,SYNC,00,00,,3,3,40,40,00,00,1
3136,736,A,00,00,SYNC,00,00,,3,3,40,40,00,00,1
3137,736,B,00,00,SYNC,00,00,,3,3,40,40,00,00,1
3138,736,A,00,00,SYNC,00,00,,3,3,40,40,00,00,1
3139,736,B,00,00,SYNC,00,00,,3,3,40,40,00,00,1
3140,736,A,00,00,SYNC,00,00,,3,3,40,40,00,00,1
3141,736,B,00,00,SYNC,00,00,,3,3,40,40,00,00,1
3142,736,A,00,00,SYNC,00,00,,3,3,40,40,00,00,1
3143,736,B,00,00,SYNC,00,00,,3,3,40,40,00,00,1
3144,736,A,00,00,SYNC,00,00,,3,3,40,40,00,00,1
3145,736,B,00,00,SYNC,00,00,,3,3,40,40,00,00,1
3146,736,A,00,00,SYNC,00,00,,3,3,40,40,00,00,1
3147,736,B,00,00,SYNC,00,00,,3,3,40,40,00,00,1
3148,736,A,00,00,SYNC,00,00,,3,3,40,40,00,00,1
3149,736,B,00,00,SYNC,00,00,,3,3,40,40,00,00,1
3150,736,A,00,00,SYNC,00,00,,3,3,40,40,00,00,1
3151,736,B,00,00,SYNC,00,00,,3,3,40,40,00,00,1
3152,736,A,00,00,SYNC,00,00,,3,3,40,40,00,00,1
3153,736,B,00,00,SYNC,00,00,,3,3,40,40,00,00,1
3154,736,A,00,00,SYNC,00,00,,3,3,40,40,00,00,1
3155,736,B,00,00,SYNC,00,00,,3,3,40,40,00,00,1
3156,736,A,00,00,SYNC,00,00,,3,3,40,40,00,00,1
3157,736,B,00,00,SYNC,00,00,,3,3,40,40,00,00,1
3158,736,A,00,00,SYNC,00,00,,3,3,40,40,00,00,1
3159,736,B,00,00,SYNC,00,00,,3,3,40,40,00,00,1
3160,736,A,00,00,SYNC,00,00,,3,3,40,40,00,00,1
3161,736,B,00,00,SYNC,00,00,,3,3,40,40,00,00,1
3162,736,A,00,00,SYNC,00,00,,3,3,40,40,00,00,1
3163,736,B,00,00,SYNC,00,00,,3,3,40,40,00,00,1
3164,736,A,00,00,SYNC,00,00,,3,3,40,40,00,00,1
3165,736,B,00,00,SYNC,00,00,,3,3,40,40,00,00,1
3166,736,A,00,00,SYNC,00,00,,3,3,40,40,00,00,1
3167,736,B,00,00,SYNC,00,00,,3,3,40,40,00,00,1
3168,736,A,00,00,SYNC,00,00,,3,3,40,40,00,00,1
3169,736,B,00,00,SYNC,00,00,,3,3,40,40,00,00,1
3170,736,A,00,00,SYNC,00,00,,3,3,40,40,00,00,1
3171,736,B,00,00,SYNC,00,00,,3,3,40,40,00,00,1
3172,736,A,00,00,SYNC,00,00,,3,3,40,40,00,00,1
3173,736,B,00,00,SYNC,00,00,,3,3,40,40,00,00,1
3174,736,A,00,00,SYNC,00,00,,3,3,40,40,00,00,1
3175,736,B,00,00,SYNC,00,00,,3,3,40,40,00,00,1
3176,736,A,00,00,SYNC,00,00,,3,3,40,40,00,00,1
3177,736,B,00,00,SYNC,00,00,,3,3,40,40,00,00,1
3178,736,A,00,00,SYNC,00,00,,3,3,40,40,00,00,1
3179,736,B,00,00,SYNC,00,00,,3,3,40,40,00,00,1
3180,736,A,00,00,SYNC,00,00,,3,3,40,40,00,00,1
3181,736,B,00,00,SYNC,00,00,,3,3,40,40,00,00,1
3182,736,A,00,00,SYNC,00,00,,3,3,40,40,00,00,1
3183,736,B,00,00,SYNC,00,00,,3,3,40,40,00,00,1
3184,736,A,00,00,SYNC,00,00,,3,3,40,40,00,00,1
3185,736,B,00,00,SYNC,00,00,,3,3,40,40,00,00,1
3186,736,A,00,00,SYNC,00,00,,3,3,40,40,00,00,1
3187,736,B,00,00,SYNC,00,00,,3,3,40,40,00,00,1
3188,736,A,00,00,SYNC,00,00,,3,3,40,40,00,00,1
3189,736,B,00,00,SYNC,00,00,,3,3,40,40,00,00,1
3190,736,A,00,00,SYNC,00,00,,3,3,40,40,00,00,1
3191,736,B,00,00,SYNC,00,00,,3,3,40,40,00,00,1
3192,736,A,00,00,SYNC,00,00,,3,3,40,40,00,00,1
3193,736,B,00,00,SYNC,00,00,,3,3,40,40,00,00,1
3194,736,A,00,00,SYNC,00,00,,3,3,40,40,00,00,1
3195,736,B,00,00,SYNC,00,00,,3,3,40,40,00,00,1
3196,736,A,00,00,SYNC,00,00,,3,3,40,40,00,00,1
3197,736,B,00,00,SYNC,00,00,,3,3,40,40,00,00,1
3198,736,A,00,00,SYNC,00,00,,3,3,40,40,00,00,1
3199,736,B,00,00,SYNC,00,00,,3,3,40,40,00,00,1
3200,736,A,00,00,SYNC,00,00,,3,3,40,40,00,00,1
3201,736,B,00,00,SYNC,00,00,,3,3,40,40,00,00,1
3202,736,A,00,00,SYNC,00,00,,3,3,40,40,00,00,1
3203,736,B,00,00,SYNC,00,00,,3,3,40,40,00,00,1
3204,736,A,00,00,SYNC,00,00,,3,3,40,40,00,00,1
3205,736,B,00,00,SYNC,00,00,,3,3,40,40,00,00,1
3206,736,A,00,00,SYNC,00,00,,3,3,40,40,00,00,1
3207,736,B,00,00,SYNC,00,00,,3,3,40,40,00,00,1
3208,736,A,00,00,SYNC,00,00,,3,3,40,40,00,00,1
3209,736,B,00,00,SYNC,00,00,,3,3,40,40,00,00,1
3210,736,A,00,00,SYNC,00,00,,3,3,40,40,00,00,1
3211,736,B,00,00,SYNC,00,00,,3,3,40,40,00,00,1
3212,736,A,00,00,SYNC,00,00,,3,3,40,40,00,00,1
3213,736,B,00,00,SYNC,00,00,,3,3,40,40,00,00,1
3214,736,A,00,00,SYNC,00,00,,3,3,40,40,00,00,1
3215,736,B,00,00,SYNC,00,00,,3,3,40,40,00,00,1
3216,736,A,00,00,SYNC,00,00,,3,3,40,40,00,00,1
3217,736,B,00,00,SYNC,00,00,,3,3,40,40,00,00,1
3218,736,A,00,00,SYNC,00,00,,3,3,40,40,00,00,1
3219,736,B,00,00,SYNC,00,00,,3,3,40,40,00,00,1
3220,736,A,00,00,SYNC,00,00,,3,3,40,40,00,00,1
3221,736,B,00,00,SYNC,00,00,,3,3,40,40,00,00,1
3222,736,A,00,00,SYNC,00,00,,3,3,40,40,00,00,1
3223,736,B,00,00,SYNC,00,00,,3,3,40,40,00,00,1
3224,736,A,00,00,SYNC,00,00,,3,3,40,40,00,00,1
3225,736,B,00,00,SYNC,00,00,,3,3,40,40,00,00,1
3226,736,A,00,00,SYNC,00,00,,3,3,40,40,00,00,1
3227,736,B,00,00,SYNC,00,00,,3,3,40,40,00,00,1
3228,736,A,00,00,SYNC,00,00,,3,3,40,40,00,00,1
3229,736,B,00,00,SYNC,00,00,,3,3,40,40,00,00,1
3230,736,A,00,00,SYNC,00,00,,3,3,40,40,00,00,1
3231,736,B,00,00,SYNC,00,00,,3,3,40,40,00,00,1
3232,736,A,00,00,SYNC,00,00,,3,3,40,40,00,00,1
3233,736,B,00,00,SYNC,00,00,,3,3,40,40,00,00,1
3234,736,A,00,00,SYNC,00,00,,3,3,40,40,00,00,1
3235,736,B,00,00,SYNC,00,00,,3,3,40,40,00,00,1
3236,736,A,00,00,SYNC,00,00,,3,3,40,40,00,00,1
3237,736,B,00,00,SYNC,00,00,,3,3,40,40,00,00,1
3238,736,A,00,00,SYNC,00,00,,3,3,40,40,00,00,1
3239,736,B,00,00,SYNC,00,00,,3,3,40,40,00,00,1
3240,736,A,00,00,SYNC,00,00,,3,3,40,40,00,00,1
3241,736,B,00,00,SYNC,00,00,,3,3,40,40,00,00,1
3242,736,A,00,00,SYNC,00,00,,3,3,40,40,00,00,1
3243,736,B,00,00,SYNC,00,00,,3,3,40,40,00,00,1
3244,736,A,00,00,SYNC,00,00,,3,3,40,40,00,00,1
3245,736,B,00,00,SYNC,00,00,,3,3,40,40,00,00,1
3246,736,A,00,00,SYNC,00,00,,3,3,40,40,00,00,1
3247,736,B,00,00,SYNC,00,00,,3,3,40,40,00,00,1
3248,736,A,00,00,SYNC,00,00,,3,3,40,40,00,00,1
3249,736,B,00,00,SYNC,00,00,,3,3,40,40,00,00,1
3250,736,A,00,00,SYNC,00,00,,3,3,40,40,00,00,1
3251,736,B,00,00,SYNC,00,00,,3,3,40,40,00,00,1
3252,736,A,00,00,SYNC,00,00,,3,3,40,40,00,00,1
3253,736,B,00,00,SYNC,00,00,,3,3,40,40,00,00,1
3254,736,A,00,00,SYNC,00,00,,3,3,40,40,00,00,1
3255,736,B,00,00,SYNC,00,00,,3,3,40,40,00,00,1
3256,736,A,00,00,SYNC,00,00,,3,3,40,40,00,00,1
3257,736,B,00,00,SYNC,00,00,,3,3,40,40,00,00,1
3258,736,A,00,00,SYNC,00,00,,3,3,40,40,00,00,1
3259,736,B,00,00,SYNC,00,00,,3,3,40,40,00,00,1
3260,736,A,00,00,SYNC,00,00,,3,3,40,40,00,00,1
3261,736,B,00,00,SYNC,00,00,,3,3,40,40,00,00,1
3262,736,A,00,00,SYNC,00,00,,3,3,40,40,00,00,1
3263,736,B,00,00,SYNC,00,00,,3,3,40,40,00,00,1
3264,736,A,00,00,SYNC,00,00,,3,3,40,40,00,00,1
3265,736,B,00,00,SYNC,00,00,,3,3,40,40,00,00,1
3266,736,A,00,00,SYNC,00,00,,3,3,40,40,00,00,1
3267,736,B,00,00,SYNC,00,00,,3,3,40,40,00,00,1
3268,736,A,00,00,SYNC,00,00,,3,3,40,40,00,00,1
3269,736,B,00,00,SYNC,00,00,,3,3,40,40,00,00,1
3270,736,A,00,00,SYNC,00,00,,3,3,40,40,00,00,1
3271,736,B,00,00,SYNC,00,00,,3,3,40,40,00,00,1
3272,736,A,00,00,SYNC,00,00,,3,3,40,40,00,00,1
3273,736,B,00,00,SYNC,00,00,,3,3,40,40,00,00,1
3274,736,A,00,00,SYNC,00,00,,3,3,40,40,00,00,1
3275,736,B,00,00,SYNC,00,00,,3,3,40,40,00,00,1
3276,736,A,00,00,SYNC,00,00,,3,3,40,40,00,00,1
3277,736,B,00,00,SYNC,00,00,,3,3,40,40,00,00,1
3278,736,A,00,00,SYNC,00,00,,3,3,40,40,00,00,1
3279,736,B,00,00,SYNC,00,00,,3,3,40,40,00,00,1
3280,736,A,00,00,SYNC,00,00,,3,3,40,40,00,00,1
3281,736,B,00,00,SYNC,00,00,,3,3,40,40,00,00,1
3282,736,A,00,00,SYNC,00,00,,3,3,40,40,00,00,1
3283,736,B,00,00,SYNC,00,00,,3,3,40,40,00,00,1
3284,736,A,00,00,SYNC,00,00,,3,3,40,40,00,00,1
3285,736,B,00,00,SYNC,00,00,,3,3,40,40,00,00,1
3286,736,A,00,00,SYNC,00,00,,3,3,40,40,00,00,1
3287,736,B,00,00,SYNC,00,00,,3,3,40,40,00,00,1
3288,736,A,00,00,SYNC,00,00,,3,3,40,40,00,00,1
3289,736,B,00,00,SYNC,00,00,,3,3,40,40,00,00,1
3290,736,A,00,00,SYNC,00,00,,3,3,40,40,00,00,1
3291,736,B,00,00,SYNC,00,00,,3,3,40,40,00,00,1
3292,736,A,00,00,SYNC,00,00,,3,3,40,40,00,00,1
3293,736,B,00,00,SYNC,00,00,,3,3,40,40,00,00,1
3294,736,A,00,00,SYNC,00,00,,3,3,40,40,00,00,1
3295,736,B,00,00,SYNC,00,00,,3,3,40,40,00,00,1
3296,736,A,00,00,SYNC,00,00,,3,3,40,40,00,00,1
3297,736,B,00,00,SYNC,00,00,,3,3,40,40,00,00,1
3298,736,A,00,00,SYNC,00,00,,3,3,40,40,00,00,1
3299,736,B,00,00,SYNC,00,00,,3,3,40,40,00,00,1
3300,736,A,00,00,SYNC,00,00,,3,3,40,40,00,00,1
3301,736,B,00,00,SYNC,00,00,,3,3,40,40,00,00,1
3302,736,A,00,00,SYNC,00,00,,3,3,40,40,00,00,1
3303,736,B,00,00,SYNC,00,00,,3,3,40,40,00,00,1
3304,736,A,00,00,SYNC,00,00,,3,3,40,40,00,00,1
3305,736,B,00,00,SYNC,00,00,,3,3,40,40,00,00,1
3306,736,A,00,00,SYNC,00,00,,3,3,40,40,00,00,1
3307,736,B,00,00,SYNC,00,00,,3,3,40,40,00,00,1
3308,736,A,00,00,SYNC,00,00,,3,3,40,40,00,00,1
3309,736,B,00,00,SYNC,00,00,,3,3,40,40,00,00,1
3310,736,A,00,00,SYNC,00,00,,3,3,40,40,00,00,1
3311,736,B,00,00,SYNC,00,00,,3,3,40,40,00,00,1
3312,736,A,00,00,SYNC,00,00,,3,3,40,40,00,00,1
3313,736,B,00,00,SYNC,00,00,,3,3,40,40,00,00,1
3314,736,A,00,00,SYNC,00,00,,3,3,40,40,00,00,1
3315,736,B,00,00,SYNC,00,00,,3,3,40,40,00,00,1
3316,736,A,00,00,SYNC,00,00,,3,3,40,40,00,00,1
3317,736,B,00,00,SYNC,00,00,,3,3,40,40,00,00,1
3318,736,A,00,00,SYNC,00,00,,3,3,40,40,00,00,1
3319,736,B,00,00,SYNC,00,00,,3,3,40,40,00,00,1
3320,736,A,00,00,SYNC,00,00,,3,3,40,40,00,00,1
3321,736,B,00,00,SYNC,00,00,,3,3,40,40,00,00,1
3322,736,A,00,00,SYNC,00,00,,3,3,40,40,00,00,1
3323,736,B,00,00,SYNC,00,00,,3,3,40,40,00,00,1
3324,736,A,00,00,SYNC,00,00,,3,3,40,40,00,00,1
3325,736,B,00,00,SYNC,00,00,,3,3,40,40,00,00,1
3326,736,A,00,00,SYNC,00,00,,3,3,40,40,00,00,1
3327,736,B,00,00,SYNC,00,00,,3,3,40,40,00,00,1
3328,736,A,00,00,SYNC,00,00,,3,3,40,40,00,00,1
3329,736,B,00,00,SYNC,00,00,,3,3,40,40,00,00,1
3330,736,A,00,00,SYNC,00,00,,3,3,40,40,00,00,1
3331,736,B,00,00,SYNC,00,00,,3,3,40,40,00,00,1
3332,736,A,00,00,SYNC,00,00,,3,3,40,40,00,00,1
3333,736,B,00,00,SYNC,00,00,,3,3,40,40,00,00,1
3334,736,A,00,00,SYNC,00,00,,3,3,40,40,00,00,1
3335,736,B,00,00,SYNC,00,00,,3,3,40,40,00,00,1
3336,736,A,00,00,SYNC,00,00,,3,3,40,40,00,00,1
3337,736,B,00,00,SYNC,00,00,,3,3,40,40,00,00,1
3338,736,A,00,00,SYNC,00,00,,3,3,40,40,00,00,1
3339,736,B,00,00,SYNC,00,00,,3,3,40,40,00,00,1
3340,736,A,00,00,SYNC,00,00,,3,3,40,40,00,00,1
3341,736,B,00,00,SYNC,00,00,,3,3,40,40,00,00,1
3342,736,A,00,00,SYNC,00,00,,3,3,40,40,00,00,1
3343,736,B,00,00,SYNC,00,00,,3,3,40,40,00,00,1
3344,736,A,00,00,SYNC,00,00,,3,3,40,40,00,00,1
3345,736,B,00,00,SYNC,00,00,,3,3,40,40,00,00,1
3346,736,A,00,00,SYNC,00,00,,3,3,40,40,00,00,1
3347,736,B,00,00,SYNC,00,00,,3,3,40,40,00,00,1
3348,736,A,00,00,SYNC,00,00,,3,3,40,40,00,00,1
3349,736,B,00,00,SYNC,00,00,,3,3,40,40,00,00,1
3350,736,A,00,00,SYNC,00,00,,3,3,40,40,00,00,1
3351,736,B,00,00,SYNC,00,00,,3,3,40,40,00,00,1
3352,736,A,00,00,SYNC,00,00,,3,3,40,40,00,00,1
3353,736,B,00,00,SYNC,00,00,,3,3,40,40,00,00,1
3354,736,A,00,00,SYNC,00,00,,3,3,40,40,00,00,1
3355,736,B,00,00,SYNC,00,00,,3,3,40,40,00,00,1
3356,736,A,00,00,SYNC,00,00,,3,3,40,40,00,00,1
3357,736,B,00,00,SYNC,00,00,,3,3,40,40,00,00,1
3358,736,A,00,00,SYNC,00,00,,3,3,40,40,00,00,1
3359,736,B,00,00,SYNC,00,00,,3,3,40,40,00,00,1
3360,736,A,00,00,SYNC,00,00,,3,3,40,40,00,00,1
3361,736,B,00,00,SYNC,00,00,,3,3,40,40,00,00,1
3362,736,A,00,00,SYNC,00,00,,3,3,40,40,00,00,1
3363,736,B,00,00,SYNC,00,00,,3,3,40,40,00,00,1
3364,736,A,00,00,SYNC,00,00,,3,3,40,40,00,00,1
3365,736,B,00,00,SYNC,00,00,,3,3,40,40,00,00,1
3366,736,A,00,00,SYNC,00,00,,3,3,40,40,00,00,1
3367,736,B,00,00,SYNC,00,00,,3,3,40,40,00,00,1
3368,736,A,00,00,SYNC,00,00,,3,3,40,40,00,00,1
3369,736,B,00,00,SYNC,00,00,,3,3,40,40,00,00,1
3370,736,A,00,00,SYNC,00,00,,3,3,40,40,00,00,1
3371,736,B,00,00,SYNC,00,00,,3,3,40,40,00,00,1
3372,736,A,00,00,SYNC,00,00,,3,3,40,40,00,00,1
3373,800,B,00,00,SYNC,00,00,,3,3,40,40,00,00,1
3374,800,A,00,00,SYNC,00,00,,3,3,40,40,00,00,1
3375,800,B,00,00,SYNC,00,00,,3,3,40,40,00,00,1
3376,800,A,00,00,SYNC,00,00,,3,3,40,40,00,00,1
3377,800,B,00,00,SYNC,00,00,,3,3,40,40,00,00,1
3378,800,A,00,00,SYNC,00,00,,3,3,40,40,00,00,1
3379,800,B,00,00,SYNC,00,00,,3,3,40,40,00,00,1
3380,800,A,00,00,SYNC,00,00,,3,3,40,40,00,00,1
3381,800,B,00,00,SYNC,00,00,,3,3,40,40,00,00,1
3382,800,A,00,00,SYNC,00,00,,3,3,40,40,00,00,1
3383,800,B,00,00,SYNC,00,00,,3,3,40,40,00,00,1
3384,800,A,00,00,SYNC,00,00,,3,3,40,40,00,00,1
3385,800,B,00,00,SYNC,00,00,,3,3,40,40,00,00,1
3386,800,A,00,00,SYNC,00,00,,3,3,40,40,00,00,1
3387,800,B,00,00,SYNC,00,00,,3,3,40,40,00,00,1
3388,800,A,00,00,SYNC,00,00,,3,3,40,40,00,00,1
3389,800,B,00,00,SYNC,00,00,,3,3,40,40,00,00,1
3390,800,A,00,00,SYNC,00,00,,3,3,40,40,00,00,1
3391,800,B,00,00,SYNC,00,00,,3,3,40,40,00,00,1
3392,800,A,00,00,SYNC,00,00,,3,3,40,40,00,00,1
3393,800,B,00,00,SYNC,00,00,,3,3,40,40,00,00,1
3394,800,A,00,00,SYNC,00,00,,3,3,40,40,00,00,1
3395,800,B,00,00,SYNC,00,00,,3,3,40,40,00,00,1
3396,800,A,00,00,SYNC,00,00,,3,3,40,40,00,00,1
3397,800,B,00,00,SYNC,00,00,,3,3,40,40,00,00,1
3398,800,A,00,00,SYNC,00,00,,3,3,40,40,00,00,1
3399,800,B,00,00,SYNC,00,00,,3,3,40,40,00,00,1
3400,800,A,00,00,SYNC,00,00,,3,3,40,40,00,00,1
3401,800,B,00,00,SYNC,00,00,,3,3,40,40,00,00,1
3402,800,A,00,00,SYNC,00,00,,3,3,40,40,00,00,1
3403,800,B,00,00,SYNC,00,00,,3,3,40,40,00,00,1
3404,800,A,00,00,SYNC,00,00,,3,3,40,40,00,00,1
3405,800,B,00,00,SYNC,00,00,,3,3,40,40,00,00,1
3406,800,A,00,00,SYNC,00,00,,3,3,40,40,00,00,1
3407,800,B,00,00,SYNC,00,00,,3,3,40,40,00,00,1
3408,800,A,00,00,SYNC,00,00,,3,3,40,40,00,00,1
3409,800,B,00,00,SYNC,00,00,,3,3,40,40,00,00,1
3410,800,A,00,00,SYNC,00,00,,3,3,40,40,00,00,1
3411,800,B,00,00,SYNC,00,00,,3,3,40,40,00,00,1
3412,800,A,00,00,SYNC,00,00,,3,3,40,40,00,00,1
3413,800,B,00,00,SYNC,00,00,,3,3,40,40,00,00,1
3414,800,A,00,00,SYNC,00,00,,3,3,40,40,00,00,1
3415,800,B,00,00,SYNC,00,00,,3,3,40,40,00,00,1
3416,800,A,00,00,SYNC,00,00,,3,3,40,40,00,00,1
3417,800,B,00,00,SYNC,00,00,,3,3,40,40,00,00,1
3418,800,A,00,00,SYNC,00,00,,3,3,40,40,00,00,1
3419,800,B,00,00,SYNC,00,00,,3,3,40,40,00,00,1
3420,800,A,00,00,SYNC,00,00,,3,3,40,40,00,00,1
3421,800,B,00,00,SYNC,00,00,,3,3,40,40,00,00,1
3422,800,A,00,00,SYNC,00,00,,3,3,40,40,00,00,1
3423,800,B,00,00,SYNC,00,00,,3,3,40,40,00,00,1
3424,800,A,00,00,SYNC,00,00,,3,3,40,40,00,00,1
3425,800,B,00,00,SYNC,00,00,,3,3,40,40,00,00,1
3426,800,A,00,00,SYNC,00,00,,3,3,40,40,00,00,1
3427,800,B,00,00,SYNC,00,00,,3,3,40,40,00,00,1
3428,800,A,00,00,SYNC,00,00,,3,3,40,40,00,00,1
3429,800,B,00,00,SYNC,00,00,,3,3,40,40,00,00,1
3430,800,A,00,00,SYNC,00,00,,3,3,40,40,00,00,1
3431,800,B,00,00,SYNC,00,00,,3,3,40,40,00,00,1
3432,800,A,00,00,SYNC,00,00,,3,3,40,40,00,00,1
3433,800,B,00,00,SYNC,00,00,,3,3,40,40,00,00,1
3434,800,A,00,00,SYNC,00,00,,3,3,40,40,00,00,1
3435,800,B,00,00,SYNC,00,00,,3,3,40,40,00,00,1
3436,800,A,00,00,SYNC,00,00,,3,3,40,40,00,00,1
3437,800,B,00,00,SYNC,00,00,,3,3,40,40,00,00,1
3438,800,A,00,00,SYNC,00,00,,3,3,40,40,00,00,1
3439,800,B,00,00,SYNC,00,00,,3,3,40,40,00,00,1
3440,800,A,00,00,SYNC,00,00,,3,3,40,40,00,00,1
3441,800,B,00,00,SYNC,00,00,,3,3,40,40,00,00,1
3442,800,A,00,00,SYNC,00,00,,3,3,40,40,00,00,1
3443,800,B,00,00,SYNC,00,00,,3,3,40,40,00,00,1
3444,800,A,00,00,SYNC,00,00,,3,3,40,40,00,00,1
3445,800,B,00,00,SYNC,00,00,,3,3,40,40,00,00,1
3446,800,A,00,00,SYNC,00,00,,3,3,40,40,00,00,1
3447,800,B,00,00,SYNC,00,00,,3,3,40,40,00,00,1
3448,800,A,00,00,SYNC,00,00,,3,3,40,40,00,00,1
3449,800,B,00,00,SYNC,00,00,,3,3,40,40,00,00,1
3450,800,A,00,00,SYNC,00,00,,3,3,40,40,00,00,1
3451,800,B,00,00,SYNC,00,00,,3,3,40,40,00,00,1
3452,800,A,00,00,SYNC,00,00,,3,3,40,40,00,00,1
3453,800,B,00,00,SYNC,00,00,,3,3,40,40,00,00,1
3454,800,A,00,00,SYNC,00,00,,3,3,40,40,00,00,1
3455,800,B,00,00,SYNC,00,00,,3,3,40,40,00,00,1
3456,800,A,00,00,SYNC,00,00,,3,3,40,40,00,00,1
3457,800,B,00,00,SYNC,00,00,,3,3,40,40,00,00,1
3458,800,A,00,00,SYNC,00,00,,3,3,40,40,00,00,1
3459,800,B,00,00,SYNC,00,00,,3,3,40,40,00,00,1
3460,800,A,00,00,SYNC,00,00,,3,3,40,40,00,00,1
3461,800,B,00,00,SYNC,00,00,,3,3,40,40,00,00,1
3462,800,A,00,00,SYNC,00,00,,3,3,40,40,00,00,1
3463,800,B,00,00,SYNC,00,00,,3,3,40,40,00,00,1
3464,800,A,00,00,SYNC,00,00,,3,3,40,40,00,00,1
3465,800,B,00,00,SYNC,00,00,,3,3,40,40,00,00,1
3466,800,A,00,00,SYNC,00,00,,3,3,40,40,00,00,1
3467,800,B,00,00,SYNC,00,00,,3,3,40,40,00,00,1
3468,800,A,00,00,SYNC,00,00,,3,3,40,40,00,00,1
3469,800,B,00,00,SYNC,00,00,,3,3,40,40,00,00,1
3470,800,A,00,00,SYNC,00,00,,3,3,40,40,00,00,1
3471,800,B,00,00,SYNC,00,00,,3,3,40,40,00,00,1
3472,800,A,00,00,SYNC,00,00,,3,3,40,40,00,00,1
3473,800,B,00,00,SYNC,00,00,,3,3,40,40,00,00,1
3474,800,A,00,00,SYNC,00,00,,3,3,40,40,00,00,1
3475,800,B,00,00,SYNC,00,00,,3,3,40,40,00,00,1
3476,800,A,00,00,SYNC,00,00,,3,3,40,40,00,00,1
3477,800,B,00,00,SYNC,00,00,,3,3,40,40,00,00,1
3478,800,A,00,00,SYNC,00,00,,3,3,40,40,00,00,1
3479,800,B,00,00,SYNC,00,00,,3,3,40,40,00,00,1
3480,800,A,00,00,SYNC,00,00,,3,3,40,40,00,00,1
3481,800,B,00,00,SYNC,00,00,,3,3,40,40,00,00,1
3482,800,A,00,00,SYNC,00,00,,3,3,40,40,00,00,1
3483,800,B,EF,00,SYNC,00,EF,,3,3,40,40,00,EF,1
3484,800,A,EF,00,PRELUDE,EF,00,,1,1,80,00,00,00,1
3485,800,B,00,80,COMMAND,80,00,,2,2,80,00,00,00,1
3486,800,A,00,00,SYNC,00,00,,3,3,80,80,00,00,1
3487,800,B,00,00,SYNC,00,00,,3,3,80,80,00,00,1
3488,800,A,00,00,SYNC,00,00,,3,3,80,80,00,00,1
3489,800,B,00,00,SYNC,00,00,,3,3,80,80,00,00,1
3490,800,A,00,00,SYNC,00,00,,3,3,80,80,00,00,1
3491,800,B,00,00,SYNC,00,00,,3,3,80,80,00,00,1
3492,800,A,00,00,SYNC,00,00,,3,3,80,80,00,00,1
3493,800,B,00,00,SYNC,00,00,,3,3,80,80,00,00,1
3494,800,A,00,00,SYNC,00,00,,3,3,80,80,00,00,1
3495,800,B,00,00,SYNC,00,00,,3,3,80,80,00,00,1
3496,800,A,00,00,SYNC,00,00,,3,3,80,80,00,00,1
3497,800,B,00,00,SYNC,00,00,,3,3,80,80,00,00,1
3498,800,A,00,00,SYNC,00,00,,3,3,80,80,00,00,1
3499,800,B,00,00,SYNC,00,00,,3,3,80,80,00,00,1
3500,800,A,00,00,SYNC,00,00,,3,3,80,80,00,00,1
3501,800,B,00,00,SYNC,00,00,,3,3,80,80,00,00,1
3502,800,A,00,01,SYNC,00,01,,3,3,80,80,00,01,1
3503,800,B,00,01,DATA,01,00,first(not stored),0,0,80,80,00,00,1
3504,800,A,FF,FF,DATA,FF,FF,0,0,0,80,80,00,00,1
3505,800,B,FF,FF,DATA,FF,FF,1,0,0,80,80,00,00,1
3506,800,A,D4,D4,DATA,D4,D4,2,0,0,80,80,00,00,1
3507,800,B,FF,FF,DATA,FF,FF,3,0,0,80,80,00,00,1
3508,800,A,80,80,DATA,80,80,4,0,0,80,80,00,00,1
3509,800,B,FF,FF,DATA,FF,FF,5,0,0,80,80,00,00,1
3510,800,A,80,80,DATA,80,80,6,0,0,80,80,00,00,1
3511,800,B,FF,FF,DATA,FF,FF,7,0,0,80,80,00,00,1
3512,800,A,C9,C9,DATA,C9,C9,8,0,0,80,80,00,00,1
3513,800,B,B6,B6,DATA,B6,B6,9,0,0,80,80,00,00,1
3514,800,A,A8,A8,DATA,A8,A8,10,0,0,80,80,00,00,1
3515,800,B,97,97,DATA,97,97,11,0,0,80,80,00,00,1
3516,800,A,8E,8E,DATA,8E,8E,12,0,0,80,80,00,00,1
3517,800,B,81,81,DATA,81,81,13,0,0,80,80,00,00,1
3518,800,A,86,86,DATA,86,86,14,0,0,80,80,00,00,1
3519,800,B,81,81,DATA,81,81,15,0,0,80,80,00,00,1
3520,800,A,FF,FF,DATA,FF,FF,16,0,0,80,80,00,00,1
3521,800,B,FF,FF,DATA,FF,FF,17,0,0,80,80,00,00,1
3522,800,A,55,55,DATA,55,55,18,0,0,80,80,00,00,1
3523,800,B,FF,FF,DATA,FF,FF,19,0,0,80,80,00,00,1
3524,800,A,05,05,DATA,05,05,20,0,0,80,80,00,00,1
3525,800,B,FF,FF,DATA,FF,FF,21,0,0,80,80,00,00,1
3526,800,A,57,57,DATA,57,57,22,0,0,80,80,00,00,1
3527,800,B,FF,FF,DATA,FF,FF,23,0,0,80,80,00,00,1
3528,800,A,8F,8F,DATA,8F,8F,24,0,0,80,80,00,00,1
3529,800,B,7F,7F,DATA,7F,7F,25,0,0,80,80,00,00,1
3530,800,A,85,85,DATA,85,85,26,0,0,80,80,00,00,1
3531,800,B,7F,7F,DATA,7F,7F,27,0,0,80,80,00,00,1
3532,800,A,00,00,DATA,00,00,28,0,0,80,80,00,00,1
3533,800,B,FF,FF,DATA,FF,FF,29,0,0,80,80,00,00,1
3534,800,A,A9,A9,DATA,A9,A9,30,0,0,80,80,00,00,1
3535,800,B,57,57,DATA,57,57,31,0,0,80,80,00,00,1
3536,800,A,FF,FF,DATA,FF,FF,32,0,0,80,80,00,00,1
3537,800,B,FF,FF,DATA,FF,FF,33,0,0,80,80,00,00,1
3538,800,A,FE,FE,DATA,FE,FE,34,0,0,80,80,00,00,1
3539,800,B,FF,FF,DATA,FF,FF,35,0,0,80,80,00,00,1
3540,800,A,FD,FD,DATA,FD,FD,36,0,0,80,80,00,00,1
3541,800,B,FE,FE,DATA,FE,FE,37,0,0,80,80,00,00,1
3542,800,A,FD,FD,DATA,FD,FD,38,0,0,80,80,00,00,1
3543,800,B,FE,FE,DATA,FE,FE,39,0,0,80,80,00,00,1
3544,800,A,F0,F0,DATA,F0,F0,40,0,0,80,80,00,00,1
3545,800,B,FE,FE,DATA,FE,FE,41,0,0,80,80,00,00,1
3546,800,A,F9,F9,DATA,F9,F9,42,0,0,80,80,00,00,1
3547,800,B,FC,FC,DATA,FC,FC,43,0,0,80,80,00,00,1
3548,800,A,00,00,DATA,00,00,44,0,0,80,80,00,00,1
3549,800,B,F8,F8,DATA,F8,F8,45,0,0,80,80,00,00,1
3550,800,A,55,55,DATA,55,55,46,0,0,80,80,00,00,1
3551,800,B,F8,F8,DATA,F8,F8,47,0,0,80,80,00,00,1
3552,800,A,FF,FF,DATA,FF,FF,48,0,0,80,80,00,00,1
3553,800,B,FF,FF,DATA,FF,FF,49,0,0,80,80,00,00,1
3554,800,A,6F,6F,DATA,6F,6F,50,0,0,80,80,00,00,1
3555,800,B,11,11,DATA,11,11,51,0,0,80,80,00,00,1
3556,800,A,3F,3F,DATA,3F,3F,52,0,0,80,80,00,00,1
3557,800,B,01,01,DATA,01,01,53,0,0,80,80,00,00,1
3558,800,A,77,77,DATA,77,77,54,0,0,80,80,00,00,1
3559,800,B,01,01,DATA,01,01,55,0,0,80,80,00,00,1
3560,800,A,03,03,DATA,03,03,56,0,0,80,80,00,00,1
3561,800,B,01,01,DATA,01,01,57,0,0,80,80,00,00,1
3562,800,A,57,57,DATA,57,57,58,0,0,80,80,00,00,1
3563,800,B,01,01,DATA,01,01,59,0,0,80,80,00,00,1
3564,800,A,07,07,DATA,07,07,60,0,0,80,80,00,00,1
3565,800,B,01,01,DATA,01,01,61,0,0,80,80,00,00,1
3566,800,A,57,57,DATA,57,57,62,0,0,80,80,00,00,1
3567,800,B,01,01,DATA,01,01,63,0,0,80,80,00,00,1
3568,800,A,81,81,DATA,81,81,64,0,0,80,80,00,00,1
3569,800,B,80,80,DATA,80,80,65,0,0,80,80,00,00,1
3570,800,A,81,81,DATA,81,81,66,0,0,80,80,00,00,1
3571,800,B,80,80,DATA,80,80,67,0,0,80,80,00,00,1
3572,800,A,80,80,DATA,80,80,68,0,0,80,80,00,00,1
3573,800,B,80,80,DATA,80,80,69,0,0,80,80,00,00,1
3574,800,A,FF,FF,DATA,FF,FF,70,0,0,80,80,00,00,1
3575,800,B,80,80,DATA,80,80,71,0,0,80,80,00,00,1
3576,800,A,FD,FD,DATA,FD,FD,72,0,0,80,80,00,00,1
3577,800,B,82,82,DATA,82,82,73,0,0,80,80,00,00,1
3578,800,A,AA,AA,DATA,AA,AA,74,0,0,80,80,00,00,1
3579,800,B,D5,D5,DATA,D5,D5,75,0,0,80,80,00,00,1
3580,800,A,FE,FE,DATA,FE,FE,76,0,0,80,80,00,00,1
3581,800,B,81,81,DATA,81,81,77,0,0,80,80,00,00,1
3582,800,A,E8,E8,DATA,E8,E8,78,0,0,80,80,00,00,1
3583,800,B,97,97,DATA,97,97,79,0,0,80,80,00,00,1
3584,800,A,08,08,DATA,08,08,80,0,0,80,80,00,00,1
3585,800,B,F7,F7,DATA,F7,F7,81,0,0,80,80,00,00,1
3586,800,A,89,89,DATA,89,89,82,0,0,80,80,00,00,1
3587,800,B,77,77,DATA,77,77,83,0,0,80,80,00,00,1
3588,800,A,20,20,DATA,20,20,84,0,0,80,80,00,00,1
3589,800,B,1F,1F,DATA,1F,1F,85,0,0,80,80,00,00,1
3590,800,A,97,97,DATA,97,97,86,0,0,80,80,00,00,1
3591,800,B,7F,7F,DATA,7F,7F,87,0,0,80,80,00,00,1
3592,800,A,00,00,DATA,00,00,88,0,0,80,80,00,00,1
3593,800,B,FF,FF,DATA,FF,FF,89,0,0,80,80,00,00,1
3594,800,A,22,22,DATA,22,22,90,0,0,80,80,00,00,1
3595,800,B,DD,DD,DATA,DD,DD,91,0,0,80,80,00,00,1
3596,800,A,E7,E7,DATA,E7,E7,92,0,0,80,80,00,00,1
3597,800,B,18,18,DATA,18,18,93,0,0,80,80,00,00,1
3598,800,A,FA,FA,DATA,FA,FA,94,0,0,80,80,00,00,1
3599,800,B,05,05,DATA,05,05,95,0,0,80,80,00,00,1
3600,800,A,08,08,DATA,08,08,96,0,0,80,80,00,00,1
3601,800,B,F0,F0,DATA,F0,F0,97,0,0,80,80,00,00,1
3602,800,A,5D,5D,DATA,5D,5D,98,0,0,80,80,00,00,1
3603,800,B,F0,F0,DATA,F0,F0,99,0,0,80,80,00,00,1
3604,800,A,08,08,DATA,08,08,100,0,0,80,80,00,00,1
3605,800,B,F0,F0,DATA,F0,F0,101,0,0,80,80,00,00,1
3606,800,A,54,54,DATA,54,54,102,0,0,80,80,00,00,1
3607,800,B,F8,F8,DATA,F8,F8,103,0,0,80,80,00,00,1
3608,800,A,08,08,DATA,08,08,104,0,0,80,80,00,00,1
3609,800,B,F0,F0,DATA,F0,F0,105,0,0,80,80,00,00,1
3610,800,A,0C,0C,DATA,0C,0C,106,0,0,80,80,00,00,1
3611,800,B,F0,F0,DATA,F0,F0,107,0,0,80,80,00,00,1
3612,800,A,0C,0C,DATA,0C,0C,108,0,0,80,80,00,00,1
3613,800,B,F0,F0,DATA,F0,F0,109,0,0,80,80,00,00,1
3614,800,A,0C,0C,DATA,0C,0C,110,0,0,80,80,00,00,1
3615,800,B,F0,F0,DATA,F0,F0,111,0,0,80,80,00,00,1
3616,800,A,07,07,DATA,07,07,112,0,0,80,80,00,00,1
3617,800,B,01,01,DATA,01,01,113,0,0,80,80,00,00,1
3618,800,A,5F,5F,DATA,5F,5F,114,0,0,80,80,00,00,1
3619,800,B,01,01,DATA,01,01,115,0,0,80,80,00,00,1
3620,800,A,07,07,DATA,07,07,116,0,0,80,80,00,00,1
3621,800,B,01,01,DATA,01,01,117,0,0,80,80,00,00,1
3622,800,A,17,17,DATA,17,17,118,0,0,80,80,00,00,1
3623,800,B,01,01,DATA,01,01,119,0,0,80,80,00,00,1
3624,800,A,07,07,DATA,07,07,120,0,0,80,80,00,00,1
3625,800,B,01,01,DATA,01,01,121,0,0,80,80,00,00,1
3626,800,A,07,07,DATA,07,07,122,0,0,80,80,00,00,1
3627,800,B,01,01,DATA,01,01,123,0,0,80,80,00,00,1
3628,800,A,03,03,DATA,03,03,124,0,0,80,80,00,00,1
3629,800,B,01,01,DATA,01,01,125,0,0,80,80,00,00,1
3630,800,A,17,17,DATA,17,17,126,0,0,80,80,00,00,1
3631,800,B,01,01,DATA,01,01,127,0,0,80,80,00,00,1
3632,800,A,87,87,DATA,87,87,128,0,0,80,80,00,00,1
3633,800,B,80,80,DATA,80,80,129,0,0,80,80,00,00,1
3634,800,A,D5,D5,DATA,D5,D5,130,0,0,80,80,00,00,1
3635,800,B,80,80,DATA,80,80,131,0,0,80,80,00,00,1
3636,800,A,90,90,DATA,90,90,132,0,0,80,80,00,00,1
3637,800,B,80,80,DATA,80,80,133,0,0,80,80,00,00,1
3638,800,A,84,84,DATA,84,84,134,0,0,80,80,00,00,1
3639,800,B,F8,F8,DATA,F8,F8,135,0,0,80,80,00,00,1
3640,800,A,E0,E0,DATA,E0,E0,136,0,0,80,80,00,00,1
3641,800,B,F8,F8,DATA,F8,F8,137,0,0,80,80,00,00,1
3642,800,A,D2,D2,DATA,D2,D2,138,0,0,80,80,00,00,1
3643,800,B,FD,FD,DATA,FD,FD,139,0,0,80,80,00,00,1
3644,800,A,A0,A0,DATA,A0,A0,140,0,0,80,80,00,00,1
3645,800,B,FF,FF,DATA,FF,FF,141,0,0,80,80,00,00,1
3646,800,A,82,82,DATA,82,82,142,0,0,80,80,00,00,1
3647,800,B,FD,FD,DATA,FD,FD,143,0,0,80,80,00,00,1
3648,800,A,37,37,DATA,37,37,144,0,0,80,80,00,00,1
3649,800,B,00,00,DATA,00,00,145,0,0,80,80,00,00,1
3650,800,A,66,66,DATA,66,66,146,0,0,80,80,00,00,1
3651,800,B,11,11,DATA,11,11,147,0,0,80,80,00,00,1
3652,800,A,90,90,DATA,90,90,148,0,0,80,80,00,00,1
3653,800,B,00,00,DATA,00,00,149,0,0,80,80,00,00,1
3654,800,A,B5,B5,DATA,B5,B5,150,0,0,80,80,00,00,1
3655,800,B,40,40,DATA,40,40,151,0,0,80,80,00,00,1
3656,800,A,70,70,DATA,70,70,152,0,0,80,80,00,00,1
3657,800,B,00,00,DATA,00,00,153,0,0,80,80,00,00,1
3658,800,A,AD,AD,DATA,AD,AD,154,0,0,80,80,00,00,1
3659,800,B,50,50,DATA,50,50,155,0,0,80,80,00,00,1
3660,800,A,FF,FF,DATA,FF,FF,156,0,0,80,80,00,00,1
3661,800,B,00,00,DATA,00,00,157,0,0,80,80,00,00,1
3662,800,A,FE,FE,DATA,FE,FE,158,0,0,80,80,00,00,1
3663,800,B,01,01,DATA,01,01,159,0,0,80,80,00,00,1
3664,800,A,88,88,DATA,88,88,160,0,0,80,80,00,00,1
3665,800,B,70,70,DATA,70,70,161,0,0,80,80,00,00,1
3666,800,A,AC,AC,DATA,AC,AC,162,0,0,80,80,00,00,1
3667,800,B,50,50,DATA,50,50,163,0,0,80,80,00,00,1
3668,800,A,F8,F8,DATA,F8,F8,164,0,0,80,80,00,00,1
3669,800,B,00,00,DATA,00,00,165,0,0,80,80,00,00,1
3670,800,A,74,74,DATA,74,74,166,0,0,80,80,00,00,1
3671,800,B,00,00,DATA,00,00,167,0,0,80,80,00,00,1
3672,800,A,00,00,DATA,00,00,168,0,0,80,80,00,00,1
3673,800,B,00,00,DATA,00,00,169,0,0,80,80,00,00,1
3674,800,A,F4,F4,DATA,F4,F4,170,0,0,80,80,00,00,1
3675,800,B,00,00,DATA,00,00,171,0,0,80,80,00,00,1
3676,800,A,60,60,DATA,60,60,172,0,0,80,80,00,00,1
3677,800,B,80,80,DATA,80,80,173,0,0,80,80,00,00,1
3678,800,A,B0,B0,DATA,B0,B0,174,0,0,80,80,00,00,1
3679,800,B,40,40,DATA,40,40,175,0,0,80,80,00,00,1
3680,800,A,07,07,DATA,07,07,176,0,0,80,80,00,00,1
3681,800,B,01,01,DATA,01,01,177,0,0,80,80,00,00,1
3682,800,A,07,07,DATA,07,07,178,0,0,80,80,00,00,1
3683,800,B,01,01,DATA,01,01,179,0,0,80,80,00,00,1
3684,800,A,03,03,DATA,03,03,180,0,0,80,80,00,00,1
3685,800,B,01,01,DATA,01,01,181,0,0,80,80,00,00,1
3686,800,A,07,07,DATA,07,07,182,0,0,80,80,00,00,1
3687,800,B,01,01,DATA,01,01,183,0,0,80,80,00,00,1
3688,800,A,03,03,DATA,03,03,184,0,0,80,80,00,00,1
3689,800,B,01,01,DATA,01,01,185,0,0,80,80,00,00,1
3690,800,A,07,07,DATA,07,07,186,0,0,80,80,00,00,1
3691,800,B,01,01,DATA,01,01,187,0,0,80,80,00,00,1
3692,800,A,03,03,DATA,03,03,188,0,0,80,80,00,00,1
3693,800,B,01,01,DATA,01,01,189,0,0,80,80,00,00,1
3694,800,A,01,01,DATA,01,01,190,0,0,80,80,00,00,1
3695,800,B,01,01,DATA,01,01,191,0,0,80,80,00,00,1
3696,800,A,FF,FF,DATA,FF,FF,192,0,0,80,80,00,00,1
3697,800,B,80,80,DATA,80,80,193,0,0,80,80,00,00,1
3698,800,A,AF,AF,DATA,AF,AF,194,0,0,80,80,00,00,1
3699,800,B,D0,D0,DATA,D0,D0,195,0,0,80,80,00,00,1
3700,800,A,BF,BF,DATA,BF,BF,196,0,0,80,80,00,00,1
3701,800,B,C0,C0,DATA,C0,C0,197,0,0,80,80,00,00,1
3702,800,A,FF,FF,DATA,FF,FF,198,0,0,80,80,00,00,1
3703,800,B,FF,FF,DATA,FF,FF,199,0,0,80,80,00,00,1
3704,800,A,00,00,DATA,00,00,200,0,0,80,80,00,00,1
3705,800,B,00,00,DATA,00,00,201,0,0,80,80,00,00,1
3706,800,A,00,00,DATA,00,00,202,0,0,80,80,00,00,1
3707,800,B,00,00,DATA,00,00,203,0,0,80,80,00,00,1
3708,800,A,00,00,DATA,00,00,204,0,0,80,80,00,00,1
3709,800,B,00,00,DATA,00,00,205,0,0,80,80,00,00,1
3710,800,A,00,00,DATA,00,00,206,0,0,80,80,00,00,1
3711,800,B,00,00,DATA,00,00,207,0,0,80,80,00,00,1
3712,800,A,63,63,DATA,63,63,208,0,0,80,80,00,00,1
3713,800,B,00,00,DATA,00,00,209,0,0,80,80,00,00,1
3714,800,A,69,69,DATA,69,69,210,0,0,80,80,00,00,1
3715,800,B,04,04,DATA,04,04,211,0,0,80,80,00,00,1
3716,800,A,0B,0B,DATA,0B,0B,212,0,0,80,80,00,00,1
3717,800,B,04,04,DATA,04,04,213,0,0,80,80,00,00,1
3718,800,A,FF,FF,DATA,FF,FF,214,0,0,80,80,00,00,1
3719,800,B,FF,FF,DATA,FF,FF,215,0,0,80,80,00,00,1
3720,800,A,00,00,DATA,00,00,216,0,0,80,80,00,00,1
3721,800,B,00,00,DATA,00,00,217,0,0,80,80,00,00,1
3722,800,A,00,00,DATA,00,00,218,0,0,80,80,00,00,1
3723,800,B,00,00,DATA,00,00,219,0,0,80,80,00,00,1
3724,800,A,00,00,DATA,00,00,220,0,0,80,80,00,00,1
3725,800,B,00,00,DATA,00,00,221,0,0,80,80,00,00,1
3726,800,A,00,00,DATA,00,00,222,0,0,80,80,00,00,1
3727,800,B,00,00,DATA,00,00,223,0,0,80,80,00,00,1
3728,800,A,F0,F0,DATA,F0,F0,224,0,0,80,80,00,00,1
3729,800,B,00,00,DATA,00,00,225,0,0,80,80,00,00,1
3730,800,A,A0,A0,DATA,A0,A0,226,0,0,80,80,00,00,1
3731,800,B,50,50,DATA,50,50,227,0,0,80,80,00,00,1
3732,800,A,F0,F0,DATA,F0,F0,228,0,0,80,80,00,00,1
3733,800,B,00,00,DATA,00,00,229,0,0,80,80,00,00,1
3734,800,A,FF,FF,DATA,FF,FF,230,0,0,80,80,00,00,1
3735,800,B,FF,FF,DATA,FF,FF,231,0,0,80,80,00,00,1
3736,800,A,00,00,DATA,00,00,232,0,0,80,80,00,00,1
3737,800,B,00,00,DATA,00,00,233,0,0,80,80,00,00,1
3738,800,A,00,00,DATA,00,00,234,0,0,80,80,00,00,1
3739,800,B,00,00,DATA,00,00,235,0,0,80,80,00,00,1
3740,800,A,00,00,DATA,00,00,236,0,0,80,80,00,00,1
3741,800,B,00,00,DATA,00,00,237,0,0,80,80,00,00,1
3742,800,A,00,00,DATA,00,00,238,0,0,80,80,00,00,1
3743,800,B,00,00,DATA,00,00,239,0,0,80,80,00,00,1
3744,800,A,01,01,DATA,01,01,240,0,0,80,80,00,00,1
3745,800,B,01,01,DATA,01,01,241,0,0,80,80,00,00,1
3746,800,A,11,11,DATA,11,11,242,0,0,80,80,00,00,1
3747,800,B,01,01,DATA,01,01,243,0,0,80,80,00,00,1
3748,800,A,01,01,DATA,01,01,244,0,0,80,80,00,00,1
3749,800,B,01,01,DATA,01,01,245,0,0,80,80,00,00,1
3750,800,A,FF,FF,DATA,FF,FF,246,0,0,80,80,00,00,1
3751,800,B,FF,FF,DATA,FF,FF,247,0,0,80,80,00,00,1
3752,800,A,00,00,DATA,00,00,248,0,0,80,80,00,00,1
3753,800,B,00,00,DATA,00,00,249,0,0,80,80,00,00,1
3754,800,A,00,00,DATA,00,00,250,0,0,80,80,00,00,1
3755,800,B,00,00,DATA,00,00,251,0,0,80,80,00,00,1
3756,800,A,00,00,DATA,00,00,252,0,0,80,80,00,00,1
3757,800,B,00,00,DATA,00,00,253,0,0,80,80,00,00,1
3758,800,A,00,00,DATA,00,00,254,0,0,80,80,00,00,1
3759,800,B,00,00,DATA,00,00,255,0,0,80,80,00,00,1
3760,800,A,FF,FF,DATA,FF,FF,256,0,0,80,80,00,00,1
3761,800,B,FF,FF,DATA,FF,FF,257,0,0,80,80,00,00,1
3762,800,A,B8,B8,DATA,B8,B8,258,0,0,80,80,00,00,1
3763,800,B,C7,C7,DATA,C7,C7,259,0,0,80,80,00,00,1
3764,800,A,F8,F8,DATA,F8,F8,260,0,0,80,80,00,00,1
3765,800,B,87,87,DATA,87,87,261,0,0,80,80,00,00,1
3766,800,A,E0,E0,DATA,E0,E0,262,0,0,80,80,00,00,1
3767,800,B,9F,9F,DATA,9F,9F,263,0,0,80,80,00,00,1
3768,800,A,F3,F3,DATA,F3,F3,264,0,0,80,80,00,00,1
3769,800,B,8C,8C,DATA,8C,8C,265,0,0,80,80,00,00,1
3770,800,A,E7,E7,DATA,E7,E7,266,0,0,80,80,00,00,1
3771,800,B,98,98,DATA,98,98,267,0,0,80,80,00,00,1
3772,800,A,F8,F8,DATA,F8,F8,268,0,0,80,80,00,00,1
3773,800,B,80,80,DATA,80,80,269,0,0,80,80,00,00,1
3774,800,A,ED,ED,DATA,ED,ED,270,0,0,80,80,00,00,1
3775,800,B,90,90,DATA,90,90,271,0,0,80,80,00,00,1
3776,800,A,FF,FF,DATA,FF,FF,272,0,0,80,80,00,00,1
3777,800,B,FF,FF,DATA,FF,FF,273,0,0,80,80,00,00,1
3778,800,A,11,11,DATA,11,11,274,0,0,80,80,00,00,1
3779,800,B,FF,FF,DATA,FF,FF,275,0,0,80,80,00,00,1
3780,800,A,00,00,DATA,00,00,276,0,0,80,80,00,00,1
3781,800,B,FF,FF,DATA,FF,FF,277,0,0,80,80,00,00,1
3782,800,A,28,28,DATA,28,28,278,0,0,80,80,00,00,1
3783,800,B,D7,D7,DATA,D7,D7,279,0,0,80,80,00,00,1
3784,800,A,F2,F2,DATA,F2,F2,280,0,0,80,80,00,00,1
3785,800,B,01,01,DATA,01,01,281,0,0,80,80,00,00,1
3786,800,A,57,57,DATA,57,57,282,0,0,80,80,00,00,1
3787,800,B,00,00,DATA,00,00,283,0,0,80,80,00,00,1
3788,800,A,01,01,DATA,01,01,284,0,0,80,80,00,00,1
3789,800,B,00,00,DATA,00,00,285,0,0,80,80,00,00,1
3790,800,A,55,55,DATA,55,55,286,0,0,80,80,00,00,1
3791,800,B,00,00,DATA,00,00,287,0,0,80,80,00,00,1
3792,800,A,FF,FF,DATA,FF,FF,288,0,0,80,80,00,00,1
3793,800,B,FF,FF,DATA,FF,FF,289,0,0,80,80,00,00,1
3794,800,A,5C,5C,DATA,5C,5C,290,0,0,80,80,00,00,1
3795,800,B,FF,FF,DATA,FF,FF,291,0,0,80,80,00,00,1
3796,800,A,20,20,DATA,20,20,292,0,0,80,80,00,00,1
3797,800,B,FF,FF,DATA,FF,FF,293,0,0,80,80,00,00,1
3798,800,A,54,54,DATA,54,54,294,0,0,80,80,00,00,1
3799,800,B,FF,FF,DATA,FF,FF,295,0,0,80,80,00,00,1
3800,800,A,00,00,DATA,00,00,296,0,0,80,80,00,00,1
3801,800,B,FF,FF,DATA,FF,FF,297,0,0,80,80,00,00,1
3802,800,A,95,95,DATA,95,95,298,0,0,80,80,00,00,1
3803,800,B,7F,7F,DATA,7F,7F,299,0,0,80,80,00,00,1
3804,800,A,C0,C0,DATA,C0,C0,300,0,0,80,80,00,00,1
3805,800,B,3F,3F,DATA,3F,3F,301,0,0,80,80,00,00,1
3806,800,A,E5,E5,DATA,E5,E5,302,0,0,80,80,00,00,1
3807,800,B,1F,1F,DATA,1F,1F,303,0,0,80,80,00,00,1
3808,800,A,FF,FF,DATA,FF,FF,304,0,0,80,80,00,00,1
3809,800,B,FF,FF,DATA,FF,FF,305,0,0,80,80,00,00,1
3810,800,A,57,57,DATA,57,57,306,0,0,80,80,00,00,1
3811,800,B,01,01,DATA,01,01,307,0,0,80,80,00,00,1
3812,800,A,C3,C3,DATA,C3,C3,308,0,0,80,80,00,00,1
3813,800,B,01,01,DATA,01,01,309,0,0,80,80,00,00,1
3814,800,A,55,55,DATA,55,55,310,0,0,80,80,00,00,1
3815,800,B,81,81,DATA,81,81,311,0,0,80,80,00,00,1
3816,800,A,41,41,DATA,41,41,312,0,0,80,80,00,00,1
3817,800,B,81,81,DATA,81,81,313,0,0,80,80,00,00,1
3818,800,A,55,55,DATA,55,55,314,0,0,80,80,00,00,1
3819,800,B,81,81,DATA,81,81,315,0,0,80,80,00,00,1
3820,800,A,41,41,DATA,41,41,316,0,0,80,80,00,00,1
3821,800,B,81,81,DATA,81,81,317,0,0,80,80,00,00,1
3822,800,A,15,15,DATA,15,15,318,0,0,80,80,00,00,1
3823,800,B,C1,C1,DATA,C1,C1,319,0,0,80,80,00,00,1
3824,800,A,F8,F8,DATA,F8,F8,320,0,0,80,80,00,00,1
3825,800,B,80,80,DATA,80,80,321,0,0,80,80,00,00,1
3826,800,A,FD,FD,DATA,FD,FD,322,0,0,80,80,00,00,1
3827,800,B,80,80,DATA,80,80,323,0,0,80,80,00,00,1
3828,800,A,C0,C0,DATA,C0,C0,324,0,0,80,80,00,00,1
3829,800,B,80,80,DATA,80,80,325,0,0,80,80,00,00,1
3830,800,A,F5,F5,DATA,F5,F5,326,0,0,80,80,00,00,1
3831,800,B,80,80,DATA,80,80,327,0,0,80,80,00,00,1
3832,800,A,C7,C7,DATA,C7,C7,328,0,0,80,80,00,00,1
3833,800,B,80,80,DATA,80,80,329,0,0,80,80,00,00,1
3834,800,A,F6,F6,DATA,F6,F6,330,0,0,80,80,00,00,1
3835,800,B,81,81,DATA,81,81,331,0,0,80,80,00,00,1
3836,800,A,C1,C1,DATA,C1,C1,332,0,0,80,80,00,00,1
3837,800,B,80,80,DATA,80,80,333,0,0,80,80,00,00,1
3838,800,A,F5,F5,DATA,F5,F5,334,0,0,80,80,00,00,1
3839,800,B,80,80,DATA,80,80,335,0,0,80,80,00,00,1
3840,800,A,00,00,DATA,00,00,336,0,0,80,80,00,00,1
3841,800,B,00,00,DATA,00,00,337,0,0,80,80,00,00,1
3842,800,A,57,57,DATA,57,57,338,0,0,80,80,00,00,1
3843,800,B,00,00,DATA,00,00,339,0,0,80,80,00,00,1
3844,800,A,0F,0F,DATA,0F,0F,340,0,0,80,80,00,00,1
3845,800,B,00,00,DATA,00,00,341,0,0,80,80,00,00,1
3846,800,A,5B,5B,DATA,5B,5B,342,0,0,80,80,00,00,1
3847,800,B,04,04,DATA,04,04,343,0,0,80,80,00,00,1
3848,800,A,9F,9F,DATA,9F,9F,344,0,0,80,80,00,00,1
3849,800,B,00,00,DATA,00,00,345,0,0,80,80,00,00,1
3850,800,A,DE,DE,DATA,DE,DE,346,0,0,80,80,00,00,1
3851,800,B,01,01,DATA,01,01,347,0,0,80,80,00,00,1
3852,800,A,48,48,DATA,48,48,348,0,0,80,80,00,00,1
3853,800,B,80,80,DATA,80,80,349,0,0,80,80,00,00,1
3854,800,A,D5,D5,DATA,D5,D5,350,0,0,80,80,00,00,1
3855,800,B,00,00,DATA,00,00,351,0,0,80,80,00,00,1
3856,800,A,70,70,DATA,70,70,352,0,0,80,80,00,00,1
3857,800,B,0F,0F,DATA,0F,0F,353,0,0,80,80,00,00,1
3858,800,A,F8,F8,DATA,F8,F8,354,0,0,80,80,00,00,1
3859,800,B,07,07,DATA,07,07,355,0,0,80,80,00,00,1
3860,800,A,FF,FF,DATA,FF,FF,356,0,0,80,80,00,00,1
3861,800,B,00,00,DATA,00,00,357,0,0,80,80,00,00,1
3862,800,A,F7,F7,DATA,F7,F7,358,0,0,80,80,00,00,1
3863,800,B,00,00,DATA,00,00,359,0,0,80,80,00,00,1
3864,800,A,C7,C7,DATA,C7,C7,360,0,0,80,80,00,00,1
3865,800,B,00,00,DATA,00,00,361,0,0,80,80,00,00,1
3866,800,A,D7,D7,DATA,D7,D7,362,0,0,80,80,00,00,1
3867,800,B,00,00,DATA,00,00,363,0,0,80,80,00,00,1
3868,800,A,07,07,DATA,07,07,364,0,0,80,80,00,00,1
3869,800,B,00,00,DATA,00,00,365,0,0,80,80,00,00,1
3870,800,A,56,56,DATA,56,56,366,0,0,80,80,00,00,1
3871,800,B,01,01,DATA,01,01,367,0,0,80,80,00,00,1
3872,800,A,E1,E1,DATA,E1,E1,368,0,0,80,80,00,00,1
3873,800,B,01,01,DATA,01,01,369,0,0,80,80,00,00,1
3874,800,A,95,95,DATA,95,95,370,0,0,80,80,00,00,1
3875,800,B,41,41,DATA,41,41,371,0,0,80,80,00,00,1
3876,800,A,C1,C1,DATA,C1,C1,372,0,0,80,80,00,00,1
3877,800,B,01,01,DATA,01,01,373,0,0,80,80,00,00,1
3878,800,A,B5,B5,DATA,B5,B5,374,0,0,80,80,00,00,1
3879,800,B,41,41,DATA,41,41,375,0,0,80,80,00,00,1
3880,800,A,FD,FD,DATA,FD,FD,376,0,0,80,80,00,00,1
3881,800,B,01,01,DATA,01,01,377,0,0,80,80,00,00,1
3882,800,A,BD,BD,DATA,BD,BD,378,0,0,80,80,00,00,1
3883,800,B,41,41,DATA,41,41,379,0,0,80,80,00,00,1
3884,800,A,F9,F9,DATA,F9,F9,380,0,0,80,80,00,00,1
3885,800,B,01,01,DATA,01,01,381,0,0,80,80,00,00,1
3886,800,A,D5,D5,DATA,D5,D5,382,0,0,80,80,00,00,1
3887,800,B,01,01,DATA,01,01,383,0,0,80,80,00,00,1
3888,800,A,E0,E0,DATA,E0,E0,384,0,0,80,80,00,00,1
3889,800,B,80,80,DATA,80,80,385,0,0,80,80,00,00,1
3890,800,A,B5,B5,DATA,B5,B5,386,0,0,80,80,00,00,1
3891,800,B,C0,C0,DATA,C0,C0,387,0,0,80,80,00,00,1
3892,800,A,80,80,DATA,80,80,388,0,0,80,80,00,00,1
3893,800,B,E0,E0,DATA,E0,E0,389,0,0,80,80,00,00,1
3894,800,A,D5,D5,DATA,D5,D5,390,0,0,80,80,00,00,1
3895,800,B,E0,E0,DATA,E0,E0,391,0,0,80,80,00,00,1
3896,800,A,90,90,DATA,90,90,392,0,0,80,80,00,00,1
3897,800,B,E0,E0,DATA,E0,E0,393,0,0,80,80,00,00,1
3898,800,A,D5,D5,DATA,D5,D5,394,0,0,80,80,00,00,1
3899,800,B,E0,E0,DATA,E0,E0,395,0,0,80,80,00,00,1
3900,800,A,98,98,DATA,98,98,396,0,0,80,80,00,00,1
3901,800,B,E0,E0,DATA,E0,E0,397,0,0,80,80,00,00,1
3902,800,A,C5,C5,DATA,C5,C5,398,0,0,80,80,00,00,1
3903,800,B,F0,F0,DATA,F0,F0,399,0,0,80,80,00,00,1
3904,800,A,00,00,DATA,00,00,400,0,0,80,80,00,00,1
3905,800,B,00,00,DATA,00,00,401,0,0,80,80,00,00,1
3906,800,A,57,57,DATA,57,57,402,0,0,80,80,00,00,1
3907,800,B,00,00,DATA,00,00,403,0,0,80,80,00,00,1
3908,800,A,1F,1F,DATA,1F,1F,404,0,0,80,80,00,00,1
3909,800,B,00,00,DATA,00,00,405,0,0,80,80,00,00,1
3910,800,A,57,57,DATA,57,57,406,0,0,80,80,00,00,1
3911,800,B,00,00,DATA,00,00,407,0,0,80,80,00,00,1
3912,800,A,03,03,DATA,03,03,408,0,0,80,80,00,00,1
3913,800,B,00,00,DATA,00,00,409,0,0,80,80,00,00,1
3914,800,A,55,55,DATA,55,55,410,0,0,80,80,00,00,1
3915,800,B,00,00,DATA,00,00,411,0,0,80,80,00,00,1
3916,800,A,01,01,DATA,01,01,412,0,0,80,80,00,00,1
3917,800,B,00,00,DATA,00,00,413,0,0,80,80,00,00,1
3918,800,A,55,55,DATA,55,55,414,0,0,80,80,00,00,1
3919,800,B,00,00,DATA,00,00,415,0,0,80,80,00,00,1
3920,800,A,03,03,DATA,03,03,416,0,0,80,80,00,00,1
3921,800,B,00,00,DATA,00,00,417,0,0,80,80,00,00,1
3922,800,A,57,57,DATA,57,57,418,0,0,80,80,00,00,1
3923,800,B,00,00,DATA,00,00,419,0,0,80,80,00,00,1
3924,800,A,87,87,DATA,87,87,420,0,0,80,80,00,00,1
3925,800,B,00,00,DATA,00,00,421,0,0,80,80,00,00,1
3926,800,A,FF,FF,DATA,FF,FF,422,0,0,80,80,00,00,1
3927,800,B,00,00,DATA,00,00,423,0,0,80,80,00,00,1
3928,800,A,FF,FF,DATA,FF,FF,424,0,0,80,80,00,00,1
3929,800,B,00,00,DATA,00,00,425,0,0,80,80,00,00,1
3930,800,A,FF,FF,DATA,FF,FF,426,0,0,80,80,00,00,1
3931,800,B,00,00,DATA,00,00,427,0,0,80,80,00,00,1
3932,800,A,FF,FF,DATA,FF,FF,428,0,0,80,80,00,00,1
3933,800,B,00,00,DATA,00,00,429,0,0,80,80,00,00,1
3934,800,A,FF,FF,DATA,FF,FF,430,0,0,80,80,00,00,1
3935,800,B,00,00,DATA,00,00,431,0,0,80,80,00,00,1
3936,800,A,81,81,DATA,81,81,432,0,0,80,80,00,00,1
3937,800,B,01,01,DATA,01,01,433,0,0,80,80,00,00,1
3938,800,A,D5,D5,DATA,D5,D5,434,0,0,80,80,00,00,1
3939,800,B,01,01,DATA,01,01,435,0,0,80,80,00,00,1
3940,800,A,81,81,DATA,81,81,436,0,0,80,80,00,00,1
3941,800,B,01,01,DATA,01,01,437,0,0,80,80,00,00,1
3942,800,A,D5,D5,DATA,D5,D5,438,0,0,80,80,00,00,1
3943,800,B,01,01,DATA,01,01,439,0,0,80,80,00,00,1
3944,800,A,F1,F1,DATA,F1,F1,440,0,0,80,80,00,00,1
3945,800,B,01,01,DATA,01,01,441,0,0,80,80,00,00,1
3946,800,A,FD,FD,DATA,FD,FD,442,0,0,80,80,00,00,1
3947,800,B,01,01,DATA,01,01,443,0,0,80,80,00,00,1
3948,800,A,F9,F9,DATA,F9,F9,444,0,0,80,80,00,00,1
3949,800,B,01,01,DATA,01,01,445,0,0,80,80,00,00,1
3950,800,A,F5,F5,DATA,F5,F5,446,0,0,80,80,00,00,1
3951,800,B,01,01,DATA,01,01,447,0,0,80,80,00,00,1
3952,800,A,90,90,DATA,90,90,448,0,0,80,80,00,00,1
3953,800,B,E0,E0,DATA,E0,E0,449,0,0,80,80,00,00,1
3954,800,A,D5,D5,DATA,D5,D5,450,0,0,80,80,00,00,1
3955,800,B,E0,E0,DATA,E0,E0,451,0,0,80,80,00,00,1
3956,800,A,91,91,DATA,91,91,452,0,0,80,80,00,00,1
3957,800,B,E0,E0,DATA,E0,E0,453,0,0,80,80,00,00,1
3958,800,A,FF,FF,DATA,FF,FF,454,0,0,80,80,00,00,1
3959,800,B,FF,FF,DATA,FF,FF,455,0,0,80,80,00,00,1
3960,800,A,00,00,DATA,00,00,456,0,0,80,80,00,00,1
3961,800,B,00,00,DATA,00,00,457,0,0,80,80,00,00,1
3962,800,A,00,00,DATA,00,00,458,0,0,80,80,00,00,1
3963,800,B,00,00,DATA,00,00,459,0,0,80,80,00,00,1
3964,800,A,00,00,DATA,00,00,460,0,0,80,80,00,00,1
3965,800,B,00,00,DATA,00,00,461,0,0,80,80,00,00,1
3966,800,A,00,00,DATA,00,00,462,0,0,80,80,00,00,1
3967,800,B,00,00,DATA,00,00,463,0,0,80,80,00,00,1
3968,800,A,E2,E2,DATA,E2,E2,464,0,0,80,80,00,00,1
3969,800,B,00,00,DATA,00,00,465,0,0,80,80,00,00,1
3970,800,A,AD,AD,DATA,AD,AD,466,0,0,80,80,00,00,1
3971,800,B,50,50,DATA,50,50,467,0,0,80,80,00,00,1
3972,800,A,FF,FF,DATA,FF,FF,468,0,0,80,80,00,00,1
3973,800,B,00,00,DATA,00,00,469,0,0,80,80,00,00,1
3974,800,A,FF,FF,DATA,FF,FF,470,0,0,80,80,00,00,1
3975,800,B,FF,FF,DATA,FF,FF,471,0,0,80,80,00,00,1
3976,800,A,00,00,DATA,00,00,472,0,0,80,80,00,00,1
3977,800,B,00,00,DATA,00,00,473,0,0,80,80,00,00,1
3978,800,A,00,00,DATA,00,00,474,0,0,80,80,00,00,1
3979,800,B,00,00,DATA,00,00,475,0,0,80,80,00,00,1
3980,800,A,00,00,DATA,00,00,476,0,0,80,80,00,00,1
3981,800,B,00,00,DATA,00,00,477,0,0,80,80,00,00,1
3982,800,A,00,00,DATA,00,00,478,0,0,80,80,00,00,1
3983,800,B,00,00,DATA,00,00,479,0,0,80,80,00,00,1
3984,800,A,FE,FE,DATA,FE,FE,480,0,0,80,80,00,00,1
3985,800,B,00,00,DATA,00,00,481,0,0,80,80,00,00,1
3986,800,A,AF,AF,DATA,AF,AF,482,0,0,80,80,00,00,1
3987,800,B,50,50,DATA,50,50,483,0,0,80,80,00,00,1
3988,800,A,FA,FA,DATA,FA,FA,484,0,0,80,80,00,00,1
3989,800,B,00,00,DATA,00,00,485,0,0,80,80,00,00,1
3990,800,A,FF,FF,DATA,FF,FF,486,0,0,80,80,00,00,1
3991,800,B,FF,FF,DATA,FF,FF,487,0,0,80,80,00,00,1
3992,800,A,00,00,DATA,00,00,488,0,0,80,80,00,00,1
3993,800,B,00,00,DATA,00,00,489,0,0,80,80,00,00,1
3994,800,A,00,00,DATA,00,00,490,0,0,80,80,00,00,1
3995,800,B,00,00,DATA,00,00,491,0,0,80,80,00,00,1
3996,800,A,00,00,DATA,00,00,492,0,0,80,80,00,00,1
3997,800,B,00,00,DATA,00,00,493,0,0,80,80,00,00,1
3998,800,A,00,00,DATA,00,00,494,0,0,80,80,00,00,1
3999,800,B,00,00,DATA,00,00,495,0,0,80,80,00,00,1
4000,800,A,E1,E1,DATA,E1,E1,496,0,0,80,80,00,00,1
4001,800,B,01,01,DATA,01,01,497,0,0,80,80,00,00,1
4002,800,A,F5,F5,DATA,F5,F5,498,0,0,80,80,00,00,1
4003,800,B,01,01,DATA,01,01,499,0,0,80,80,00,00,1
4004,800,A,21,21,DATA,21,21,500,0,0,80,80,00,00,1
4005,800,B,01,01,DATA,01,01,501,0,0,80,80,00,00,1
4006,800,A,FF,FF,DATA,FF,FF,502,0,0,80,80,00,00,1
4007,800,B,FF,FF,DATA,FF,FF,503,0,0,80,80,00,00,1
4008,800,A,00,00,DATA,00,00,504,0,0,80,80,00,00,1
4009,800,B,00,00,DATA,00,00,505,0,0,80,80,00,00,1
4010,800,A,00,00,DATA,00,00,506,0,0,80,80,00,00,1
4011,800,B,00,00,DATA,00,00,507,0,0,80,80,00,00,1
4012,800,A,00,00,DATA,00,00,508,0,0,80,80,00,00,1
4013,800,B,00,00,DATA,00,00,509,0,0,80,80,00,00,1
4014,800,A,00,00,DATA,00,00,510,0,0,80,80,00,00,1
4015,800,B,00,00,DATA,00,00,511,0,0,80,80,00,00,1
4016,800,A,FF,FF,DATA,FF,FF,512,0,0,80,80,00,00,1
4017,800,B,FF,FF,DATA,FF,FF,513,0,0,80,80,00,00,1
4018,800,A,C0,C0,DATA,C0,C0,514,0,0,80,80,00,00,1
4019,800,B,80,80,DATA,80,80,515,0,0,80,80,00,00,1
4020,800,A,C0,C0,DATA,C0,C0,516,0,0,80,80,00,00,1
4021,800,B,80,80,DATA,80,80,517,0,0,80,80,00,00,1
4022,800,A,C1,C1,DATA,C1,C1,518,0,0,80,80,00,00,1
4023,800,B,80,80,DATA,80,80,519,0,0,80,80,00,00,1
4024,800,A,80,80,DATA,80,80,520,0,0,80,80,00,00,1
4025,800,B,80,80,DATA,80,80,521,0,0,80,80,00,00,1
4026,800,A,C5,C5,DATA,C5,C5,522,0,0,80,80,00,00,1
4027,800,B,80,80,DATA,80,80,523,0,0,80,80,00,00,1
4028,800,A,80,80,DATA,80,80,524,0,0,80,80,00,00,1
4029,800,B,80,80,DATA,80,80,525,0,0,80,80,00,00,1
4030,800,A,85,85,DATA,85,85,526,0,0,80,80,00,00,1
4031,800,B,80,80,DATA,80,80,527,0,0,80,80,00,00,1
4032,800,A,FF,FF,DATA,FF,FF,528,0,0,80,80,00,00,1
4033,800,B,FF,FF,DATA,FF,FF,529,0,0,80,80,00,00,1
4034,800,A,55,55,DATA,55,55,530,0,0,80,80,00,00,1
4035,800,B,00,00,DATA,00,00,531,0,0,80,80,00,00,1
4036,800,A,01,01,DATA,01,01,532,0,0,80,80,00,00,1
4037,800,B,00,00,DATA,00,00,533,0,0,80,80,00,00,1
4038,800,A,5F,5F,DATA,5F,5F,534,0,0,80,80,00,00,1
4039,800,B,00,00,DATA,00,00,535,0,0,80,80,00,00,1
4040,800,A,0F,0F,DATA,0F,0F,536,0,0,80,80,00,00,1
4041,800,B,00,00,DATA,00,00,537,0,0,80,80,00,00,1
4042,800,A,5F,5F,DATA,5F,5F,538,0,0,80,80,00,00,1
4043,800,B,00,00,DATA,00,00,539,0,0,80,80,00,00,1
4044,800,A,0F,0F,DATA,0F,0F,540,0,0,80,80,00,00,1
4045,800,B,00,00,DATA,00,00,541,0,0,80,80,00,00,1
4046,800,A,5A,5A,DATA,5A,5A,542,0,0,80,80,00,00,1
4047,800,B,05,05,DATA,05,05,543,0,0,80,80,00,00,1
4048,800,A,FF,FF,DATA,FF,FF,544,0,0,80,80,00,00,1
4049,800,B,FF,FF,DATA,FF,FF,545,0,0,80,80,00,00,1
4050,800,A,D5,D5,DATA,D5,D5,546,0,0,80,80,00,00,1
4051,800,B,00,00,DATA,00,00,547,0,0,80,80,00,00,1
4052,800,A,C0,C0,DATA,C0,C0,548,0,0,80,80,00,00,1
4053,800,B,00,00,DATA,00,00,549,0,0,80,80,00,00,1
4054,800,A,B5,B5,DATA,B5,B5,550,0,0,80,80,00,00,1
4055,800,B,40,40,DATA,40,40,551,0,0,80,80,00,00,1
4056,800,A,FC,FC,DATA,FC,FC,552,0,0,80,80,00,00,1
4057,800,B,00,00,DATA,00,00,553,0,0,80,80,00,00,1
4058,800,A,AD,AD,DATA,AD,AD,554,0,0,80,80,00,00,1
4059,800,B,50,50,DATA,50,50,555,0,0,80,80,00,00,1
4060,800,A,FF,FF,DATA,FF,FF,556,0,0,80,80,00,00,1
4061,800,B,00,00,DATA,00,00,557,0,0,80,80,00,00,1
4062,800,A,AB,AB,DATA,AB,AB,558,0,0,80,80,00,00,1
4063,800,B,54,54,DATA,54,54,559,0,0,80,80,00,00,1
4064,800,A,FF,FF,DATA,FF,FF,560,0,0,80,80,00,00,1
4065,800,B,FF,FF,DATA,FF,FF,561,0,0,80,80,00,00,1
4066,800,A,45,45,DATA,45,45,562,0,0,80,80,00,00,1
4067,800,B,01,01,DATA,01,01,563,0,0,80,80,00,00,1
4068,800,A,01,01,DATA,01,01,564,0,0,80,80,00,00,1
4069,800,B,01,01,DATA,01,01,565,0,0,80,80,00,00,1
4070,800,A,55,55,DATA,55,55,566,0,0,80,80,00,00,1
4071,800,B,01,01,DATA,01,01,567,0,0,80,80,00,00,1
4072,800,A,01,01,DATA,01,01,568,0,0,80,80,00,00,1
4073,800,B,01,01,DATA,01,01,569,0,0,80,80,00,00,1
4074,800,A,55,55,DATA,55,55,570,0,0,80,80,00,00,1
4075,800,B,01,01,DATA,01,01,571,0,0,80,80,00,00,1
4076,800,A,E1,E1,DATA,E1,E1,572,0,0,80,80,00,00,1
4077,800,B,01,01,DATA,01,01,573,0,0,80,80,00,00,1
4078,800,A,B5,B5,DATA,B5,B5,574,0,0,80,80,00,00,1
4079,800,B,41,41,DATA,41,41,575,0,0,80,80,00,00,1
4080,800,A,80,80,DATA,80,80,576,0,0,80,80,00,00,1
4081,800,B,80,80,DATA,80,80,577,0,0,80,80,00,00,1
4082,800,A,85,85,DATA,85,85,578,0,0,80,80,00,00,1
4083,800,B,80,80,DATA,80,80,579,0,0,80,80,00,00,1
4084,800,A,80,80,DATA,80,80,580,0,0,80,80,00,00,1
4085,800,B,80,80,DATA,80,80,581,0,0,80,80,00,00,1
4086,800,A,81,81,DATA,81,81,582,0,0,80,80,00,00,1
4087,800,B,80,80,DATA,80,80,583,0,0,80,80,00,00,1
4088,800,A,80,80,DATA,80,80,584,0,0,80,80,00,00,1
4089,800,B,80,80,DATA,80,80,585,0,0,80,80,00,00,1
4090,800,A,80,80,DATA,80,80,586,0,0,80,80,00,00,1
4091,800,B,80,80,DATA,80,80,587,0,0,80,80,00,00,1
4092,800,A,80,80,DATA,80,80,588,0,0,80,80,00,00,1
4093,800,B,80,80,DATA,80,80,589,0,0,80,80,00,00,1
4094,800,A,94,94,DATA,94,94,590,0,0,80,80,00,00,1
4095,800,B,80,80,DATA,80,80,591,0,0,80,80,00,00,1
4096,800,A,1B,1B,DATA,1B,1B,592,0,0,80,80,00,00,1
4097,800,B,04,04,DATA,04,04,593,0,0,80,80,00,00,1
4098,800,A,5A,5A,DATA,5A,5A,594,0,0,80,80,00,00,1
4099,800,B,05,05,DATA,05,05,595,0,0,80,80,00,00,1
4100,800,A,0F,0F,DATA,0F,0F,596,0,0,80,80,00,00,1
4101,800,B,00,00,DATA,00,00,597,0,0,80,80,00,00,1
4102,800,A,16,16,DATA,16,16,598,0,0,80,80,00,00,1
4103,800,B,01,01,DATA,01,01,599,0,0,80,80,00,00,1
4104,800,A,03,03,DATA,03,03,600,0,0,80,80,00,00,1
4105,800,B,00,00,DATA,00,00,601,0,0,80,80,00,00,1
4106,800,A,05,05,DATA,05,05,602,0,0,80,80,00,00,1
4107,800,B,00,00,DATA,00,00,603,0,0,80,80,00,00,1
4108,800,A,00,00,DATA,00,00,604,0,0,80,80,00,00,1
4109,800,B,00,00,DATA,00,00,605,0,0,80,80,00,00,1
4110,800,A,01,01,DATA,01,01,606,0,0,80,80,00,00,1
4111,800,B,00,00,DATA,00,00,607,0,0,80,80,00,00,1
4112,800,A,FF,FF,DATA,FF,FF,608,0,0,80,80,00,00,1
4113,800,B,00,00,DATA,00,00,609,0,0,80,80,00,00,1
4114,800,A,8B,8B,DATA,8B,8B,610,0,0,80,80,00,00,1
4115,800,B,74,74,DATA,74,74,611,0,0,80,80,00,00,1
4116,800,A,FF,FF,DATA,FF,FF,612,0,0,80,80,00,00,1
4117,800,B,00,00,DATA,00,00,613,0,0,80,80,00,00,1
4118,800,A,8A,8A,DATA,8A,8A,614,0,0,80,80,00,00,1
4119,800,B,75,75,DATA,75,75,615,0,0,80,80,00,00,1
4120,800,A,07,07,DATA,07,07,616,0,0,80,80,00,00,1
4121,800,B,F8,F8,DATA,F8,F8,617,0,0,80,80,00,00,1
4122,800,A,80,80,DATA,80,80,618,0,0,80,80,00,00,1
4123,800,B,7F,7F,DATA,7F,7F,619,0,0,80,80,00,00,1
4124,800,A,F0,F0,DATA,F0,F0,620,0,0,80,80,00,00,1
4125,800,B,0F,0F,DATA,0F,0F,621,0,0,80,80,00,00,1
4126,800,A,A0,A0,DATA,A0,A0,622,0,0,80,80,00,00,1
4127,800,B,5F,5F,DATA,5F,5F,623,0,0,80,80,00,00,1
4128,800,A,F9,F9,DATA,F9,F9,624,0,0,80,80,00,00,1
4129,800,B,01,01,DATA,01,01,625,0,0,80,80,00,00,1
4130,800,A,BD,BD,DATA,BD,BD,626,0,0,80,80,00,00,1
4131,800,B,41,41,DATA,41,41,627,0,0,80,80,00,00,1
4132,800,A,F9,F9,DATA,F9,F9,628,0,0,80,80,00,00,1
4133,800,B,01,01,DATA,01,01,629,0,0,80,80,00,00,1
4134,800,A,AD,AD,DATA,AD,AD,630,0,0,80,80,00,00,1
4135,800,B,51,51,DATA,51,51,631,0,0,80,80,00,00,1
4136,800,A,FD,FD,DATA,FD,FD,632,0,0,80,80,00,00,1
4137,800,B,01,01,DATA,01,01,633,0,0,80,80,00,00,1
4138,800,A,2D,2D,DATA,2D,2D,634,0,0,80,80,00,00,1
4139,800,B,D1,D1,DATA,D1,D1,635,0,0,80,80,00,00,1
4140,800,A,79,79,DATA,79,79,636,0,0,80,80,00,00,1
4141,800,B,81,81,DATA,81,81,637,0,0,80,80,00,00,1
4142,800,A,FD,FD,DATA,FD,FD,638,0,0,80,80,00,00,1
4143,800,B,01,01,DATA,01,01,639,0,0,80,80,00,00,1
4144,800,A,84,84,DATA,84,84,640,0,0,80,80,00,00,1
4145,800,B,80,80,DATA,80,80,641,0,0,80,80,00,00,1
4146,800,A,DD,DD,DATA,DD,DD,642,0,0,80,80,00,00,1
4147,800,B,80,80,DATA,80,80,643,0,0,80,80,00,00,1
4148,800,A,BE,BE,DATA,BE,BE,644,0,0,80,80,00,00,1
4149,800,B,80,80,DATA,80,80,645,0,0,80,80,00,00,1
4150,800,A,FB,FB,DATA,FB,FB,646,0,0,80,80,00,00,1
4151,800,B,84,84,DATA,84,84,647,0,0,80,80,00,00,1
4152,800,A,FD,FD,DATA,FD,FD,648,0,0,80,80,00,00,1
4153,800,B,82,82,DATA,82,82,649,0,0,80,80,00,00,1
4154,800,A,F8,F8,DATA,F8,F8,650,0,0,80,80,00,00,1
4155,800,B,87,87,DATA,87,87,651,0,0,80,80,00,00,1
4156,800,A,F8,F8,DATA,F8,F8,652,0,0,80,80,00,00,1
4157,800,B,87,87,DATA,87,87,653,0,0,80,80,00,00,1
4158,800,A,A8,A8,DATA,A8,A8,654,0,0,80,80,00,00,1
4159,800,B,D7,D7,DATA,D7,D7,655,0,0,80,80,00,00,1
4160,800,A,00,00,DATA,00,00,656,0,0,80,80,00,00,1
4161,800,B,00,00,DATA,00,00,657,0,0,80,80,00,00,1
4162,800,A,01,01,DATA,01,01,658,0,0,80,80,00,00,1
4163,800,B,00,00,DATA,00,00,659,0,0,80,80,00,00,1
4164,800,A,00,00,DATA,00,00,660,0,0,80,80,00,00,1
4165,800,B,00,00,DATA,00,00,661,0,0,80,80,00,00,1
4166,800,A,51,51,DATA,51,51,662,0,0,80,80,00,00,1
4167,800,B,00,00,DATA,00,00,663,0,0,80,80,00,00,1
4168,800,A,80,80,DATA,80,80,664,0,0,80,80,00,00,1
4169,800,B,00,00,DATA,00,00,665,0,0,80,80,00,00,1
4170,800,A,B5,B5,DATA,B5,B5,666,0,0,80,80,00,00,1
4171,800,B,40,40,DATA,40,40,667,0,0,80,80,00,00,1
4172,800,A,E0,E0,DATA,E0,E0,668,0,0,80,80,00,00,1
4173,800,B,00,00,DATA,00,00,669,0,0,80,80,00,00,1
4174,800,A,B6,B6,DATA,B6,B6,670,0,0,80,80,00,00,1
4175,800,B,41,41,DATA,41,41,671,0,0,80,80,00,00,1
4176,800,A,FC,FC,DATA,FC,FC,672,0,0,80,80,00,00,1
4177,800,B,03,03,DATA,03,03,673,0,0,80,80,00,00,1
4178,800,A,6B,6B,DATA,6B,6B,674,0,0,80,80,00,00,1
4179,800,B,14,14,DATA,14,14,675,0,0,80,80,00,00,1
4180,800,A,7F,7F,DATA,7F,7F,676,0,0,80,80,00,00,1
4181,800,B,00,00,DATA,00,00,677,0,0,80,80,00,00,1
4182,800,A,EB,EB,DATA,EB,EB,678,0,0,80,80,00,00,1
4183,800,B,14,14,DATA,14,14,679,0,0,80,80,00,00,1
4184,800,A,7F,7F,DATA,7F,7F,680,0,0,80,80,00,00,1
4185,800,B,00,00,DATA,00,00,681,0,0,80,80,00,00,1
4186,800,A,FB,FB,DATA,FB,FB,682,0,0,80,80,00,00,1
4187,800,B,04,04,DATA,04,04,683,0,0,80,80,00,00,1
4188,800,A,FF,FF,DATA,FF,FF,684,0,0,80,80,00,00,1
4189,800,B,00,00,DATA,00,00,685,0,0,80,80,00,00,1
4190,800,A,AB,AB,DATA,AB,AB,686,0,0,80,80,00,00,1
4191,800,B,54,54,DATA,54,54,687,0,0,80,80,00,00,1
4192,800,A,B1,B1,DATA,B1,B1,688,0,0,80,80,00,00,1
4193,800,B,01,01,DATA,01,01,689,0,0,80,80,00,00,1
4194,800,A,75,75,DATA,75,75,690,0,0,80,80,00,00,1
4195,800,B,01,01,DATA,01,01,691,0,0,80,80,00,00,1
4196,800,A,C1,C1,DATA,C1,C1,692,0,0,80,80,00,00,1
4197,800,B,01,01,DATA,01,01,693,0,0,80,80,00,00,1
4198,800,A,D5,D5,DATA,D5,D5,694,0,0,80,80,00,00,1
4199,800,B,01,01,DATA,01,01,695,0,0,80,80,00,00,1
4200,800,A,01,01,DATA,01,01,696,0,0,80,80,00,00,1
4201,800,B,01,01,DATA,01,01,697,0,0,80,80,00,00,1
4202,800,A,57,57,DATA,57,57,698,0,0,80,80,00,00,1
4203,800,B,01,01,DATA,01,01,699,0,0,80,80,00,00,1
4204,800,A,0F,0F,DATA,0F,0F,700,0,0,80,80,00,00,1
4205,800,B,01,01,DATA,01,01,701,0,0,80,80,00,00,1
4206,800,A,F9,F9,DATA,F9,F9,702,0,0,80,80,00,00,1
4207,800,B,07,07,DATA,07,07,703,0,0,80,80,00,00,1
4208,800,A,FF,FF,DATA,FF,FF,704,0,0,80,80,00,00,1
4209,800,B,80,80,DATA,80,80,705,0,0,80,80,00,00,1
4210,800,A,AB,AB,DATA,AB,AB,706,0,0,80,80,00,00,1
4211,800,B,D4,D4,DATA,D4,D4,707,0,0,80,80,00,00,1
4212,800,A,FF,FF,DATA,FF,FF,708,0,0,80,80,00,00,1
4213,800,B,80,80,DATA,80,80,709,0,0,80,80,00,00,1
4214,800,A,FF,FF,DATA,FF,FF,710,0,0,80,80,00,00,1
4215,800,B,FF,FF,DATA,FF,FF,711,0,0,80,80,00,00,1
4216,800,A,00,00,DATA,00,00,712,0,0,80,80,00,00,1
4217,800,B,00,00,DATA,00,00,713,0,0,80,80,00,00,1
4218,800,A,00,00,DATA,00,00,714,0,0,80,80,00,00,1
4219,800,B,00,00,DATA,00,00,715,0,0,80,80,00,00,1
4220,800,A,00,00,DATA,00,00,716,0,0,80,80,00,00,1
4221,800,B,00,00,DATA,00,00,717,0,0,80,80,00,00,1
4222,800,A,00,00,DATA,00,00,718,0,0,80,80,00,00,1
4223,800,B,00,00,DATA,00,00,719,0,0,80,80,00,00,1
4224,800,A,FD,FD,DATA,FD,FD,720,0,0,80,80,00,00,1
4225,800,B,02,02,DATA,02,02,721,0,0,80,80,00,00,1
4226,800,A,FA,FA,DATA,FA,FA,722,0,0,80,80,00,00,1
4227,800,B,05,05,DATA,05,05,723,0,0,80,80,00,00,1
4228,800,A,FF,FF,DATA,FF,FF,724,0,0,80,80,00,00,1
4229,800,B,00,00,DATA,00,00,725,0,0,80,80,00,00,1
4230,800,A,FF,FF,DATA,FF,FF,726,0,0,80,80,00,00,1
4231,800,B,FF,FF,DATA,FF,FF,727,0,0,80,80,00,00,1
4232,800,A,00,00,DATA,00,00,728,0,0,80,80,00,00,1
4233,800,B,00,00,DATA,00,00,729,0,0,80,80,00,00,1
4234,800,A,00,00,DATA,00,00,730,0,0,80,80,00,00,1
4235,800,B,00,00,DATA,00,00,731,0,0,80,80,00,00,1
4236,800,A,00,00,DATA,00,00,732,0,0,80,80,00,00,1
4237,800,B,00,00,DATA,00,00,733,0,0,80,80,00,00,1
4238,800,A,00,00,DATA,00,00,734,0,0,80,80,00,00,1
4239,800,B,00,00,DATA,00,00,735,0,0,80,80,00,00,1
4240,800,A,AF,AF,DATA,AF,AF,736,0,0,80,80,00,00,1
4241,800,B,50,50,DATA,50,50,737,0,0,80,80,00,00,1
4242,800,A,4A,4A,DATA,4A,4A,738,0,0,80,80,00,00,1
4243,800,B,F5,F5,DATA,F5,F5,739,0,0,80,80,00,00,1
4244,800,A,8B,8B,DATA,8B,8B,740,0,0,80,80,00,00,1
4245,800,B,74,74,DATA,74,74,741,0,0,80,80,00,00,1
4246,800,A,FF,FF,DATA,FF,FF,742,0,0,80,80,00,00,1
4247,800,B,FF,FF,DATA,FF,FF,743,0,0,80,80,00,00,1
4248,800,A,00,00,DATA,00,00,744,0,0,80,80,00,00,1
4249,800,B,00,00,DATA,00,00,745,0,0,80,80,00,00,1
4250,800,A,00,00,DATA,00,00,746,0,0,80,80,00,00,1
4251,800,B,00,00,DATA,00,00,747,0,0,80,80,00,00,1
4252,800,A,00,00,DATA,00,00,748,0,0,80,80,00,00,1
4253,800,B,00,00,DATA,00,00,749,0,0,80,80,00,00,1
4254,800,A,00,00,DATA,00,00,750,0,0,80,80,00,00,1
4255,800,B,00,00,DATA,00,00,751,0,0,80,80,00,00,1
4256,800,A,F1,F1,DATA,F1,F1,752,0,0,80,80,00,00,1
4257,800,B,0F,0F,DATA,0F,0F,753,0,0,80,80,00,00,1
4258,800,A,FB,FB,DATA,FB,FB,754,0,0,80,80,00,00,1
4259,800,B,05,05,DATA,05,05,755,0,0,80,80,00,00,1
4260,800,A,FF,FF,DATA,FF,FF,756,0,0,80,80,00,00,1
4261,800,B,01,01,DATA,01,01,757,0,0,80,80,00,00,1
4262,800,A,FF,FF,DATA,FF,FF,758,0,0,80,80,00,00,1
4263,800,B,FF,FF,DATA,FF,FF,759,0,0,80,80,00,00,1
4264,800,A,00,00,DATA,00,00,760,0,0,80,80,00,00,1
4265,800,B,00,00,DATA,00,00,761,0,0,80,80,00,00,1
4266,800,A,00,00,DATA,00,00,762,0,0,80,80,00,00,1
4267,800,B,00,00,DATA,00,00,763,0,0,80,80,00,00,1
4268,800,A,00,00,DATA,00,00,764,0,0,80,80,00,00,1
4269,800,B,00,00,DATA,00,00,765,0,0,80,80,00,00,1
4270,800,A,00,00,DATA,00,00,766,0,0,80,80,00,00,1
4271,800,B,00,00,DATA,00,00,767,0,0,80,80,00,00,1
4272,800,A,FF,FF,DATA,FF,FF,768,0,0,80,80,00,00,1
4273,800,B,FF,FF,DATA,FF,FF,769,0,0,80,80,00,00,1
4274,800,A,D5,D5,DATA,D5,D5,770,0,0,80,80,00,00,1
4275,800,B,FF,FF,DATA,FF,FF,771,0,0,80,80,00,00,1
4276,800,A,CA,CA,DATA,CA,CA,772,0,0,80,80,00,00,1
4277,800,B,FF,FF,DATA,FF,FF,773,0,0,80,80,00,00,1
4278,800,A,DD,DD,DATA,DD,DD,774,0,0,80,80,00,00,1
4279,800,B,FF,FF,DATA,FF,FF,775,0,0,80,80,00,00,1
4280,800,A,80,80,DATA,80,80,776,0,0,80,80,00,00,1
4281,800,B,FF,FF,DATA,FF,FF,777,0,0,80,80,00,00,1
4282,800,A,D5,D5,DATA,D5,D5,778,0,0,80,80,00,00,1
4283,800,B,FF,FF,DATA,FF,FF,779,0,0,80,80,00,00,1
4284,800,A,C4,C4,DATA,C4,C4,780,0,0,80,80,00,00,1
4285,800,B,FF,FF,DATA,FF,FF,781,0,0,80,80,00,00,1
4286,800,A,F5,F5,DATA,F5,F5,782,0,0,80,80,00,00,1
4287,800,B,FF,FF,DATA,FF,FF,783,0,0,80,80,00,00,1
4288,800,A,FF,FF,DATA,FF,FF,784,0,0,80,80,00,00,1
4289,800,B,FF,FF,DATA,FF,FF,785,0,0,80,80,00,00,1
4290,800,A,53,53,DATA,53,53,786,0,0,80,80,00,00,1
4291,800,B,FC,FC,DATA,FC,FC,787,0,0,80,80,00,00,1
4292,800,A,05,05,DATA,05,05,788,0,0,80,80,00,00,1
4293,800,B,FA,FA,DATA,FA,FA,789,0,0,80,80,00,00,1
4294,800,A,40,40,DATA,40,40,790,0,0,80,80,00,00,1
4295,800,B,FF,FF,DATA,FF,FF,791,0,0,80,80,00,00,1
4296,800,A,04,04,DATA,04,04,792,0,0,80,80,00,00,1
4297,800,B,FB,FB,DATA,FB,FB,793,0,0,80,80,00,00,1
4298,800,A,50,50,DATA,50,50,794,0,0,80,80,00,00,1
4299,800,B,FF,FF,DATA,FF,FF,795,0,0,80,80,00,00,1
4300,800,A,04,04,DATA,04,04,796,0,0,80,80,00,00,1
4301,800,B,FB,FB,DATA,FB,FB,797,0,0,80,80,00,00,1
4302,800,A,42,42,DATA,42,42,798,0,0,80,80,00,00,1
4303,800,B,FD,FD,DATA,FD,FD,799,0,0,80,80,00,00,1
4304,800,A,FF,FF,DATA,FF,FF,800,0,0,80,80,00,00,1
4305,800,B,FF,FF,DATA,FF,FF,801,0,0,80,80,00,00,1
4306,800,A,46,46,DATA,46,46,802,0,0,80,80,00,00,1
4307,800,B,01,01,DATA,01,01,803,0,0,80,80,00,00,1
4308,800,A,02,02,DATA,02,02,804,0,0,80,80,00,00,1
4309,800,B,01,01,DATA,01,01,805,0,0,80,80,00,00,1
4310,800,A,C7,C7,DATA,C7,C7,806,0,0,80,80,00,00,1
4311,800,B,01,01,DATA,01,01,807,0,0,80,80,00,00,1
4312,800,A,C2,C2,DATA,C2,C2,808,0,0,80,80,00,00,1
4313,800,B,01,01,DATA,01,01,809,0,0,80,80,00,00,1
4314,800,A,34,34,DATA,34,34,810,0,0,80,80,00,00,1
4315,800,B,C3,C3,DATA,C3,C3,811,0,0,80,80,00,00,1
4316,800,A,FF,FF,DATA,FF,FF,812,0,0,80,80,00,00,1
4317,800,B,00,00,DATA,00,00,813,0,0,80,80,00,00,1
4318,800,A,FF,FF,DATA,FF,FF,814,0,0,80,80,00,00,1
4319,800,B,00,00,DATA,00,00,815,0,0,80,80,00,00,1
4320,800,A,FF,FF,DATA,FF,FF,816,0,0,80,80,00,00,1
4321,800,B,FF,FF,DATA,FF,FF,817,0,0,80,80,00,00,1
4322,800,A,15,15,DATA,15,15,818,0,0,80,80,00,00,1
4323,800,B,E1,E1,DATA,E1,E1,819,0,0,80,80,00,00,1
4324,800,A,23,23,DATA,23,23,820,0,0,80,80,00,00,1
4325,800,B,C1,C1,DATA,C1,C1,821,0,0,80,80,00,00,1
4326,800,A,37,37,DATA,37,37,822,0,0,80,80,00,00,1
4327,800,B,C1,C1,DATA,C1,C1,823,0,0,80,80,00,00,1
4328,800,A,43,43,DATA,43,43,824,0,0,80,80,00,00,1
4329,800,B,81,81,DATA,81,81,825,0,0,80,80,00,00,1
4330,800,A,D7,D7,DATA,D7,D7,826,0,0,80,80,00,00,1
4331,800,B,01,01,DATA,01,01,827,0,0,80,80,00,00,1
4332,800,A,9F,9F,DATA,9F,9F,828,0,0,80,80,00,00,1
4333,800,B,01,01,DATA,01,01,829,0,0,80,80,00,00,1
4334,800,A,5F,5F,DATA,5F,5F,830,0,0,80,80,00,00,1
4335,800,B,01,01,DATA,01,01,831,0,0,80,80,00,00,1
4336,800,A,80,80,DATA,80,80,832,0,0,80,80,00,00,1
4337,800,B,FF,FF,DATA,FF,FF,833,0,0,80,80,00,00,1
4338,800,A,80,80,DATA,80,80,834,0,0,80,80,00,00,1
4339,800,B,FF,FF,DATA,FF,FF,835,0,0,80,80,00,00,1
4340,800,A,80,80,DATA,80,80,836,0,0,80,80,00,00,1
4341,800,B,FF,FF,DATA,FF,FF,837,0,0,80,80,00,00,1
4342,800,A,C1,C1,DATA,C1,C1,838,0,0,80,80,00,00,1
4343,800,B,FF,FF,DATA,FF,FF,839,0,0,80,80,00,00,1
4344,800,A,88,88,DATA,88,88,840,0,0,80,80,00,00,1
4345,800,B,F7,F7,DATA,F7,F7,841,0,0,80,80,00,00,1
4346,800,A,C8,C8,DATA,C8,C8,842,0,0,80,80,00,00,1
4347,800,B,F7,F7,DATA,F7,F7,843,0,0,80,80,00,00,1
4348,800,A,9C,9C,DATA,9C,9C,844,0,0,80,80,00,00,1
4349,800,B,E3,E3,DATA,E3,E3,845,0,0,80,80,00,00,1
4350,800,A,AA,AA,DATA,AA,AA,846,0,0,80,80,00,00,1
4351,800,B,D5,D5,DATA,D5,D5,847,0,0,80,80,00,00,1
4352,800,A,17,17,DATA,17,17,848,0,0,80,80,00,00,1
4353,800,B,E8,E8,DATA,E8,E8,849,0,0,80,80,00,00,1
4354,800,A,AD,AD,DATA,AD,AD,850,0,0,80,80,00,00,1
4355,800,B,50,50,DATA,50,50,851,0,0,80,80,00,00,1
4356,800,A,3C,3C,DATA,3C,3C,852,0,0,80,80,00,00,1
4357,800,B,C0,C0,DATA,C0,C0,853,0,0,80,80,00,00,1
4358,800,A,4D,4D,DATA,4D,4D,854,0,0,80,80,00,00,1
4359,800,B,F0,F0,DATA,F0,F0,855,0,0,80,80,00,00,1
4360,800,A,03,03,DATA,03,03,856,0,0,80,80,00,00,1
4361,800,B,FC,FC,DATA,FC,FC,857,0,0,80,80,00,00,1
4362,800,A,0B,0B,DATA,0B,0B,858,0,0,80,80,00,00,1
4363,800,B,F4,F4,DATA,F4,F4,859,0,0,80,80,00,00,1
4364,800,A,9F,9F,DATA,9F,9F,860,0,0,80,80,00,00,1
4365,800,B,60,60,DATA,60,60,861,0,0,80,80,00,00,1
4366,800,A,BF,BF,DATA,BF,BF,862,0,0,80,80,00,00,1
4367,800,B,40,40,DATA,40,40,863,0,0,80,80,00,00,1
4368,800,A,FF,FF,DATA,FF,FF,864,0,0,80,80,00,00,1
4369,800,B,00,00,DATA,00,00,865,0,0,80,80,00,00,1
4370,800,A,FF,FF,DATA,FF,FF,866,0,0,80,80,00,00,1
4371,800,B,00,00,DATA,00,00,867,0,0,80,80,00,00,1
4372,800,A,DF,DF,DATA,DF,DF,868,0,0,80,80,00,00,1
4373,800,B,00,00,DATA,00,00,869,0,0,80,80,00,00,1
4374,800,A,DF,DF,DATA,DF,DF,870,0,0,80,80,00,00,1
4375,800,B,00,00,DATA,00,00,871,0,0,80,80,00,00,1
4376,800,A,CF,CF,DATA,CF,CF,872,0,0,80,80,00,00,1
4377,800,B,00,00,DATA,00,00,873,0,0,80,80,00,00,1
4378,800,A,D7,D7,DATA,D7,D7,874,0,0,80,80,00,00,1
4379,800,B,00,00,DATA,00,00,875,0,0,80,80,00,00,1
4380,800,A,80,80,DATA,80,80,876,0,0,80,80,00,00,1
4381,800,B,00,00,DATA,00,00,877,0,0,80,80,00,00,1
4382,800,A,D5,D5,DATA,D5,D5,878,0,0,80,80,00,00,1
4383,800,B,00,00,DATA,00,00,879,0,0,80,80,00,00,1
4384,800,A,DF,DF,DATA,DF,DF,880,0,0,80,80,00,00,1
4385,800,B,01,01,DATA,01,01,881,0,0,80,80,00,00,1
4386,800,A,FF,FF,DATA,FF,FF,882,0,0,80,80,00,00,1
4387,800,B,01,01,DATA,01,01,883,0,0,80,80,00,00,1
4388,800,A,DF,DF,DATA,DF,DF,884,0,0,80,80,00,00,1
4389,800,B,01,01,DATA,01,01,885,0,0,80,80,00,00,1
4390,800,A,AF,AF,DATA,AF,AF,886,0,0,80,80,00,00,1
4391,800,B,51,51,DATA,51,51,887,0,0,80,80,00,00,1
4392,800,A,FF,FF,DATA,FF,FF,888,0,0,80,80,00,00,1
4393,800,B,01,01,DATA,01,01,889,0,0,80,80,00,00,1
4394,800,A,EF,EF,DATA,EF,EF,890,0,0,80,80,00,00,1
4395,800,B,11,11,DATA,11,11,891,0,0,80,80,00,00,1
4396,800,A,7F,7F,DATA,7F,7F,892,0,0,80,80,00,00,1
4397,800,B,01,01,DATA,01,01,893,0,0,80,80,00,00,1
4398,800,A,5F,5F,DATA,5F,5F,894,0,0,80,80,00,00,1
4399,800,B,01,01,DATA,01,01,895,0,0,80,80,00,00,1
4400,800,A,FF,FF,DATA,FF,FF,896,0,0,80,80,00,00,1
4401,800,B,80,80,DATA,80,80,897,0,0,80,80,00,00,1
4402,800,A,EF,EF,DATA,EF,EF,898,0,0,80,80,00,00,1
4403,800,B,90,90,DATA,90,90,899,0,0,80,80,00,00,1
4404,800,A,FF,FF,DATA,FF,FF,900,0,0,80,80,00,00,1
4405,800,B,80,80,DATA,80,80,901,0,0,80,80,00,00,1
4406,800,A,BF,BF,DATA,BF,BF,902,0,0,80,80,00,00,1
4407,800,B,C0,C0,DATA,C0,C0,903,0,0,80,80,00,00,1
4408,800,A,FA,FA,DATA,FA,FA,904,0,0,80,80,00,00,1
4409,800,B,80,80,DATA,80,80,905,0,0,80,80,00,00,1
4410,800,A,F5,F5,DATA,F5,F5,906,0,0,80,80,00,00,1
4411,800,B,80,80,DATA,80,80,907,0,0,80,80,00,00,1
4412,800,A,E0,E0,DATA,E0,E0,908,0,0,80,80,00,00,1
4413,800,B,80,80,DATA,80,80,909,0,0,80,80,00,00,1
4414,800,A,D5,D5,DATA,D5,D5,910,0,0,80,80,00,00,1
4415,800,B,80,80,DATA,80,80,911,0,0,80,80,00,00,1
4416,800,A,FF,FF,DATA,FF,FF,912,0,0,80,80,00,00,1
4417,800,B,00,00,DATA,00,00,913,0,0,80,80,00,00,1
4418,800,A,BF,BF,DATA,BF,BF,914,0,0,80,80,00,00,1
4419,800,B,40,40,DATA,40,40,915,0,0,80,80,00,00,1
4420,800,A,F8,F8,DATA,F8,F8,916,0,0,80,80,00,00,1
4421,800,B,00,00,DATA,00,00,917,0,0,80,80,00,00,1
4422,800,A,F5,F5,DATA,F5,F5,918,0,0,80,80,00,00,1
4423,800,B,00,00,DATA,00,00,919,0,0,80,80,00,00,1
4424,800,A,10,10,DATA,10,10,920,0,0,80,80,00,00,1
4425,800,B,00,00,DATA,00,00,921,0,0,80,80,00,00,1
4426,800,A,55,55,DATA,55,55,922,0,0,80,80,00,00,1
4427,800,B,00,00,DATA,00,00,923,0,0,80,80,00,00,1
4428,800,A,00,00,DATA,00,00,924,0,0,80,80,00,00,1
4429,800,B,00,00,DATA,00,00,925,0,0,80,80,00,00,1
4430,800,A,55,55,DATA,55,55,926,0,0,80,80,00,00,1
4431,800,B,00,00,DATA,00,00,927,0,0,80,80,00,00,1
4432,800,A,00,00,DATA,00,00,928,0,0,80,80,00,00,1
4433,800,B,00,00,DATA,00,00,929,0,0,80,80,00,00,1
4434,800,A,55,55,DATA,55,55,930,0,0,80,80,00,00,1
4435,800,B,00,00,DATA,00,00,931,0,0,80,80,00,00,1
4436,800,A,00,00,DATA,00,00,932,0,0,80,80,00,00,1
4437,800,B,00,00,DATA,00,00,933,0,0,80,80,00,00,1
4438,800,A,55,55,DATA,55,55,934,0,0,80,80,00,00,1
4439,800,B,00,00,DATA,00,00,935,0,0,80,80,00,00,1
4440,800,A,00,00,DATA,00,00,936,0,0,80,80,00,00,1
4441,800,B,00,00,DATA,00,00,937,0,0,80,80,00,00,1
4442,800,A,55,55,DATA,55,55,938,0,0,80,80,00,00,1
4443,800,B,00,00,DATA,00,00,939,0,0,80,80,00,00,1
4444,800,A,00,00,DATA,00,00,940,0,0,80,80,00,00,1
4445,800,B,00,00,DATA,00,00,941,0,0,80,80,00,00,1
4446,800,A,55,55,DATA,55,55,942,0,0,80,80,00,00,1
4447,800,B,00,00,DATA,00,00,943,0,0,80,80,00,00,1
4448,800,A,01,01,DATA,01,01,944,0,0,80,80,00,00,1
4449,800,B,01,01,DATA,01,01,945,0,0,80,80,00,00,1
4450,800,A,57,57,DATA,57,57,946,0,0,80,80,00,00,1
4451,800,B,01,01,DATA,01,01,947,0,0,80,80,00,00,1
4452,800,A,03,03,DATA,03,03,948,0,0,80,80,00,00,1
4453,800,B,01,01,DATA,01,01,949,0,0,80,80,00,00,1
4454,800,A,57,57,DATA,57,57,950,0,0,80,80,00,00,1
4455,800,B,01,01,DATA,01,01,951,0,0,80,80,00,00,1
4456,800,A,01,01,DATA,01,01,952,0,0,80,80,00,00,1
4457,800,B,01,01,DATA,01,01,953,0,0,80,80,00,00,1
4458,800,A,55,55,DATA,55,55,954,0,0,80,80,00,00,1
4459,800,B,01,01,DATA,01,01,955,0,0,80,80,00,00,1
4460,800,A,01,01,DATA,01,01,956,0,0,80,80,00,00,1
4461,800,B,01,01,DATA,01,01,957,0,0,80,80,00,00,1
4462,800,A,55,55,DATA,55,55,958,0,0,80,80,00,00,1
4463,800,B,01,01,DATA,01,01,959,0,0,80,80,00,00,1
4464,800,A,E0,E0,DATA,E0,E0,960,0,0,80,80,00,00,1
4465,800,B,80,80,DATA,80,80,961,0,0,80,80,00,00,1
4466,800,A,F5,F5,DATA,F5,F5,962,0,0,80,80,00,00,1
4467,800,B,80,80,DATA,80,80,963,0,0,80,80,00,00,1
4468,800,A,80,80,DATA,80,80,964,0,0,80,80,00,00,1
4469,800,B,80,80,DATA,80,80,965,0,0,80,80,00,00,1
4470,800,A,FF,FF,DATA,FF,FF,966,0,0,80,80,00,00,1
4471,800,B,FF,FF,DATA,FF,FF,967,0,0,80,80,00,00,1
4472,800,A,00,00,DATA,00,00,968,0,0,80,80,00,00,1
4473,800,B,00,00,DATA,00,00,969,0,0,80,80,00,00,1
4474,800,A,00,00,DATA,00,00,970,0,0,80,80,00,00,1
4475,800,B,00,00,DATA,00,00,971,0,0,80,80,00,00,1
4476,800,A,00,00,DATA,00,00,972,0,0,80,80,00,00,1
4477,800,B,00,00,DATA,00,00,973,0,0,80,80,00,00,1
4478,800,A,00,00,DATA,00,00,974,0,0,80,80,00,00,1
4479,800,B,00,00,DATA,00,00,975,0,0,80,80,00,00,1
4480,800,A,00,00,DATA,00,00,976,0,0,80,80,00,00,1
4481,800,B,00,00,DATA,00,00,977,0,0,80,80,00,00,1
4482,800,A,55,55,DATA,55,55,978,0,0,80,80,00,00,1
4483,800,B,00,00,DATA,00,00,979,0,0,80,80,00,00,1
4484,800,A,00,00,DATA,00,00,980,0,0,80,80,00,00,1
4485,800,B,00,00,DATA,00,00,981,0,0,80,80,00,00,1
4486,800,A,FF,FF,DATA,FF,FF,982,0,0,80,80,00,00,1
4487,800,B,FF,FF,DATA,FF,FF,983,0,0,80,80,00,00,1
4488,800,A,00,00,DATA,00,00,984,0,0,80,80,00,00,1
4489,800,B,00,00,DATA,00,00,985,0,0,80,80,00,00,1
4490,800,A,00,00,DATA,00,00,986,0,0,80,80,00,00,1
4491,800,B,00,00,DATA,00,00,987,0,0,80,80,00,00,1
4492,800,A,00,00,DATA,00,00,988,0,0,80,80,00,00,1
4493,800,B,00,00,DATA,00,00,989,0,0,80,80,00,00,1
4494,800,A,00,00,DATA,00,00,990,0,0,80,80,00,00,1
4495,800,B,00,00,DATA,00,00,991,0,0,80,80,00,00,1
4496,800,A,00,00,DATA,00,00,992,0,0,80,80,00,00,1
4497,800,B,00,00,DATA,00,00,993,0,0,80,80,00,00,1
4498,800,A,15,15,DATA,15,15,994,0,0,80,80,00,00,1
4499,800,B,00,00,DATA,00,00,995,0,0,80,80,00,00,1
4500,800,A,00,00,DATA,00,00,996,0,0,80,80,00,00,1
4501,800,B,00,00,DATA,00,00,997,0,0,80,80,00,00,1
4502,800,A,FF,FF,DATA,FF,FF,998,0,0,80,80,00,00,1
4503,800,B,FF,FF,DATA,FF,FF,999,0,0,80,80,00,00,1
4504,800,A,00,00,DATA,00,00,1000,0,0,80,80,00,00,1
4505,800,B,00,00,DATA,00,00,1001,0,0,80,80,00,00,1
4506,800,A,00,00,DATA,00,00,1002,0,0,80,80,00,00,1
4507,800,B,00,00,DATA,00,00,1003,0,0,80,80,00,00,1
4508,800,A,00,00,DATA,00,00,1004,0,0,80,80,00,00,1
4509,800,B,00,00,DATA,00,00,1005,0,0,80,80,00,00,1
4510,800,A,00,00,DATA,00,00,1006,0,0,80,80,00,00,1
4511,800,B,00,00,DATA,00,00,1007,0,0,80,80,00,00,1
4512,800,A,01,01,DATA,01,01,1008,0,0,80,80,00,00,1
4513,800,B,01,01,DATA,01,01,1009,0,0,80,80,00,00,1
4514,800,A,55,55,DATA,55,55,1010,0,0,80,80,00,00,1
4515,800,B,01,01,DATA,01,01,1011,0,0,80,80,00,00,1
4516,800,A,01,01,DATA,01,01,1012,0,0,80,80,00,00,1
4517,800,B,01,01,DATA,01,01,1013,0,0,80,80,00,00,1
4518,800,A,FF,FF,DATA,FF,FF,1014,0,0,80,80,00,00,1
4519,800,B,FF,FF,DATA,FF,FF,1015,0,0,80,80,00,00,1
4520,800,A,00,00,DATA,00,00,1016,0,0,80,80,00,00,1
4521,800,B,00,00,DATA,00,00,1017,0,0,80,80,00,00,1
4522,800,A,00,00,DATA,00,00,1018,0,0,80,80,00,00,1
4523,800,B,00,00,DATA,00,00,1019,0,0,80,80,00,00,1
4524,800,A,00,00,DATA,00,00,1020,0,0,80,80,00,00,1
4525,800,B,00,00,DATA,00,00,1021,0,0,80,80,00,00,1
4526,800,A,00,00,DATA,00,00,1022,0,0,80,80,00,00,1
4527,800,B,00,00,DATA,00,00,1023,0,0,80,80,00,00,1
4528,800,A,FF,FF,DATA,FF,FF,1024,0,0,80,80,00,00,1
4529,800,B,FF,FF,DATA,FF,FF,1025,0,0,80,80,00,00,1
4530,800,A,D5,D5,DATA,D5,D5,1026,0,0,80,80,00,00,1
4531,800,B,FF,FF,DATA,FF,FF,1027,0,0,80,80,00,00,1
4532,800,A,80,80,DATA,80,80,1028,0,0,80,80,00,00,1
4533,800,B,FF,FF,DATA,FF,FF,1029,0,0,80,80,00,00,1
4534,800,A,D5,D5,DATA,D5,D5,1030,0,0,80,80,00,00,1
4535,800,B,FF,FF,DATA,FF,FF,1031,0,0,80,80,00,00,1
4536,800,A,88,88,DATA,88,88,1032,0,0,80,80,00,00,1
4537,800,B,FF,FF,DATA,FF,FF,1033,0,0,80,80,00,00,1
4538,800,A,D5,D5,DATA,D5,D5,1034,0,0,80,80,00,00,1
4539,800,B,FF,FF,DATA,FF,FF,1035,0,0,80,80,00,00,1
4540,800,A,80,80,DATA,80,80,1036,0,0,80,80,00,00,1
4541,800,B,FF,FF,DATA,FF,FF,1037,0,0,80,80,00,00,1
4542,800,A,D4,D4,DATA,D4,D4,1038,0,0,80,80,00,00,1
4543,800,B,FF,FF,DATA,FF,FF,1039,0,0,80,80,00,00,1
4544,800,A,FF,FF,DATA,FF,FF,1040,0,0,80,80,00,00,1
4545,800,B,FF,FF,DATA,FF,FF,1041,0,0,80,80,00,00,1
4546,800,A,53,53,DATA,53,53,1042,0,0,80,80,00,00,1
4547,800,B,FC,FC,DATA,FC,FC,1043,0,0,80,80,00,00,1
4548,800,A,03,03,DATA,03,03,1044,0,0,80,80,00,00,1
4549,800,B,FC,FC,DATA,FC,FC,1045,0,0,80,80,00,00,1
4550,800,A,53,53,DATA,53,53,1046,0,0,80,80,00,00,1
4551,800,B,FC,FC,DATA,FC,FC,1047,0,0,80,80,00,00,1
4552,800,A,03,03,DATA,03,03,1048,0,0,80,80,00,00,1
4553,800,B,FC,FC,DATA,FC,FC,1049,0,0,80,80,00,00,1
4554,800,A,4F,4F,DATA,4F,4F,1050,0,0,80,80,00,00,1
4555,800,B,F0,F0,DATA,F0,F0,1051,0,0,80,80,00,00,1
4556,800,A,18,18,DATA,18,18,1052,0,0,80,80,00,00,1
4557,800,B,E0,E0,DATA,E0,E0,1053,0,0,80,80,00,00,1
4558,800,A,35,35,DATA,35,35,1054,0,0,80,80,00,00,1
4559,800,B,C0,C0,DATA,C0,C0,1055,0,0,80,80,00,00,1
4560,800,A,FF,FF,DATA,FF,FF,1056,0,0,80,80,00,00,1
4561,800,B,FF,FF,DATA,FF,FF,1057,0,0,80,80,00,00,1
4562,800,A,65,65,DATA,65,65,1058,0,0,80,80,00,00,1
4563,800,B,1F,1F,DATA,1F,1F,1059,0,0,80,80,00,00,1
4564,800,A,1E,1E,DATA,1E,1E,1060,0,0,80,80,00,00,1
4565,800,B,01,01,DATA,01,01,1061,0,0,80,80,00,00,1
4566,800,A,D7,D7,DATA,D7,D7,1062,0,0,80,80,00,00,1
4567,800,B,00,00,DATA,00,00,1063,0,0,80,80,00,00,1
4568,800,A,F3,F3,DATA,F3,F3,1064,0,0,80,80,00,00,1
4569,800,B,00,00,DATA,00,00,1065,0,0,80,80,00,00,1
4570,800,A,55,55,DATA,55,55,1066,0,0,80,80,00,00,1
4571,800,B,00,00,DATA,00,00,1067,0,0,80,80,00,00,1
4572,800,A,00,00,DATA,00,00,1068,0,0,80,80,00,00,1
4573,800,B,00,00,DATA,00,00,1069,0,0,80,80,00,00,1
4574,800,A,55,55,DATA,55,55,1070,0,0,80,80,00,00,1
4575,800,B,00,00,DATA,00,00,1071,0,0,80,80,00,00,1
4576,800,A,FF,FF,DATA,FF,FF,1072,0,0,80,80,00,00,1
4577,800,B,FF,FF,DATA,FF,FF,1073,0,0,80,80,00,00,1
4578,800,A,41,41,DATA,41,41,1074,0,0,80,80,00,00,1
4579,800,B,FF,FF,DATA,FF,FF,1075,0,0,80,80,00,00,1
4580,800,A,01,01,DATA,01,01,1076,0,0,80,80,00,00,1
4581,800,B,FF,FF,DATA,FF,FF,1077,0,0,80,80,00,00,1
4582,800,A,EB,EB,DATA,EB,EB,1078,0,0,80,80,00,00,1
4583,800,B,15,15,DATA,15,15,1079,0,0,80,80,00,00,1
4584,800,A,1F,1F,DATA,1F,1F,1080,0,0,80,80,00,00,1
4585,800,B,01,01,DATA,01,01,1081,0,0,80,80,00,00,1
4586,800,A,55,55,DATA,55,55,1082,0,0,80,80,00,00,1
4587,800,B,01,01,DATA,01,01,1083,0,0,80,80,00,00,1
4588,800,A,01,01,DATA,01,01,1084,0,0,80,80,00,00,1
4589,800,B,01,01,DATA,01,01,1085,0,0,80,80,00,00,1
4590,800,A,55,55,DATA,55,55,1086,0,0,80,80,00,00,1
4591,800,B,01,01,DATA,01,01,1087,0,0,80,80,00,00,1
4592,800,A,80,80,DATA,80,80,1088,0,0,80,80,00,00,1
4593,800,B,FF,FF,DATA,FF,FF,1089,0,0,80,80,00,00,1
4594,800,A,C2,C2,DATA,C2,C2,1090,0,0,80,80,00,00,1
4595,800,B,FD,FD,DATA,FD,FD,1091,0,0,80,80,00,00,1
4596,800,A,8B,8B,DATA,8B,8B,1092,0,0,80,80,00,00,1
4597,800,B,F4,F4,DATA,F4,F4,1093,0,0,80,80,00,00,1
4598,800,A,CB,CB,DATA,CB,CB,1094,0,0,80,80,00,00,1
4599,800,B,F4,F4,DATA,F4,F4,1095,0,0,80,80,00,00,1
4600,800,A,9E,9E,DATA,9E,9E,1096,0,0,80,80,00,00,1
4601,800,B,E0,E0,DATA,E0,E0,1097,0,0,80,80,00,00,1
4602,800,A,8D,8D,DATA,8D,8D,1098,0,0,80,80,00,00,1
4603,800,B,F0,F0,DATA,F0,F0,1099,0,0,80,80,00,00,1
4604,800,A,B0,B0,DATA,B0,B0,1100,0,0,80,80,00,00,1
4605,800,B,C0,C0,DATA,C0,C0,1101,0,0,80,80,00,00,1
4606,800,A,B5,B5,DATA,B5,B5,1102,0,0,80,80,00,00,1
4607,800,B,C0,C0,DATA,C0,C0,1103,0,0,80,80,00,00,1
4608,800,A,E0,E0,DATA,E0,E0,1104,0,0,80,80,00,00,1
4609,800,B,00,00,DATA,00,00,1105,0,0,80,80,00,00,1
4610,800,A,D5,D5,DATA,D5,D5,1106,0,0,80,80,00,00,1
4611,800,B,00,00,DATA,00,00,1107,0,0,80,80,00,00,1
4612,800,A,80,80,DATA,80,80,1108,0,0,80,80,00,00,1
4613,800,B,00,00,DATA,00,00,1109,0,0,80,80,00,00,1
4614,800,A,55,55,DATA,55,55,1110,0,0,80,80,00,00,1
4615,800,B,00,00,DATA,00,00,1111,0,0,80,80,00,00,1
4616,800,A,03,03,DATA,03,03,1112,0,0,80,80,00,00,1
4617,800,B,00,00,DATA,00,00,1113,0,0,80,80,00,00,1
4618,800,A,57,57,DATA,57,57,1114,0,0,80,80,00,00,1
4619,800,B,00,00,DATA,00,00,1115,0,0,80,80,00,00,1
4620,800,A,07,07,DATA,07,07,1116,0,0,80,80,00,00,1
4621,800,B,00,00,DATA,00,00,1117,0,0,80,80,00,00,1
4622,800,A,5A,5A,DATA,5A,5A,1118,0,0,80,80,00,00,1
4623,800,B,05,05,DATA,05,05,1119,0,0,80,80,00,00,1
4624,800,A,00,00,DATA,00,00,1120,0,0,80,80,00,00,1
4625,800,B,00,00,DATA,00,00,1121,0,0,80,80,00,00,1
4626,800,A,15,15,DATA,15,15,1122,0,0,80,80,00,00,1
4627,800,B,00,00,DATA,00,00,1123,0,0,80,80,00,00,1
4628,800,A,00,00,DATA,00,00,1124,0,0,80,80,00,00,1
4629,800,B,00,00,DATA,00,00,1125,0,0,80,80,00,00,1
4630,800,A,45,45,DATA,45,45,1126,0,0,80,80,00,00,1
4631,800,B,00,00,DATA,00,00,1127,0,0,80,80,00,00,1
4632,800,A,00,00,DATA,00,00,1128,0,0,80,80,00,00,1
4633,800,B,00,00,DATA,00,00,1129,0,0,80,80,00,00,1
4634,800,A,45,45,DATA,45,45,1130,0,0,80,80,00,00,1
4635,800,B,00,00,DATA,00,00,1131,0,0,80,80,00,00,1
4636,800,A,80,80,DATA,80,80,1132,0,0,80,80,00,00,1
4637,800,B,00,00,DATA,00,00,1133,0,0,80,80,00,00,1
4638,800,A,D5,D5,DATA,D5,D5,1134,0,0,80,80,00,00,1
4639,800,B,00,00,DATA,00,00,1135,0,0,80,80,00,00,1
4640,800,A,01,01,DATA,01,01,1136,0,0,80,80,00,00,1
4641,800,B,01,01,DATA,01,01,1137,0,0,80,80,00,00,1
4642,800,A,55,55,DATA,55,55,1138,0,0,80,80,00,00,1
4643,800,B,01,01,DATA,01,01,1139,0,0,80,80,00,00,1
4644,800,A,03,03,DATA,03,03,1140,0,0,80,80,00,00,1
4645,800,B,01,01,DATA,01,01,1141,0,0,80,80,00,00,1
4646,800,A,57,57,DATA,57,57,1142,0,0,80,80,00,00,1
4647,800,B,01,01,DATA,01,01,1143,0,0,80,80,00,00,1
4648,800,A,07,07,DATA,07,07,1144,0,0,80,80,00,00,1
4649,800,B,01,01,DATA,01,01,1145,0,0,80,80,00,00,1
4650,800,A,5F,5F,DATA,5F,5F,1146,0,0,80,80,00,00,1
4651,800,B,01,01,DATA,01,01,1147,0,0,80,80,00,00,1
4652,800,A,01,01,DATA,01,01,1148,0,0,80,80,00,00,1
4653,800,B,01,01,DATA,01,01,1149,0,0,80,80,00,00,1
4654,800,A,77,77,DATA,77,77,1150,0,0,80,80,00,00,1
4655,800,B,01,01,DATA,01,01,1151,0,0,80,80,00,00,1
4656,800,A,A0,A0,DATA,A0,A0,1152,0,0,80,80,00,00,1
4657,800,B,C0,C0,DATA,C0,C0,1153,0,0,80,80,00,00,1
4658,800,A,B5,B5,DATA,B5,B5,1154,0,0,80,80,00,00,1
4659,800,B,C0,C0,DATA,C0,C0,1155,0,0,80,80,00,00,1
4660,800,A,E0,E0,DATA,E0,E0,1156,0,0,80,80,00,00,1
4661,800,B,80,80,DATA,80,80,1157,0,0,80,80,00,00,1
4662,800,A,B5,B5,DATA,B5,B5,1158,0,0,80,80,00,00,1
4663,800,B,C0,C0,DATA,C0,C0,1159,0,0,80,80,00,00,1
4664,800,A,E0,E0,DATA,E0,E0,1160,0,0,80,80,00,00,1
4665,800,B,80,80,DATA,80,80,1161,0,0,80,80,00,00,1
4666,800,A,B5,B5,DATA,B5,B5,1162,0,0,80,80,00,00,1
4667,800,B,C0,C0,DATA,C0,C0,1163,0,0,80,80,00,00,1
4668,800,A,E0,E0,DATA,E0,E0,1164,0,0,80,80,00,00,1
4669,800,B,80,80,DATA,80,80,1165,0,0,80,80,00,00,1
4670,800,A,B7,B7,DATA,B7,B7,1166,0,0,80,80,00,00,1
4671,800,B,C0,C0,DATA,C0,C0,1167,0,0,80,80,00,00,1
4672,800,A,0F,0F,DATA,0F,0F,1168,0,0,80,80,00,00,1
4673,800,B,00,00,DATA,00,00,1169,0,0,80,80,00,00,1
4674,800,A,5B,5B,DATA,5B,5B,1170,0,0,80,80,00,00,1
4675,800,B,04,04,DATA,04,04,1171,0,0,80,80,00,00,1
4676,800,A,1F,1F,DATA,1F,1F,1172,0,0,80,80,00,00,1
4677,800,B,00,00,DATA,00,00,1173,0,0,80,80,00,00,1
4678,800,A,5F,5F,DATA,5F,5F,1174,0,0,80,80,00,00,1
4679,800,B,00,00,DATA,00,00,1175,0,0,80,80,00,00,1
4680,800,A,1C,1C,DATA,1C,1C,1176,0,0,80,80,00,00,1
4681,800,B,00,00,DATA,00,00,1177,0,0,80,80,00,00,1
4682,800,A,5D,5D,DATA,5D,5D,1178,0,0,80,80,00,00,1
4683,800,B,00,00,DATA,00,00,1179,0,0,80,80,00,00,1
4684,800,A,8F,8F,DATA,8F,8F,1180,0,0,80,80,00,00,1
4685,800,B,00,00,DATA,00,00,1181,0,0,80,80,00,00,1
4686,800,A,D5,D5,DATA,D5,D5,1182,0,0,80,80,00,00,1
4687,800,B,0F,0F,DATA,0F,0F,1183,0,0,80,80,00,00,1
4688,800,A,80,80,DATA,80,80,1184,0,0,80,80,00,00,1
4689,800,B,00,00,DATA,00,00,1185,0,0,80,80,00,00,1
4690,800,A,D5,D5,DATA,D5,D5,1186,0,0,80,80,00,00,1
4691,800,B,00,00,DATA,00,00,1187,0,0,80,80,00,00,1
4692,800,A,00,00,DATA,00,00,1188,0,0,80,80,00,00,1
4693,800,B,00,00,DATA,00,00,1189,0,0,80,80,00,00,1
4694,800,A,55,55,DATA,55,55,1190,0,0,80,80,00,00,1
4695,800,B,00,00,DATA,00,00,1191,0,0,80,80,00,00,1
4696,800,A,03,03,DATA,03,03,1192,0,0,80,80,00,00,1
4697,800,B,00,00,DATA,00,00,1193,0,0,80,80,00,00,1
4698,800,A,56,56,DATA,56,56,1194,0,0,80,80,00,00,1
4699,800,B,01,01,DATA,01,01,1195,0,0,80,80,00,00,1
4700,800,A,00,00,DATA,00,00,1196,0,0,80,80,00,00,1
4701,800,B,03,03,DATA,03,03,1197,0,0,80,80,00,00,1
4702,800,A,35,35,DATA,35,35,1198,0,0,80,80,00,00,1
4703,800,B,C3,C3,DATA,C3,C3,1199,0,0,80,80,00,00,1
4704,800,A,9F,9F,DATA,9F,9F,1200,0,0,80,80,00,00,1
4705,800,B,01,01,DATA,01,01,1201,0,0,80,80,00,00,1
4706,800,A,DF,DF,DATA,DF,DF,1202,0,0,80,80,00,00,1
4707,800,B,01,01,DATA,01,01,1203,0,0,80,80,00,00,1
4708,800,A,DF,DF,DATA,DF,DF,1204,0,0,80,80,00,00,1
4709,800,B,01,01,DATA,01,01,1205,0,0,80,80,00,00,1
4710,800,A,DF,DF,DATA,DF,DF,1206,0,0,80,80,00,00,1
4711,800,B,01,01,DATA,01,01,1207,0,0,80,80,00,00,1
4712,800,A,FF,FF,DATA,FF,FF,1208,0,0,80,80,00,00,1
4713,800,B,01,01,DATA,01,01,1209,0,0,80,80,00,00,1
4714,800,A,BF,BF,DATA,BF,BF,1210,0,0,80,80,00,00,1
4715,800,B,41,41,DATA,41,41,1211,0,0,80,80,00,00,1
4716,800,A,11,11,DATA,11,11,1212,0,0,80,80,00,00,1
4717,800,B,E1,E1,DATA,E1,E1,1213,0,0,80,80,00,00,1
4718,800,A,4D,4D,DATA,4D,4D,1214,0,0,80,80,00,00,1
4719,800,B,F1,F1,DATA,F1,F1,1215,0,0,80,80,00,00,1
4720,800,A,BF,BF,DATA,BF,BF,1216,0,0,80,80,00,00,1
4721,800,B,C0,C0,DATA,C0,C0,1217,0,0,80,80,00,00,1
4722,800,A,AE,AE,DATA,AE,AE,1218,0,0,80,80,00,00,1
4723,800,B,D1,D1,DATA,D1,D1,1219,0,0,80,80,00,00,1
4724,800,A,FF,FF,DATA,FF,FF,1220,0,0,80,80,00,00,1
4725,800,B,80,80,DATA,80,80,1221,0,0,80,80,00,00,1
4726,800,A,FF,FF,DATA,FF,FF,1222,0,0,80,80,00,00,1
4727,800,B,FF,FF,DATA,FF,FF,1223,0,0,80,80,00,00,1
4728,800,A,00,00,DATA,00,00,1224,0,0,80,80,00,00,1
4729,800,B,00,00,DATA,00,00,1225,0,0,80,80,00,00,1
4730,800,A,00,00,DATA,00,00,1226,0,0,80,80,00,00,1
4731,800,B,00,00,DATA,00,00,1227,0,0,80,80,00,00,1
4732,800,A,00,00,DATA,00,00,1228,0,0,80,80,00,00,1
4733,800,B,00,00,DATA,00,00,1229,0,0,80,80,00,00,1
4734,800,A,00,00,DATA,00,00,1230,0,0,80,80,00,00,1
4735,800,B,00,00,DATA,00,00,1231,0,0,80,80,00,00,1
4736,800,A,E0,E0,DATA,E0,E0,1232,0,0,80,80,00,00,1
4737,800,B,1F,1F,DATA,1F,1F,1233,0,0,80,80,00,00,1
4738,800,A,80,80,DATA,80,80,1234,0,0,80,80,00,00,1
4739,800,B,7F,7F,DATA,7F,7F,1235,0,0,80,80,00,00,1
4740,800,A,E0,E0,DATA,E0,E0,1236,0,0,80,80,00,00,1
4741,800,B,1F,1F,DATA,1F,1F,1237,0,0,80,80,00,00,1
4742,800,A,FF,FF,DATA,FF,FF,1238,0,0,80,80,00,00,1
4743,800,B,FF,FF,DATA,FF,FF,1239,0,0,80,80,00,00,1
4744,800,A,00,00,DATA,00,00,1240,0,0,80,80,00,00,1
4745,800,B,00,00,DATA,00,00,1241,0,0,80,80,00,00,1
4746,800,A,00,00,DATA,00,00,1242,0,0,80,80,00,00,1
4747,800,B,00,00,DATA,00,00,1243,0,0,80,80,00,00,1
4748,800,A,00,00,DATA,00,00,1244,0,0,80,80,00,00,1
4749,800,B,00,00,DATA,00,00,1245,0,0,80,80,00,00,1
4750,800,A,00,00,DATA,00,00,1246,0,0,80,80,00,00,1
4751,800,B,00,00,DATA,00,00,1247,0,0,80,80,00,00,1
4752,800,A,00,00,DATA,00,00,1248,0,0,80,80,00,00,1
4753,800,B,FF,FF,DATA,FF,FF,1249,0,0,80,80,00,00,1
4754,800,A,45,45,DATA,45,45,1250,0,0,80,80,00,00,1
4755,800,B,FF,FF,DATA,FF,FF,1251,0,0,80,80,00,00,1
4756,800,A,00,00,DATA,00,00,1252,0,0,80,80,00,00,1
4757,800,B,FF,FF,DATA,FF,FF,1253,0,0,80,80,00,00,1
4758,800,A,FF,FF,DATA,FF,FF,1254,0,0,80,80,00,00,1
4759,800,B,FF,FF,DATA,FF,FF,1255,0,0,80,80,00,00,1
4760,800,A,00,00,DATA,00,00,1256,0,0,80,80,00,00,1
4761,800,B,00,00,DATA,00,00,1257,0,0,80,80,00,00,1
4762,800,A,00,00,DATA,00,00,1258,0,0,80,80,00,00,1
4763,800,B,00,00,DATA,00,00,1259,0,0,80,80,00,00,1
4764,800,A,00,00,DATA,00,00,1260,0,0,80,80,00,00,1
4765,800,B,00,00,DATA,00,00,1261,0,0,80,80,00,00,1
4766,800,A,00,00,DATA,00,00,1262,0,0,80,80,00,00,1
4767,800,B,00,00,DATA,00,00,1263,0,0,80,80,00,00,1
4768,800,A,09,09,DATA,09,09,1264,0,0,80,80,00,00,1
4769,800,B,F1,F1,DATA,F1,F1,1265,0,0,80,80,00,00,1
4770,800,A,5D,5D,DATA,5D,5D,1266,0,0,80,80,00,00,1
4771,800,B,F1,F1,DATA,F1,F1,1267,0,0,80,80,00,00,1
4772,800,A,01,01,DATA,01,01,1268,0,0,80,80,00,00,1
4773,800,B,F9,F9,DATA,F9,F9,1269,0,0,80,80,00,00,1
4774,800,A,FF,FF,DATA,FF,FF,1270,0,0,80,80,00,00,1
4775,800,B,FF,FF,DATA,FF,FF,1271,0,0,80,80,00,00,1
4776,800,A,00,00,DATA,00,00,1272,0,0,80,80,00,00,1
4777,800,B,00,00,DATA,00,00,1273,0,0,80,80,00,00,1
4778,800,A,00,00,DATA,00,00,1274,0,0,80,80,00,00,1
4779,800,B,00,00,DATA,00,00,1275,0,0,80,80,00,00,1
4780,800,A,00,00,DATA,00,00,1276,0,0,80,80,00,00,1
4781,800,B,00,00,DATA,00,00,1277,0,0,80,80,00,00,1
4782,800,A,00,00,DATA,00,00,1278,0,0,80,80,00,00,1
4783,800,B,00,00,DATA,00,00,1279,0,0,80,80,00,00,1
4784,800,A,FF,FF,DATA,FF,FF,1280,0,0,80,80,00,00,1
4785,800,B,FF,FF,DATA,FF,FF,1281,0,0,80,80,00,00,1
4786,800,A,81,81,DATA,81,81,1282,0,0,80,80,00,00,1
4787,800,B,FE,FE,DATA,FE,FE,1283,0,0,80,80,00,00,1
4788,800,A,C3,C3,DATA,C3,C3,1284,0,0,80,80,00,00,1
4789,800,B,BC,BC,DATA,BC,BC,1285,0,0,80,80,00,00,1
4790,800,A,82,82,DATA,82,82,1286,0,0,80,80,00,00,1
4791,800,B,FD,FD,DATA,FD,FD,1287,0,0,80,80,00,00,1
4792,800,A,C3,C3,DATA,C3,C3,1288,0,0,80,80,00,00,1
4793,800,B,BC,BC,DATA,BC,BC,1289,0,0,80,80,00,00,1
4794,800,A,86,86,DATA,86,86,1290,0,0,80,80,00,00,1
4795,800,B,FD,FD,DATA,FD,FD,1291,0,0,80,80,00,00,1
4796,800,A,C3,C3,DATA,C3,C3,1292,0,0,80,80,00,00,1
4797,800,B,BC,BC,DATA,BC,BC,1293,0,0,80,80,00,00,1
4798,800,A,A6,A6,DATA,A6,A6,1294,0,0,80,80,00,00,1
4799,800,B,DD,DD,DATA,DD,DD,1295,0,0,80,80,00,00,1
4800,800,A,FF,FF,DATA,FF,FF,1296,0,0,80,80,00,00,1
4801,800,B,FF,FF,DATA,FF,FF,1297,0,0,80,80,00,00,1
4802,800,A,55,55,DATA,55,55,1298,0,0,80,80,00,00,1
4803,800,B,00,00,DATA,00,00,1299,0,0,80,80,00,00,1
4804,800,A,00,00,DATA,00,00,1300,0,0,80,80,00,00,1
4805,800,B,00,00,DATA,00,00,1301,0,0,80,80,00,00,1
4806,800,A,D5,D5,DATA,D5,D5,1302,0,0,80,80,00,00,1
4807,800,B,00,00,DATA,00,00,1303,0,0,80,80,00,00,1
4808,800,A,C3,C3,DATA,C3,C3,1304,0,0,80,80,00,00,1
4809,800,B,00,00,DATA,00,00,1305,0,0,80,80,00,00,1
4810,800,A,97,97,DATA,97,97,1306,0,0,80,80,00,00,1
4811,800,B,40,40,DATA,40,40,1307,0,0,80,80,00,00,1
4812,800,A,C3,C3,DATA,C3,C3,1308,0,0,80,80,00,00,1
4813,800,B,00,00,DATA,00,00,1309,0,0,80,80,00,00,1
4814,800,A,D5,D5,DATA,D5,D5,1310,0,0,80,80,00,00,1
4815,800,B,00,00,DATA,00,00,1311,0,0,80,80,00,00,1
4816,800,A,FF,FF,DATA,FF,FF,1312,0,0,80,80,00,00,1
4817,800,B,FF,FF,DATA,FF,FF,1313,0,0,80,80,00,00,1
4818,800,A,55,55,DATA,55,55,1314,0,0,80,80,00,00,1
4819,800,B,00,00,DATA,00,00,1315,0,0,80,80,00,00,1
4820,800,A,00,00,DATA,00,00,1316,0,0,80,80,00,00,1
4821,800,B,00,00,DATA,00,00,1317,0,0,80,80,00,00,1
4822,800,A,D5,D5,DATA,D5,D5,1318,0,0,80,80,00,00,1
4823,800,B,00,00,DATA,00,00,1319,0,0,80,80,00,00,1
4824,800,A,C0,C0,DATA,C0,C0,1320,0,0,80,80,00,00,1
4825,800,B,00,00,DATA,00,00,1321,0,0,80,80,00,00,1
4826,800,A,D5,D5,DATA,D5,D5,1322,0,0,80,80,00,00,1
4827,800,B,00,00,DATA,00,00,1323,0,0,80,80,00,00,1
4828,800,A,80,80,DATA,80,80,1324,0,0,80,80,00,00,1
4829,800,B,00,00,DATA,00,00,1325,0,0,80,80,00,00,1
4830,800,A,F5,F5,DATA,F5,F5,1326,0,0,80,80,00,00,1
4831,800,B,00,00,DATA,00,00,1327,0,0,80,80,00,00,1
4832,800,A,FF,FF,DATA,FF,FF,1328,0,0,80,80,00,00,1
4833,800,B,FF,FF,DATA,FF,FF,1329,0,0,80,80,00,00,1
4834,800,A,07,07,DATA,07,07,1330,0,0,80,80,00,00,1
4835,800,B,7F,7F,DATA,7F,7F,1331,0,0,80,80,00,00,1
4836,800,A,63,63,DATA,63,63,1332,0,0,80,80,00,00,1
4837,800,B,1F,1F,DATA,1F,1F,1333,0,0,80,80,00,00,1
4838,800,A,67,67,DATA,67,67,1334,0,0,80,80,00,00,1
4839,800,B,1F,1F,DATA,1F,1F,1335,0,0,80,80,00,00,1
4840,800,A,11,11,DATA,11,11,1336,0,0,80,80,00,00,1
4841,800,B,0F,0F,DATA,0F,0F,1337,0,0,80,80,00,00,1
4842,800,A,57,57,DATA,57,57,1338,0,0,80,80,00,00,1
4843,800,B,0F,0F,DATA,0F,0F,1339,0,0,80,80,00,00,1
4844,800,A,09,09,DATA,09,09,1340,0,0,80,80,00,00,1
4845,800,B,07,07,DATA,07,07,1341,0,0,80,80,00,00,1
4846,800,A,59,59,DATA,59,59,1342,0,0,80,80,00,00,1
4847,800,B,07,07,DATA,07,07,1343,0,0,80,80,00,00,1
4848,800,A,A1,A1,DATA,A1,A1,1344,0,0,80,80,00,00,1
4849,800,B,DE,DE,DATA,DE,DE,1345,0,0,80,80,00,00,1
4850,800,A,84,84,DATA,84,84,1346,0,0,80,80,00,00,1
4851,800,B,FF,FF,DATA,FF,FF,1347,0,0,80,80,00,00,1
4852,800,A,81,81,DATA,81,81,1348,0,0,80,80,00,00,1
4853,800,B,FE,FE,DATA,FE,FE,1349,0,0,80,80,00,00,1
4854,800,A,97,97,DATA,97,97,1350,0,0,80,80,00,00,1
4855,800,B,FC,FC,DATA,FC,FC,1351,0,0,80,80,00,00,1
4856,800,A,82,82,DATA,82,82,1352,0,0,80,80,00,00,1
4857,800,B,FC,FC,DATA,FC,FC,1353,0,0,80,80,00,00,1
4858,800,A,D7,D7,DATA,D7,D7,1354,0,0,80,80,00,00,1
4859,800,B,FC,FC,DATA,FC,FC,1355,0,0,80,80,00,00,1
4860,800,A,83,83,DATA,83,83,1356,0,0,80,80,00,00,1
4861,800,B,FC,FC,DATA,FC,FC,1357,0,0,80,80,00,00,1
4862,800,A,D7,D7,DATA,D7,D7,1358,0,0,80,80,00,00,1
4863,800,B,FC,FC,DATA,FC,FC,1359,0,0,80,80,00,00,1
4864,800,A,C1,C1,DATA,C1,C1,1360,0,0,80,80,00,00,1
4865,800,B,00,00,DATA,00,00,1361,0,0,80,80,00,00,1
4866,800,A,D5,D5,DATA,D5,D5,1362,0,0,80,80,00,00,1
4867,800,B,00,00,DATA,00,00,1363,0,0,80,80,00,00,1
4868,800,A,80,80,DATA,80,80,1364,0,0,80,80,00,00,1
4869,800,B,00,00,DATA,00,00,1365,0,0,80,80,00,00,1
4870,800,A,55,55,DATA,55,55,1366,0,0,80,80,00,00,1
4871,800,B,00,00,DATA,00,00,1367,0,0,80,80,00,00,1
4872,800,A,00,00,DATA,00,00,1368,0,0,80,80,00,00,1
4873,800,B,00,00,DATA,00,00,1369,0,0,80,80,00,00,1
4874,800,A,F5,F5,DATA,F5,F5,1370,0,0,80,80,00,00,1
4875,800,B,00,00,DATA,00,00,1371,0,0,80,80,00,00,1
4876,800,A,E0,E0,DATA,E0,E0,1372,0,0,80,80,00,00,1
4877,800,B,00,00,DATA,00,00,1373,0,0,80,80,00,00,1
4878,800,A,B5,B5,DATA,B5,B5,1374,0,0,80,80,00,00,1
4879,800,B,40,40,DATA,40,40,1375,0,0,80,80,00,00,1
4880,800,A,E0,E0,DATA,E0,E0,1376,0,0,80,80,00,00,1
4881,800,B,00,00,DATA,00,00,1377,0,0,80,80,00,00,1
4882,800,A,40,40,DATA,40,40,1378,0,0,80,80,00,00,1
4883,800,B,00,00,DATA,00,00,1379,0,0,80,80,00,00,1
4884,800,A,00,00,DATA,00,00,1380,0,0,80,80,00,00,1
4885,800,B,00,00,DATA,00,00,1381,0,0,80,80,00,00,1
4886,800,A,00,00,DATA,00,00,1382,0,0,80,80,00,00,1
4887,800,B,00,00,DATA,00,00,1383,0,0,80,80,00,00,1
4888,800,A,00,00,DATA,00,00,1384,0,0,80,80,00,00,1
4889,800,B,00,00,DATA,00,00,1385,0,0,80,80,00,00,1
4890,800,A,51,51,DATA,51,51,1386,0,0,80,80,00,00,1
4891,800,B,00,00,DATA,00,00,1387,0,0,80,80,00,00,1
4892,800,A,00,00,DATA,00,00,1388,0,0,80,80,00,00,1
4893,800,B,00,00,DATA,00,00,1389,0,0,80,80,00,00,1
4894,800,A,75,75,DATA,75,75,1390,0,0,80,80,00,00,1
4895,800,B,00,00,DATA,00,00,1391,0,0,80,80,00,00,1
4896,800,A,0F,0F,DATA,0F,0F,1392,0,0,80,80,00,00,1
4897,800,B,01,01,DATA,01,01,1393,0,0,80,80,00,00,1
4898,800,A,53,53,DATA,53,53,1394,0,0,80,80,00,00,1
4899,800,B,05,05,DATA,05,05,1395,0,0,80,80,00,00,1
4900,800,A,0F,0F,DATA,0F,0F,1396,0,0,80,80,00,00,1
4901,800,B,01,01,DATA,01,01,1397,0,0,80,80,00,00,1
4902,800,A,5F,5F,DATA,5F,5F,1398,0,0,80,80,00,00,1
4903,800,B,01,01,DATA,01,01,1399,0,0,80,80,00,00,1
4904,800,A,0F,0F,DATA,0F,0F,1400,0,0,80,80,00,00,1
4905,800,B,01,01,DATA,01,01,1401,0,0,80,80,00,00,1
4906,800,A,5D,5D,DATA,5D,5D,1402,0,0,80,80,00,00,1
4907,800,B,01,01,DATA,01,01,1403,0,0,80,80,00,00,1
4908,800,A,0D,0D,DATA,0D,0D,1404,0,0,80,80,00,00,1
4909,800,B,01,01,DATA,01,01,1405,0,0,80,80,00,00,1
4910,800,A,55,55,DATA,55,55,1406,0,0,80,80,00,00,1
4911,800,B,01,01,DATA,01,01,1407,0,0,80,80,00,00,1
4912,800,A,A1,A1,DATA,A1,A1,1408,0,0,80,80,00,00,1
4913,800,B,FE,FE,DATA,FE,FE,1409,0,0,80,80,00,00,1
4914,800,A,F4,F4,DATA,F4,F4,1410,0,0,80,80,00,00,1
4915,800,B,FF,FF,DATA,FF,FF,1411,0,0,80,80,00,00,1
4916,800,A,F8,F8,DATA,F8,F8,1412,0,0,80,80,00,00,1
4917,800,B,FF,FF,DATA,FF,FF,1413,0,0,80,80,00,00,1
4918,800,A,FD,FD,DATA,FD,FD,1414,0,0,80,80,00,00,1
4919,800,B,FF,FF,DATA,FF,FF,1415,0,0,80,80,00,00,1
4920,800,A,F8,F8,DATA,F8,F8,1416,0,0,80,80,00,00,1
4921,800,B,FF,FF,DATA,FF,FF,1417,0,0,80,80,00,00,1
4922,800,A,FD,FD,DATA,FD,FD,1418,0,0,80,80,00,00,1
4923,800,B,FF,FF,DATA,FF,FF,1419,0,0,80,80,00,00,1
4924,800,A,EC,EC,DATA,EC,EC,1420,0,0,80,80,00,00,1
4925,800,B,FF,FF,DATA,FF,FF,1421,0,0,80,80,00,00,1
4926,800,A,DF,DF,DATA,DF,DF,1422,0,0,80,80,00,00,1
4927,800,B,FF,FF,DATA,FF,FF,1423,0,0,80,80,00,00,1
4928,800,A,E0,E0,DATA,E0,E0,1424,0,0,80,80,00,00,1
4929,800,B,00,00,DATA,00,00,1425,0,0,80,80,00,00,1
4930,800,A,BD,BD,DATA,BD,BD,1426,0,0,80,80,00,00,1
4931,800,B,40,40,DATA,40,40,1427,0,0,80,80,00,00,1
4932,800,A,E0,E0,DATA,E0,E0,1428,0,0,80,80,00,00,1
4933,800,B,00,00,DATA,00,00,1429,0,0,80,80,00,00,1
4934,800,A,B7,B7,DATA,B7,B7,1430,0,0,80,80,00,00,1
4935,800,B,40,40,DATA,40,40,1431,0,0,80,80,00,00,1
4936,800,A,7C,7C,DATA,7C,7C,1432,0,0,80,80,00,00,1
4937,800,B,80,80,DATA,80,80,1433,0,0,80,80,00,00,1
4938,800,A,35,35,DATA,35,35,1434,0,0,80,80,00,00,1
4939,800,B,C0,C0,DATA,C0,C0,1435,0,0,80,80,00,00,1
4940,800,A,38,38,DATA,38,38,1436,0,0,80,80,00,00,1
4941,800,B,C0,C0,DATA,C0,C0,1437,0,0,80,80,00,00,1
4942,800,A,5D,5D,DATA,5D,5D,1438,0,0,80,80,00,00,1
4943,800,B,E0,E0,DATA,E0,E0,1439,0,0,80,80,00,00,1
4944,800,A,30,30,DATA,30,30,1440,0,0,80,80,00,00,1
4945,800,B,00,00,DATA,00,00,1441,0,0,80,80,00,00,1
4946,800,A,F5,F5,DATA,F5,F5,1442,0,0,80,80,00,00,1
4947,800,B,00,00,DATA,00,00,1443,0,0,80,80,00,00,1
4948,800,A,70,70,DATA,70,70,1444,0,0,80,80,00,00,1
4949,800,B,00,00,DATA,00,00,1445,0,0,80,80,00,00,1
4950,800,A,55,55,DATA,55,55,1446,0,0,80,80,00,00,1
4951,800,B,00,00,DATA,00,00,1447,0,0,80,80,00,00,1
4952,800,A,00,00,DATA,00,00,1448,0,0,80,80,00,00,1
4953,800,B,00,00,DATA,00,00,1449,0,0,80,80,00,00,1
4954,800,A,55,55,DATA,55,55,1450,0,0,80,80,00,00,1
4955,800,B,00,00,DATA,00,00,1451,0,0,80,80,00,00,1
4956,800,A,01,01,DATA,01,01,1452,0,0,80,80,00,00,1
4957,800,B,00,00,DATA,00,00,1453,0,0,80,80,00,00,1
4958,800,A,55,55,DATA,55,55,1454,0,0,80,80,00,00,1
4959,800,B,00,00,DATA,00,00,1455,0,0,80,80,00,00,1
4960,800,A,1D,1D,DATA,1D,1D,1456,0,0,80,80,00,00,1
4961,800,B,03,03,DATA,03,03,1457,0,0,80,80,00,00,1
4962,800,A,59,59,DATA,59,59,1458,0,0,80,80,00,00,1
4963,800,B,07,07,DATA,07,07,1459,0,0,80,80,00,00,1
4964,800,A,1D,1D,DATA,1D,1D,1460,0,0,80,80,00,00,1
4965,800,B,03,03,DATA,03,03,1461,0,0,80,80,00,00,1
4966,800,A,7D,7D,DATA,7D,7D,1462,0,0,80,80,00,00,1
4967,800,B,03,03,DATA,03,03,1463,0,0,80,80,00,00,1
4968,800,A,7D,7D,DATA,7D,7D,1464,0,0,80,80,00,00,1
4969,800,B,03,03,DATA,03,03,1465,0,0,80,80,00,00,1
4970,800,A,75,75,DATA,75,75,1466,0,0,80,80,00,00,1
4971,800,B,03,03,DATA,03,03,1467,0,0,80,80,00,00,1
4972,800,A,F5,F5,DATA,F5,F5,1468,0,0,80,80,00,00,1
4973,800,B,03,03,DATA,03,03,1469,0,0,80,80,00,00,1
4974,800,A,F5,F5,DATA,F5,F5,1470,0,0,80,80,00,00,1
4975,800,B,03,03,DATA,03,03,1471,0,0,80,80,00,00,1
4976,800,A,A0,A0,DATA,A0,A0,1472,0,0,80,80,00,00,1
4977,800,B,FF,FF,DATA,FF,FF,1473,0,0,80,80,00,00,1
4978,800,A,D5,D5,DATA,D5,D5,1474,0,0,80,80,00,00,1
4979,800,B,FF,FF,DATA,FF,FF,1475,0,0,80,80,00,00,1
4980,800,A,A0,A0,DATA,A0,A0,1476,0,0,80,80,00,00,1
4981,800,B,FF,FF,DATA,FF,FF,1477,0,0,80,80,00,00,1
4982,800,A,FF,FF,DATA,FF,FF,1478,0,0,80,80,00,00,1
4983,800,B,FF,FF,DATA,FF,FF,1479,0,0,80,80,00,00,1
4984,800,A,00,00,DATA,00,00,1480,0,0,80,80,00,00,1
4985,800,B,00,00,DATA,00,00,1481,0,0,80,80,00,00,1
4986,800,A,00,00,DATA,00,00,1482,0,0,80,80,00,00,1
4987,800,B,00,00,DATA,00,00,1483,0,0,80,80,00,00,1
4988,800,A,00,00,DATA,00,00,1484,0,0,80,80,00,00,1
4989,800,B,00,00,DATA,00,00,1485,0,0,80,80,00,00,1
4990,800,A,00,00,DATA,00,00,1486,0,0,80,80,00,00,1
4991,800,B,00,00,DATA,00,00,1487,0,0,80,80,00,00,1
4992,800,A,10,10,DATA,10,10,1488,0,0,80,80,00,00,1
4993,800,B,E0,E0,DATA,E0,E0,1489,0,0,80,80,00,00,1
4994,800,A,7D,7D,DATA,7D,7D,1490,0,0,80,80,00,00,1
4995,800,B,C0,C0,DATA,C0,C0,1491,0,0,80,80,00,00,1
4996,800,A,38,38,DATA,38,38,1492,0,0,80,80,00,00,1
4997,800,B,C0,C0,DATA,C0,C0,1493,0,0,80,80,00,00,1
4998,800,A,FF,FF,DATA,FF,FF,1494,0,0,80,80,00,00,1
4999,800,B,FF,FF,DATA,FF,FF,1495,0,0,80,80,00,00,1
5000,800,A,00,00,DATA,00,00,1496,0,0,80,80,00,00,1
5001,800,B,00,00,DATA,00,00,1497,0,0,80,80,00,00,1
5002,800,A,00,00,DATA,00,00,1498,0,0,80,80,00,00,1
5003,800,B,00,00,DATA,00,00,1499,0,0,80,80,00,00,1
5004,800,A,00,00,DATA,00,00,1500,0,0,80,80,00,00,1
5005,800,B,00,00,DATA,00,00,1501,0,0,80,80,00,00,1
5006,800,A,00,00,DATA,00,00,1502,0,0,80,80,00,00,1
5007,800,B,00,00,DATA,00,00,1503,0,0,80,80,00,00,1
5008,800,A,01,01,DATA,01,01,1504,0,0,80,80,00,00,1
5009,800,B,00,00,DATA,00,00,1505,0,0,80,80,00,00,1
5010,800,A,55,55,DATA,55,55,1506,0,0,80,80,00,00,1
5011,800,B,00,00,DATA,00,00,1507,0,0,80,80,00,00,1
5012,800,A,17,17,DATA,17,17,1508,0,0,80,80,00,00,1
5013,800,B,00,00,DATA,00,00,1509,0,0,80,80,00,00,1
5014,800,A,FF,FF,DATA,FF,FF,1510,0,0,80,80,00,00,1
5015,800,B,FF,FF,DATA,FF,FF,1511,0,0,80,80,00,00,1
5016,800,A,00,00,DATA,00,00,1512,0,0,80,80,00,00,1
5017,800,B,00,00,DATA,00,00,1513,0,0,80,80,00,00,1
5018,800,A,00,00,DATA,00,00,1514,0,0,80,80,00,00,1
5019,800,B,00,00,DATA,00,00,1515,0,0,80,80,00,00,1
5020,800,A,00,00,DATA,00,00,1516,0,0,80,80,00,00,1
5021,800,B,00,00,DATA,00,00,1517,0,0,80,80,00,00,1
5022,800,A,00,00,DATA,00,00,1518,0,0,80,80,00,00,1
5023,800,B,00,00,DATA,00,00,1519,0,0,80,80,00,00,1
5024,800,A,C5,C5,DATA,C5,C5,1520,0,0,80,80,00,00,1
5025,800,B,03,03,DATA,03,03,1521,0,0,80,80,00,00,1
5026,800,A,D1,D1,DATA,D1,D1,1522,0,0,80,80,00,00,1
5027,800,B,07,07,DATA,07,07,1523,0,0,80,80,00,00,1
5028,800,A,0D,0D,DATA,0D,0D,1524,0,0,80,80,00,00,1
5029,800,B,03,03,DATA,03,03,1525,0,0,80,80,00,00,1
5030,800,A,FF,FF,DATA,FF,FF,1526,0,0,80,80,00,00,1
5031,800,B,FF,FF,DATA,FF,FF,1527,0,0,80,80,00,00,1
5032,800,A,00,00,DATA,00,00,1528,0,0,80,80,00,00,1
5033,800,B,00,00,DATA,00,00,1529,0,0,80,80,00,00,1
5034,800,A,00,00,DATA,00,00,1530,0,0,80,80,00,00,1
5035,800,B,00,00,DATA,00,00,1531,0,0,80,80,00,00,1
5036,800,A,00,00,DATA,00,00,1532,0,0,80,80,00,00,1
5037,800,B,00,00,DATA,00,00,1533,0,0,80,80,00,00,1
5038,800,A,00,00,DATA,00,00,1534,0,0,80,80,00,00,1
5039,800,B,00,00,DATA,00,00,1535,0,0,80,80,00,00,1
5040,800,A,FF,FF,DATA,FF,FF,1536,0,0,80,80,00,00,1
5041,800,B,FF,FF,DATA,FF,FF,1537,0,0,80,80,00,00,1
5042,800,A,BF,BF,DATA,BF,BF,1538,0,0,80,80,00,00,1
5043,800,B,C0,C0,DATA,C0,C0,1539,0,0,80,80,00,00,1
5044,800,A,FF,FF,DATA,FF,FF,1540,0,0,80,80,00,00,1
5045,800,B,80,80,DATA,80,80,1541,0,0,80,80,00,00,1
5046,800,A,BE,BE,DATA,BE,BE,1542,0,0,80,80,00,00,1
5047,800,B,C1,C1,DATA,C1,C1,1543,0,0,80,80,00,00,1
5048,800,A,FD,FD,DATA,FD,FD,1544,0,0,80,80,00,00,1
5049,800,B,82,82,DATA,82,82,1545,0,0,80,80,00,00,1
5050,800,A,BE,BE,DATA,BE,BE,1546,0,0,80,80,00,00,1
5051,800,B,C1,C1,DATA,C1,C1,1547,0,0,80,80,00,00,1
5052,800,A,FF,FF,DATA,FF,FF,1548,0,0,80,80,00,00,1
5053,800,B,80,80,DATA,80,80,1549,0,0,80,80,00,00,1
5054,800,A,B3,B3,DATA,B3,B3,1550,0,0,80,80,00,00,1
5055,800,B,CC,CC,DATA,CC,CC,1551,0,0,80,80,00,00,1
5056,800,A,FF,FF,DATA,FF,FF,1552,0,0,80,80,00,00,1
5057,800,B,FF,FF,DATA,FF,FF,1553,0,0,80,80,00,00,1
5058,800,A,55,55,DATA,55,55,1554,0,0,80,80,00,00,1
5059,800,B,FF,FF,DATA,FF,FF,1555,0,0,80,80,00,00,1
5060,800,A,00,00,DATA,00,00,1556,0,0,80,80,00,00,1
5061,800,B,FF,FF,DATA,FF,FF,1557,0,0,80,80,00,00,1
5062,800,A,C0,C0,DATA,C0,C0,1558,0,0,80,80,00,00,1
5063,800,B,3F,3F,DATA,3F,3F,1559,0,0,80,80,00,00,1
5064,800,A,8F,8F,DATA,8F,8F,1560,0,0,80,80,00,00,1
5065,800,B,70,70,DATA,70,70,1561,0,0,80,80,00,00,1
5066,800,A,8F,8F,DATA,8F,8F,1562,0,0,80,80,00,00,1
5067,800,B,70,70,DATA,70,70,1563,0,0,80,80,00,00,1
5068,800,A,BE,BE,DATA,BE,BE,1564,0,0,80,80,00,00,1
5069,800,B,40,40,DATA,40,40,1565,0,0,80,80,00,00,1
5070,800,A,2D,2D,DATA,2D,2D,1566,0,0,80,80,00,00,1
5071,800,B,D0,D0,DATA,D0,D0,1567,0,0,80,80,00,00,1
5072,800,A,FF,FF,DATA,FF,FF,1568,0,0,80,80,00,00,1
5073,800,B,FF,FF,DATA,FF,FF,1569,0,0,80,80,00,00,1
5074,800,A,00,00,DATA,00,00,1570,0,0,80,80,00,00,1
5075,800,B,FF,FF,DATA,FF,FF,1571,0,0,80,80,00,00,1
5076,800,A,0E,0E,DATA,0E,0E,1572,0,0,80,80,00,00,1
5077,800,B,F1,F1,DATA,F1,F1,1573,0,0,80,80,00,00,1
5078,800,A,BD,BD,DATA,BD,BD,1574,0,0,80,80,00,00,1
5079,800,B,40,40,DATA,40,40,1575,0,0,80,80,00,00,1
5080,800,A,E0,E0,DATA,E0,E0,1576,0,0,80,80,00,00,1
5081,800,B,00,00,DATA,00,00,1577,0,0,80,80,00,00,1
5082,800,A,40,40,DATA,40,40,1578,0,0,80,80,00,00,1
5083,800,B,00,00,DATA,00,00,1579,0,0,80,80,00,00,1
5084,800,A,60,60,DATA,60,60,1580,0,0,80,80,00,00,1
5085,800,B,00,00,DATA,00,00,1581,0,0,80,80,00,00,1
5086,800,A,70,70,DATA,70,70,1582,0,0,80,80,00,00,1
5087,800,B,00,00,DATA,00,00,1583,0,0,80,80,00,00,1
5088,800,A,FF,FF,DATA,FF,FF,1584,0,0,80,80,00,00,1
5089,800,B,FF,FF,DATA,FF,FF,1585,0,0,80,80,00,00,1
5090,800,A,4F,4F,DATA,4F,4F,1586,0,0,80,80,00,00,1
5091,800,B,F1,F1,DATA,F1,F1,1587,0,0,80,80,00,00,1
5092,800,A,05,05,DATA,05,05,1588,0,0,80,80,00,00,1
5093,800,B,F9,F9,DATA,F9,F9,1589,0,0,80,80,00,00,1
5094,800,A,01,01,DATA,01,01,1590,0,0,80,80,00,00,1
5095,800,B,7D,7D,DATA,7D,7D,1591,0,0,80,80,00,00,1
5096,800,A,23,23,DATA,23,23,1592,0,0,80,80,00,00,1
5097,800,B,1D,1D,DATA,1D,1D,1593,0,0,80,80,00,00,1
5098,800,A,5B,5B,DATA,5B,5B,1594,0,0,80,80,00,00,1
5099,800,B,05,05,DATA,05,05,1595,0,0,80,80,00,00,1
5100,800,A,0F,0F,DATA,0F,0F,1596,0,0,80,80,00,00,1
5101,800,B,11,11,DATA,11,11,1597,0,0,80,80,00,00,1
5102,800,A,0D,0D,DATA,0D,0D,1598,0,0,80,80,00,00,1
5103,800,B,11,11,DATA,11,11,1599,0,0,80,80,00,00,1
5104,800,A,EF,EF,DATA,EF,EF,1600,0,0,80,80,00,00,1
5105,800,B,90,90,DATA,90,90,1601,0,0,80,80,00,00,1
5106,800,A,AA,AA,DATA,AA,AA,1602,0,0,80,80,00,00,1
5107,800,B,D5,D5,DATA,D5,D5,1603,0,0,80,80,00,00,1
5108,800,A,E6,E6,DATA,E6,E6,1604,0,0,80,80,00,00,1
5109,800,B,99,99,DATA,99,99,1605,0,0,80,80,00,00,1
5110,800,A,8A,8A,DATA,8A,8A,1606,0,0,80,80,00,00,1
5111,800,B,F5,F5,DATA,F5,F5,1607,0,0,80,80,00,00,1
5112,800,A,CF,CF,DATA,CF,CF,1608,0,0,80,80,00,00,1
5113,800,B,B0,B0,DATA,B0,B0,1609,0,0,80,80,00,00,1
5114,800,A,8D,8D,DATA,8D,8D,1610,0,0,80,80,00,00,1
5115,800,B,F0,F0,DATA,F0,F0,1611,0,0,80,80,00,00,1
5116,800,A,D9,D9,DATA,D9,D9,1612,0,0,80,80,00,00,1
5117,800,B,A0,A0,DATA,A0,A0,1613,0,0,80,80,00,00,1
5118,800,A,FF,FF,DATA,FF,FF,1614,0,0,80,80,00,00,1
5119,800,B,80,80,DATA,80,80,1615,0,0,80,80,00,00,1
5120,800,A,3C,3C,DATA,3C,3C,1616,0,0,80,80,00,00,1
5121,800,B,C0,C0,DATA,C0,C0,1617,0,0,80,80,00,00,1
5122,800,A,3D,3D,DATA,3D,3D,1618,0,0,80,80,00,00,1
5123,800,B,C0,C0,DATA,C0,C0,1619,0,0,80,80,00,00,1
5124,800,A,7C,7C,DATA,7C,7C,1620,0,0,80,80,00,00,1
5125,800,B,80,80,DATA,80,80,1621,0,0,80,80,00,00,1
5126,800,A,2F,2F,DATA,2F,2F,1622,0,0,80,80,00,00,1
5127,800,B,D0,D0,DATA,D0,D0,1623,0,0,80,80,00,00,1
5128,800,A,7F,7F,DATA,7F,7F,1624,0,0,80,80,00,00,1
5129,800,B,80,80,DATA,80,80,1625,0,0,80,80,00,00,1
5130,800,A,2B,2B,DATA,2B,2B,1626,0,0,80,80,00,00,1
5131,800,B,D4,D4,DATA,D4,D4,1627,0,0,80,80,00,00,1
5132,800,A,C1,C1,DATA,C1,C1,1628,0,0,80,80,00,00,1
5133,800,B,3E,3E,DATA,3E,3E,1629,0,0,80,80,00,00,1
5134,800,A,91,91,DATA,91,91,1630,0,0,80,80,00,00,1
5135,800,B,7E,7E,DATA,7E,7E,1631,0,0,80,80,00,00,1
5136,800,A,00,00,DATA,00,00,1632,0,0,80,80,00,00,1
5137,800,B,00,00,DATA,00,00,1633,0,0,80,80,00,00,1
5138,800,A,54,54,DATA,54,54,1634,0,0,80,80,00,00,1
5139,800,B,00,00,DATA,00,00,1635,0,0,80,80,00,00,1
5140,800,A,00,00,DATA,00,00,1636,0,0,80,80,00,00,1
5141,800,B,00,00,DATA,00,00,1637,0,0,80,80,00,00,1
5142,800,A,55,55,DATA,55,55,1638,0,0,80,80,00,00,1
5143,800,B,00,00,DATA,00,00,1639,0,0,80,80,00,00,1
5144,800,A,18,18,DATA,18,18,1640,0,0,80,80,00,00,1
5145,800,B,00,00,DATA,00,00,1641,0,0,80,80,00,00,1
5146,800,A,FF,FF,DATA,FF,FF,1642,0,0,80,80,00,00,1
5147,800,B,00,00,DATA,00,00,1643,0,0,80,80,00,00,1
5148,800,A,FF,FF,DATA,FF,FF,1644,0,0,80,80,00,00,1
5149,800,B,00,00,DATA,00,00,1645,0,0,80,80,00,00,1
5150,800,A,6B,6B,DATA,6B,6B,1646,0,0,80,80,00,00,1
5151,800,B,14,14,DATA,14,14,1647,0,0,80,80,00,00,1
5152,800,A,1D,1D,DATA,1D,1D,1648,0,0,80,80,00,00,1
5153,800,B,01,01,DATA,01,01,1649,0,0,80,80,00,00,1
5154,800,A,75,75,DATA,75,75,1650,0,0,80,80,00,00,1
5155,800,B,01,01,DATA,01,01,1651,0,0,80,80,00,00,1
5156,800,A,3F,3F,DATA,3F,3F,1652,0,0,80,80,00,00,1
5157,800,B,01,01,DATA,01,01,1653,0,0,80,80,00,00,1
5158,800,A,6B,6B,DATA,6B,6B,1654,0,0,80,80,00,00,1
5159,800,B,15,15,DATA,15,15,1655,0,0,80,80,00,00,1
5160,800,A,2D,2D,DATA,2D,2D,1656,0,0,80,80,00,00,1
5161,800,B,13,13,DATA,13,13,1657,0,0,80,80,00,00,1
5162,800,A,69,69,DATA,69,69,1658,0,0,80,80,00,00,1
5163,800,B,17,17,DATA,17,17,1659,0,0,80,80,00,00,1
5164,800,A,AF,AF,DATA,AF,AF,1660,0,0,80,80,00,00,1
5165,800,B,11,11,DATA,11,11,1661,0,0,80,80,00,00,1
5166,800,A,EB,EB,DATA,EB,EB,1662,0,0,80,80,00,00,1
5167,800,B,15,15,DATA,15,15,1663,0,0,80,80,00,00,1
5168,800,A,C1,C1,DATA,C1,C1,1664,0,0,80,80,00,00,1
5169,800,B,80,80,DATA,80,80,1665,0,0,80,80,00,00,1
5170,800,A,D6,D6,DATA,D6,D6,1666,0,0,80,80,00,00,1
5171,800,B,81,81,DATA,81,81,1667,0,0,80,80,00,00,1
5172,800,A,87,87,DATA,87,87,1668,0,0,80,80,00,00,1
5173,800,B,80,80,DATA,80,80,1669,0,0,80,80,00,00,1
5174,800,A,D7,D7,DATA,D7,D7,1670,0,0,80,80,00,00,1
5175,800,B,80,80,DATA,80,80,1671,0,0,80,80,00,00,1
5176,800,A,87,87,DATA,87,87,1672,0,0,80,80,00,00,1
5177,800,B,80,80,DATA,80,80,1673,0,0,80,80,00,00,1
5178,800,A,FC,FC,DATA,FC,FC,1674,0,0,80,80,00,00,1
5179,800,B,83,83,DATA,83,83,1675,0,0,80,80,00,00,1
5180,800,A,BD,BD,DATA,BD,BD,1676,0,0,80,80,00,00,1
5181,800,B,82,82,DATA,82,82,1677,0,0,80,80,00,00,1
5182,800,A,FA,FA,DATA,FA,FA,1678,0,0,80,80,00,00,1
5183,800,B,85,85,DATA,85,85,1679,0,0,80,80,00,00,1
5184,800,A,EE,EE,DATA,EE,EE,1680,0,0,80,80,00,00,1
5185,800,B,10,10,DATA,10,10,1681,0,0,80,80,00,00,1
5186,800,A,7E,7E,DATA,7E,7E,1682,0,0,80,80,00,00,1
5187,800,B,00,00,DATA,00,00,1683,0,0,80,80,00,00,1
5188,800,A,0C,0C,DATA,0C,0C,1684,0,0,80,80,00,00,1
5189,800,B,00,00,DATA,00,00,1685,0,0,80,80,00,00,1
5190,800,A,54,54,DATA,54,54,1686,0,0,80,80,00,00,1
5191,800,B,00,00,DATA,00,00,1687,0,0,80,80,00,00,1
5192,800,A,08,08,DATA,08,08,1688,0,0,80,80,00,00,1
5193,800,B,00,00,DATA,00,00,1689,0,0,80,80,00,00,1
5194,800,A,AC,AC,DATA,AC,AC,1690,0,0,80,80,00,00,1
5195,800,B,50,50,DATA,50,50,1691,0,0,80,80,00,00,1
5196,800,A,FF,FF,DATA,FF,FF,1692,0,0,80,80,00,00,1
5197,800,B,00,00,DATA,00,00,1693,0,0,80,80,00,00,1
5198,800,A,AA,AA,DATA,AA,AA,1694,0,0,80,80,00,00,1
5199,800,B,55,55,DATA,55,55,1695,0,0,80,80,00,00,1
5200,800,A,7F,7F,DATA,7F,7F,1696,0,0,80,80,00,00,1
5201,800,B,00,00,DATA,00,00,1697,0,0,80,80,00,00,1
5202,800,A,7C,7C,DATA,7C,7C,1698,0,0,80,80,00,00,1
5203,800,B,07,07,DATA,07,07,1699,0,0,80,80,00,00,1
5204,800,A,1F,1F,DATA,1F,1F,1700,0,0,80,80,00,00,1
5205,800,B,00,00,DATA,00,00,1701,0,0,80,80,00,00,1
5206,800,A,57,57,DATA,57,57,1702,0,0,80,80,00,00,1
5207,800,B,00,00,DATA,00,00,1703,0,0,80,80,00,00,1
5208,800,A,00,00,DATA,00,00,1704,0,0,80,80,00,00,1
5209,800,B,00,00,DATA,00,00,1705,0,0,80,80,00,00,1
5210,800,A,51,51,DATA,51,51,1706,0,0,80,80,00,00,1
5211,800,B,00,00,DATA,00,00,1707,0,0,80,80,00,00,1
5212,800,A,00,00,DATA,00,00,1708,0,0,80,80,00,00,1
5213,800,B,00,00,DATA,00,00,1709,0,0,80,80,00,00,1
5214,800,A,D5,D5,DATA,D5,D5,1710,0,0,80,80,00,00,1
5215,800,B,00,00,DATA,00,00,1711,0,0,80,80,00,00,1
5216,800,A,EF,EF,DATA,EF,EF,1712,0,0,80,80,00,00,1
5217,800,B,11,11,DATA,11,11,1713,0,0,80,80,00,00,1
5218,800,A,EB,EB,DATA,EB,EB,1714,0,0,80,80,00,00,1
5219,800,B,15,15,DATA,15,15,1715,0,0,80,80,00,00,1
5220,800,A,F7,F7,DATA,F7,F7,1716,0,0,80,80,00,00,1
5221,800,B,09,09,DATA,09,09,1717,0,0,80,80,00,00,1
5222,800,A,63,63,DATA,63,63,1718,0,0,80,80,00,00,1
5223,800,B,1D,1D,DATA,1D,1D,1719,0,0,80,80,00,00,1
5224,800,A,27,27,DATA,27,27,1720,0,0,80,80,00,00,1
5225,800,B,19,19,DATA,19,19,1721,0,0,80,80,00,00,1
5226,800,A,45,45,DATA,45,45,1722,0,0,80,80,00,00,1
5227,800,B,3F,3F,DATA,3F,3F,1723,0,0,80,80,00,00,1
5228,800,A,41,41,DATA,41,41,1724,0,0,80,80,00,00,1
5229,800,B,3F,3F,DATA,3F,3F,1725,0,0,80,80,00,00,1
5230,800,A,85,85,DATA,85,85,1726,0,0,80,80,00,00,1
5231,800,B,7F,7F,DATA,7F,7F,1727,0,0,80,80,00,00,1
5232,800,A,FF,FF,DATA,FF,FF,1728,0,0,80,80,00,00,1
5233,800,B,80,80,DATA,80,80,1729,0,0,80,80,00,00,1
5234,800,A,F8,F8,DATA,F8,F8,1730,0,0,80,80,00,00,1
5235,800,B,87,87,DATA,87,87,1731,0,0,80,80,00,00,1
5236,800,A,FD,FD,DATA,FD,FD,1732,0,0,80,80,00,00,1
5237,800,B,82,82,DATA,82,82,1733,0,0,80,80,00,00,1
5238,800,A,FF,FF,DATA,FF,FF,1734,0,0,80,80,00,00,1
5239,800,B,FF,FF,DATA,FF,FF,1735,0,0,80,80,00,00,1
5240,800,A,00,00,DATA,00,00,1736,0,0,80,80,00,00,1
5241,800,B,00,00,DATA,00,00,1737,0,0,80,80,00,00,1
5242,800,A,00,00,DATA,00,00,1738,0,0,80,80,00,00,1
5243,800,B,00,00,DATA,00,00,1739,0,0,80,80,00,00,1
5244,800,A,00,00,DATA,00,00,1740,0,0,80,80,00,00,1
5245,800,B,00,00,DATA,00,00,1741,0,0,80,80,00,00,1
5246,800,A,00,00,DATA,00,00,1742,0,0,80,80,00,00,1
5247,800,B,00,00,DATA,00,00,1743,0,0,80,80,00,00,1
5248,800,A,FB,FB,DATA,FB,FB,1744,0,0,80,80,00,00,1
5249,800,B,04,04,DATA,04,04,1745,0,0,80,80,00,00,1
5250,800,A,8B,8B,DATA,8B,8B,1746,0,0,80,80,00,00,1
5251,800,B,74,74,DATA,74,74,1747,0,0,80,80,00,00,1
5252,800,A,87,87,DATA,87,87,1748,0,0,80,80,00,00,1
5253,800,B,78,78,DATA,78,78,1749,0,0,80,80,00,00,1
5254,800,A,FF,FF,DATA,FF,FF,1750,0,0,80,80,00,00,1
5255,800,B,FF,FF,DATA,FF,FF,1751,0,0,80,80,00,00,1
5256,800,A,00,00,DATA,00,00,1752,0,0,80,80,00,00,1
5257,800,B,00,00,DATA,00,00,1753,0,0,80,80,00,00,1
5258,800,A,00,00,DATA,00,00,1754,0,0,80,80,00,00,1
5259,800,B,00,00,DATA,00,00,1755,0,0,80,80,00,00,1
5260,800,A,00,00,DATA,00,00,1756,0,0,80,80,00,00,1
5261,800,B,00,00,DATA,00,00,1757,0,0,80,80,00,00,1
5262,800,A,00,00,DATA,00,00,1758,0,0,80,80,00,00,1
5263,800,B,00,00,DATA,00,00,1759,0,0,80,80,00,00,1
5264,800,A,B1,B1,DATA,B1,B1,1760,0,0,80,80,00,00,1
5265,800,B,00,00,DATA,00,00,1761,0,0,80,80,00,00,1
5266,800,A,7F,7F,DATA,7F,7F,1762,0,0,80,80,00,00,1
5267,800,B,00,00,DATA,00,00,1763,0,0,80,80,00,00,1
5268,800,A,3F,3F,DATA,3F,3F,1764,0,0,80,80,00,00,1
5269,800,B,00,00,DATA,00,00,1765,0,0,80,80,00,00,1
5270,800,A,FF,FF,DATA,FF,FF,1766,0,0,80,80,00,00,1
5271,800,B,FF,FF,DATA,FF,FF,1767,0,0,80,80,00,00,1
5272,800,A,00,00,DATA,00,00,1768,0,0,80,80,00,00,1
5273,800,B,00,00,DATA,00,00,1769,0,0,80,80,00,00,1
5274,800,A,00,00,DATA,00,00,1770,0,0,80,80,00,00,1
5275,800,B,00,00,DATA,00,00,1771,0,0,80,80,00,00,1
5276,800,A,00,00,DATA,00,00,1772,0,0,80,80,00,00,1
5277,800,B,00,00,DATA,00,00,1773,0,0,80,80,00,00,1
5278,800,A,00,00,DATA,00,00,1774,0,0,80,80,00,00,1
5279,800,B,00,00,DATA,00,00,1775,0,0,80,80,00,00,1
5280,800,A,E1,E1,DATA,E1,E1,1776,0,0,80,80,00,00,1
5281,800,B,1F,1F,DATA,1F,1F,1777,0,0,80,80,00,00,1
5282,800,A,F1,F1,DATA,F1,F1,1778,0,0,80,80,00,00,1
5283,800,B,1F,1F,DATA,1F,1F,1779,0,0,80,80,00,00,1
5284,800,A,C1,C1,DATA,C1,C1,1780,0,0,80,80,00,00,1
5285,800,B,3F,3F,DATA,3F,3F,1781,0,0,80,80,00,00,1
5286,800,A,FF,FF,DATA,FF,FF,1782,0,0,80,80,00,00,1
5287,800,B,FF,FF,DATA,FF,FF,1783,0,0,80,80,00,00,1
5288,800,A,00,00,DATA,00,00,1784,0,0,80,80,00,00,1
5289,800,B,00,00,DATA,00,00,1785,0,0,80,80,00,00,1
5290,800,A,00,00,DATA,00,00,1786,0,0,80,80,00,00,1
5291,800,B,00,00,DATA,00,00,1787,0,0,80,80,00,00,1
5292,800,A,00,00,DATA,00,00,1788,0,0,80,80,00,00,1
5293,800,B,00,00,DATA,00,00,1789,0,0,80,80,00,00,1
5294,800,A,00,00,DATA,00,00,1790,0,0,80,80,00,00,1
5295,800,B,00,00,DATA,00,00,1791,0,0,80,80,00,00,1
5296,800,A,FF,FF,DATA,FF,FF,1792,0,0,80,80,00,00,1
5297,800,B,FF,FF,DATA,FF,FF,1793,0,0,80,80,00,00,1
5298,800,A,D0,D0,DATA,D0,D0,1794,0,0,80,80,00,00,1
5299,800,B,80,80,DATA,80,80,1795,0,0,80,80,00,00,1
5300,800,A,C0,C0,DATA,C0,C0,1796,0,0,80,80,00,00,1
5301,800,B,80,80,DATA,80,80,1797,0,0,80,80,00,00,1
5302,800,A,D0,D0,DATA,D0,D0,1798,0,0,80,80,00,00,1
5303,800,B,80,80,DATA,80,80,1799,0,0,80,80,00,00,1
5304,800,A,80,80,DATA,80,80,1800,0,0,80,80,00,00,1
5305,800,B,80,80,DATA,80,80,1801,0,0,80,80,00,00,1
5306,800,A,C0,C0,DATA,C0,C0,1802,0,0,80,80,00,00,1
5307,800,B,80,80,DATA,80,80,1803,0,0,80,80,00,00,1
5308,800,A,80,80,DATA,80,80,1804,0,0,80,80,00,00,1
5309,800,B,80,80,DATA,80,80,1805,0,0,80,80,00,00,1
5310,800,A,C0,C0,DATA,C0,C0,1806,0,0,80,80,00,00,1
5311,800,B,80,80,DATA,80,80,1807,0,0,80,80,00,00,1
5312,800,A,FF,FF,DATA,FF,FF,1808,0,0,80,80,00,00,1
5313,800,B,FF,FF,DATA,FF,FF,1809,0,0,80,80,00,00,1
5314,800,A,00,00,DATA,00,00,1810,0,0,80,80,00,00,1
5315,800,B,00,00,DATA,00,00,1811,0,0,80,80,00,00,1
5316,800,A,00,00,DATA,00,00,1812,0,0,80,80,00,00,1
5317,800,B,00,00,DATA,00,00,1813,0,0,80,80,00,00,1
5318,800,A,00,00,DATA,00,00,1814,0,0,80,80,00,00,1
5319,800,B,00,00,DATA,00,00,1815,0,0,80,80,00,00,1
5320,800,A,01,01,DATA,01,01,1816,0,0,80,80,00,00,1
5321,800,B,00,00,DATA,00,00,1817,0,0,80,80,00,00,1
5322,800,A,07,07,DATA,07,07,1818,0,0,80,80,00,00,1
5323,800,B,00,00,DATA,00,00,1819,0,0,80,80,00,00,1
5324,800,A,03,03,DATA,03,03,1820,0,0,80,80,00,00,1
5325,800,B,00,00,DATA,00,00,1821,0,0,80,80,00,00,1
5326,800,A,1D,1D,DATA,1D,1D,1822,0,0,80,80,00,00,1
5327,800,B,00,00,DATA,00,00,1823,0,0,80,80,00,00,1
5328,800,A,FF,FF,DATA,FF,FF,1824,0,0,80,80,00,00,1
5329,800,B,FF,FF,DATA,FF,FF,1825,0,0,80,80,00,00,1
5330,800,A,00,00,DATA,00,00,1826,0,0,80,80,00,00,1
5331,800,B,00,00,DATA,00,00,1827,0,0,80,80,00,00,1
5332,800,A,00,00,DATA,00,00,1828,0,0,80,80,00,00,1
5333,800,B,00,00,DATA,00,00,1829,0,0,80,80,00,00,1
5334,800,A,00,00,DATA,00,00,1830,0,0,80,80,00,00,1
5335,800,B,00,00,DATA,00,00,1831,0,0,80,80,00,00,1
5336,800,A,C0,C0,DATA,C0,C0,1832,0,0,80,80,00,00,1
5337,800,B,00,00,DATA,00,00,1833,0,0,80,80,00,00,1
5338,800,A,B0,B0,DATA,B0,B0,1834,0,0,80,80,00,00,1
5339,800,B,40,40,DATA,40,40,1835,0,0,80,80,00,00,1
5340,800,A,FE,FE,DATA,FE,FE,1836,0,0,80,80,00,00,1
5341,800,B,00,00,DATA,00,00,1837,0,0,80,80,00,00,1
5342,800,A,80,80,DATA,80,80,1838,0,0,80,80,00,00,1
5343,800,B,7F,7F,DATA,7F,7F,1839,0,0,80,80,00,00,1
5344,800,A,FF,FF,DATA,FF,FF,1840,0,0,80,80,00,00,1
5345,800,B,FF,FF,DATA,FF,FF,1841,0,0,80,80,00,00,1
5346,800,A,1F,1F,DATA,1F,1F,1842,0,0,80,80,00,00,1
5347,800,B,01,01,DATA,01,01,1843,0,0,80,80,00,00,1
5348,800,A,03,03,DATA,03,03,1844,0,0,80,80,00,00,1
5349,800,B,01,01,DATA,01,01,1845,0,0,80,80,00,00,1
5350,800,A,05,05,DATA,05,05,1846,0,0,80,80,00,00,1
5351,800,B,01,01,DATA,01,01,1847,0,0,80,80,00,00,1
5352,800,A,01,01,DATA,01,01,1848,0,0,80,80,00,00,1
5353,800,B,01,01,DATA,01,01,1849,0,0,80,80,00,00,1
5354,800,A,05,05,DATA,05,05,1850,0,0,80,80,00,00,1
5355,800,B,01,01,DATA,01,01,1851,0,0,80,80,00,00,1
5356,800,A,01,01,DATA,01,01,1852,0,0,80,80,00,00,1
5357,800,B,01,01,DATA,01,01,1853,0,0,80,80,00,00,1
5358,800,A,C1,C1,DATA,C1,C1,1854,0,0,80,80,00,00,1
5359,800,B,01,01,DATA,01,01,1855,0,0,80,80,00,00,1
5360,800,A,80,80,DATA,80,80,1856,0,0,80,80,00,00,1
5361,800,B,80,80,DATA,80,80,1857,0,0,80,80,00,00,1
5362,800,A,C1,C1,DATA,C1,C1,1858,0,0,80,80,00,00,1
5363,800,B,80,80,DATA,80,80,1859,0,0,80,80,00,00,1
5364,800,A,81,81,DATA,81,81,1860,0,0,80,80,00,00,1
5365,800,B,80,80,DATA,80,80,1861,0,0,80,80,00,00,1
5366,800,A,80,80,DATA,80,80,1862,0,0,80,80,00,00,1
5367,800,B,81,81,DATA,81,81,1863,0,0,80,80,00,00,1
5368,800,A,80,80,DATA,80,80,1864,0,0,80,80,00,00,1
5369,800,B,80,80,DATA,80,80,1865,0,0,80,80,00,00,1
5370,800,A,94,94,DATA,94,94,1866,0,0,80,80,00,00,1
5371,800,B,80,80,DATA,80,80,1867,0,0,80,80,00,00,1
5372,800,A,84,84,DATA,84,84,1868,0,0,80,80,00,00,1
5373,800,B,80,80,DATA,80,80,1869,0,0,80,80,00,00,1
5374,800,A,85,85,DATA,85,85,1870,0,0,80,80,00,00,1
5375,800,B,80,80,DATA,80,80,1871,0,0,80,80,00,00,1
5376,800,A,05,05,DATA,05,05,1872,0,0,80,80,00,00,1
5377,800,B,18,18,DATA,18,18,1873,0,0,80,80,00,00,1
5378,800,A,98,98,DATA,98,98,1874,0,0,80,80,00,00,1
5379,800,B,05,05,DATA,05,05,1875,0,0,80,80,00,00,1
5380,800,A,BF,BF,DATA,BF,BF,1876,0,0,80,80,00,00,1
5381,800,B,F8,F8,DATA,F8,F8,1877,0,0,80,80,00,00,1
5382,800,A,0E,0E,DATA,0E,0E,1878,0,0,80,80,00,00,1
5383,800,B,F1,F1,DATA,F1,F1,1879,0,0,80,80,00,00,1
5384,800,A,4B,4B,DATA,4B,4B,1880,0,0,80,80,00,00,1
5385,800,B,00,00,DATA,00,00,1881,0,0,80,80,00,00,1
5386,800,A,8E,8E,DATA,8E,8E,1882,0,0,80,80,00,00,1
5387,800,B,01,01,DATA,01,01,1883,0,0,80,80,00,00,1
5388,800,A,C7,C7,DATA,C7,C7,1884,0,0,80,80,00,00,1
5389,800,B,00,00,DATA,00,00,1885,0,0,80,80,00,00,1
5390,800,A,DA,DA,DATA,DA,DA,1886,0,0,80,80,00,00,1
5391,800,B,01,01,DATA,01,01,1887,0,0,80,80,00,00,1
5392,800,A,00,00,DATA,00,00,1888,0,0,80,80,00,00,1
5393,800,B,FF,FF,DATA,FF,FF,1889,0,0,80,80,00,00,1
5394,800,A,D4,D4,DATA,D4,D4,1890,0,0,80,80,00,00,1
5395,800,B,FF,FF,DATA,FF,FF,1891,0,0,80,80,00,00,1
5396,800,A,3C,3C,DATA,3C,3C,1892,0,0,80,80,00,00,1
5397,800,B,FF,FF,DATA,FF,FF,1893,0,0,80,80,00,00,1
5398,800,A,04,04,DATA,04,04,1894,0,0,80,80,00,00,1
5399,800,B,FF,FF,DATA,FF,FF,1895,0,0,80,80,00,00,1
5400,800,A,44,44,DATA,44,44,1896,0,0,80,80,00,00,1
5401,800,B,83,83,DATA,83,83,1897,0,0,80,80,00,00,1
5402,800,A,40,40,DATA,40,40,1898,0,0,80,80,00,00,1
5403,800,B,83,83,DATA,83,83,1899,0,0,80,80,00,00,1
5404,800,A,18,18,DATA,18,18,1900,0,0,80,80,00,00,1
5405,800,B,E7,E7,DATA,E7,E7,1901,0,0,80,80,00,00,1
5406,800,A,82,82,DATA,82,82,1902,0,0,80,80,00,00,1
5407,800,B,7D,7D,DATA,7D,7D,1903,0,0,80,80,00,00,1
5408,800,A,41,41,DATA,41,41,1904,0,0,80,80,00,00,1
5409,800,B,81,81,DATA,81,81,1905,0,0,80,80,00,00,1
5410,800,A,65,65,DATA,65,65,1906,0,0,80,80,00,00,1
5411,800,B,C1,C1,DATA,C1,C1,1907,0,0,80,80,00,00,1
5412,800,A,11,11,DATA,11,11,1908,0,0,80,80,00,00,1
5413,800,B,E1,E1,DATA,E1,E1,1909,0,0,80,80,00,00,1
5414,800,A,49,49,DATA,49,49,1910,0,0,80,80,00,00,1
5415,800,B,F1,F1,DATA,F1,F1,1911,0,0,80,80,00,00,1
5416,800,A,05,05,DATA,05,05,1912,0,0,80,80,00,00,1
5417,800,B,F9,F9,DATA,F9,F9,1913,0,0,80,80,00,00,1
5418,800,A,51,51,DATA,51,51,1914,0,0,80,80,00,00,1
5419,800,B,FD,FD,DATA,FD,FD,1915,0,0,80,80,00,00,1
5420,800,A,05,05,DATA,05,05,1916,0,0,80,80,00,00,1
5421,800,B,F9,F9,DATA,F9,F9,1917,0,0,80,80,00,00,1
5422,800,A,53,53,DATA,53,53,1918,0,0,80,80,00,00,1
5423,800,B,FD,FD,DATA,FD,FD,1919,0,0,80,80,00,00,1
5424,800,A,84,84,DATA,84,84,1920,0,0,80,80,00,00,1
5425,800,B,80,80,DATA,80,80,1921,0,0,80,80,00,00,1
5426,800,A,C5,C5,DATA,C5,C5,1922,0,0,80,80,00,00,1
5427,800,B,80,80,DATA,80,80,1923,0,0,80,80,00,00,1
5428,800,A,E6,E6,DATA,E6,E6,1924,0,0,80,80,00,00,1
5429,800,B,80,80,DATA,80,80,1925,0,0,80,80,00,00,1
5430,800,A,98,98,DATA,98,98,1926,0,0,80,80,00,00,1
5431,800,B,C4,C4,DATA,C4,C4,1927,0,0,80,80,00,00,1
5432,800,A,CC,CC,DATA,CC,CC,1928,0,0,80,80,00,00,1
5433,800,B,80,80,DATA,80,80,1929,0,0,80,80,00,00,1
5434,800,A,F5,F5,DATA,F5,F5,1930,0,0,80,80,00,00,1
5435,800,B,80,80,DATA,80,80,1931,0,0,80,80,00,00,1
5436,800,A,FF,FF,DATA,FF,FF,1932,0,0,80,80,00,00,1
5437,800,B,80,80,DATA,80,80,1933,0,0,80,80,00,00,1
5438,800,A,EF,EF,DATA,EF,EF,1934,0,0,80,80,00,00,1
5439,800,B,90,90,DATA,90,90,1935,0,0,80,80,00,00,1
5440,800,A,83,83,DATA,83,83,1936,0,0,80,80,00,00,1
5441,800,B,00,00,DATA,00,00,1937,0,0,80,80,00,00,1
5442,800,A,42,42,DATA,42,42,1938,0,0,80,80,00,00,1
5443,800,B,01,01,DATA,01,01,1939,0,0,80,80,00,00,1
5444,800,A,E8,E8,DATA,E8,E8,1940,0,0,80,80,00,00,1
5445,800,B,07,07,DATA,07,07,1941,0,0,80,80,00,00,1
5446,800,A,78,78,DATA,78,78,1942,0,0,80,80,00,00,1
5447,800,B,07,07,DATA,07,07,1943,0,0,80,80,00,00,1
5448,800,A,70,70,DATA,70,70,1944,0,0,80,80,00,00,1
5449,800,B,0F,0F,DATA,0F,0F,1945,0,0,80,80,00,00,1
5450,800,A,63,63,DATA,63,63,1946,0,0,80,80,00,00,1
5451,800,B,1C,1C,DATA,1C,1C,1947,0,0,80,80,00,00,1
5452,800,A,23,23,DATA,23,23,1948,0,0,80,80,00,00,1
5453,800,B,1C,1C,DATA,1C,1C,1949,0,0,80,80,00,00,1
5454,800,A,E5,E5,DATA,E5,E5,1950,0,0,80,80,00,00,1
5455,800,B,1E,1E,DATA,1E,1E,1951,0,0,80,80,00,00,1
5456,800,A,0C,0C,DATA,0C,0C,1952,0,0,80,80,00,00,1
5457,800,B,F3,F3,DATA,F3,F3,1953,0,0,80,80,00,00,1
5458,800,A,41,41,DATA,41,41,1954,0,0,80,80,00,00,1
5459,800,B,FF,FF,DATA,FF,FF,1955,0,0,80,80,00,00,1
5460,800,A,00,00,DATA,00,00,1956,0,0,80,80,00,00,1
5461,800,B,FF,FF,DATA,FF,FF,1957,0,0,80,80,00,00,1
5462,800,A,55,55,DATA,55,55,1958,0,0,80,80,00,00,1
5463,800,B,FF,FF,DATA,FF,FF,1959,0,0,80,80,00,00,1
5464,800,A,00,00,DATA,00,00,1960,0,0,80,80,00,00,1
5465,800,B,FF,FF,DATA,FF,FF,1961,0,0,80,80,00,00,1
5466,800,A,95,95,DATA,95,95,1962,0,0,80,80,00,00,1
5467,800,B,7F,7F,DATA,7F,7F,1963,0,0,80,80,00,00,1
5468,800,A,C2,C2,DATA,C2,C2,1964,0,0,80,80,00,00,1
5469,800,B,3F,3F,DATA,3F,3F,1965,0,0,80,80,00,00,1
5470,800,A,D5,D5,DATA,D5,D5,1966,0,0,80,80,00,00,1
5471,800,B,7F,7F,DATA,7F,7F,1967,0,0,80,80,00,00,1
5472,800,A,0F,0F,DATA,0F,0F,1968,0,0,80,80,00,00,1
5473,800,B,F1,F1,DATA,F1,F1,1969,0,0,80,80,00,00,1
5474,800,A,4B,4B,DATA,4B,4B,1970,0,0,80,80,00,00,1
5475,800,B,F5,F5,DATA,F5,F5,1971,0,0,80,80,00,00,1
5476,800,A,07,07,DATA,07,07,1972,0,0,80,80,00,00,1
5477,800,B,F1,F1,DATA,F1,F1,1973,0,0,80,80,00,00,1
5478,800,A,47,47,DATA,47,47,1974,0,0,80,80,00,00,1
5479,800,B,F1,F1,DATA,F1,F1,1975,0,0,80,80,00,00,1
5480,800,A,13,13,DATA,13,13,1976,0,0,80,80,00,00,1
5481,800,B,E1,E1,DATA,E1,E1,1977,0,0,80,80,00,00,1
5482,800,A,57,57,DATA,57,57,1978,0,0,80,80,00,00,1
5483,800,B,E1,E1,DATA,E1,E1,1979,0,0,80,80,00,00,1
5484,800,A,31,31,DATA,31,31,1980,0,0,80,80,00,00,1
5485,800,B,C1,C1,DATA,C1,C1,1981,0,0,80,80,00,00,1
5486,800,A,75,75,DATA,75,75,1982,0,0,80,80,00,00,1
5487,800,B,C1,C1,DATA,C1,C1,1983,0,0,80,80,00,00,1
5488,800,A,FF,FF,DATA,FF,FF,1984,0,0,80,80,00,00,1
5489,800,B,80,80,DATA,80,80,1985,0,0,80,80,00,00,1
5490,800,A,FA,FA,DATA,FA,FA,1986,0,0,80,80,00,00,1
5491,800,B,85,85,DATA,85,85,1987,0,0,80,80,00,00,1
5492,800,A,F8,F8,DATA,F8,F8,1988,0,0,80,80,00,00,1
5493,800,B,87,87,DATA,87,87,1989,0,0,80,80,00,00,1
5494,800,A,FF,FF,DATA,FF,FF,1990,0,0,80,80,00,00,1
5495,800,B,FF,FF,DATA,FF,FF,1991,0,0,80,80,00,00,1
5496,800,A,00,00,DATA,00,00,1992,0,0,80,80,00,00,1
5497,800,B,00,00,DATA,00,00,1993,0,0,80,80,00,00,1
5498,800,A,00,00,DATA,00,00,1994,0,0,80,80,00,00,1
5499,800,B,00,00,DATA,00,00,1995,0,0,80,80,00,00,1
5500,800,A,00,00,DATA,00,00,1996,0,0,80,80,00,00,1
5501,800,B,00,00,DATA,00,00,1997,0,0,80,80,00,00,1
5502,800,A,00,00,DATA,00,00,1998,0,0,80,80,00,00,1
5503,800,B,00,00,DATA,00,00,1999,0,0,80,80,00,00,1
5504,800,A,A0,A0,DATA,A0,A0,2000,0,0,80,80,00,00,1
5505,800,B,1F,1F,DATA,1F,1F,2001,0,0,80,80,00,00,1
5506,800,A,15,15,DATA,15,15,2002,0,0,80,80,00,00,1
5507,800,B,FF,FF,DATA,FF,FF,2003,0,0,80,80,00,00,1
5508,800,A,00,00,DATA,00,00,2004,0,0,80,80,00,00,1
5509,800,B,FF,FF,DATA,FF,FF,2005,0,0,80,80,00,00,1
5510,800,A,FF,FF,DATA,FF,FF,2006,0,0,80,80,00,00,1
5511,800,B,FF,FF,DATA,FF,FF,2007,0,0,80,80,00,00,1
5512,800,A,00,00,DATA,00,00,2008,0,0,80,80,00,00,1
5513,800,B,00,00,DATA,00,00,2009,0,0,80,80,00,00,1
5514,800,A,00,00,DATA,00,00,2010,0,0,80,80,00,00,1
5515,800,B,00,00,DATA,00,00,2011,0,0,80,80,00,00,1
5516,800,A,00,00,DATA,00,00,2012,0,0,80,80,00,00,1
5517,800,B,00,00,DATA,00,00,2013,0,0,80,80,00,00,1
5518,800,A,00,00,DATA,00,00,2014,0,0,80,80,00,00,1
5519,800,B,00,00,DATA,00,00,2015,0,0,80,80,00,00,1
5520,800,A,00,00,DATA,00,00,2016,0,0,80,80,00,00,1
5521,800,B,FF,FF,DATA,FF,FF,2017,0,0,80,80,00,00,1
5522,800,A,55,55,DATA,55,55,2018,0,0,80,80,00,00,1
5523,800,B,FF,FF,DATA,FF,FF,2019,0,0,80,80,00,00,1
5524,800,A,00,00,DATA,00,00,2020,0,0,80,80,00,00,1
5525,800,B,FF,FF,DATA,FF,FF,2021,0,0,80,80,00,00,1
5526,800,A,FF,FF,DATA,FF,FF,2022,0,0,80,80,00,00,1
5527,800,B,FF,FF,DATA,FF,FF,2023,0,0,80,80,00,00,1
5528,800,A,00,00,DATA,00,00,2024,0,0,80,80,00,00,1
5529,800,B,00,00,DATA,00,00,2025,0,0,80,80,00,00,1
5530,800,A,00,00,DATA,00,00,2026,0,0,80,80,00,00,1
5531,800,B,00,00,DATA,00,00,2027,0,0,80,80,00,00,1
5532,800,A,00,00,DATA,00,00,2028,0,0,80,80,00,00,1
5533,800,B,00,00,DATA,00,00,2029,0,0,80,80,00,00,1
5534,800,A,00,00,DATA,00,00,2030,0,0,80,80,00,00,1
5535,800,B,00,00,DATA,00,00,2031,0,0,80,80,00,00,1
5536,800,A,33,33,DATA,33,33,2032,0,0,80,80,00,00,1
5537,800,B,C1,C1,DATA,C1,C1,2033,0,0,80,80,00,00,1
5538,800,A,37,37,DATA,37,37,2034,0,0,80,80,00,00,1
5539,800,B,C1,C1,DATA,C1,C1,2035,0,0,80,80,00,00,1
5540,800,A,21,21,DATA,21,21,2036,0,0,80,80,00,00,1
5541,800,B,C3,C3,DATA,C3,C3,2037,0,0,80,80,00,00,1
5542,800,A,FF,FF,DATA,FF,FF,2038,0,0,80,80,00,00,1
5543,800,B,FF,FF,DATA,FF,FF,2039,0,0,80,80,00,00,1
5544,800,A,00,00,DATA,00,00,2040,0,0,80,80,00,00,1
5545,800,B,00,00,DATA,00,00,2041,0,0,80,80,00,00,1
5546,800,A,00,00,DATA,00,00,2042,0,0,80,80,00,00,1
5547,800,B,00,00,DATA,00,00,2043,0,0,80,80,00,00,1
5548,800,A,00,00,DATA,00,00,2044,0,0,80,80,00,00,1
5549,800,B,00,00,DATA,00,00,2045,0,0,80,80,00,00,1
5550,800,A,00,00,DATA,00,00,2046,0,0,80,80,00,00,1
5551,800,B,00,00,DATA,00,00,2047,0,0,80,80,00,00,1
